# Blender 4.1.1
# www.blender.org
mtllib player.mtl
o 円錐
v 1.000000 0.000000 -1.000000
v 0.980785 -0.195090 -1.000000
v 0.923880 -0.382683 -1.000000
v 0.831470 -0.555570 -1.000000
v 0.707107 -0.707107 -1.000000
v 0.555570 -0.831470 -1.000000
v 0.382683 -0.923879 -1.000000
v 0.195090 -0.980785 -1.000000
v 0.000000 -1.000000 -1.000000
v -0.195090 -0.980785 -1.000000
v -0.382683 -0.923879 -1.000000
v -0.555570 -0.831470 -1.000000
v -0.707107 -0.707107 -1.000000
v -0.831470 -0.555570 -1.000000
v -0.923880 -0.382683 -1.000000
v -0.980785 -0.195090 -1.000000
v -1.000000 0.000000 -1.000000
v -0.980785 0.195090 -1.000000
v -0.923880 0.382683 -1.000000
v -0.831470 0.555570 -1.000000
v -0.707107 0.707107 -1.000000
v -0.555570 0.831470 -1.000000
v -0.382683 0.923880 -1.000000
v -0.195090 0.980785 -1.000000
v 0.000000 1.000000 -1.000000
v 0.195090 0.980785 -1.000000
v 0.382683 0.923880 -1.000000
v 0.555570 0.831470 -1.000000
v 0.707107 0.707107 -1.000000
v 0.831470 0.555570 -1.000000
v 0.923880 0.382683 -1.000000
v 0.980785 0.195090 -1.000000
v 0.000000 -0.000000 1.000000
vn 0.8910 -0.0878 0.4455
vn 0.8567 -0.2599 0.4455
vn 0.7896 -0.4220 0.4455
vn 0.6921 -0.5680 0.4455
vn 0.5680 -0.6921 0.4455
vn 0.4220 -0.7896 0.4455
vn 0.2599 -0.8567 0.4455
vn 0.0878 -0.8910 0.4455
vn -0.0878 -0.8910 0.4455
vn -0.2599 -0.8567 0.4455
vn -0.4220 -0.7896 0.4455
vn -0.5680 -0.6921 0.4455
vn -0.6921 -0.5680 0.4455
vn -0.7896 -0.4220 0.4455
vn -0.8567 -0.2599 0.4455
vn -0.8910 -0.0878 0.4455
vn -0.8910 0.0878 0.4455
vn -0.8567 0.2599 0.4455
vn -0.7896 0.4220 0.4455
vn -0.6921 0.5680 0.4455
vn -0.5680 0.6921 0.4455
vn -0.4220 0.7896 0.4455
vn -0.2599 0.8567 0.4455
vn -0.0878 0.8910 0.4455
vn 0.0878 0.8910 0.4455
vn 0.2599 0.8567 0.4455
vn 0.4220 0.7896 0.4455
vn 0.5680 0.6921 0.4455
vn 0.6921 0.5680 0.4455
vn 0.7896 0.4220 0.4455
vn -0.0000 -0.0000 -1.0000
vn 0.8567 0.2599 0.4455
vn 0.8910 0.0878 0.4455
vt 0.250000 0.490000
vt 0.250000 0.250000
vt 0.296822 0.485388
vt 0.341844 0.471731
vt 0.383337 0.449553
vt 0.419706 0.419706
vt 0.449553 0.383337
vt 0.471731 0.341844
vt 0.485388 0.296822
vt 0.490000 0.250000
vt 0.485388 0.203178
vt 0.471731 0.158156
vt 0.449553 0.116663
vt 0.419706 0.080294
vt 0.383337 0.050447
vt 0.341844 0.028269
vt 0.296822 0.014612
vt 0.250000 0.010000
vt 0.203178 0.014612
vt 0.158156 0.028269
vt 0.116663 0.050447
vt 0.080294 0.080294
vt 0.050447 0.116663
vt 0.028269 0.158156
vt 0.014612 0.203178
vt 0.010000 0.250000
vt 0.014612 0.296822
vt 0.028269 0.341844
vt 0.050447 0.383337
vt 0.080294 0.419706
vt 0.116663 0.449553
vt 0.158156 0.471731
vt 0.302681 0.502893
vt 0.020471 0.691460
vt 0.209038 0.973670
vt 0.203178 0.485388
vt 0.255859 0.978281
vt 0.302681 0.973670
vt 0.347703 0.960012
vt 0.389196 0.937834
vt 0.425565 0.907987
vt 0.455412 0.871618
vt 0.477591 0.830125
vt 0.491248 0.785103
vt 0.495859 0.738281
vt 0.491248 0.691460
vt 0.477591 0.646437
vt 0.455412 0.604944
vt 0.425565 0.568576
vt 0.389196 0.538728
vt 0.347703 0.516550
vt 0.255859 0.498281
vt 0.209038 0.502893
vt 0.164015 0.516550
vt 0.122523 0.538728
vt 0.086154 0.568576
vt 0.056307 0.604944
vt 0.034128 0.646437
vt 0.015859 0.738281
vt 0.020471 0.785103
vt 0.034128 0.830125
vt 0.056307 0.871618
vt 0.086154 0.907987
vt 0.122523 0.937834
vt 0.164015 0.960012
s 0
usemtl Material.001
f 1/1/1 33/2/1 2/3/1
f 2/3/2 33/2/2 3/4/2
f 3/4/3 33/2/3 4/5/3
f 4/5/4 33/2/4 5/6/4
f 5/6/5 33/2/5 6/7/5
f 6/7/6 33/2/6 7/8/6
f 7/8/7 33/2/7 8/9/7
f 8/9/8 33/2/8 9/10/8
f 9/10/9 33/2/9 10/11/9
f 10/11/10 33/2/10 11/12/10
f 11/12/11 33/2/11 12/13/11
f 12/13/12 33/2/12 13/14/12
f 13/14/13 33/2/13 14/15/13
f 14/15/14 33/2/14 15/16/14
f 15/16/15 33/2/15 16/17/15
f 16/17/16 33/2/16 17/18/16
f 17/18/17 33/2/17 18/19/17
f 18/19/18 33/2/18 19/20/18
f 19/20/19 33/2/19 20/21/19
f 20/21/20 33/2/20 21/22/20
f 21/22/21 33/2/21 22/23/21
f 22/23/22 33/2/22 23/24/22
f 23/24/23 33/2/23 24/25/23
f 24/25/24 33/2/24 25/26/24
f 25/26/25 33/2/25 26/27/25
f 26/27/26 33/2/26 27/28/26
f 27/28/27 33/2/27 28/29/27
f 28/29/28 33/2/28 29/30/28
f 29/30/29 33/2/29 30/31/29
f 30/31/30 33/2/30 31/32/30
f 16/33/31 24/34/31 32/35/31
f 31/32/32 33/2/32 32/36/32
f 32/36/33 33/2/33 1/1/33
f 32/35/31 1/37/31 2/38/31
f 2/38/31 3/39/31 4/40/31
f 4/40/31 5/41/31 6/42/31
f 6/42/31 7/43/31 8/44/31
f 8/44/31 9/45/31 10/46/31
f 10/46/31 11/47/31 12/48/31
f 12/48/31 13/49/31 14/50/31
f 14/50/31 15/51/31 16/33/31
f 16/33/31 17/52/31 18/53/31
f 18/53/31 19/54/31 20/55/31
f 20/55/31 21/56/31 22/57/31
f 22/57/31 23/58/31 24/34/31
f 24/34/31 25/59/31 26/60/31
f 26/60/31 27/61/31 28/62/31
f 28/62/31 29/63/31 30/64/31
f 30/64/31 31/65/31 32/35/31
f 32/35/31 2/38/31 4/40/31
f 4/40/31 6/42/31 8/44/31
f 8/44/31 10/46/31 12/48/31
f 12/48/31 14/50/31 16/33/31
f 16/33/31 18/53/31 20/55/31
f 20/55/31 22/57/31 24/34/31
f 24/34/31 26/60/31 28/62/31
f 28/62/31 30/64/31 32/35/31
f 32/35/31 4/40/31 8/44/31
f 8/44/31 12/48/31 16/33/31
f 16/33/31 20/55/31 24/34/31
f 24/34/31 28/62/31 32/35/31
f 32/35/31 8/44/31 16/33/31
o Torus
v -0.341960 0.433172 0.070527
v -0.341960 0.445806 0.072568
v -0.341960 0.459604 0.066182
v -0.341960 0.470870 0.053080
v -0.341960 0.476584 0.036772
v -0.341960 0.475215 0.021629
v -0.341960 0.467131 0.011708
v -0.341960 0.454497 0.009668
v -0.341960 0.440699 0.016054
v -0.341960 0.429433 0.029156
v -0.341960 0.423719 0.045463
v -0.341960 0.425088 0.060606
v -0.317163 0.433898 0.069269
v -0.317827 0.446513 0.071344
v -0.319642 0.460258 0.065049
v -0.322122 0.471451 0.052073
v -0.324602 0.477092 0.035892
v -0.326417 0.475671 0.020841
v -0.327082 0.467567 0.010954
v -0.326417 0.454952 0.008879
v -0.324602 0.441207 0.015173
v -0.322122 0.430014 0.028150
v -0.319642 0.424373 0.044331
v -0.317827 0.425794 0.059382
v -0.292790 0.436065 0.065517
v -0.294108 0.448621 0.067692
v -0.297707 0.462208 0.061672
v -0.302624 0.473184 0.049071
v -0.307541 0.478609 0.033265
v -0.311140 0.477029 0.018489
v -0.312458 0.468867 0.008702
v -0.311140 0.456310 0.006527
v -0.307541 0.442723 0.012546
v -0.302624 0.431747 0.025148
v -0.297707 0.426323 0.040954
v -0.294108 0.427903 0.055730
v -0.269259 0.439634 0.059334
v -0.271207 0.452095 0.061675
v -0.276529 0.465421 0.056108
v -0.283799 0.476040 0.044125
v -0.291069 0.481108 0.028937
v -0.296391 0.479266 0.014614
v -0.298339 0.471008 0.004992
v -0.296391 0.458548 0.002652
v -0.291069 0.445222 0.008219
v -0.283799 0.434603 0.020201
v -0.276529 0.429535 0.035389
v -0.271207 0.431377 0.049713
v -0.246971 0.444546 0.050827
v -0.249516 0.456875 0.053395
v -0.256470 0.469841 0.048451
v -0.265969 0.479969 0.037319
v -0.275468 0.484546 0.022982
v -0.282421 0.482345 0.009281
v -0.284967 0.473955 -0.000112
v -0.282421 0.461626 -0.002681
v -0.275468 0.448660 0.002263
v -0.265969 0.438532 0.013396
v -0.256470 0.433956 0.027733
v -0.249516 0.436157 0.041433
v -0.226309 0.450716 0.040140
v -0.229408 0.462880 0.042995
v -0.237874 0.475394 0.038834
v -0.249439 0.484905 0.028770
v -0.261004 0.488865 0.015502
v -0.269470 0.486212 0.002583
v -0.272569 0.477657 -0.006524
v -0.269470 0.465493 -0.009379
v -0.261004 0.452979 -0.005217
v -0.249439 0.443468 0.004847
v -0.237874 0.439508 0.018115
v -0.229408 0.442161 0.031034
v -0.207626 0.458038 0.027458
v -0.211225 0.470006 0.030653
v -0.221059 0.481984 0.027420
v -0.234492 0.490763 0.018624
v -0.247926 0.493990 0.006624
v -0.257760 0.490801 -0.005366
v -0.261359 0.482051 -0.014133
v -0.257760 0.470083 -0.017328
v -0.247926 0.458105 -0.014094
v -0.234492 0.449326 -0.005299
v -0.221059 0.446098 0.006701
v -0.211225 0.449287 0.018691
v -0.191241 0.466387 0.012997
v -0.195279 0.478131 0.016579
v -0.206313 0.489498 0.014404
v -0.221385 0.497442 0.007055
v -0.236456 0.499835 -0.003499
v -0.247490 0.496035 -0.014430
v -0.251528 0.487060 -0.022810
v -0.247490 0.475316 -0.026392
v -0.236456 0.463949 -0.024217
v -0.221385 0.456005 -0.016868
v -0.206313 0.453613 -0.006314
v -0.195279 0.457413 0.004617
v -0.177435 0.475621 -0.002996
v -0.181843 0.487117 0.001015
v -0.193887 0.497808 0.000011
v -0.210340 0.504829 -0.005739
v -0.226792 0.506298 -0.014694
v -0.238836 0.501822 -0.024455
v -0.243245 0.492600 -0.032406
v -0.238836 0.481104 -0.036417
v -0.226792 0.470413 -0.035413
v -0.210340 0.463392 -0.029663
v -0.193887 0.461923 -0.020708
v -0.181843 0.466399 -0.010947
v -0.166444 0.485581 -0.020247
v -0.171147 0.496810 -0.015774
v -0.183995 0.506772 -0.015515
v -0.201547 0.512797 -0.019540
v -0.219099 0.513270 -0.026770
v -0.231947 0.508065 -0.035268
v -0.236650 0.498576 -0.042756
v -0.231947 0.487346 -0.047229
v -0.219099 0.477385 -0.047488
v -0.201547 0.471360 -0.043464
v -0.183995 0.470887 -0.036234
v -0.171147 0.476092 -0.027736
v -0.158456 0.496096 -0.038461
v -0.163373 0.507044 -0.033500
v -0.176806 0.516236 -0.031908
v -0.195157 0.521209 -0.034111
v -0.213507 0.520631 -0.039520
v -0.226940 0.514656 -0.046684
v -0.231857 0.504886 -0.053685
v -0.226940 0.493938 -0.058646
v -0.213507 0.484746 -0.060238
v -0.195157 0.479773 -0.058035
v -0.176806 0.480351 -0.052626
v -0.163373 0.486326 -0.045462
v -0.153608 0.506988 -0.057326
v -0.158655 0.517644 -0.051860
v -0.172443 0.526039 -0.048886
v -0.191278 0.529923 -0.049203
v -0.210113 0.528255 -0.052725
v -0.223902 0.521483 -0.058508
v -0.228949 0.511421 -0.065004
v -0.223902 0.500765 -0.070470
v -0.210113 0.492370 -0.073444
v -0.191278 0.488486 -0.073127
v -0.172443 0.490154 -0.069605
v -0.158655 0.496926 -0.063822
v -0.151983 0.518070 -0.076520
v -0.157073 0.528429 -0.070539
v -0.170980 0.536012 -0.066161
v -0.189978 0.538788 -0.064558
v -0.208976 0.536012 -0.066161
v -0.222883 0.528429 -0.070539
v -0.227973 0.518070 -0.076520
v -0.222883 0.507710 -0.082501
v -0.208976 0.500127 -0.086879
v -0.189978 0.497351 -0.088482
v -0.170980 0.500127 -0.086879
v -0.157073 0.507710 -0.082501
v -0.153608 0.529151 -0.095713
v -0.158655 0.539213 -0.089218
v -0.172443 0.545985 -0.083435
v -0.191278 0.547653 -0.079913
v -0.210113 0.543769 -0.079596
v -0.223902 0.535374 -0.082569
v -0.228949 0.524718 -0.088036
v -0.223902 0.514656 -0.094531
v -0.210113 0.507884 -0.100314
v -0.191278 0.506216 -0.103836
v -0.172443 0.510100 -0.104153
v -0.158655 0.518495 -0.101180
v -0.158456 0.540043 -0.114578
v -0.163373 0.549813 -0.107578
v -0.176806 0.555788 -0.100413
v -0.195157 0.556366 -0.095005
v -0.213507 0.551393 -0.092801
v -0.226940 0.542201 -0.094394
v -0.231857 0.531253 -0.099355
v -0.226940 0.521483 -0.106356
v -0.213507 0.515508 -0.113520
v -0.195157 0.514930 -0.118928
v -0.176806 0.519903 -0.121132
v -0.163373 0.529095 -0.119539
v -0.166444 0.550558 -0.132792
v -0.171147 0.560047 -0.125303
v -0.183995 0.565252 -0.116806
v -0.201547 0.564779 -0.109576
v -0.219099 0.558754 -0.105551
v -0.231947 0.548793 -0.105810
v -0.236650 0.537563 -0.110283
v -0.231947 0.528074 -0.117772
v -0.219099 0.522869 -0.126270
v -0.201547 0.523342 -0.133500
v -0.183995 0.529367 -0.137524
v -0.171147 0.539329 -0.137265
v -0.177435 0.560518 -0.150043
v -0.181843 0.569740 -0.142092
v -0.193887 0.574216 -0.132332
v -0.210340 0.572747 -0.123377
v -0.226792 0.565726 -0.117627
v -0.238836 0.555035 -0.116623
v -0.243245 0.543539 -0.120634
v -0.238836 0.534317 -0.128585
v -0.226792 0.529841 -0.138345
v -0.210340 0.531310 -0.147300
v -0.193887 0.538331 -0.153050
v -0.181843 0.549022 -0.154054
v -0.191241 0.569752 -0.166036
v -0.195279 0.578726 -0.157657
v -0.206313 0.582526 -0.146725
v -0.221385 0.580134 -0.136171
v -0.236456 0.572190 -0.128822
v -0.247490 0.560823 -0.126647
v -0.251528 0.549079 -0.130230
v -0.247490 0.540105 -0.138609
v -0.236456 0.536304 -0.149541
v -0.221385 0.538697 -0.160095
v -0.206313 0.546641 -0.167444
v -0.195279 0.558008 -0.169619
v -0.207626 0.578101 -0.180498
v -0.211225 0.586852 -0.171731
v -0.221059 0.590041 -0.159741
v -0.234492 0.586813 -0.147740
v -0.247926 0.578034 -0.138945
v -0.257760 0.566056 -0.135712
v -0.261359 0.554088 -0.138906
v -0.257760 0.545338 -0.147673
v -0.247926 0.542149 -0.159663
v -0.234492 0.545376 -0.171664
v -0.221059 0.554155 -0.180459
v -0.211225 0.566133 -0.183692
v -0.226309 0.585423 -0.193180
v -0.229408 0.593978 -0.184073
v -0.237874 0.596631 -0.171155
v -0.249439 0.592671 -0.157886
v -0.261004 0.583160 -0.147823
v -0.269470 0.570646 -0.143661
v -0.272569 0.558482 -0.146516
v -0.269470 0.549927 -0.155623
v -0.261004 0.547274 -0.168541
v -0.249439 0.551234 -0.181810
v -0.237874 0.560745 -0.191873
v -0.229408 0.573259 -0.196035
v -0.246971 0.591593 -0.203866
v -0.249516 0.599982 -0.194473
v -0.256470 0.602183 -0.180772
v -0.265969 0.597607 -0.166435
v -0.275468 0.587479 -0.155303
v -0.282421 0.574513 -0.150359
v -0.284967 0.562184 -0.152928
v -0.282421 0.553794 -0.162321
v -0.275468 0.551593 -0.176021
v -0.265969 0.556170 -0.190359
v -0.256470 0.566298 -0.201491
v -0.249516 0.579264 -0.206435
v -0.269259 0.596505 -0.212373
v -0.271207 0.604762 -0.202752
v -0.276529 0.606604 -0.188429
v -0.283799 0.601536 -0.173241
v -0.291069 0.590917 -0.161258
v -0.296391 0.577591 -0.155691
v -0.298339 0.565131 -0.158032
v -0.296391 0.556873 -0.167653
v -0.291069 0.555031 -0.181977
v -0.283799 0.560099 -0.197164
v -0.276529 0.570718 -0.209147
v -0.271207 0.584044 -0.214714
v -0.292790 0.600074 -0.218556
v -0.294108 0.608236 -0.208769
v -0.297707 0.609816 -0.193993
v -0.302624 0.604392 -0.178187
v -0.307541 0.593416 -0.165586
v -0.311140 0.579829 -0.159567
v -0.312458 0.567272 -0.161742
v -0.311140 0.559110 -0.171528
v -0.307541 0.557530 -0.186304
v -0.302624 0.562955 -0.202111
v -0.297707 0.573931 -0.214712
v -0.294108 0.587518 -0.220731
v -0.317163 0.602241 -0.222309
v -0.317827 0.610345 -0.212421
v -0.319642 0.611766 -0.197370
v -0.322122 0.606125 -0.181189
v -0.324602 0.594932 -0.168213
v -0.326417 0.581187 -0.161919
v -0.327082 0.568572 -0.163993
v -0.326417 0.560468 -0.173880
v -0.324602 0.559047 -0.188931
v -0.322122 0.564688 -0.205113
v -0.319642 0.575881 -0.218089
v -0.317827 0.589626 -0.224383
v -0.341960 0.602967 -0.223567
v -0.341960 0.611051 -0.213646
v -0.341960 0.612420 -0.198503
v -0.341960 0.606706 -0.182195
v -0.341960 0.595441 -0.169093
v -0.341960 0.581642 -0.162707
v -0.341960 0.569008 -0.164748
v -0.341960 0.560924 -0.174669
v -0.341960 0.559555 -0.189812
v -0.341960 0.565269 -0.206119
v -0.341960 0.576535 -0.219221
v -0.341960 0.590333 -0.225607
v -0.366757 0.602241 -0.222309
v -0.366092 0.610345 -0.212421
v -0.364277 0.611766 -0.197370
v -0.361797 0.606125 -0.181189
v -0.359318 0.594932 -0.168213
v -0.357502 0.581187 -0.161919
v -0.356838 0.568572 -0.163993
v -0.357502 0.560468 -0.173880
v -0.359318 0.559047 -0.188931
v -0.361797 0.564688 -0.205113
v -0.364277 0.575881 -0.218089
v -0.366092 0.589626 -0.224383
v -0.391129 0.600074 -0.218556
v -0.389812 0.608236 -0.208769
v -0.386212 0.609816 -0.193993
v -0.381296 0.604392 -0.178187
v -0.376379 0.593416 -0.165586
v -0.372779 0.579829 -0.159567
v -0.371462 0.567272 -0.161742
v -0.372779 0.559110 -0.171528
v -0.376379 0.557530 -0.186304
v -0.381296 0.562955 -0.202111
v -0.386212 0.573931 -0.214712
v -0.389812 0.587518 -0.220731
v -0.414661 0.596505 -0.212373
v -0.412713 0.604762 -0.202752
v -0.407391 0.606604 -0.188429
v -0.400121 0.601536 -0.173241
v -0.392850 0.590917 -0.161258
v -0.387528 0.577591 -0.155691
v -0.385580 0.565131 -0.158032
v -0.387528 0.556873 -0.167653
v -0.392850 0.555031 -0.181977
v -0.400121 0.560099 -0.197164
v -0.407391 0.570718 -0.209147
v -0.412713 0.584044 -0.214714
v -0.436948 0.591593 -0.203866
v -0.434403 0.599982 -0.194473
v -0.427449 0.602183 -0.180772
v -0.417951 0.597607 -0.166435
v -0.408452 0.587479 -0.155303
v -0.401498 0.574513 -0.150359
v -0.398953 0.562184 -0.152928
v -0.401498 0.553794 -0.162321
v -0.408452 0.551593 -0.176021
v -0.417951 0.556170 -0.190359
v -0.427449 0.566298 -0.201491
v -0.434403 0.579264 -0.206435
v -0.457610 0.585423 -0.193180
v -0.454512 0.593978 -0.184073
v -0.446045 0.596631 -0.171155
v -0.434480 0.592671 -0.157886
v -0.422915 0.583160 -0.147823
v -0.414449 0.570646 -0.143661
v -0.411350 0.558482 -0.146516
v -0.414449 0.549927 -0.155623
v -0.422915 0.547274 -0.168541
v -0.434480 0.551234 -0.181810
v -0.446045 0.560745 -0.191873
v -0.454512 0.573259 -0.196035
v -0.476294 0.578101 -0.180498
v -0.472694 0.586852 -0.171731
v -0.462860 0.590041 -0.159741
v -0.449427 0.586813 -0.147740
v -0.435994 0.578034 -0.138945
v -0.426160 0.566056 -0.135712
v -0.422560 0.554088 -0.138906
v -0.426160 0.545338 -0.147673
v -0.435994 0.542149 -0.159663
v -0.449427 0.545376 -0.171664
v -0.462860 0.554155 -0.180459
v -0.472694 0.566133 -0.183692
v -0.492679 0.569752 -0.166036
v -0.488640 0.578726 -0.157657
v -0.477607 0.582526 -0.146725
v -0.462535 0.580134 -0.136171
v -0.447463 0.572190 -0.128822
v -0.436430 0.560823 -0.126647
v -0.432391 0.549079 -0.130230
v -0.436430 0.540105 -0.138609
v -0.447463 0.536304 -0.149541
v -0.462535 0.538697 -0.160095
v -0.477607 0.546641 -0.167444
v -0.488640 0.558008 -0.169619
v -0.506485 0.560518 -0.150043
v -0.502076 0.569740 -0.142092
v -0.490032 0.574216 -0.132332
v -0.473580 0.572747 -0.123377
v -0.457127 0.565726 -0.117627
v -0.445083 0.555035 -0.116623
v -0.440675 0.543539 -0.120634
v -0.445083 0.534317 -0.128585
v -0.457127 0.529841 -0.138345
v -0.473580 0.531310 -0.147300
v -0.490032 0.538331 -0.153050
v -0.502076 0.549022 -0.154054
v -0.517476 0.550558 -0.132792
v -0.512773 0.560047 -0.125303
v -0.499924 0.565252 -0.116806
v -0.482373 0.564779 -0.109576
v -0.464821 0.558754 -0.105551
v -0.451972 0.548793 -0.105810
v -0.447269 0.537563 -0.110283
v -0.451972 0.528074 -0.117772
v -0.464821 0.522869 -0.126270
v -0.482373 0.523342 -0.133500
v -0.499924 0.529367 -0.137524
v -0.512773 0.539329 -0.137265
v -0.525464 0.540043 -0.114578
v -0.520547 0.549813 -0.107578
v -0.507113 0.555788 -0.100413
v -0.488763 0.556367 -0.095005
v -0.470412 0.551393 -0.092802
v -0.456979 0.542201 -0.094394
v -0.452062 0.531253 -0.099355
v -0.456979 0.521483 -0.106356
v -0.470412 0.515508 -0.113520
v -0.488763 0.514930 -0.118928
v -0.507113 0.519903 -0.121132
v -0.520547 0.529095 -0.119539
v -0.530312 0.529151 -0.095713
v -0.525265 0.539213 -0.089218
v -0.511476 0.545985 -0.083435
v -0.492641 0.547653 -0.079913
v -0.473806 0.543769 -0.079596
v -0.460018 0.535375 -0.082569
v -0.454971 0.524718 -0.088036
v -0.460018 0.514656 -0.094531
v -0.473806 0.507884 -0.100314
v -0.492641 0.506216 -0.103836
v -0.511476 0.510100 -0.104153
v -0.525265 0.518495 -0.101180
v -0.531937 0.518070 -0.076520
v -0.526846 0.528429 -0.070539
v -0.512939 0.536012 -0.066161
v -0.493941 0.538788 -0.064558
v -0.474944 0.536012 -0.066161
v -0.461036 0.528429 -0.070539
v -0.455946 0.518070 -0.076520
v -0.461036 0.507710 -0.082501
v -0.474944 0.500127 -0.086879
v -0.493941 0.497351 -0.088482
v -0.512939 0.500127 -0.086879
v -0.526846 0.507710 -0.082501
v -0.530312 0.506988 -0.057326
v -0.525265 0.517644 -0.051860
v -0.511476 0.526039 -0.048886
v -0.492641 0.529923 -0.049203
v -0.473806 0.528255 -0.052725
v -0.460018 0.521483 -0.058508
v -0.454971 0.511421 -0.065004
v -0.460018 0.500765 -0.070470
v -0.473806 0.492370 -0.073444
v -0.492641 0.488486 -0.073127
v -0.511476 0.490154 -0.069605
v -0.525265 0.496926 -0.063822
v -0.525464 0.496096 -0.038461
v -0.520547 0.507044 -0.033500
v -0.507113 0.516236 -0.031908
v -0.488763 0.521210 -0.034111
v -0.470412 0.520631 -0.039520
v -0.456979 0.514656 -0.046684
v -0.452062 0.504886 -0.053685
v -0.456979 0.493938 -0.058646
v -0.470412 0.484746 -0.060238
v -0.488763 0.479773 -0.058035
v -0.507113 0.480351 -0.052626
v -0.520547 0.486326 -0.045462
v -0.517476 0.485581 -0.020247
v -0.512773 0.496810 -0.015774
v -0.499924 0.506772 -0.015515
v -0.482373 0.512797 -0.019540
v -0.464821 0.513270 -0.026770
v -0.451972 0.508065 -0.035268
v -0.447269 0.498576 -0.042756
v -0.451972 0.487346 -0.047229
v -0.464821 0.477385 -0.047488
v -0.482373 0.471360 -0.043464
v -0.499924 0.470887 -0.036234
v -0.512773 0.476092 -0.027736
v -0.506485 0.475621 -0.002996
v -0.502076 0.487117 0.001015
v -0.490032 0.497808 0.000011
v -0.473580 0.504829 -0.005739
v -0.457127 0.506298 -0.014694
v -0.445083 0.501822 -0.024455
v -0.440675 0.492600 -0.032406
v -0.445083 0.481104 -0.036417
v -0.457127 0.470413 -0.035413
v -0.473580 0.463392 -0.029663
v -0.490032 0.461923 -0.020708
v -0.502076 0.466399 -0.010947
v -0.492679 0.466387 0.012997
v -0.488640 0.478131 0.016579
v -0.477607 0.489498 0.014404
v -0.462535 0.497442 0.007055
v -0.447463 0.499835 -0.003499
v -0.436430 0.496035 -0.014430
v -0.432391 0.487060 -0.022810
v -0.436430 0.475316 -0.026392
v -0.447463 0.463949 -0.024217
v -0.462535 0.456005 -0.016868
v -0.477607 0.453613 -0.006314
v -0.488640 0.457413 0.004617
v -0.476294 0.458038 0.027458
v -0.472694 0.470006 0.030653
v -0.462861 0.481984 0.027420
v -0.449427 0.490763 0.018624
v -0.435994 0.493990 0.006624
v -0.426160 0.490801 -0.005366
v -0.422560 0.482051 -0.014133
v -0.426160 0.470083 -0.017328
v -0.435994 0.458105 -0.014095
v -0.449427 0.449326 -0.005299
v -0.462861 0.446098 0.006701
v -0.472694 0.449287 0.018691
v -0.457610 0.450716 0.040140
v -0.454512 0.462880 0.042995
v -0.446045 0.475394 0.038834
v -0.434480 0.484905 0.028770
v -0.422915 0.488865 0.015502
v -0.414449 0.486212 0.002583
v -0.411350 0.477657 -0.006524
v -0.414449 0.465493 -0.009379
v -0.422915 0.452979 -0.005217
v -0.434480 0.443468 0.004847
v -0.446045 0.439508 0.018115
v -0.454512 0.442161 0.031034
v -0.436948 0.444546 0.050827
v -0.434403 0.456875 0.053395
v -0.427449 0.469841 0.048451
v -0.417951 0.479969 0.037319
v -0.408452 0.484546 0.022982
v -0.401498 0.482345 0.009281
v -0.398953 0.473955 -0.000112
v -0.401498 0.461626 -0.002681
v -0.408452 0.448660 0.002263
v -0.417951 0.438532 0.013396
v -0.427449 0.433956 0.027733
v -0.434403 0.436157 0.041433
v -0.414661 0.439634 0.059334
v -0.412713 0.452095 0.061675
v -0.407391 0.465421 0.056108
v -0.400121 0.476040 0.044125
v -0.392851 0.481108 0.028937
v -0.387528 0.479266 0.014614
v -0.385580 0.471008 0.004992
v -0.387528 0.458548 0.002652
v -0.392851 0.445222 0.008219
v -0.400121 0.434603 0.020201
v -0.407391 0.429535 0.035389
v -0.412713 0.431377 0.049713
v -0.391129 0.436065 0.065517
v -0.389812 0.448621 0.067692
v -0.386212 0.462208 0.061672
v -0.381295 0.473184 0.049071
v -0.376379 0.478609 0.033265
v -0.372779 0.477029 0.018489
v -0.371462 0.468867 0.008702
v -0.372779 0.456310 0.006527
v -0.376379 0.442723 0.012546
v -0.381295 0.431747 0.025148
v -0.386212 0.426323 0.040954
v -0.389812 0.427903 0.055730
v -0.366757 0.433898 0.069269
v -0.366092 0.446513 0.071344
v -0.364277 0.460258 0.065049
v -0.361797 0.471451 0.052073
v -0.359318 0.477092 0.035892
v -0.357502 0.475671 0.020841
v -0.356838 0.467567 0.010954
v -0.357502 0.454952 0.008879
v -0.359318 0.441207 0.015173
v -0.361797 0.430014 0.028150
v -0.364277 0.424373 0.044331
v -0.366092 0.425794 0.059382
vn 0.0547 -0.1592 0.9857
vn 0.0337 0.4198 0.9070
vn 0.0109 0.7582 0.6519
vn -0.0109 0.9437 0.3307
vn -0.0337 0.9954 -0.0900
vn -0.0547 0.7741 -0.6308
vn -0.0547 0.1592 -0.9857
vn -0.0337 -0.4198 -0.9070
vn -0.0109 -0.7582 -0.6519
vn 0.0109 -0.9437 -0.3307
vn 0.0337 -0.9954 0.0900
vn 0.0547 -0.7741 0.6308
vn 0.1636 -0.1517 0.9748
vn 0.1007 0.4252 0.8995
vn 0.0324 0.7599 0.6493
vn -0.0324 0.9422 0.3335
vn -0.1007 0.9916 -0.0815
vn -0.1636 0.7684 -0.6188
vn -0.1636 0.1517 -0.9748
vn -0.1007 -0.4252 -0.8995
vn -0.0324 -0.7599 -0.6493
vn 0.0324 -0.9422 -0.3335
vn 0.1007 -0.9916 0.0815
vn 0.1636 -0.7684 0.6188
vn 0.2711 -0.1366 0.9528
vn 0.1663 0.4359 0.8845
vn 0.0534 0.7632 0.6439
vn -0.0534 0.9393 0.3390
vn -0.1663 0.9840 -0.0647
vn -0.2711 0.7569 -0.5947
vn -0.2711 0.1366 -0.9528
vn -0.1663 -0.4359 -0.8845
vn -0.0534 -0.7632 -0.6439
vn 0.0534 -0.9393 -0.3390
vn 0.1663 -0.9840 0.0647
vn 0.2711 -0.7569 0.5947
vn 0.3761 -0.1139 0.9195
vn 0.2295 0.4518 0.8621
vn 0.0735 0.7681 0.6361
vn -0.0735 0.9349 0.3472
vn -0.2295 0.9725 -0.0398
vn -0.3761 0.7394 -0.5584
vn -0.3761 0.1139 -0.9195
vn -0.2295 -0.4518 -0.8621
vn -0.0735 -0.7681 -0.6361
vn 0.0735 -0.9349 -0.3472
vn 0.2295 -0.9725 0.0398
vn 0.3761 -0.7394 0.5584
vn 0.4774 -0.0837 0.8747
vn 0.2894 0.4726 0.8324
vn 0.0924 0.7745 0.6258
vn -0.0924 0.9292 0.3578
vn -0.2894 0.9572 -0.0069
vn -0.4774 0.7157 -0.5098
vn -0.4774 0.0837 -0.8747
vn -0.2894 -0.4726 -0.8324
vn -0.0924 -0.7745 -0.6258
vn 0.0924 -0.9292 -0.3578
vn 0.2894 -0.9572 0.0069
vn 0.4774 -0.7157 0.5098
vn 0.5733 -0.0460 0.8181
vn 0.3449 0.4980 0.7956
vn 0.1097 0.7822 0.6132
vn -0.1097 0.9222 0.3708
vn -0.3449 0.9380 0.0334
vn -0.5733 0.6855 -0.4488
vn -0.5733 0.0460 -0.8181
vn -0.3449 -0.4980 -0.7956
vn -0.1097 -0.7822 -0.6132
vn 0.1097 -0.9222 -0.3708
vn 0.3449 -0.9380 -0.0334
vn 0.5733 -0.6855 0.4488
vn 0.6620 -0.0010 0.7495
vn 0.3951 0.5274 0.7522
vn 0.1251 0.7912 0.5986
vn -0.1251 0.9140 0.3859
vn -0.3951 0.9151 0.0807
vn -0.6620 0.6486 -0.3756
vn -0.6620 0.0010 -0.7495
vn -0.3951 -0.5274 -0.7522
vn -0.1251 -0.7912 -0.5986
vn 0.1251 -0.9140 -0.3859
vn 0.3951 -0.9151 -0.0807
vn 0.6620 -0.6486 0.3756
vn 0.7413 0.0508 0.6692
vn 0.4389 0.5604 0.7024
vn 0.1385 0.8012 0.5821
vn -0.1385 0.9047 0.4028
vn -0.4389 0.8885 0.1341
vn -0.7413 0.6050 -0.2907
vn -0.7413 -0.0508 -0.6692
vn -0.4389 -0.5604 -0.7024
vn -0.1385 -0.8012 -0.5821
vn 0.1385 -0.9047 -0.4028
vn 0.4389 -0.8885 -0.1341
vn 0.7413 -0.6050 0.2907
vn 0.8088 0.1085 0.5780
vn 0.4753 0.5962 0.6470
vn 0.1494 0.8121 0.5641
vn -0.1494 0.8945 0.4213
vn -0.4753 0.8584 0.1928
vn -0.8088 0.5548 -0.1950
vn -0.8088 -0.1085 -0.5780
vn -0.4753 -0.5962 -0.6470
vn -0.1494 -0.8121 -0.5641
vn 0.1494 -0.8945 -0.4213
vn 0.4753 -0.8584 -0.1928
vn 0.8088 -0.5548 0.1950
vn 0.8621 0.1711 0.4769
vn 0.5035 0.6341 0.5869
vn 0.1578 0.8236 0.5447
vn -0.1578 0.8836 0.4409
vn -0.5035 0.8253 0.2557
vn -0.8621 0.4986 -0.0903
vn -0.8621 -0.1711 -0.4769
vn -0.5035 -0.6341 -0.5869
vn -0.1578 -0.8236 -0.5447
vn 0.1578 -0.8836 -0.4409
vn 0.5035 -0.8253 -0.2557
vn 0.8621 -0.4985 0.0903
vn 0.8991 0.2371 0.3679
vn 0.5227 0.6732 0.5230
vn 0.1635 0.8356 0.5244
vn -0.1635 0.8720 0.4614
vn -0.5227 0.7896 0.3215
vn -0.8991 0.4372 0.0213
vn -0.8991 -0.2371 -0.3679
vn -0.5227 -0.6732 -0.5230
vn -0.1635 -0.8356 -0.5244
vn 0.1635 -0.8720 -0.4614
vn 0.5227 -0.7896 -0.3215
vn 0.8991 -0.4372 -0.0213
vn 0.9181 0.3047 0.2536
vn 0.5324 0.7128 0.4566
vn 0.1663 0.8478 0.5036
vn -0.1663 0.8600 0.4824
vn -0.5324 0.7518 0.3890
vn -0.9181 0.3720 0.1370
vn -0.9181 -0.3047 -0.2536
vn -0.5324 -0.7128 -0.4566
vn -0.1663 -0.8478 -0.5036
vn 0.1663 -0.8600 -0.4824
vn 0.5324 -0.7518 -0.3890
vn 0.9181 -0.3720 -0.1370
vn 0.9181 0.3720 0.1370
vn 0.5324 0.7518 0.3890
vn 0.1663 0.8600 0.4824
vn -0.1663 0.8478 0.5036
vn -0.5324 0.7128 0.4566
vn -0.9181 0.3047 0.2536
vn -0.9181 -0.3720 -0.1370
vn -0.5324 -0.7518 -0.3890
vn -0.1663 -0.8600 -0.4824
vn 0.1663 -0.8478 -0.5036
vn 0.5324 -0.7128 -0.4566
vn 0.9181 -0.3047 -0.2536
vn 0.8991 0.4372 0.0213
vn 0.5227 0.7896 0.3215
vn 0.1635 0.8720 0.4614
vn -0.1635 0.8356 0.5244
vn -0.5227 0.6732 0.5230
vn -0.8991 0.2371 0.3679
vn -0.8991 -0.4372 -0.0213
vn -0.5227 -0.7896 -0.3215
vn -0.1635 -0.8720 -0.4614
vn 0.1635 -0.8356 -0.5244
vn 0.5227 -0.6732 -0.5230
vn 0.8991 -0.2371 -0.3679
vn 0.8621 0.4985 -0.0903
vn 0.5035 0.8253 0.2557
vn 0.1578 0.8836 0.4409
vn -0.1578 0.8236 0.5447
vn -0.5035 0.6341 0.5869
vn -0.8621 0.1711 0.4769
vn -0.8621 -0.4985 0.0903
vn -0.5035 -0.8253 -0.2557
vn -0.1578 -0.8836 -0.4409
vn 0.1578 -0.8236 -0.5447
vn 0.5035 -0.6341 -0.5869
vn 0.8621 -0.1711 -0.4769
vn 0.8088 0.5548 -0.1950
vn 0.4753 0.8584 0.1928
vn 0.1494 0.8945 0.4213
vn -0.1494 0.8121 0.5641
vn -0.4753 0.5962 0.6470
vn -0.8088 0.1085 0.5780
vn -0.8088 -0.5548 0.1950
vn -0.4753 -0.8584 -0.1928
vn -0.1494 -0.8945 -0.4213
vn 0.1494 -0.8121 -0.5641
vn 0.4753 -0.5962 -0.6470
vn 0.8088 -0.1085 -0.5780
vn 0.7413 0.6050 -0.2907
vn 0.4389 0.8885 0.1341
vn 0.1385 0.9047 0.4028
vn -0.1385 0.8012 0.5821
vn -0.4389 0.5604 0.7024
vn -0.7413 0.0508 0.6692
vn -0.7413 -0.6050 0.2907
vn -0.4389 -0.8885 -0.1341
vn -0.1385 -0.9047 -0.4028
vn 0.1385 -0.8012 -0.5821
vn 0.4389 -0.5604 -0.7024
vn 0.7413 -0.0508 -0.6692
vn 0.6620 0.6486 -0.3756
vn 0.3951 0.9151 0.0807
vn 0.1251 0.9140 0.3859
vn -0.1251 0.7912 0.5986
vn -0.3951 0.5274 0.7522
vn -0.6620 -0.0010 0.7495
vn -0.6620 -0.6486 0.3756
vn -0.3951 -0.9151 -0.0807
vn -0.1251 -0.9140 -0.3859
vn 0.1251 -0.7912 -0.5986
vn 0.3951 -0.5274 -0.7522
vn 0.6620 0.0010 -0.7495
vn 0.5733 0.6855 -0.4488
vn 0.3449 0.9380 0.0334
vn 0.1097 0.9222 0.3708
vn -0.1097 0.7822 0.6132
vn -0.3449 0.4980 0.7956
vn -0.5733 -0.0460 0.8181
vn -0.5733 -0.6855 0.4488
vn -0.3449 -0.9380 -0.0334
vn -0.1097 -0.9222 -0.3708
vn 0.1097 -0.7822 -0.6132
vn 0.3449 -0.4980 -0.7956
vn 0.5733 0.0460 -0.8181
vn 0.4774 0.7157 -0.5098
vn 0.2894 0.9572 -0.0069
vn 0.0924 0.9292 0.3578
vn -0.0924 0.7745 0.6258
vn -0.2894 0.4726 0.8324
vn -0.4774 -0.0837 0.8747
vn -0.4774 -0.7157 0.5098
vn -0.2894 -0.9572 0.0069
vn -0.0924 -0.9292 -0.3578
vn 0.0924 -0.7745 -0.6258
vn 0.2894 -0.4726 -0.8324
vn 0.4774 0.0837 -0.8747
vn 0.3761 0.7394 -0.5584
vn 0.2295 0.9725 -0.0398
vn 0.0735 0.9349 0.3472
vn -0.0735 0.7681 0.6361
vn -0.2295 0.4518 0.8621
vn -0.3761 -0.1139 0.9195
vn -0.3761 -0.7394 0.5584
vn -0.2295 -0.9725 0.0398
vn -0.0735 -0.9349 -0.3472
vn 0.0735 -0.7681 -0.6361
vn 0.2295 -0.4518 -0.8621
vn 0.3761 0.1139 -0.9195
vn 0.2711 0.7569 -0.5947
vn 0.1663 0.9840 -0.0647
vn 0.0534 0.9393 0.3390
vn -0.0534 0.7632 0.6439
vn -0.1663 0.4359 0.8845
vn -0.2711 -0.1366 0.9528
vn -0.2711 -0.7569 0.5947
vn -0.1663 -0.9840 0.0647
vn -0.0534 -0.9393 -0.3390
vn 0.0534 -0.7632 -0.6439
vn 0.1663 -0.4359 -0.8845
vn 0.2711 0.1366 -0.9528
vn 0.1636 0.7684 -0.6188
vn 0.1007 0.9916 -0.0815
vn 0.0324 0.9422 0.3335
vn -0.0324 0.7599 0.6493
vn -0.1007 0.4252 0.8995
vn -0.1636 -0.1517 0.9748
vn -0.1636 -0.7684 0.6188
vn -0.1007 -0.9916 0.0815
vn -0.0324 -0.9422 -0.3335
vn 0.0324 -0.7599 -0.6493
vn 0.1007 -0.4252 -0.8995
vn 0.1636 0.1517 -0.9748
vn 0.0547 0.7741 -0.6308
vn 0.0337 0.9954 -0.0900
vn 0.0109 0.9437 0.3307
vn -0.0109 0.7582 0.6519
vn -0.0337 0.4198 0.9070
vn -0.0547 -0.1592 0.9857
vn -0.0547 -0.7741 0.6308
vn -0.0337 -0.9954 0.0900
vn -0.0109 -0.9437 -0.3307
vn 0.0109 -0.7582 -0.6519
vn 0.0337 -0.4198 -0.9070
vn 0.0547 0.1592 -0.9857
vn -0.8621 0.4985 -0.0903
vn 0.8621 -0.4986 0.0903
vn -0.8621 -0.4986 0.0903
vn 0.8621 0.4986 -0.0903
vt 0.856508 0.880859
vt 0.853516 0.892831
vt 0.853516 0.880859
vt 0.856508 0.904802
vt 0.853516 0.904802
vt 0.853516 0.916773
vt 0.856508 0.916773
vt 0.853516 0.928744
vt 0.856508 0.928744
vt 0.853516 0.940716
vt 0.856508 0.952687
vt 0.853516 0.952687
vt 0.856508 0.809032
vt 0.853516 0.821003
vt 0.853516 0.809032
vt 0.856508 0.821003
vt 0.853516 0.832974
vt 0.856508 0.832974
vt 0.853516 0.844946
vt 0.856508 0.844946
vt 0.853516 0.856917
vt 0.856508 0.856917
vt 0.853516 0.868888
vt 0.856508 0.868888
vt 0.859501 0.880859
vt 0.856508 0.892831
vt 0.859501 0.892831
vt 0.859501 0.904802
vt 0.859501 0.916773
vt 0.859501 0.940716
vt 0.856508 0.940716
vt 0.859501 0.809032
vt 0.859501 0.821003
vt 0.859501 0.844946
vt 0.859501 0.856917
vt 0.859501 0.868888
vt 0.862494 0.892831
vt 0.862494 0.904802
vt 0.862494 0.928744
vt 0.859501 0.928744
vt 0.862494 0.940716
vt 0.862494 0.952687
vt 0.859501 0.952687
vt 0.862494 0.809032
vt 0.862494 0.821003
vt 0.859501 0.832974
vt 0.862494 0.844946
vt 0.862494 0.856917
vt 0.862494 0.868888
vt 0.862494 0.880859
vt 0.865487 0.892831
vt 0.865487 0.904802
vt 0.865487 0.916773
vt 0.862494 0.916773
vt 0.865487 0.940716
vt 0.865487 0.809032
vt 0.865487 0.821003
vt 0.862494 0.832974
vt 0.865487 0.844946
vt 0.865487 0.856917
vt 0.865487 0.868888
vt 0.868480 0.880859
vt 0.865487 0.880859
vt 0.868480 0.904802
vt 0.868480 0.916773
vt 0.865487 0.928744
vt 0.868480 0.940716
vt 0.865487 0.952687
vt 0.868480 0.809032
vt 0.868480 0.821003
vt 0.865487 0.832974
vt 0.868480 0.832974
vt 0.868480 0.844946
vt 0.868480 0.856917
vt 0.871472 0.880859
vt 0.868480 0.892831
vt 0.871472 0.892831
vt 0.871472 0.904802
vt 0.871472 0.916773
vt 0.868480 0.928744
vt 0.871472 0.928744
vt 0.871472 0.940716
vt 0.868480 0.952687
vt 0.871472 0.821003
vt 0.871472 0.832974
vt 0.871472 0.844946
vt 0.871472 0.868888
vt 0.868480 0.868888
vt 0.874465 0.880859
vt 0.874465 0.904802
vt 0.874465 0.916773
vt 0.874465 0.940716
vt 0.871472 0.952687
vt 0.874465 0.809032
vt 0.871472 0.809032
vt 0.874465 0.821003
vt 0.874465 0.844946
vt 0.874465 0.856917
vt 0.871472 0.856917
vt 0.874465 0.868888
vt 0.877458 0.880859
vt 0.874465 0.892831
vt 0.877458 0.904802
vt 0.877458 0.916773
vt 0.874465 0.928744
vt 0.877458 0.940716
vt 0.874465 0.952687
vt 0.877458 0.809032
vt 0.877458 0.821003
vt 0.874465 0.832974
vt 0.877458 0.832974
vt 0.877458 0.844946
vt 0.877458 0.856917
vt 0.877458 0.868888
vt 0.880451 0.892831
vt 0.877458 0.892831
vt 0.880451 0.904802
vt 0.880451 0.916773
vt 0.877458 0.928744
vt 0.880451 0.928744
vt 0.880451 0.940716
vt 0.877458 0.952687
vt 0.880451 0.809032
vt 0.880451 0.821003
vt 0.880451 0.844946
vt 0.880451 0.856917
vt 0.880451 0.868888
vt 0.883444 0.880859
vt 0.880451 0.880859
vt 0.883444 0.892831
vt 0.883444 0.904802
vt 0.883444 0.916773
vt 0.883444 0.940716
vt 0.880451 0.952687
vt 0.883444 0.809032
vt 0.883444 0.821003
vt 0.880451 0.832974
vt 0.883444 0.832974
vt 0.883444 0.844946
vt 0.883444 0.856917
vt 0.883444 0.868888
vt 0.886437 0.880859
vt 0.886437 0.892831
vt 0.886437 0.916773
vt 0.883444 0.928744
vt 0.886437 0.928744
vt 0.886437 0.940716
vt 0.883444 0.952687
vt 0.886437 0.821003
vt 0.886437 0.844946
vt 0.886437 0.856917
vt 0.886437 0.868888
vt 0.889429 0.880859
vt 0.889429 0.892831
vt 0.886437 0.904802
vt 0.889429 0.904802
vt 0.889429 0.928744
vt 0.889429 0.940716
vt 0.886437 0.952687
vt 0.889429 0.809032
vt 0.886437 0.809032
vt 0.889429 0.821003
vt 0.886437 0.832974
vt 0.889429 0.832974
vt 0.889429 0.844946
vt 0.889429 0.856917
vt 0.892422 0.880859
vt 0.892422 0.892831
vt 0.892422 0.904802
vt 0.889429 0.916773
vt 0.892422 0.916773
vt 0.892422 0.928744
vt 0.892422 0.940716
vt 0.889429 0.952687
vt 0.892422 0.821003
vt 0.892422 0.844946
vt 0.892422 0.856917
vt 0.892422 0.868888
vt 0.889429 0.868888
vt 0.895415 0.880859
vt 0.895415 0.904802
vt 0.895415 0.916773
vt 0.895415 0.928744
vt 0.895415 0.940716
vt 0.892422 0.952687
vt 0.895415 0.809032
vt 0.892422 0.809032
vt 0.895415 0.821003
vt 0.892422 0.832974
vt 0.895415 0.832974
vt 0.895415 0.844946
vt 0.895415 0.856917
vt 0.895415 0.868888
vt 0.898408 0.880859
vt 0.895415 0.892831
vt 0.898408 0.892831
vt 0.898408 0.904802
vt 0.898408 0.928744
vt 0.898408 0.940716
vt 0.895415 0.952687
vt 0.898408 0.809032
vt 0.898408 0.821003
vt 0.898408 0.844946
vt 0.898408 0.868888
vt 0.901401 0.880859
vt 0.901401 0.904802
vt 0.898408 0.916773
vt 0.901401 0.916773
vt 0.901401 0.928744
vt 0.901401 0.940716
vt 0.898408 0.952687
vt 0.901401 0.809032
vt 0.901401 0.821003
vt 0.898408 0.832974
vt 0.901401 0.832974
vt 0.901401 0.844946
vt 0.898408 0.856917
vt 0.901401 0.856917
vt 0.901401 0.868888
vt 0.904393 0.880859
vt 0.901401 0.892831
vt 0.904393 0.892831
vt 0.904393 0.904802
vt 0.904393 0.916773
vt 0.904393 0.928744
vt 0.904393 0.952687
vt 0.901401 0.952687
vt 0.904393 0.809032
vt 0.904393 0.832974
vt 0.904393 0.844946
vt 0.904393 0.856917
vt 0.904393 0.868888
vt 0.907386 0.880859
vt 0.907386 0.892831
vt 0.907386 0.916773
vt 0.907386 0.928744
vt 0.904393 0.940716
vt 0.907386 0.940716
vt 0.907386 0.809032
vt 0.904393 0.821003
vt 0.907386 0.832974
vt 0.907386 0.844946
vt 0.907386 0.856917
vt 0.907386 0.868888
vt 0.910379 0.880859
vt 0.910379 0.892831
vt 0.907386 0.904802
vt 0.910379 0.904802
vt 0.910379 0.928744
vt 0.910379 0.940716
vt 0.907386 0.952687
vt 0.910379 0.809032
vt 0.907386 0.821003
vt 0.910379 0.832974
vt 0.910379 0.844946
vt 0.910379 0.868888
vt 0.913372 0.892831
vt 0.913372 0.916773
vt 0.910379 0.916773
vt 0.913372 0.928744
vt 0.913372 0.940716
vt 0.910379 0.952687
vt 0.913372 0.809032
vt 0.910379 0.821003
vt 0.913372 0.821003
vt 0.913372 0.844946
vt 0.910379 0.856917
vt 0.913372 0.856917
vt 0.913372 0.868888
vt 0.916365 0.880859
vt 0.913372 0.880859
vt 0.916365 0.892831
vt 0.913372 0.904802
vt 0.916365 0.904802
vt 0.916365 0.928744
vt 0.916365 0.940716
vt 0.913372 0.952687
vt 0.916365 0.821003
vt 0.913372 0.832974
vt 0.916365 0.832974
vt 0.916365 0.844946
vt 0.916365 0.868888
vt 0.919358 0.892831
vt 0.919358 0.904802
vt 0.916365 0.916773
vt 0.919358 0.928744
vt 0.919358 0.940716
vt 0.916365 0.952687
vt 0.919358 0.809032
vt 0.916365 0.809032
vt 0.919358 0.821003
vt 0.919358 0.832974
vt 0.919358 0.856917
vt 0.916365 0.856917
vt 0.919358 0.868888
vt 0.922350 0.880859
vt 0.919358 0.880859
vt 0.922350 0.892831
vt 0.922350 0.904802
vt 0.919358 0.916773
vt 0.922350 0.916773
vt 0.922350 0.928744
vt 0.922350 0.940716
vt 0.919358 0.952687
vt 0.922350 0.809032
vt 0.922350 0.832974
vt 0.922350 0.844946
vt 0.919358 0.844946
vt 0.922350 0.856917
vt 0.922350 0.868888
vt 0.925343 0.892831
vt 0.925343 0.904802
vt 0.925343 0.916773
vt 0.925343 0.928744
vt 0.925343 0.940716
vt 0.922350 0.952687
vt 0.925343 0.809032
vt 0.922350 0.821003
vt 0.925343 0.832974
vt 0.925343 0.844946
vt 0.925343 0.856917
vt 0.925343 0.868888
vt 0.784681 0.880859
vt 0.781688 0.892831
vt 0.781688 0.880859
vt 0.784681 0.892831
vt 0.781688 0.904802
vt 0.784681 0.904802
vt 0.781688 0.916773
vt 0.784681 0.916773
vt 0.781688 0.928744
vt 0.784681 0.928744
vt 0.781688 0.940716
vt 0.784681 0.940716
vt 0.781688 0.952687
vt 0.781688 0.809032
vt 0.784681 0.821003
vt 0.781688 0.821003
vt 0.781688 0.832974
vt 0.784681 0.844946
vt 0.781688 0.844946
vt 0.784681 0.856917
vt 0.781688 0.856917
vt 0.784681 0.868888
vt 0.781688 0.868888
vt 0.787674 0.892831
vt 0.787674 0.904802
vt 0.787674 0.916773
vt 0.787674 0.928744
vt 0.787674 0.940716
vt 0.784681 0.952687
vt 0.787674 0.809032
vt 0.784681 0.809032
vt 0.787674 0.821003
vt 0.784681 0.832974
vt 0.787674 0.832974
vt 0.787674 0.844946
vt 0.787674 0.856917
vt 0.787674 0.880859
vt 0.790666 0.880859
vt 0.790666 0.892831
vt 0.790666 0.916773
vt 0.790666 0.928744
vt 0.790666 0.940716
vt 0.787674 0.952687
vt 0.790666 0.809032
vt 0.790666 0.832974
vt 0.790666 0.844946
vt 0.790666 0.868888
vt 0.787674 0.868888
vt 0.793659 0.880859
vt 0.793659 0.892831
vt 0.790666 0.904802
vt 0.793659 0.904802
vt 0.793659 0.916773
vt 0.793659 0.928744
vt 0.793659 0.952687
vt 0.790666 0.952687
vt 0.793659 0.809032
vt 0.790666 0.821003
vt 0.793659 0.821003
vt 0.793659 0.832974
vt 0.793659 0.856917
vt 0.790666 0.856917
vt 0.793659 0.868888
vt 0.796652 0.880859
vt 0.796652 0.892831
vt 0.796652 0.904802
vt 0.796652 0.928744
vt 0.793659 0.940716
vt 0.796652 0.940716
vt 0.796652 0.809032
vt 0.796652 0.832974
vt 0.793659 0.844946
vt 0.796652 0.844946
vt 0.796652 0.868888
vt 0.799645 0.880859
vt 0.799645 0.904802
vt 0.796652 0.916773
vt 0.799645 0.916773
vt 0.799645 0.928744
vt 0.799645 0.940716
vt 0.796652 0.952687
vt 0.799645 0.809032
vt 0.796652 0.821003
vt 0.799645 0.821003
vt 0.799645 0.844946
vt 0.796652 0.856917
vt 0.799645 0.856917
vt 0.799645 0.868888
vt 0.802638 0.892831
vt 0.799645 0.892831
vt 0.802638 0.904802
vt 0.802638 0.928744
vt 0.802638 0.940716
vt 0.799645 0.952687
vt 0.802638 0.809032
vt 0.802638 0.821003
vt 0.799645 0.832974
vt 0.802638 0.832974
vt 0.802638 0.844946
vt 0.802638 0.856917
vt 0.802638 0.868888
vt 0.802638 0.880859
vt 0.805631 0.892831
vt 0.805631 0.904802
vt 0.802638 0.916773
vt 0.805631 0.916773
vt 0.805631 0.940716
vt 0.802638 0.952687
vt 0.805631 0.809032
vt 0.805631 0.821003
vt 0.805631 0.832974
vt 0.805631 0.856917
vt 0.805631 0.868888
vt 0.808623 0.880859
vt 0.805631 0.880859
vt 0.808623 0.892831
vt 0.808623 0.904802
vt 0.808623 0.916773
vt 0.805631 0.928744
vt 0.808623 0.928744
vt 0.808623 0.940716
vt 0.805631 0.952687
vt 0.808623 0.809032
vt 0.808623 0.821003
vt 0.808623 0.844946
vt 0.805631 0.844946
vt 0.808623 0.868888
vt 0.811616 0.880859
vt 0.811616 0.892831
vt 0.811616 0.904802
vt 0.811616 0.916773
vt 0.811616 0.940716
vt 0.808623 0.952687
vt 0.811616 0.809032
vt 0.811616 0.821003
vt 0.808623 0.832974
vt 0.811616 0.832974
vt 0.811616 0.844946
vt 0.808623 0.856917
vt 0.811616 0.868888
vt 0.814609 0.880859
vt 0.814609 0.904802
vt 0.814609 0.916773
vt 0.811616 0.928744
vt 0.814609 0.940716
vt 0.811616 0.952687
vt 0.814609 0.809032
vt 0.814609 0.821003
vt 0.814609 0.844946
vt 0.811616 0.856917
vt 0.814609 0.856917
vt 0.814609 0.868888
vt 0.817602 0.880859
vt 0.814609 0.892831
vt 0.817602 0.892831
vt 0.817602 0.916773
vt 0.817602 0.928744
vt 0.814609 0.928744
vt 0.817602 0.952687
vt 0.814609 0.952687
vt 0.817602 0.809032
vt 0.817602 0.821003
vt 0.814609 0.832974
vt 0.817602 0.832974
vt 0.817602 0.844946
vt 0.817602 0.856917
vt 0.817602 0.868888
vt 0.820595 0.892831
vt 0.817602 0.904802
vt 0.820595 0.904802
vt 0.820595 0.916773
vt 0.820595 0.928744
vt 0.817602 0.940716
vt 0.820595 0.940716
vt 0.820595 0.809032
vt 0.820595 0.832974
vt 0.820595 0.844946
vt 0.820595 0.856917
vt 0.820595 0.868888
vt 0.823587 0.880859
vt 0.820595 0.880859
vt 0.823587 0.892831
vt 0.823587 0.904802
vt 0.823587 0.916773
vt 0.823587 0.928744
vt 0.823587 0.952687
vt 0.820595 0.952687
vt 0.823587 0.809032
vt 0.820595 0.821003
vt 0.823587 0.821003
vt 0.823587 0.844946
vt 0.823587 0.856917
vt 0.823587 0.868888
vt 0.826580 0.880859
vt 0.826580 0.892831
vt 0.826580 0.904802
vt 0.826580 0.916773
vt 0.826580 0.928744
vt 0.823587 0.940716
vt 0.826580 0.940716
vt 0.826580 0.809032
vt 0.826580 0.821003
vt 0.823587 0.832974
vt 0.826580 0.832974
vt 0.826580 0.856917
vt 0.826580 0.868888
vt 0.829573 0.880859
vt 0.829573 0.892831
vt 0.829573 0.916773
vt 0.829573 0.928744
vt 0.829573 0.940716
vt 0.826580 0.952687
vt 0.829573 0.809032
vt 0.829573 0.821003
vt 0.829573 0.832974
vt 0.826580 0.844946
vt 0.829573 0.844946
vt 0.829573 0.856917
vt 0.832566 0.892831
vt 0.829573 0.904802
vt 0.832566 0.904802
vt 0.832566 0.916773
vt 0.832566 0.928744
vt 0.832566 0.940716
vt 0.829573 0.952687
vt 0.832566 0.809032
vt 0.832566 0.821003
vt 0.832566 0.832974
vt 0.832566 0.844946
vt 0.832566 0.868888
vt 0.829573 0.868888
vt 0.832566 0.880859
vt 0.835559 0.892831
vt 0.835559 0.916773
vt 0.835559 0.928744
vt 0.835559 0.940716
vt 0.832566 0.952687
vt 0.835559 0.809032
vt 0.835559 0.821003
vt 0.835559 0.832974
vt 0.835559 0.844946
vt 0.832566 0.856917
vt 0.835559 0.868888
vt 0.835559 0.880859
vt 0.838552 0.892831
vt 0.835559 0.904802
vt 0.838552 0.916773
vt 0.838552 0.928744
vt 0.838552 0.940716
vt 0.835559 0.952687
vt 0.838552 0.809032
vt 0.838552 0.832974
vt 0.838552 0.844946
vt 0.835559 0.856917
vt 0.838552 0.856917
vt 0.838552 0.868888
vt 0.841544 0.880859
vt 0.838552 0.880859
vt 0.841544 0.892831
vt 0.838552 0.904802
vt 0.841544 0.904802
vt 0.841544 0.916773
vt 0.841544 0.928744
vt 0.841544 0.940716
vt 0.838552 0.952687
vt 0.841544 0.809032
vt 0.838552 0.821003
vt 0.841544 0.832974
vt 0.841544 0.844946
vt 0.841544 0.868888
vt 0.844537 0.880859
vt 0.844537 0.892831
vt 0.844537 0.916773
vt 0.844537 0.928744
vt 0.844537 0.940716
vt 0.841544 0.952687
vt 0.844537 0.809032
vt 0.841544 0.821003
vt 0.844537 0.821003
vt 0.844537 0.832974
vt 0.844537 0.844946
vt 0.841544 0.856917
vt 0.844537 0.856917
vt 0.844537 0.868888
vt 0.847530 0.880859
vt 0.847530 0.892831
vt 0.844537 0.904802
vt 0.847530 0.904802
vt 0.847530 0.916773
vt 0.847530 0.928744
vt 0.847530 0.940716
vt 0.844537 0.952687
vt 0.847530 0.809032
vt 0.847530 0.832974
vt 0.847530 0.844946
vt 0.847530 0.856917
vt 0.847530 0.868888
vt 0.850523 0.892831
vt 0.850523 0.904802
vt 0.850523 0.916773
vt 0.850523 0.928744
vt 0.850523 0.952687
vt 0.847530 0.952687
vt 0.850523 0.809032
vt 0.847530 0.821003
vt 0.850523 0.821003
vt 0.850523 0.844946
vt 0.850523 0.856917
vt 0.850523 0.868888
vt 0.850523 0.880859
vt 0.850523 0.940716
vt 0.850523 0.832974
vt 0.925343 0.880859
vt 0.925343 0.952687
vt 0.925343 0.821003
s 0
usemtl Material.001
f 46/66/34 35/67/34 34/68/34
f 35/67/35 48/69/35 36/70/35
f 48/69/36 37/71/36 36/70/36
f 49/72/37 38/73/37 37/71/37
f 50/74/38 39/75/38 38/73/38
f 39/75/39 52/76/39 40/77/39
f 52/78/40 41/79/40 40/80/40
f 53/81/41 42/82/41 41/79/41
f 54/83/42 43/84/42 42/82/42
f 55/85/43 44/86/43 43/84/43
f 56/87/44 45/88/44 44/86/44
f 57/89/45 34/68/45 45/88/45
f 58/90/46 47/91/46 46/66/46
f 59/92/47 48/69/47 47/91/47
f 60/93/48 49/72/48 48/69/48
f 61/94/49 50/74/49 49/72/49
f 50/74/50 63/95/50 51/96/50
f 63/95/51 52/76/51 51/96/51
f 64/97/52 53/81/52 52/78/52
f 65/98/53 54/83/53 53/81/53
f 54/83/54 67/99/54 55/85/54
f 55/85/55 68/100/55 56/87/55
f 56/87/56 69/101/56 57/89/56
f 69/101/57 46/66/57 57/89/57
f 58/90/58 71/102/58 59/92/58
f 71/102/59 60/93/59 59/92/59
f 72/103/60 61/94/60 60/93/60
f 61/94/61 74/104/61 62/105/61
f 62/105/62 75/106/62 63/95/62
f 63/95/63 76/107/63 64/108/63
f 76/109/64 65/98/64 64/97/64
f 77/110/65 66/111/65 65/98/65
f 66/111/66 79/112/66 67/99/66
f 67/99/67 80/113/67 68/100/67
f 68/100/68 81/114/68 69/101/68
f 81/114/69 58/90/69 69/101/69
f 70/115/70 83/116/70 71/102/70
f 71/102/71 84/117/71 72/103/71
f 72/103/72 85/118/72 73/119/72
f 85/118/73 74/104/73 73/119/73
f 74/104/74 87/120/74 75/106/74
f 87/120/75 76/107/75 75/106/75
f 88/121/76 77/110/76 76/109/76
f 89/122/77 78/123/77 77/110/77
f 78/123/78 91/124/78 79/112/78
f 91/124/79 80/113/79 79/112/79
f 92/125/80 81/114/80 80/113/80
f 93/126/81 70/115/81 81/114/81
f 94/127/82 83/116/82 82/128/82
f 83/116/83 96/129/83 84/117/83
f 96/129/84 85/118/84 84/117/84
f 97/130/85 86/131/85 85/118/85
f 86/131/86 99/132/86 87/120/86
f 99/132/87 88/133/87 87/120/87
f 100/134/88 89/122/88 88/121/88
f 101/135/89 90/136/89 89/122/89
f 102/137/90 91/124/90 90/136/90
f 103/138/91 92/125/91 91/124/91
f 104/139/92 93/126/92 92/125/92
f 93/126/93 94/127/93 82/128/93
f 106/140/94 95/141/94 94/127/94
f 107/142/95 96/129/95 95/141/95
f 108/143/96 97/130/96 96/129/96
f 109/144/97 98/145/97 97/130/97
f 110/146/98 99/132/98 98/145/98
f 111/147/99 100/148/99 99/132/99
f 100/134/100 113/149/100 101/135/100
f 113/149/101 102/137/101 101/135/101
f 114/150/102 103/138/102 102/137/102
f 115/151/103 104/139/103 103/138/103
f 104/139/104 117/152/104 105/153/104
f 117/152/105 94/127/105 105/153/105
f 118/154/106 107/142/106 106/140/106
f 107/142/107 120/155/107 108/143/107
f 120/155/108 109/144/108 108/143/108
f 121/156/109 110/146/109 109/144/109
f 110/146/110 123/157/110 111/147/110
f 123/157/111 112/158/111 111/147/111
f 124/159/112 113/149/112 112/160/112
f 125/161/113 114/150/113 113/149/113
f 114/150/114 127/162/114 115/151/114
f 115/151/115 128/163/115 116/164/115
f 128/163/116 117/152/116 116/164/116
f 129/165/117 106/140/117 117/152/117
f 130/166/118 119/167/118 118/154/118
f 119/167/119 132/168/119 120/155/119
f 120/155/120 133/169/120 121/156/120
f 133/169/121 122/170/121 121/156/121
f 122/170/122 135/171/122 123/157/122
f 135/171/123 124/172/123 123/157/123
f 136/173/124 125/161/124 124/159/124
f 137/174/125 126/175/125 125/161/125
f 138/176/126 127/162/126 126/175/126
f 139/177/127 128/163/127 127/162/127
f 140/178/128 129/165/128 128/163/128
f 141/179/129 118/154/129 129/165/129
f 130/166/130 143/180/130 131/181/130
f 143/180/131 132/168/131 131/181/131
f 144/182/132 133/169/132 132/168/132
f 145/183/133 134/184/133 133/169/133
f 146/185/134 135/171/134 134/184/134
f 147/186/135 136/187/135 135/171/135
f 148/188/136 137/174/136 136/173/136
f 149/189/137 138/176/137 137/174/137
f 138/176/138 151/190/138 139/177/138
f 139/177/139 152/191/139 140/178/139
f 152/191/140 141/179/140 140/178/140
f 153/192/141 130/166/141 141/179/141
f 154/193/142 143/180/142 142/194/142
f 155/195/143 144/182/143 143/180/143
f 156/196/144 145/183/144 144/182/144
f 157/197/145 146/185/145 145/183/145
f 146/185/146 159/198/146 147/186/146
f 159/198/147 148/199/147 147/186/147
f 160/200/148 149/189/148 148/188/148
f 161/201/149 150/202/149 149/189/149
f 162/203/150 151/190/150 150/202/150
f 163/204/151 152/191/151 151/190/151
f 164/205/152 153/192/152 152/191/152
f 165/206/153 142/194/153 153/192/153
f 166/207/154 155/195/154 154/193/154
f 167/208/155 156/196/155 155/195/155
f 156/196/156 169/209/156 157/197/156
f 169/209/157 158/210/157 157/197/157
f 170/211/158 159/198/158 158/210/158
f 171/212/159 160/213/159 159/198/159
f 160/200/160 173/214/160 161/201/160
f 173/214/161 162/203/161 161/201/161
f 162/203/162 175/215/162 163/204/162
f 175/215/163 164/205/163 163/204/163
f 176/216/164 165/206/164 164/205/164
f 177/217/165 154/193/165 165/206/165
f 178/218/166 167/208/166 166/207/166
f 179/219/167 168/220/167 167/208/167
f 180/221/168 169/209/168 168/220/168
f 169/209/169 182/222/169 170/211/169
f 170/211/170 183/223/170 171/212/170
f 183/223/171 172/224/171 171/212/171
f 184/225/172 173/214/172 172/226/172
f 185/227/173 174/228/173 173/214/173
f 186/229/174 175/215/174 174/228/174
f 187/230/175 176/216/175 175/215/175
f 188/231/176 177/217/176 176/216/176
f 177/217/177 178/218/177 166/207/177
f 190/232/178 179/219/178 178/218/178
f 191/233/179 180/221/179 179/219/179
f 192/234/180 181/235/180 180/221/180
f 193/236/181 182/222/181 181/235/181
f 194/237/182 183/223/182 182/222/182
f 195/238/183 184/239/183 183/223/183
f 184/225/184 197/240/184 185/227/184
f 197/240/185 186/229/185 185/227/185
f 186/229/186 199/241/186 187/230/186
f 187/230/187 200/242/187 188/231/187
f 188/231/188 201/243/188 189/244/188
f 189/244/189 190/232/189 178/218/189
f 202/245/190 191/233/190 190/232/190
f 191/233/191 204/246/191 192/234/191
f 192/234/192 205/247/192 193/236/192
f 205/247/193 194/237/193 193/236/193
f 206/248/194 195/238/194 194/237/194
f 207/249/195 196/250/195 195/238/195
f 208/251/196 197/240/196 196/252/196
f 209/253/197 198/254/197 197/240/197
f 210/255/198 199/241/198 198/254/198
f 211/256/199 200/242/199 199/241/199
f 212/257/200 201/243/200 200/242/200
f 213/258/201 190/232/201 201/243/201
f 214/259/202 203/260/202 202/245/202
f 215/261/203 204/246/203 203/260/203
f 216/262/204 205/247/204 204/246/204
f 205/247/205 218/263/205 206/248/205
f 218/263/206 207/249/206 206/248/206
f 219/264/207 208/265/207 207/249/207
f 220/266/208 209/253/208 208/251/208
f 221/267/209 210/255/209 209/253/209
f 210/255/210 223/268/210 211/256/210
f 223/268/211 212/257/211 211/256/211
f 212/257/212 225/269/212 213/258/212
f 225/269/213 202/245/213 213/258/213
f 226/270/214 215/261/214 214/259/214
f 215/261/215 228/271/215 216/262/215
f 228/271/216 217/272/216 216/262/216
f 229/273/217 218/263/217 217/272/217
f 230/274/218 219/264/218 218/263/218
f 231/275/219 220/276/219 219/264/219
f 232/277/220 221/267/220 220/266/220
f 233/278/221 222/279/221 221/267/221
f 234/280/222 223/268/222 222/279/222
f 235/281/223 224/282/223 223/268/223
f 236/283/224 225/269/224 224/282/224
f 237/284/225 214/259/225 225/269/225
f 238/285/226 227/286/226 226/270/226
f 239/287/227 228/271/227 227/286/227
f 240/288/228 229/273/228 228/271/228
f 241/289/229 230/274/229 229/273/229
f 242/290/230 231/275/230 230/274/230
f 231/275/231 244/291/231 232/292/231
f 244/293/232 233/278/232 232/277/232
f 233/278/233 246/294/233 234/280/233
f 234/280/234 247/295/234 235/281/234
f 235/281/235 248/296/235 236/283/235
f 236/283/236 249/297/236 237/284/236
f 249/297/237 226/270/237 237/284/237
f 250/298/238 239/287/238 238/285/238
f 251/299/239 240/288/239 239/287/239
f 240/288/240 253/300/240 241/289/240
f 253/300/241 242/290/241 241/289/241
f 254/301/242 243/302/242 242/290/242
f 255/303/243 244/291/243 243/302/243
f 256/304/244 245/305/244 244/293/244
f 245/305/245 258/306/245 246/294/245
f 258/306/246 247/295/246 246/294/246
f 259/307/247 248/296/247 247/295/247
f 260/308/248 249/297/248 248/296/248
f 261/309/249 238/285/249 249/297/249
f 262/310/250 251/299/250 250/298/250
f 263/311/251 252/312/251 251/299/251
f 264/313/252 253/300/252 252/312/252
f 253/300/253 266/314/253 254/301/253
f 266/314/254 255/303/254 254/301/254
f 267/315/255 256/316/255 255/303/255
f 268/317/256 257/318/256 256/304/256
f 257/318/257 270/319/257 258/306/257
f 270/319/258 259/307/258 258/306/258
f 271/320/259 260/308/259 259/307/259
f 260/308/260 273/321/260 261/309/260
f 273/321/261 250/298/261 261/309/261
f 262/310/262 275/322/262 263/311/262
f 275/322/263 264/313/263 263/311/263
f 264/313/264 277/323/264 265/324/264
f 277/323/265 266/314/265 265/324/265
f 278/325/266 267/315/266 266/314/266
f 279/326/267 268/327/267 267/315/267
f 280/328/268 269/329/268 268/317/268
f 281/330/269 270/319/269 269/329/269
f 270/319/270 283/331/270 271/320/270
f 283/331/271 272/332/271 271/320/271
f 284/333/272 273/321/272 272/332/272
f 285/334/273 262/310/273 273/321/273
f 286/335/274 275/322/274 274/336/274
f 287/337/275 276/338/275 275/322/275
f 288/339/276 277/323/276 276/338/276
f 277/323/277 290/340/277 278/325/277
f 290/340/278 279/326/278 278/325/278
f 291/341/279 280/342/279 279/326/279
f 280/328/280 293/343/280 281/330/280
f 293/343/281 282/344/281 281/330/281
f 294/345/282 283/331/282 282/344/282
f 295/346/283 284/333/283 283/331/283
f 284/333/284 297/347/284 285/334/284
f 297/347/285 274/336/285 285/334/285
f 286/335/286 299/348/286 287/337/286
f 299/348/287 288/339/287 287/337/287
f 300/349/288 289/350/288 288/339/288
f 289/350/289 302/351/289 290/340/289
f 302/351/290 291/341/290 290/340/290
f 303/352/291 292/353/291 291/341/291
f 304/354/292 293/343/292 292/355/292
f 305/356/293 294/345/293 293/343/293
f 306/357/294 295/346/294 294/345/294
f 295/346/295 308/358/295 296/359/295
f 308/358/296 297/347/296 296/359/296
f 309/360/297 286/335/297 297/347/297
f 310/361/298 299/348/298 298/362/298
f 311/363/299 300/349/299 299/348/299
f 312/364/300 301/365/300 300/349/300
f 313/366/301 302/351/301 301/365/301
f 314/367/302 303/352/302 302/351/302
f 315/368/303 304/369/303 303/352/303
f 316/370/304 305/356/304 304/354/304
f 305/356/305 318/371/305 306/357/305
f 306/357/306 319/372/306 307/373/306
f 307/373/307 320/374/307 308/358/307
f 308/358/308 321/375/308 309/360/308
f 309/360/309 310/361/309 298/362/309
f 310/361/310 323/376/310 311/363/310
f 323/376/311 312/364/311 311/363/311
f 324/377/312 313/366/312 312/364/312
f 325/378/313 314/367/313 313/366/313
f 326/379/314 315/368/314 314/367/314
f 327/380/315 316/381/315 315/368/315
f 328/382/316 317/383/316 316/370/316
f 317/383/317 330/384/317 318/371/317
f 330/384/318 319/372/318 318/371/318
f 331/385/319 320/374/319 319/372/319
f 332/386/320 321/375/320 320/374/320
f 333/387/321 310/361/321 321/375/321
f 334/388/39 323/389/39 322/390/39
f 335/391/38 324/392/38 323/389/38
f 336/393/37 325/394/37 324/392/37
f 337/395/36 326/396/36 325/394/36
f 338/397/35 327/398/35 326/396/35
f 339/399/34 328/400/34 327/398/34
f 328/401/45 341/402/45 329/403/45
f 341/402/44 330/404/44 329/403/44
f 330/404/43 343/405/43 331/406/43
f 331/406/42 344/407/42 332/408/42
f 332/408/41 345/409/41 333/410/41
f 333/410/40 334/388/40 322/390/40
f 334/388/51 347/411/51 335/391/51
f 335/391/50 348/412/50 336/393/50
f 336/393/49 349/413/49 337/395/49
f 337/395/48 350/414/48 338/397/48
f 338/397/47 351/415/47 339/399/47
f 351/415/46 340/416/46 339/399/46
f 352/417/57 341/402/57 340/418/57
f 353/419/56 342/420/56 341/402/56
f 354/421/55 343/405/55 342/420/55
f 355/422/54 344/407/54 343/405/54
f 356/423/53 345/409/53 344/407/53
f 345/409/52 346/424/52 334/388/52
f 358/425/63 347/411/63 346/424/63
f 359/426/62 348/412/62 347/411/62
f 348/412/61 361/427/61 349/413/61
f 361/427/60 350/414/60 349/413/60
f 362/428/59 351/415/59 350/414/59
f 363/429/58 352/430/58 351/415/58
f 364/431/69 353/419/69 352/417/69
f 353/419/68 366/432/68 354/421/68
f 366/432/67 355/422/67 354/421/67
f 367/433/66 356/423/66 355/422/66
f 356/423/65 369/434/65 357/435/65
f 357/435/64 358/425/64 346/424/64
f 370/436/75 359/426/75 358/425/75
f 371/437/74 360/438/74 359/426/74
f 372/439/73 361/427/73 360/438/73
f 373/440/72 362/428/72 361/427/72
f 374/441/71 363/429/71 362/428/71
f 363/429/70 376/442/70 364/443/70
f 376/444/81 365/445/81 364/431/81
f 377/446/80 366/432/80 365/445/80
f 378/447/79 367/433/79 366/432/79
f 367/433/78 380/448/78 368/449/78
f 368/449/77 381/450/77 369/434/77
f 381/450/76 358/425/76 369/434/76
f 382/451/87 371/437/87 370/436/87
f 383/452/86 372/439/86 371/437/86
f 384/453/85 373/440/85 372/439/85
f 373/440/84 386/454/84 374/441/84
f 386/454/83 375/455/83 374/441/83
f 387/456/82 376/442/82 375/455/82
f 388/457/93 377/446/93 376/444/93
f 377/446/92 390/458/92 378/447/92
f 390/458/91 379/459/91 378/447/91
f 391/460/90 380/448/90 379/459/90
f 380/448/89 393/461/89 381/450/89
f 393/461/88 370/436/88 381/450/88
f 394/462/99 383/452/99 382/451/99
f 383/452/98 396/463/98 384/453/98
f 396/463/97 385/464/97 384/453/97
f 397/465/96 386/454/96 385/464/96
f 398/466/95 387/456/95 386/454/95
f 399/467/94 388/468/94 387/456/94
f 400/469/105 389/470/105 388/457/105
f 401/471/104 390/458/104 389/470/104
f 390/458/103 403/472/103 391/460/103
f 403/472/102 392/473/102 391/460/102
f 404/474/101 393/461/101 392/473/101
f 405/475/100 382/451/100 393/461/100
f 394/462/111 407/476/111 395/477/111
f 395/477/110 408/478/110 396/463/110
f 408/478/109 397/465/109 396/463/109
f 397/465/108 410/479/108 398/466/108
f 410/479/107 399/467/107 398/466/107
f 411/480/106 400/481/106 399/467/106
f 412/482/117 401/471/117 400/469/117
f 413/483/116 402/484/116 401/471/116
f 414/485/115 403/472/115 402/484/115
f 415/486/114 404/474/114 403/472/114
f 416/487/113 405/475/113 404/474/113
f 417/488/112 394/462/112 405/475/112
f 406/489/123 419/490/123 407/476/123
f 419/490/122 408/478/122 407/476/122
f 420/491/121 409/492/121 408/478/121
f 421/493/120 410/479/120 409/492/120
f 410/479/119 423/494/119 411/480/119
f 423/494/118 412/495/118 411/480/118
f 424/496/129 413/483/129 412/482/129
f 425/497/128 414/485/128 413/483/128
f 426/498/127 415/486/127 414/485/127
f 415/486/126 428/499/126 416/487/126
f 416/487/125 429/500/125 417/488/125
f 429/500/124 406/489/124 417/488/124
f 430/501/135 419/490/135 418/502/135
f 431/503/134 420/491/134 419/490/134
f 432/504/133 421/493/133 420/491/133
f 433/505/132 422/506/132 421/493/132
f 434/507/131 423/494/131 422/506/131
f 435/508/130 424/509/130 423/494/130
f 436/510/141 425/497/141 424/496/141
f 437/511/140 426/498/140 425/497/140
f 426/498/139 439/512/139 427/513/139
f 439/512/138 428/499/138 427/513/138
f 428/499/137 441/514/137 429/500/137
f 441/514/136 418/502/136 429/500/136
f 442/515/322 431/503/322 430/501/322
f 443/516/146 432/504/146 431/503/146
f 444/517/145 433/505/145 432/504/145
f 445/518/144 434/507/144 433/505/144
f 434/507/143 447/519/143 435/508/143
f 447/519/142 436/520/142 435/508/142
f 448/521/323 437/511/323 436/510/323
f 449/522/152 438/523/152 437/511/152
f 450/524/151 439/512/151 438/523/151
f 451/525/150 440/526/150 439/512/150
f 440/526/149 453/527/149 441/514/149
f 453/527/148 430/501/148 441/514/148
f 454/528/159 443/516/159 442/515/159
f 443/516/158 456/529/158 444/517/158
f 456/529/157 445/518/157 444/517/157
f 457/530/156 446/531/156 445/518/156
f 446/531/155 459/532/155 447/519/155
f 459/532/154 448/533/154 447/519/154
f 460/534/165 449/522/165 448/521/165
f 461/535/164 450/524/164 449/522/164
f 450/524/163 463/536/163 451/525/163
f 463/536/162 452/537/162 451/525/162
f 464/538/161 453/527/161 452/537/161
f 465/539/160 442/515/160 453/527/160
f 466/540/171 455/541/171 454/528/171
f 467/542/170 456/529/170 455/541/170
f 456/529/169 469/543/169 457/530/169
f 457/530/168 470/544/168 458/545/168
f 470/544/167 459/532/167 458/545/167
f 459/532/166 472/546/166 460/547/166
f 472/548/177 461/535/177 460/534/177
f 473/549/176 462/550/176 461/535/176
f 474/551/175 463/536/175 462/550/175
f 475/552/174 464/538/174 463/536/174
f 476/553/173 465/539/173 464/538/173
f 477/554/172 454/528/172 465/539/172
f 466/540/183 479/555/183 467/542/183
f 479/555/182 468/556/182 467/542/182
f 480/557/181 469/543/181 468/556/181
f 481/558/180 470/544/180 469/543/180
f 482/559/179 471/560/179 470/544/179
f 483/561/178 472/546/178 471/560/178
f 484/562/189 473/549/189 472/548/189
f 473/549/188 486/563/188 474/551/188
f 474/551/187 487/564/187 475/552/187
f 487/564/186 476/553/186 475/552/186
f 488/565/185 477/554/185 476/553/185
f 489/566/184 466/540/184 477/554/184
f 490/567/195 479/555/195 478/568/195
f 491/569/194 480/557/194 479/555/194
f 492/570/193 481/558/193 480/557/193
f 493/571/192 482/559/192 481/558/192
f 494/572/191 483/561/191 482/559/191
f 483/561/190 496/573/190 484/574/190
f 496/575/201 485/576/201 484/562/201
f 497/577/200 486/563/200 485/576/200
f 486/563/199 499/578/199 487/564/199
f 487/564/198 500/579/198 488/565/198
f 500/579/197 489/566/197 488/565/197
f 501/580/196 478/568/196 489/566/196
f 502/581/207 491/569/207 490/567/207
f 503/582/206 492/570/206 491/569/206
f 504/583/205 493/571/205 492/570/205
f 505/584/204 494/572/204 493/571/204
f 506/585/203 495/586/203 494/572/203
f 507/587/202 496/573/202 495/586/202
f 508/588/213 497/577/213 496/575/213
f 509/589/212 498/590/212 497/577/212
f 510/591/211 499/578/211 498/590/211
f 499/578/210 512/592/210 500/579/210
f 500/579/209 513/593/209 501/580/209
f 513/593/324 490/567/324 501/580/324
f 514/594/219 503/582/219 502/581/219
f 515/595/218 504/583/218 503/582/218
f 504/583/217 517/596/217 505/584/217
f 505/584/216 518/597/216 506/585/216
f 518/597/215 507/587/215 506/585/215
f 519/598/214 508/599/214 507/587/214
f 520/600/225 509/589/225 508/588/225
f 521/601/224 510/591/224 509/589/224
f 522/602/223 511/603/223 510/591/223
f 523/604/222 512/592/222 511/603/222
f 524/605/221 513/593/221 512/592/221
f 513/593/220 514/594/220 502/581/220
f 514/594/231 527/606/231 515/595/231
f 527/606/230 516/607/230 515/595/230
f 528/608/229 517/596/229 516/607/229
f 529/609/228 518/597/228 517/596/228
f 530/610/227 519/598/227 518/597/227
f 531/611/226 520/612/226 519/598/226
f 532/613/237 521/601/237 520/600/237
f 533/614/236 522/602/236 521/601/236
f 534/615/235 523/604/235 522/602/235
f 535/616/234 524/605/234 523/604/234
f 524/605/233 537/617/233 525/618/233
f 537/617/232 514/594/232 525/618/232
f 526/619/243 539/620/243 527/606/243
f 539/620/242 528/608/242 527/606/242
f 528/608/241 541/621/241 529/609/241
f 529/609/240 542/622/240 530/610/240
f 530/610/239 543/623/239 531/611/239
f 543/623/238 532/624/238 531/611/238
f 544/625/249 533/614/249 532/613/249
f 545/626/248 534/615/248 533/614/248
f 546/627/247 535/616/247 534/615/247
f 547/628/246 536/629/246 535/616/246
f 536/629/245 549/630/245 537/617/245
f 549/630/244 526/619/244 537/617/244
f 538/631/255 551/632/255 539/620/255
f 551/632/254 540/633/254 539/620/254
f 540/633/253 553/634/253 541/621/253
f 553/634/252 542/622/252 541/621/252
f 554/635/251 543/623/251 542/622/251
f 555/636/250 544/637/250 543/623/250
f 556/638/261 545/626/261 544/625/261
f 545/626/260 558/639/260 546/627/260
f 546/627/259 559/640/259 547/628/259
f 559/640/258 548/641/258 547/628/258
f 560/642/257 549/630/257 548/641/257
f 561/643/256 538/631/256 549/630/256
f 562/644/267 551/632/267 550/645/267
f 563/646/266 552/647/266 551/632/266
f 564/648/265 553/634/265 552/647/265
f 565/649/264 554/635/264 553/634/264
f 566/650/263 555/636/263 554/635/263
f 567/651/262 556/652/262 555/636/262
f 568/653/273 557/654/273 556/638/273
f 557/654/272 570/655/272 558/639/272
f 570/655/271 559/640/271 558/639/271
f 571/656/270 560/642/270 559/640/270
f 560/642/269 573/657/269 561/643/269
f 573/657/268 550/645/268 561/643/268
f 574/658/279 563/646/279 562/644/279
f 575/659/278 564/648/278 563/646/278
f 564/648/277 577/660/277 565/649/277
f 577/660/276 566/650/276 565/649/276
f 578/661/275 567/651/275 566/650/275
f 579/662/274 568/663/274 567/651/274
f 580/664/285 569/665/285 568/653/285
f 581/666/284 570/655/284 569/665/284
f 582/667/283 571/656/283 570/655/283
f 583/668/282 572/669/282 571/656/282
f 584/670/281 573/657/281 572/669/281
f 585/671/280 562/644/280 573/657/280
f 586/672/291 575/659/291 574/658/291
f 587/673/290 576/674/290 575/659/290
f 588/675/289 577/660/289 576/674/289
f 589/676/288 578/661/288 577/660/288
f 590/677/287 579/662/287 578/661/287
f 591/678/286 580/679/286 579/662/286
f 592/680/297 581/666/297 580/664/297
f 581/666/296 594/681/296 582/667/296
f 594/681/295 583/668/295 582/667/295
f 595/682/294 584/670/294 583/668/294
f 596/683/293 585/671/293 584/670/293
f 597/684/292 574/658/292 585/671/292
f 586/672/303 599/685/303 587/673/303
f 587/673/302 600/686/302 588/675/302
f 588/675/301 601/687/301 589/676/301
f 601/687/300 590/677/300 589/676/300
f 602/688/299 591/678/299 590/677/299
f 591/678/298 604/689/298 592/690/298
f 604/691/309 593/692/309 592/680/309
f 605/693/308 594/681/308 593/692/308
f 594/681/307 607/694/307 595/682/307
f 607/694/306 596/683/306 595/682/306
f 608/695/305 597/684/305 596/683/305
f 609/696/304 586/672/304 597/684/304
f 34/68/315 599/685/315 598/697/315
f 35/67/314 600/686/314 599/685/314
f 36/70/313 601/687/313 600/686/313
f 37/71/312 602/688/312 601/687/312
f 38/73/311 603/698/311 602/688/311
f 39/75/310 604/689/310 603/698/310
f 604/691/321 41/79/321 605/693/321
f 41/79/320 606/699/320 605/693/320
f 42/82/319 607/694/319 606/699/319
f 43/84/318 608/695/318 607/694/318
f 608/695/317 45/88/317 609/696/317
f 609/696/316 34/68/316 598/697/316
f 46/66/34 47/91/34 35/67/34
f 35/67/35 47/91/35 48/69/35
f 48/69/36 49/72/36 37/71/36
f 49/72/37 50/74/37 38/73/37
f 50/74/38 51/96/38 39/75/38
f 39/75/39 51/96/39 52/76/39
f 52/78/40 53/81/40 41/79/40
f 53/81/41 54/83/41 42/82/41
f 54/83/42 55/85/42 43/84/42
f 55/85/43 56/87/43 44/86/43
f 56/87/44 57/89/44 45/88/44
f 57/89/45 46/66/45 34/68/45
f 58/90/46 59/92/46 47/91/46
f 59/92/47 60/93/47 48/69/47
f 60/93/48 61/94/48 49/72/48
f 61/94/49 62/105/49 50/74/49
f 50/74/50 62/105/50 63/95/50
f 63/95/51 64/108/51 52/76/51
f 64/97/52 65/98/52 53/81/52
f 65/98/53 66/111/53 54/83/53
f 54/83/54 66/111/54 67/99/54
f 55/85/55 67/99/55 68/100/55
f 56/87/56 68/100/56 69/101/56
f 69/101/57 58/90/57 46/66/57
f 58/90/58 70/115/58 71/102/58
f 71/102/59 72/103/59 60/93/59
f 72/103/60 73/119/60 61/94/60
f 61/94/61 73/119/61 74/104/61
f 62/105/62 74/104/62 75/106/62
f 63/95/63 75/106/63 76/107/63
f 76/109/64 77/110/64 65/98/64
f 77/110/65 78/123/65 66/111/65
f 66/111/66 78/123/66 79/112/66
f 67/99/67 79/112/67 80/113/67
f 68/100/68 80/113/68 81/114/68
f 81/114/69 70/115/69 58/90/69
f 70/115/70 82/128/70 83/116/70
f 71/102/71 83/116/71 84/117/71
f 72/103/72 84/117/72 85/118/72
f 85/118/73 86/131/73 74/104/73
f 74/104/74 86/131/74 87/120/74
f 87/120/75 88/133/75 76/107/75
f 88/121/76 89/122/76 77/110/76
f 89/122/77 90/136/77 78/123/77
f 78/123/78 90/136/78 91/124/78
f 91/124/79 92/125/79 80/113/79
f 92/125/80 93/126/80 81/114/80
f 93/126/81 82/128/81 70/115/81
f 94/127/82 95/141/82 83/116/82
f 83/116/83 95/141/83 96/129/83
f 96/129/84 97/130/84 85/118/84
f 97/130/85 98/145/85 86/131/85
f 86/131/86 98/145/86 99/132/86
f 99/132/87 100/148/87 88/133/87
f 100/134/88 101/135/88 89/122/88
f 101/135/89 102/137/89 90/136/89
f 102/137/90 103/138/90 91/124/90
f 103/138/91 104/139/91 92/125/91
f 104/139/92 105/153/92 93/126/92
f 93/126/93 105/153/93 94/127/93
f 106/140/94 107/142/94 95/141/94
f 107/142/95 108/143/95 96/129/95
f 108/143/96 109/144/96 97/130/96
f 109/144/97 110/146/97 98/145/97
f 110/146/98 111/147/98 99/132/98
f 111/147/99 112/158/99 100/148/99
f 100/134/100 112/160/100 113/149/100
f 113/149/101 114/150/101 102/137/101
f 114/150/102 115/151/102 103/138/102
f 115/151/103 116/164/103 104/139/103
f 104/139/104 116/164/104 117/152/104
f 117/152/105 106/140/105 94/127/105
f 118/154/106 119/167/106 107/142/106
f 107/142/107 119/167/107 120/155/107
f 120/155/108 121/156/108 109/144/108
f 121/156/109 122/170/109 110/146/109
f 110/146/110 122/170/110 123/157/110
f 123/157/111 124/172/111 112/158/111
f 124/159/112 125/161/112 113/149/112
f 125/161/113 126/175/113 114/150/113
f 114/150/114 126/175/114 127/162/114
f 115/151/115 127/162/115 128/163/115
f 128/163/116 129/165/116 117/152/116
f 129/165/117 118/154/117 106/140/117
f 130/166/118 131/181/118 119/167/118
f 119/167/119 131/181/119 132/168/119
f 120/155/120 132/168/120 133/169/120
f 133/169/121 134/184/121 122/170/121
f 122/170/122 134/184/122 135/171/122
f 135/171/123 136/187/123 124/172/123
f 136/173/124 137/174/124 125/161/124
f 137/174/125 138/176/125 126/175/125
f 138/176/126 139/177/126 127/162/126
f 139/177/127 140/178/127 128/163/127
f 140/178/128 141/179/128 129/165/128
f 141/179/129 130/166/129 118/154/129
f 130/166/130 142/194/130 143/180/130
f 143/180/131 144/182/131 132/168/131
f 144/182/132 145/183/132 133/169/132
f 145/183/133 146/185/133 134/184/133
f 146/185/134 147/186/134 135/171/134
f 147/186/135 148/199/135 136/187/135
f 148/188/136 149/189/136 137/174/136
f 149/189/137 150/202/137 138/176/137
f 138/176/138 150/202/138 151/190/138
f 139/177/139 151/190/139 152/191/139
f 152/191/140 153/192/140 141/179/140
f 153/192/141 142/194/141 130/166/141
f 154/193/142 155/195/142 143/180/142
f 155/195/143 156/196/143 144/182/143
f 156/196/144 157/197/144 145/183/144
f 157/197/145 158/210/145 146/185/145
f 146/185/146 158/210/146 159/198/146
f 159/198/322 160/213/322 148/199/322
f 160/200/148 161/201/148 149/189/148
f 161/201/149 162/203/149 150/202/149
f 162/203/150 163/204/150 151/190/150
f 163/204/151 164/205/151 152/191/151
f 164/205/152 165/206/152 153/192/152
f 165/206/323 154/193/323 142/194/323
f 166/207/154 167/208/154 155/195/154
f 167/208/155 168/220/155 156/196/155
f 156/196/156 168/220/156 169/209/156
f 169/209/157 170/211/157 158/210/157
f 170/211/158 171/212/158 159/198/158
f 171/212/159 172/224/159 160/213/159
f 160/200/160 172/226/160 173/214/160
f 173/214/161 174/228/161 162/203/161
f 162/203/162 174/228/162 175/215/162
f 175/215/163 176/216/163 164/205/163
f 176/216/164 177/217/164 165/206/164
f 177/217/165 166/207/165 154/193/165
f 178/218/166 179/219/166 167/208/166
f 179/219/167 180/221/167 168/220/167
f 180/221/168 181/235/168 169/209/168
f 169/209/169 181/235/169 182/222/169
f 170/211/170 182/222/170 183/223/170
f 183/223/171 184/239/171 172/224/171
f 184/225/172 185/227/172 173/214/172
f 185/227/173 186/229/173 174/228/173
f 186/229/174 187/230/174 175/215/174
f 187/230/175 188/231/175 176/216/175
f 188/231/176 189/244/176 177/217/176
f 177/217/177 189/244/177 178/218/177
f 190/232/178 191/233/178 179/219/178
f 191/233/179 192/234/179 180/221/179
f 192/234/180 193/236/180 181/235/180
f 193/236/181 194/237/181 182/222/181
f 194/237/182 195/238/182 183/223/182
f 195/238/183 196/250/183 184/239/183
f 184/225/184 196/252/184 197/240/184
f 197/240/185 198/254/185 186/229/185
f 186/229/186 198/254/186 199/241/186
f 187/230/187 199/241/187 200/242/187
f 188/231/188 200/242/188 201/243/188
f 189/244/189 201/243/189 190/232/189
f 202/245/190 203/260/190 191/233/190
f 191/233/191 203/260/191 204/246/191
f 192/234/192 204/246/192 205/247/192
f 205/247/193 206/248/193 194/237/193
f 206/248/194 207/249/194 195/238/194
f 207/249/195 208/265/195 196/250/195
f 208/251/196 209/253/196 197/240/196
f 209/253/197 210/255/197 198/254/197
f 210/255/198 211/256/198 199/241/198
f 211/256/199 212/257/199 200/242/199
f 212/257/200 213/258/200 201/243/200
f 213/258/201 202/245/201 190/232/201
f 214/259/325 215/261/325 203/260/325
f 215/261/203 216/262/203 204/246/203
f 216/262/204 217/272/204 205/247/204
f 205/247/205 217/272/205 218/263/205
f 218/263/206 219/264/206 207/249/206
f 219/264/207 220/276/207 208/265/207
f 220/266/324 221/267/324 209/253/324
f 221/267/209 222/279/209 210/255/209
f 210/255/210 222/279/210 223/268/210
f 223/268/211 224/282/211 212/257/211
f 212/257/212 224/282/212 225/269/212
f 225/269/213 214/259/213 202/245/213
f 226/270/214 227/286/214 215/261/214
f 215/261/215 227/286/215 228/271/215
f 228/271/216 229/273/216 217/272/216
f 229/273/217 230/274/217 218/263/217
f 230/274/218 231/275/218 219/264/218
f 231/275/219 232/292/219 220/276/219
f 232/277/220 233/278/220 221/267/220
f 233/278/221 234/280/221 222/279/221
f 234/280/222 235/281/222 223/268/222
f 235/281/223 236/283/223 224/282/223
f 236/283/224 237/284/224 225/269/224
f 237/284/225 226/270/225 214/259/225
f 238/285/226 239/287/226 227/286/226
f 239/287/227 240/288/227 228/271/227
f 240/288/228 241/289/228 229/273/228
f 241/289/229 242/290/229 230/274/229
f 242/290/230 243/302/230 231/275/230
f 231/275/231 243/302/231 244/291/231
f 244/293/232 245/305/232 233/278/232
f 233/278/233 245/305/233 246/294/233
f 234/280/234 246/294/234 247/295/234
f 235/281/235 247/295/235 248/296/235
f 236/283/236 248/296/236 249/297/236
f 249/297/237 238/285/237 226/270/237
f 250/298/238 251/299/238 239/287/238
f 251/299/239 252/312/239 240/288/239
f 240/288/240 252/312/240 253/300/240
f 253/300/241 254/301/241 242/290/241
f 254/301/242 255/303/242 243/302/242
f 255/303/243 256/316/243 244/291/243
f 256/304/244 257/318/244 245/305/244
f 245/305/245 257/318/245 258/306/245
f 258/306/246 259/307/246 247/295/246
f 259/307/247 260/308/247 248/296/247
f 260/308/248 261/309/248 249/297/248
f 261/309/249 250/298/249 238/285/249
f 262/310/250 263/311/250 251/299/250
f 263/311/251 264/313/251 252/312/251
f 264/313/252 265/324/252 253/300/252
f 253/300/253 265/324/253 266/314/253
f 266/314/254 267/315/254 255/303/254
f 267/315/255 268/327/255 256/316/255
f 268/317/256 269/329/256 257/318/256
f 257/318/257 269/329/257 270/319/257
f 270/319/258 271/320/258 259/307/258
f 271/320/259 272/332/259 260/308/259
f 260/308/260 272/332/260 273/321/260
f 273/321/261 262/310/261 250/298/261
f 262/310/262 274/336/262 275/322/262
f 275/322/263 276/338/263 264/313/263
f 264/313/264 276/338/264 277/323/264
f 277/323/265 278/325/265 266/314/265
f 278/325/266 279/326/266 267/315/266
f 279/326/267 280/342/267 268/327/267
f 280/328/268 281/330/268 269/329/268
f 281/330/269 282/344/269 270/319/269
f 270/319/270 282/344/270 283/331/270
f 283/331/271 284/333/271 272/332/271
f 284/333/272 285/334/272 273/321/272
f 285/334/273 274/336/273 262/310/273
f 286/335/274 287/337/274 275/322/274
f 287/337/275 288/339/275 276/338/275
f 288/339/276 289/350/276 277/323/276
f 277/323/277 289/350/277 290/340/277
f 290/340/278 291/341/278 279/326/278
f 291/341/279 292/353/279 280/342/279
f 280/328/280 292/355/280 293/343/280
f 293/343/281 294/345/281 282/344/281
f 294/345/282 295/346/282 283/331/282
f 295/346/283 296/359/283 284/333/283
f 284/333/284 296/359/284 297/347/284
f 297/347/285 286/335/285 274/336/285
f 286/335/286 298/362/286 299/348/286
f 299/348/287 300/349/287 288/339/287
f 300/349/288 301/365/288 289/350/288
f 289/350/289 301/365/289 302/351/289
f 302/351/290 303/352/290 291/341/290
f 303/352/291 304/369/291 292/353/291
f 304/354/292 305/356/292 293/343/292
f 305/356/293 306/357/293 294/345/293
f 306/357/294 307/373/294 295/346/294
f 295/346/295 307/373/295 308/358/295
f 308/358/296 309/360/296 297/347/296
f 309/360/297 298/362/297 286/335/297
f 310/361/298 311/363/298 299/348/298
f 311/363/299 312/364/299 300/349/299
f 312/364/300 313/366/300 301/365/300
f 313/366/301 314/367/301 302/351/301
f 314/367/302 315/368/302 303/352/302
f 315/368/303 316/381/303 304/369/303
f 316/370/304 317/383/304 305/356/304
f 305/356/305 317/383/305 318/371/305
f 306/357/306 318/371/306 319/372/306
f 307/373/307 319/372/307 320/374/307
f 308/358/308 320/374/308 321/375/308
f 309/360/309 321/375/309 310/361/309
f 310/361/310 322/700/310 323/376/310
f 323/376/311 324/377/311 312/364/311
f 324/377/312 325/378/312 313/366/312
f 325/378/313 326/379/313 314/367/313
f 326/379/314 327/380/314 315/368/314
f 327/380/315 328/701/315 316/381/315
f 328/382/316 329/702/316 317/383/316
f 317/383/317 329/702/317 330/384/317
f 330/384/318 331/385/318 319/372/318
f 331/385/319 332/386/319 320/374/319
f 332/386/320 333/387/320 321/375/320
f 333/387/321 322/700/321 310/361/321
f 334/388/39 335/391/39 323/389/39
f 335/391/38 336/393/38 324/392/38
f 336/393/37 337/395/37 325/394/37
f 337/395/36 338/397/36 326/396/36
f 338/397/35 339/399/35 327/398/35
f 339/399/34 340/416/34 328/400/34
f 328/401/45 340/418/45 341/402/45
f 341/402/44 342/420/44 330/404/44
f 330/404/43 342/420/43 343/405/43
f 331/406/42 343/405/42 344/407/42
f 332/408/41 344/407/41 345/409/41
f 333/410/40 345/409/40 334/388/40
f 334/388/51 346/424/51 347/411/51
f 335/391/50 347/411/50 348/412/50
f 336/393/49 348/412/49 349/413/49
f 337/395/48 349/413/48 350/414/48
f 338/397/47 350/414/47 351/415/47
f 351/415/46 352/430/46 340/416/46
f 352/417/57 353/419/57 341/402/57
f 353/419/56 354/421/56 342/420/56
f 354/421/55 355/422/55 343/405/55
f 355/422/54 356/423/54 344/407/54
f 356/423/53 357/435/53 345/409/53
f 345/409/52 357/435/52 346/424/52
f 358/425/63 359/426/63 347/411/63
f 359/426/62 360/438/62 348/412/62
f 348/412/61 360/438/61 361/427/61
f 361/427/60 362/428/60 350/414/60
f 362/428/59 363/429/59 351/415/59
f 363/429/58 364/443/58 352/430/58
f 364/431/69 365/445/69 353/419/69
f 353/419/68 365/445/68 366/432/68
f 366/432/67 367/433/67 355/422/67
f 367/433/66 368/449/66 356/423/66
f 356/423/65 368/449/65 369/434/65
f 357/435/64 369/434/64 358/425/64
f 370/436/75 371/437/75 359/426/75
f 371/437/74 372/439/74 360/438/74
f 372/439/73 373/440/73 361/427/73
f 373/440/72 374/441/72 362/428/72
f 374/441/71 375/455/71 363/429/71
f 363/429/70 375/455/70 376/442/70
f 376/444/81 377/446/81 365/445/81
f 377/446/80 378/447/80 366/432/80
f 378/447/79 379/459/79 367/433/79
f 367/433/78 379/459/78 380/448/78
f 368/449/77 380/448/77 381/450/77
f 381/450/76 370/436/76 358/425/76
f 382/451/87 383/452/87 371/437/87
f 383/452/86 384/453/86 372/439/86
f 384/453/85 385/464/85 373/440/85
f 373/440/84 385/464/84 386/454/84
f 386/454/83 387/456/83 375/455/83
f 387/456/82 388/468/82 376/442/82
f 388/457/93 389/470/93 377/446/93
f 377/446/92 389/470/92 390/458/92
f 390/458/91 391/460/91 379/459/91
f 391/460/90 392/473/90 380/448/90
f 380/448/89 392/473/89 393/461/89
f 393/461/88 382/451/88 370/436/88
f 394/462/99 395/477/99 383/452/99
f 383/452/98 395/477/98 396/463/98
f 396/463/97 397/465/97 385/464/97
f 397/465/96 398/466/96 386/454/96
f 398/466/95 399/467/95 387/456/95
f 399/467/94 400/481/94 388/468/94
f 400/469/105 401/471/105 389/470/105
f 401/471/104 402/484/104 390/458/104
f 390/458/103 402/484/103 403/472/103
f 403/472/102 404/474/102 392/473/102
f 404/474/101 405/475/101 393/461/101
f 405/475/100 394/462/100 382/451/100
f 394/462/111 406/489/111 407/476/111
f 395/477/110 407/476/110 408/478/110
f 408/478/109 409/492/109 397/465/109
f 397/465/108 409/492/108 410/479/108
f 410/479/107 411/480/107 399/467/107
f 411/480/106 412/495/106 400/481/106
f 412/482/117 413/483/117 401/471/117
f 413/483/116 414/485/116 402/484/116
f 414/485/115 415/486/115 403/472/115
f 415/486/114 416/487/114 404/474/114
f 416/487/113 417/488/113 405/475/113
f 417/488/112 406/489/112 394/462/112
f 406/489/123 418/502/123 419/490/123
f 419/490/122 420/491/122 408/478/122
f 420/491/121 421/493/121 409/492/121
f 421/493/120 422/506/120 410/479/120
f 410/479/119 422/506/119 423/494/119
f 423/494/118 424/509/118 412/495/118
f 424/496/129 425/497/129 413/483/129
f 425/497/128 426/498/128 414/485/128
f 426/498/127 427/513/127 415/486/127
f 415/486/126 427/513/126 428/499/126
f 416/487/125 428/499/125 429/500/125
f 429/500/124 418/502/124 406/489/124
f 430/501/135 431/503/135 419/490/135
f 431/503/134 432/504/134 420/491/134
f 432/504/133 433/505/133 421/493/133
f 433/505/132 434/507/132 422/506/132
f 434/507/131 435/508/131 423/494/131
f 435/508/130 436/520/130 424/509/130
f 436/510/141 437/511/141 425/497/141
f 437/511/140 438/523/140 426/498/140
f 426/498/139 438/523/139 439/512/139
f 439/512/138 440/526/138 428/499/138
f 428/499/137 440/526/137 441/514/137
f 441/514/136 430/501/136 418/502/136
f 442/515/147 443/516/147 431/503/147
f 443/516/146 444/517/146 432/504/146
f 444/517/145 445/518/145 433/505/145
f 445/518/144 446/531/144 434/507/144
f 434/507/143 446/531/143 447/519/143
f 447/519/142 448/533/142 436/520/142
f 448/521/323 449/522/323 437/511/323
f 449/522/152 450/524/152 438/523/152
f 450/524/151 451/525/151 439/512/151
f 451/525/150 452/537/150 440/526/150
f 440/526/149 452/537/149 453/527/149
f 453/527/148 442/515/148 430/501/148
f 454/528/159 455/541/159 443/516/159
f 443/516/158 455/541/158 456/529/158
f 456/529/157 457/530/157 445/518/157
f 457/530/156 458/545/156 446/531/156
f 446/531/155 458/545/155 459/532/155
f 459/532/154 460/547/154 448/533/154
f 460/534/165 461/535/165 449/522/165
f 461/535/164 462/550/164 450/524/164
f 450/524/163 462/550/163 463/536/163
f 463/536/162 464/538/162 452/537/162
f 464/538/161 465/539/161 453/527/161
f 465/539/160 454/528/160 442/515/160
f 466/540/171 467/542/171 455/541/171
f 467/542/170 468/556/170 456/529/170
f 456/529/169 468/556/169 469/543/169
f 457/530/168 469/543/168 470/544/168
f 470/544/167 471/560/167 459/532/167
f 459/532/166 471/560/166 472/546/166
f 472/548/177 473/549/177 461/535/177
f 473/549/176 474/551/176 462/550/176
f 474/551/175 475/552/175 463/536/175
f 475/552/174 476/553/174 464/538/174
f 476/553/173 477/554/173 465/539/173
f 477/554/172 466/540/172 454/528/172
f 466/540/183 478/568/183 479/555/183
f 479/555/182 480/557/182 468/556/182
f 480/557/181 481/558/181 469/543/181
f 481/558/180 482/559/180 470/544/180
f 482/559/179 483/561/179 471/560/179
f 483/561/178 484/574/178 472/546/178
f 484/562/189 485/576/189 473/549/189
f 473/549/188 485/576/188 486/563/188
f 474/551/187 486/563/187 487/564/187
f 487/564/186 488/565/186 476/553/186
f 488/565/185 489/566/185 477/554/185
f 489/566/184 478/568/184 466/540/184
f 490/567/195 491/569/195 479/555/195
f 491/569/194 492/570/194 480/557/194
f 492/570/193 493/571/193 481/558/193
f 493/571/192 494/572/192 482/559/192
f 494/572/191 495/586/191 483/561/191
f 483/561/190 495/586/190 496/573/190
f 496/575/201 497/577/201 485/576/201
f 497/577/200 498/590/200 486/563/200
f 486/563/199 498/590/199 499/578/199
f 487/564/198 499/578/198 500/579/198
f 500/579/197 501/580/197 489/566/197
f 501/580/196 490/567/196 478/568/196
f 502/581/207 503/582/207 491/569/207
f 503/582/206 504/583/206 492/570/206
f 504/583/205 505/584/205 493/571/205
f 505/584/204 506/585/204 494/572/204
f 506/585/203 507/587/203 495/586/203
f 507/587/202 508/599/202 496/573/202
f 508/588/213 509/589/213 497/577/213
f 509/589/212 510/591/212 498/590/212
f 510/591/211 511/603/211 499/578/211
f 499/578/210 511/603/210 512/592/210
f 500/579/209 512/592/209 513/593/209
f 513/593/208 502/581/208 490/567/208
f 514/594/219 515/595/219 503/582/219
f 515/595/218 516/607/218 504/583/218
f 504/583/217 516/607/217 517/596/217
f 505/584/216 517/596/216 518/597/216
f 518/597/215 519/598/215 507/587/215
f 519/598/214 520/612/214 508/599/214
f 520/600/225 521/601/225 509/589/225
f 521/601/224 522/602/224 510/591/224
f 522/602/223 523/604/223 511/603/223
f 523/604/222 524/605/222 512/592/222
f 524/605/221 525/618/221 513/593/221
f 513/593/220 525/618/220 514/594/220
f 514/594/231 526/619/231 527/606/231
f 527/606/230 528/608/230 516/607/230
f 528/608/229 529/609/229 517/596/229
f 529/609/228 530/610/228 518/597/228
f 530/610/227 531/611/227 519/598/227
f 531/611/226 532/624/226 520/612/226
f 532/613/237 533/614/237 521/601/237
f 533/614/236 534/615/236 522/602/236
f 534/615/235 535/616/235 523/604/235
f 535/616/234 536/629/234 524/605/234
f 524/605/233 536/629/233 537/617/233
f 537/617/232 526/619/232 514/594/232
f 526/619/243 538/631/243 539/620/243
f 539/620/242 540/633/242 528/608/242
f 528/608/241 540/633/241 541/621/241
f 529/609/240 541/621/240 542/622/240
f 530/610/239 542/622/239 543/623/239
f 543/623/238 544/637/238 532/624/238
f 544/625/249 545/626/249 533/614/249
f 545/626/248 546/627/248 534/615/248
f 546/627/247 547/628/247 535/616/247
f 547/628/246 548/641/246 536/629/246
f 536/629/245 548/641/245 549/630/245
f 549/630/244 538/631/244 526/619/244
f 538/631/255 550/645/255 551/632/255
f 551/632/254 552/647/254 540/633/254
f 540/633/253 552/647/253 553/634/253
f 553/634/252 554/635/252 542/622/252
f 554/635/251 555/636/251 543/623/251
f 555/636/250 556/652/250 544/637/250
f 556/638/261 557/654/261 545/626/261
f 545/626/260 557/654/260 558/639/260
f 546/627/259 558/639/259 559/640/259
f 559/640/258 560/642/258 548/641/258
f 560/642/257 561/643/257 549/630/257
f 561/643/256 550/645/256 538/631/256
f 562/644/267 563/646/267 551/632/267
f 563/646/266 564/648/266 552/647/266
f 564/648/265 565/649/265 553/634/265
f 565/649/264 566/650/264 554/635/264
f 566/650/263 567/651/263 555/636/263
f 567/651/262 568/663/262 556/652/262
f 568/653/273 569/665/273 557/654/273
f 557/654/272 569/665/272 570/655/272
f 570/655/271 571/656/271 559/640/271
f 571/656/270 572/669/270 560/642/270
f 560/642/269 572/669/269 573/657/269
f 573/657/268 562/644/268 550/645/268
f 574/658/279 575/659/279 563/646/279
f 575/659/278 576/674/278 564/648/278
f 564/648/277 576/674/277 577/660/277
f 577/660/276 578/661/276 566/650/276
f 578/661/275 579/662/275 567/651/275
f 579/662/274 580/679/274 568/663/274
f 580/664/285 581/666/285 569/665/285
f 581/666/284 582/667/284 570/655/284
f 582/667/283 583/668/283 571/656/283
f 583/668/282 584/670/282 572/669/282
f 584/670/281 585/671/281 573/657/281
f 585/671/280 574/658/280 562/644/280
f 586/672/291 587/673/291 575/659/291
f 587/673/290 588/675/290 576/674/290
f 588/675/289 589/676/289 577/660/289
f 589/676/288 590/677/288 578/661/288
f 590/677/287 591/678/287 579/662/287
f 591/678/286 592/690/286 580/679/286
f 592/680/297 593/692/297 581/666/297
f 581/666/296 593/692/296 594/681/296
f 594/681/295 595/682/295 583/668/295
f 595/682/294 596/683/294 584/670/294
f 596/683/293 597/684/293 585/671/293
f 597/684/292 586/672/292 574/658/292
f 586/672/303 598/697/303 599/685/303
f 587/673/302 599/685/302 600/686/302
f 588/675/301 600/686/301 601/687/301
f 601/687/300 602/688/300 590/677/300
f 602/688/299 603/698/299 591/678/299
f 591/678/298 603/698/298 604/689/298
f 604/691/309 605/693/309 593/692/309
f 605/693/308 606/699/308 594/681/308
f 594/681/307 606/699/307 607/694/307
f 607/694/306 608/695/306 596/683/306
f 608/695/305 609/696/305 597/684/305
f 609/696/304 598/697/304 586/672/304
f 34/68/315 35/67/315 599/685/315
f 35/67/314 36/70/314 600/686/314
f 36/70/313 37/71/313 601/687/313
f 37/71/312 38/73/312 602/688/312
f 38/73/311 39/75/311 603/698/311
f 39/75/310 40/77/310 604/689/310
f 604/691/321 40/80/321 41/79/321
f 41/79/320 42/82/320 606/699/320
f 42/82/319 43/84/319 607/694/319
f 43/84/318 44/86/318 608/695/318
f 608/695/317 44/86/317 45/88/317
f 609/696/316 45/88/316 34/68/316
o Torus.001
v 0.314472 0.433172 0.070527
v 0.314472 0.445806 0.072568
v 0.314472 0.459604 0.066182
v 0.314472 0.470870 0.053080
v 0.314472 0.476584 0.036772
v 0.314472 0.475215 0.021629
v 0.314472 0.467131 0.011708
v 0.314472 0.454497 0.009668
v 0.314472 0.440699 0.016054
v 0.314472 0.429433 0.029156
v 0.314472 0.423719 0.045463
v 0.314472 0.425088 0.060606
v 0.339269 0.433898 0.069269
v 0.338605 0.446513 0.071344
v 0.336790 0.460258 0.065049
v 0.334310 0.471451 0.052073
v 0.331830 0.477092 0.035892
v 0.330015 0.475671 0.020841
v 0.329350 0.467567 0.010954
v 0.330015 0.454952 0.008879
v 0.331830 0.441207 0.015173
v 0.334310 0.430014 0.028150
v 0.336790 0.424373 0.044331
v 0.338605 0.425794 0.059382
v 0.363642 0.436065 0.065517
v 0.362324 0.448621 0.067692
v 0.358725 0.462208 0.061672
v 0.353808 0.473184 0.049071
v 0.348891 0.478609 0.033265
v 0.345292 0.477029 0.018489
v 0.343974 0.468867 0.008702
v 0.345292 0.456310 0.006527
v 0.348891 0.442723 0.012546
v 0.353808 0.431747 0.025148
v 0.358725 0.426323 0.040954
v 0.362324 0.427903 0.055730
v 0.387173 0.439634 0.059334
v 0.385225 0.452095 0.061675
v 0.379903 0.465421 0.056108
v 0.372633 0.476040 0.044125
v 0.365363 0.481108 0.028937
v 0.360041 0.479266 0.014614
v 0.358093 0.471008 0.004992
v 0.360041 0.458548 0.002652
v 0.365363 0.445222 0.008219
v 0.372633 0.434603 0.020201
v 0.379903 0.429535 0.035389
v 0.385225 0.431377 0.049713
v 0.409461 0.444546 0.050827
v 0.406916 0.456875 0.053395
v 0.399962 0.469841 0.048451
v 0.390463 0.479969 0.037319
v 0.380964 0.484546 0.022982
v 0.374011 0.482345 0.009281
v 0.371465 0.473955 -0.000112
v 0.374011 0.461626 -0.002681
v 0.380964 0.448660 0.002263
v 0.390463 0.438532 0.013396
v 0.399962 0.433956 0.027733
v 0.406916 0.436157 0.041433
v 0.430123 0.450716 0.040140
v 0.427024 0.462880 0.042995
v 0.418558 0.475394 0.038834
v 0.406993 0.484905 0.028770
v 0.395428 0.488865 0.015502
v 0.386962 0.486212 0.002583
v 0.383863 0.477657 -0.006524
v 0.386962 0.465493 -0.009379
v 0.395428 0.452979 -0.005217
v 0.406993 0.443468 0.004847
v 0.418558 0.439508 0.018115
v 0.427024 0.442161 0.031034
v 0.448806 0.458038 0.027458
v 0.445207 0.470006 0.030653
v 0.435373 0.481984 0.027420
v 0.421940 0.490763 0.018624
v 0.408506 0.493990 0.006624
v 0.398672 0.490801 -0.005366
v 0.395073 0.482051 -0.014133
v 0.398672 0.470083 -0.017328
v 0.408506 0.458105 -0.014094
v 0.421940 0.449326 -0.005299
v 0.435373 0.446098 0.006701
v 0.445207 0.449287 0.018691
v 0.465191 0.466387 0.012997
v 0.461153 0.478131 0.016579
v 0.450119 0.489498 0.014404
v 0.435047 0.497442 0.007055
v 0.419976 0.499835 -0.003499
v 0.408942 0.496035 -0.014430
v 0.404904 0.487060 -0.022810
v 0.408942 0.475316 -0.026392
v 0.419976 0.463949 -0.024217
v 0.435047 0.456005 -0.016868
v 0.450119 0.453613 -0.006314
v 0.461153 0.457413 0.004617
v 0.478997 0.475621 -0.002996
v 0.474589 0.487117 0.001015
v 0.462545 0.497808 0.000011
v 0.446092 0.504829 -0.005739
v 0.429640 0.506298 -0.014694
v 0.417596 0.501822 -0.024455
v 0.413187 0.492600 -0.032406
v 0.417596 0.481104 -0.036417
v 0.429640 0.470413 -0.035413
v 0.446092 0.463392 -0.029663
v 0.462545 0.461923 -0.020708
v 0.474589 0.466399 -0.010947
v 0.489988 0.485581 -0.020247
v 0.485285 0.496810 -0.015774
v 0.472437 0.506772 -0.015515
v 0.454885 0.512797 -0.019540
v 0.437333 0.513270 -0.026770
v 0.424485 0.508065 -0.035268
v 0.419782 0.498576 -0.042756
v 0.424485 0.487346 -0.047229
v 0.437333 0.477385 -0.047488
v 0.454885 0.471360 -0.043464
v 0.472437 0.470887 -0.036234
v 0.485285 0.476092 -0.027736
v 0.497976 0.496096 -0.038461
v 0.493059 0.507044 -0.033500
v 0.479626 0.516236 -0.031908
v 0.461275 0.521209 -0.034111
v 0.442925 0.520631 -0.039520
v 0.429492 0.514656 -0.046684
v 0.424575 0.504886 -0.053685
v 0.429492 0.493938 -0.058646
v 0.442925 0.484746 -0.060238
v 0.461275 0.479773 -0.058035
v 0.479626 0.480351 -0.052626
v 0.493059 0.486326 -0.045462
v 0.502824 0.506988 -0.057326
v 0.497777 0.517644 -0.051860
v 0.483989 0.526039 -0.048886
v 0.465154 0.529923 -0.049203
v 0.446319 0.528255 -0.052725
v 0.432530 0.521483 -0.058508
v 0.427483 0.511421 -0.065004
v 0.432530 0.500765 -0.070470
v 0.446319 0.492370 -0.073444
v 0.465154 0.488486 -0.073127
v 0.483989 0.490154 -0.069605
v 0.497777 0.496926 -0.063822
v 0.504449 0.518070 -0.076520
v 0.499359 0.528429 -0.070539
v 0.485452 0.536012 -0.066161
v 0.466454 0.538788 -0.064558
v 0.447456 0.536012 -0.066161
v 0.433549 0.528429 -0.070539
v 0.428459 0.518070 -0.076520
v 0.433549 0.507710 -0.082501
v 0.447456 0.500127 -0.086879
v 0.466454 0.497351 -0.088482
v 0.485452 0.500127 -0.086879
v 0.499359 0.507710 -0.082501
v 0.502824 0.529151 -0.095713
v 0.497777 0.539213 -0.089218
v 0.483989 0.545985 -0.083435
v 0.465154 0.547653 -0.079913
v 0.446319 0.543769 -0.079596
v 0.432530 0.535374 -0.082569
v 0.427483 0.524718 -0.088036
v 0.432530 0.514656 -0.094531
v 0.446319 0.507884 -0.100314
v 0.465154 0.506216 -0.103836
v 0.483989 0.510100 -0.104153
v 0.497777 0.518495 -0.101180
v 0.497976 0.540043 -0.114578
v 0.493059 0.549813 -0.107578
v 0.479626 0.555788 -0.100413
v 0.461275 0.556366 -0.095005
v 0.442925 0.551393 -0.092801
v 0.429492 0.542201 -0.094394
v 0.424575 0.531253 -0.099355
v 0.429492 0.521483 -0.106356
v 0.442925 0.515508 -0.113520
v 0.461275 0.514930 -0.118928
v 0.479626 0.519903 -0.121132
v 0.493059 0.529095 -0.119539
v 0.489988 0.550558 -0.132792
v 0.485285 0.560047 -0.125303
v 0.472437 0.565252 -0.116806
v 0.454885 0.564779 -0.109576
v 0.437333 0.558754 -0.105551
v 0.424485 0.548793 -0.105810
v 0.419782 0.537563 -0.110283
v 0.424485 0.528074 -0.117772
v 0.437333 0.522869 -0.126270
v 0.454885 0.523342 -0.133500
v 0.472437 0.529367 -0.137524
v 0.485285 0.539329 -0.137265
v 0.478997 0.560518 -0.150043
v 0.474589 0.569740 -0.142092
v 0.462545 0.574216 -0.132332
v 0.446092 0.572747 -0.123377
v 0.429640 0.565726 -0.117627
v 0.417596 0.555035 -0.116623
v 0.413187 0.543539 -0.120634
v 0.417596 0.534317 -0.128585
v 0.429640 0.529841 -0.138345
v 0.446092 0.531310 -0.147300
v 0.462545 0.538331 -0.153050
v 0.474589 0.549022 -0.154054
v 0.465191 0.569752 -0.166036
v 0.461153 0.578726 -0.157657
v 0.450119 0.582526 -0.146725
v 0.435047 0.580134 -0.136171
v 0.419976 0.572190 -0.128822
v 0.408942 0.560823 -0.126647
v 0.404904 0.549079 -0.130230
v 0.408942 0.540105 -0.138609
v 0.419976 0.536304 -0.149541
v 0.435047 0.538697 -0.160095
v 0.450119 0.546641 -0.167444
v 0.461153 0.558008 -0.169619
v 0.448806 0.578101 -0.180498
v 0.445207 0.586852 -0.171731
v 0.435373 0.590041 -0.159741
v 0.421940 0.586813 -0.147740
v 0.408506 0.578034 -0.138945
v 0.398672 0.566056 -0.135712
v 0.395073 0.554088 -0.138906
v 0.398672 0.545338 -0.147673
v 0.408506 0.542149 -0.159663
v 0.421940 0.545376 -0.171664
v 0.435373 0.554155 -0.180459
v 0.445207 0.566133 -0.183692
v 0.430123 0.585423 -0.193180
v 0.427024 0.593978 -0.184073
v 0.418558 0.596631 -0.171155
v 0.406993 0.592671 -0.157886
v 0.395428 0.583160 -0.147823
v 0.386962 0.570646 -0.143661
v 0.383863 0.558482 -0.146516
v 0.386962 0.549927 -0.155623
v 0.395428 0.547274 -0.168541
v 0.406993 0.551234 -0.181810
v 0.418558 0.560745 -0.191873
v 0.427024 0.573259 -0.196035
v 0.409461 0.591593 -0.203866
v 0.406916 0.599982 -0.194473
v 0.399962 0.602183 -0.180772
v 0.390463 0.597607 -0.166435
v 0.380964 0.587479 -0.155303
v 0.374011 0.574513 -0.150359
v 0.371465 0.562184 -0.152928
v 0.374011 0.553794 -0.162321
v 0.380964 0.551593 -0.176021
v 0.390463 0.556170 -0.190359
v 0.399962 0.566298 -0.201491
v 0.406916 0.579264 -0.206435
v 0.387173 0.596505 -0.212373
v 0.385225 0.604762 -0.202752
v 0.379903 0.606604 -0.188429
v 0.372633 0.601536 -0.173241
v 0.365363 0.590917 -0.161258
v 0.360041 0.577591 -0.155691
v 0.358093 0.565131 -0.158032
v 0.360041 0.556873 -0.167653
v 0.365363 0.555031 -0.181977
v 0.372633 0.560099 -0.197164
v 0.379903 0.570718 -0.209147
v 0.385225 0.584044 -0.214714
v 0.363642 0.600074 -0.218556
v 0.362324 0.608236 -0.208769
v 0.358725 0.609816 -0.193993
v 0.353808 0.604392 -0.178187
v 0.348891 0.593416 -0.165586
v 0.345292 0.579829 -0.159567
v 0.343974 0.567272 -0.161742
v 0.345292 0.559110 -0.171528
v 0.348891 0.557530 -0.186304
v 0.353808 0.562955 -0.202111
v 0.358725 0.573931 -0.214712
v 0.362324 0.587518 -0.220731
v 0.339269 0.602241 -0.222309
v 0.338605 0.610345 -0.212421
v 0.336790 0.611766 -0.197370
v 0.334310 0.606125 -0.181189
v 0.331830 0.594932 -0.168213
v 0.330015 0.581187 -0.161919
v 0.329350 0.568572 -0.163993
v 0.330015 0.560468 -0.173880
v 0.331830 0.559047 -0.188931
v 0.334310 0.564688 -0.205113
v 0.336790 0.575881 -0.218089
v 0.338605 0.589626 -0.224383
v 0.314472 0.602967 -0.223567
v 0.314472 0.611051 -0.213646
v 0.314472 0.612420 -0.198503
v 0.314472 0.606706 -0.182195
v 0.314472 0.595441 -0.169093
v 0.314472 0.581642 -0.162707
v 0.314472 0.569008 -0.164748
v 0.314472 0.560924 -0.174669
v 0.314472 0.559555 -0.189812
v 0.314472 0.565269 -0.206119
v 0.314472 0.576535 -0.219221
v 0.314472 0.590333 -0.225607
v 0.289675 0.602241 -0.222309
v 0.290340 0.610345 -0.212421
v 0.292155 0.611766 -0.197370
v 0.294635 0.606125 -0.181189
v 0.297114 0.594932 -0.168213
v 0.298930 0.581187 -0.161919
v 0.299594 0.568572 -0.163993
v 0.298930 0.560468 -0.173880
v 0.297114 0.559047 -0.188931
v 0.294635 0.564688 -0.205113
v 0.292155 0.575881 -0.218089
v 0.290340 0.589626 -0.224383
v 0.265303 0.600074 -0.218556
v 0.266620 0.608236 -0.208769
v 0.270220 0.609816 -0.193993
v 0.275137 0.604392 -0.178187
v 0.280053 0.593416 -0.165586
v 0.283653 0.579829 -0.159567
v 0.284970 0.567272 -0.161742
v 0.283653 0.559110 -0.171528
v 0.280053 0.557530 -0.186304
v 0.275137 0.562955 -0.202111
v 0.270220 0.573931 -0.214712
v 0.266620 0.587518 -0.220731
v 0.241771 0.596505 -0.212373
v 0.243719 0.604762 -0.202752
v 0.249041 0.606604 -0.188429
v 0.256311 0.601536 -0.173241
v 0.263582 0.590917 -0.161258
v 0.268904 0.577591 -0.155691
v 0.270852 0.565131 -0.158032
v 0.268904 0.556873 -0.167653
v 0.263582 0.555031 -0.181977
v 0.256311 0.560099 -0.197164
v 0.249041 0.570718 -0.209147
v 0.243719 0.584044 -0.214714
v 0.219484 0.591593 -0.203866
v 0.222029 0.599982 -0.194473
v 0.228983 0.602183 -0.180772
v 0.238481 0.597607 -0.166435
v 0.247980 0.587479 -0.155303
v 0.254934 0.574513 -0.150359
v 0.257479 0.562184 -0.152928
v 0.254934 0.553794 -0.162321
v 0.247980 0.551593 -0.176021
v 0.238481 0.556170 -0.190359
v 0.228983 0.566298 -0.201491
v 0.222029 0.579264 -0.206435
v 0.198822 0.585423 -0.193180
v 0.201920 0.593978 -0.184073
v 0.210387 0.596631 -0.171155
v 0.221952 0.592671 -0.157886
v 0.233517 0.583160 -0.147823
v 0.241983 0.570646 -0.143661
v 0.245082 0.558482 -0.146516
v 0.241983 0.549927 -0.155623
v 0.233517 0.547274 -0.168541
v 0.221952 0.551234 -0.181810
v 0.210387 0.560745 -0.191873
v 0.201920 0.573259 -0.196035
v 0.180138 0.578101 -0.180498
v 0.183738 0.586852 -0.171731
v 0.193572 0.590041 -0.159741
v 0.207005 0.586813 -0.147740
v 0.220438 0.578034 -0.138945
v 0.230272 0.566056 -0.135712
v 0.233872 0.554088 -0.138906
v 0.230272 0.545338 -0.147673
v 0.220438 0.542149 -0.159663
v 0.207005 0.545376 -0.171664
v 0.193572 0.554155 -0.180459
v 0.183738 0.566133 -0.183692
v 0.163753 0.569752 -0.166036
v 0.167792 0.578726 -0.157657
v 0.178825 0.582526 -0.146725
v 0.193897 0.580134 -0.136171
v 0.208969 0.572190 -0.128822
v 0.220002 0.560823 -0.126647
v 0.224041 0.549079 -0.130230
v 0.220002 0.540105 -0.138609
v 0.208969 0.536304 -0.149541
v 0.193897 0.538697 -0.160095
v 0.178825 0.546641 -0.167444
v 0.167792 0.558008 -0.169619
v 0.149947 0.560518 -0.150043
v 0.154356 0.569740 -0.142092
v 0.166400 0.574216 -0.132332
v 0.182852 0.572747 -0.123377
v 0.199305 0.565726 -0.117627
v 0.211349 0.555035 -0.116623
v 0.215757 0.543539 -0.120634
v 0.211349 0.534317 -0.128585
v 0.199305 0.529841 -0.138345
v 0.182852 0.531310 -0.147300
v 0.166400 0.538331 -0.153050
v 0.154356 0.549022 -0.154054
v 0.138956 0.550558 -0.132792
v 0.143659 0.560047 -0.125303
v 0.156508 0.565252 -0.116806
v 0.174059 0.564779 -0.109576
v 0.191611 0.558754 -0.105551
v 0.204460 0.548793 -0.105810
v 0.209163 0.537563 -0.110283
v 0.204460 0.528074 -0.117772
v 0.191611 0.522869 -0.126270
v 0.174059 0.523342 -0.133500
v 0.156508 0.529367 -0.137524
v 0.143659 0.539329 -0.137265
v 0.130968 0.540043 -0.114578
v 0.135885 0.549813 -0.107578
v 0.149319 0.555788 -0.100413
v 0.167669 0.556367 -0.095005
v 0.186020 0.551393 -0.092802
v 0.199453 0.542201 -0.094394
v 0.204370 0.531253 -0.099355
v 0.199453 0.521483 -0.106356
v 0.186020 0.515508 -0.113520
v 0.167669 0.514930 -0.118928
v 0.149319 0.519903 -0.121132
v 0.135885 0.529095 -0.119539
v 0.126120 0.529151 -0.095713
v 0.131167 0.539213 -0.089218
v 0.144956 0.545985 -0.083435
v 0.163791 0.547653 -0.079913
v 0.182626 0.543769 -0.079596
v 0.196414 0.535375 -0.082569
v 0.201461 0.524718 -0.088036
v 0.196414 0.514656 -0.094531
v 0.182626 0.507884 -0.100314
v 0.163791 0.506216 -0.103836
v 0.144956 0.510100 -0.104153
v 0.131167 0.518495 -0.101180
v 0.124495 0.518070 -0.076520
v 0.129586 0.528429 -0.070539
v 0.143493 0.536012 -0.066161
v 0.162491 0.538788 -0.064558
v 0.181488 0.536012 -0.066161
v 0.195396 0.528429 -0.070539
v 0.200486 0.518070 -0.076520
v 0.195396 0.507710 -0.082501
v 0.181488 0.500127 -0.086879
v 0.162491 0.497351 -0.088482
v 0.143493 0.500127 -0.086879
v 0.129586 0.507710 -0.082501
v 0.126120 0.506988 -0.057326
v 0.131167 0.517644 -0.051860
v 0.144956 0.526039 -0.048886
v 0.163791 0.529923 -0.049203
v 0.182626 0.528255 -0.052725
v 0.196414 0.521483 -0.058508
v 0.201461 0.511421 -0.065004
v 0.196414 0.500765 -0.070470
v 0.182626 0.492370 -0.073444
v 0.163791 0.488486 -0.073127
v 0.144956 0.490154 -0.069605
v 0.131167 0.496926 -0.063822
v 0.130968 0.496096 -0.038461
v 0.135885 0.507044 -0.033500
v 0.149319 0.516236 -0.031908
v 0.167669 0.521210 -0.034111
v 0.186020 0.520631 -0.039520
v 0.199453 0.514656 -0.046684
v 0.204370 0.504886 -0.053685
v 0.199453 0.493938 -0.058646
v 0.186020 0.484746 -0.060238
v 0.167669 0.479773 -0.058035
v 0.149319 0.480351 -0.052626
v 0.135885 0.486326 -0.045462
v 0.138956 0.485581 -0.020247
v 0.143659 0.496810 -0.015774
v 0.156508 0.506772 -0.015515
v 0.174059 0.512797 -0.019540
v 0.191611 0.513270 -0.026770
v 0.204460 0.508065 -0.035268
v 0.209163 0.498576 -0.042756
v 0.204460 0.487346 -0.047229
v 0.191611 0.477385 -0.047488
v 0.174059 0.471360 -0.043464
v 0.156508 0.470887 -0.036234
v 0.143659 0.476092 -0.027736
v 0.149947 0.475621 -0.002996
v 0.154356 0.487117 0.001015
v 0.166400 0.497808 0.000011
v 0.182852 0.504829 -0.005739
v 0.199305 0.506298 -0.014694
v 0.211349 0.501822 -0.024455
v 0.215757 0.492600 -0.032406
v 0.211349 0.481104 -0.036417
v 0.199305 0.470413 -0.035413
v 0.182852 0.463392 -0.029663
v 0.166400 0.461923 -0.020708
v 0.154356 0.466399 -0.010947
v 0.163753 0.466387 0.012997
v 0.167792 0.478131 0.016579
v 0.178825 0.489498 0.014404
v 0.193897 0.497442 0.007055
v 0.208969 0.499835 -0.003499
v 0.220002 0.496035 -0.014430
v 0.224041 0.487060 -0.022810
v 0.220002 0.475316 -0.026392
v 0.208969 0.463949 -0.024217
v 0.193897 0.456005 -0.016868
v 0.178825 0.453613 -0.006314
v 0.167792 0.457413 0.004617
v 0.180138 0.458038 0.027458
v 0.183738 0.470006 0.030653
v 0.193571 0.481984 0.027420
v 0.207005 0.490763 0.018624
v 0.220438 0.493990 0.006624
v 0.230272 0.490801 -0.005366
v 0.233872 0.482051 -0.014133
v 0.230272 0.470083 -0.017328
v 0.220438 0.458105 -0.014095
v 0.207005 0.449326 -0.005299
v 0.193571 0.446098 0.006701
v 0.183738 0.449287 0.018691
v 0.198822 0.450716 0.040140
v 0.201920 0.462880 0.042995
v 0.210387 0.475394 0.038834
v 0.221952 0.484905 0.028770
v 0.233517 0.488865 0.015502
v 0.241983 0.486212 0.002583
v 0.245082 0.477657 -0.006524
v 0.241983 0.465493 -0.009379
v 0.233517 0.452979 -0.005217
v 0.221952 0.443468 0.004847
v 0.210387 0.439508 0.018115
v 0.201920 0.442161 0.031034
v 0.219484 0.444546 0.050827
v 0.222029 0.456875 0.053395
v 0.228983 0.469841 0.048451
v 0.238481 0.479969 0.037319
v 0.247980 0.484546 0.022982
v 0.254934 0.482345 0.009281
v 0.257479 0.473955 -0.000112
v 0.254934 0.461626 -0.002681
v 0.247980 0.448660 0.002263
v 0.238481 0.438532 0.013396
v 0.228983 0.433956 0.027733
v 0.222029 0.436157 0.041433
v 0.241771 0.439634 0.059334
v 0.243719 0.452095 0.061675
v 0.249041 0.465421 0.056108
v 0.256311 0.476040 0.044125
v 0.263581 0.481108 0.028937
v 0.268904 0.479266 0.014614
v 0.270852 0.471008 0.004992
v 0.268904 0.458548 0.002652
v 0.263581 0.445222 0.008219
v 0.256311 0.434603 0.020201
v 0.249041 0.429535 0.035389
v 0.243719 0.431377 0.049713
v 0.265303 0.436065 0.065517
v 0.266620 0.448621 0.067692
v 0.270220 0.462208 0.061672
v 0.275137 0.473184 0.049071
v 0.280053 0.478609 0.033265
v 0.283653 0.477029 0.018489
v 0.284970 0.468867 0.008702
v 0.283653 0.456310 0.006527
v 0.280053 0.442723 0.012546
v 0.275137 0.431747 0.025148
v 0.270220 0.426323 0.040954
v 0.266620 0.427903 0.055730
v 0.289675 0.433898 0.069269
v 0.290340 0.446513 0.071344
v 0.292155 0.460258 0.065049
v 0.294635 0.471451 0.052073
v 0.297114 0.477092 0.035892
v 0.298930 0.475671 0.020841
v 0.299594 0.467567 0.010954
v 0.298930 0.454952 0.008879
v 0.297114 0.441207 0.015173
v 0.294635 0.430014 0.028150
v 0.292155 0.424373 0.044331
v 0.290340 0.425794 0.059382
vn 0.0547 -0.1592 0.9857
vn 0.0337 0.4198 0.9070
vn 0.0109 0.7582 0.6519
vn -0.0109 0.9437 0.3307
vn -0.0337 0.9954 -0.0900
vn -0.0547 0.7741 -0.6308
vn -0.0547 0.1592 -0.9857
vn -0.0337 -0.4198 -0.9070
vn -0.0109 -0.7582 -0.6519
vn 0.0109 -0.9437 -0.3307
vn 0.0337 -0.9954 0.0900
vn 0.0547 -0.7741 0.6308
vn 0.1636 -0.1517 0.9748
vn 0.1007 0.4252 0.8995
vn 0.0324 0.7599 0.6493
vn -0.0324 0.9422 0.3335
vn -0.1007 0.9916 -0.0815
vn -0.1636 0.7684 -0.6188
vn -0.1636 0.1517 -0.9748
vn -0.1007 -0.4252 -0.8995
vn -0.0324 -0.7599 -0.6493
vn 0.0324 -0.9422 -0.3335
vn 0.1007 -0.9916 0.0815
vn 0.1636 -0.7684 0.6188
vn 0.2711 -0.1366 0.9528
vn 0.1663 0.4359 0.8845
vn 0.0534 0.7632 0.6439
vn -0.0534 0.9393 0.3390
vn -0.1663 0.9840 -0.0647
vn -0.2711 0.7569 -0.5947
vn -0.2711 0.1366 -0.9528
vn -0.1663 -0.4359 -0.8845
vn -0.0534 -0.7632 -0.6439
vn 0.0534 -0.9393 -0.3390
vn 0.1663 -0.9840 0.0647
vn 0.2711 -0.7569 0.5947
vn 0.3761 -0.1139 0.9195
vn 0.2295 0.4518 0.8621
vn 0.0735 0.7681 0.6361
vn -0.0735 0.9349 0.3472
vn -0.2295 0.9725 -0.0398
vn -0.3761 0.7394 -0.5584
vn -0.3761 0.1139 -0.9195
vn -0.2295 -0.4518 -0.8621
vn -0.0735 -0.7681 -0.6361
vn 0.0735 -0.9349 -0.3472
vn 0.2295 -0.9725 0.0398
vn 0.3761 -0.7394 0.5584
vn 0.4774 -0.0837 0.8747
vn 0.2894 0.4726 0.8324
vn 0.0924 0.7745 0.6258
vn -0.0924 0.9292 0.3578
vn -0.2894 0.9572 -0.0069
vn -0.4774 0.7157 -0.5098
vn -0.4774 0.0837 -0.8747
vn -0.2894 -0.4726 -0.8324
vn -0.0924 -0.7745 -0.6258
vn 0.0924 -0.9292 -0.3578
vn 0.2894 -0.9572 0.0069
vn 0.4774 -0.7157 0.5098
vn 0.5733 -0.0460 0.8181
vn 0.3449 0.4980 0.7956
vn 0.1097 0.7822 0.6132
vn -0.1097 0.9222 0.3708
vn -0.3449 0.9380 0.0334
vn -0.5733 0.6855 -0.4488
vn -0.5733 0.0460 -0.8181
vn -0.3449 -0.4980 -0.7956
vn -0.1097 -0.7822 -0.6132
vn 0.1097 -0.9222 -0.3708
vn 0.3449 -0.9380 -0.0334
vn 0.5733 -0.6855 0.4488
vn 0.6620 -0.0010 0.7495
vn 0.3951 0.5274 0.7522
vn 0.1251 0.7912 0.5986
vn -0.1251 0.9140 0.3859
vn -0.3951 0.9151 0.0807
vn -0.6620 0.6486 -0.3756
vn -0.6620 0.0010 -0.7495
vn -0.3951 -0.5274 -0.7522
vn -0.1251 -0.7912 -0.5986
vn 0.1251 -0.9140 -0.3859
vn 0.3951 -0.9151 -0.0807
vn 0.6620 -0.6486 0.3756
vn 0.7413 0.0508 0.6692
vn 0.4389 0.5604 0.7024
vn 0.1385 0.8012 0.5821
vn -0.1385 0.9047 0.4028
vn -0.4389 0.8885 0.1341
vn -0.7413 0.6050 -0.2907
vn -0.7413 -0.0508 -0.6692
vn -0.4389 -0.5604 -0.7024
vn -0.1385 -0.8012 -0.5821
vn 0.1385 -0.9047 -0.4028
vn 0.4389 -0.8885 -0.1341
vn 0.7413 -0.6050 0.2907
vn 0.8088 0.1085 0.5780
vn 0.4753 0.5962 0.6470
vn 0.1494 0.8121 0.5641
vn -0.1494 0.8945 0.4213
vn -0.4753 0.8584 0.1928
vn -0.8088 0.5548 -0.1950
vn -0.8088 -0.1085 -0.5780
vn -0.4753 -0.5962 -0.6470
vn -0.1494 -0.8121 -0.5641
vn 0.1494 -0.8945 -0.4213
vn 0.4753 -0.8584 -0.1928
vn 0.8088 -0.5548 0.1950
vn 0.8621 0.1711 0.4769
vn 0.5035 0.6341 0.5869
vn 0.1578 0.8236 0.5447
vn -0.1578 0.8836 0.4409
vn -0.5035 0.8253 0.2557
vn -0.8621 0.4986 -0.0903
vn -0.8621 -0.1711 -0.4769
vn -0.5035 -0.6341 -0.5869
vn -0.1578 -0.8236 -0.5447
vn 0.1578 -0.8836 -0.4409
vn 0.5035 -0.8253 -0.2557
vn 0.8621 -0.4985 0.0903
vn 0.8991 0.2371 0.3679
vn 0.5227 0.6732 0.5230
vn 0.1635 0.8356 0.5244
vn -0.1635 0.8720 0.4614
vn -0.5227 0.7896 0.3215
vn -0.8991 0.4372 0.0213
vn -0.8991 -0.2371 -0.3679
vn -0.5227 -0.6732 -0.5230
vn -0.1635 -0.8356 -0.5244
vn 0.1635 -0.8720 -0.4614
vn 0.5227 -0.7896 -0.3215
vn 0.8991 -0.4372 -0.0213
vn 0.9181 0.3047 0.2536
vn 0.5324 0.7128 0.4566
vn 0.1663 0.8478 0.5036
vn -0.1663 0.8600 0.4824
vn -0.5324 0.7518 0.3890
vn -0.9181 0.3720 0.1370
vn -0.9181 -0.3047 -0.2536
vn -0.5324 -0.7128 -0.4566
vn -0.1663 -0.8478 -0.5036
vn 0.1663 -0.8600 -0.4824
vn 0.5324 -0.7518 -0.3890
vn 0.9181 -0.3720 -0.1370
vn 0.9181 0.3720 0.1370
vn 0.5324 0.7518 0.3890
vn 0.1663 0.8600 0.4824
vn -0.1663 0.8478 0.5036
vn -0.5324 0.7128 0.4566
vn -0.9181 0.3047 0.2536
vn -0.9181 -0.3720 -0.1370
vn -0.5324 -0.7518 -0.3890
vn -0.1663 -0.8600 -0.4824
vn 0.1663 -0.8478 -0.5036
vn 0.5324 -0.7128 -0.4566
vn 0.9181 -0.3047 -0.2536
vn 0.8991 0.4372 0.0213
vn 0.5227 0.7896 0.3215
vn 0.1635 0.8720 0.4614
vn -0.1635 0.8356 0.5244
vn -0.5227 0.6732 0.5230
vn -0.8991 0.2371 0.3679
vn -0.8991 -0.4372 -0.0213
vn -0.5227 -0.7896 -0.3215
vn -0.1635 -0.8720 -0.4614
vn 0.1635 -0.8356 -0.5244
vn 0.5227 -0.6732 -0.5230
vn 0.8991 -0.2371 -0.3679
vn 0.8621 0.4985 -0.0903
vn 0.5035 0.8253 0.2557
vn 0.1578 0.8836 0.4409
vn -0.1578 0.8236 0.5447
vn -0.5035 0.6341 0.5869
vn -0.8621 0.1711 0.4769
vn -0.8621 -0.4985 0.0903
vn -0.5035 -0.8253 -0.2557
vn -0.1578 -0.8836 -0.4409
vn 0.1578 -0.8236 -0.5447
vn 0.5035 -0.6341 -0.5869
vn 0.8621 -0.1711 -0.4769
vn 0.8088 0.5548 -0.1950
vn 0.4753 0.8584 0.1928
vn 0.1494 0.8945 0.4213
vn -0.1494 0.8121 0.5641
vn -0.4753 0.5962 0.6470
vn -0.8088 0.1085 0.5780
vn -0.8088 -0.5548 0.1950
vn -0.4753 -0.8584 -0.1928
vn -0.1494 -0.8945 -0.4213
vn 0.1494 -0.8121 -0.5641
vn 0.4753 -0.5962 -0.6470
vn 0.8088 -0.1085 -0.5780
vn 0.7413 0.6050 -0.2907
vn 0.4389 0.8885 0.1341
vn 0.1385 0.9047 0.4028
vn -0.1385 0.8012 0.5821
vn -0.4389 0.5604 0.7024
vn -0.7413 0.0508 0.6692
vn -0.7413 -0.6050 0.2907
vn -0.4389 -0.8885 -0.1341
vn -0.1385 -0.9047 -0.4028
vn 0.1385 -0.8012 -0.5821
vn 0.4389 -0.5604 -0.7024
vn 0.7413 -0.0508 -0.6692
vn 0.6620 0.6486 -0.3756
vn 0.3951 0.9151 0.0807
vn 0.1251 0.9140 0.3859
vn -0.1251 0.7912 0.5986
vn -0.3951 0.5274 0.7522
vn -0.6620 -0.0010 0.7495
vn -0.6620 -0.6486 0.3756
vn -0.3951 -0.9151 -0.0807
vn -0.1251 -0.9140 -0.3859
vn 0.1251 -0.7912 -0.5986
vn 0.3951 -0.5274 -0.7522
vn 0.6620 0.0010 -0.7495
vn 0.5733 0.6855 -0.4488
vn 0.3449 0.9380 0.0334
vn 0.1097 0.9222 0.3708
vn -0.1097 0.7822 0.6132
vn -0.3449 0.4980 0.7956
vn -0.5733 -0.0460 0.8181
vn -0.5733 -0.6855 0.4488
vn -0.3449 -0.9380 -0.0334
vn -0.1097 -0.9222 -0.3708
vn 0.1097 -0.7822 -0.6132
vn 0.3449 -0.4980 -0.7956
vn 0.5733 0.0460 -0.8181
vn 0.4774 0.7157 -0.5098
vn 0.2894 0.9572 -0.0069
vn 0.0924 0.9292 0.3578
vn -0.0924 0.7745 0.6258
vn -0.2894 0.4726 0.8324
vn -0.4774 -0.0837 0.8747
vn -0.4774 -0.7157 0.5098
vn -0.2894 -0.9572 0.0069
vn -0.0924 -0.9292 -0.3578
vn 0.0924 -0.7745 -0.6258
vn 0.2894 -0.4726 -0.8324
vn 0.4774 0.0837 -0.8747
vn 0.3761 0.7394 -0.5584
vn 0.2295 0.9725 -0.0398
vn 0.0735 0.9349 0.3472
vn -0.0735 0.7681 0.6361
vn -0.2295 0.4518 0.8621
vn -0.3761 -0.1139 0.9195
vn -0.3761 -0.7394 0.5584
vn -0.2295 -0.9725 0.0398
vn -0.0735 -0.9349 -0.3472
vn 0.0735 -0.7681 -0.6361
vn 0.2295 -0.4518 -0.8621
vn 0.3761 0.1139 -0.9195
vn 0.2711 0.7569 -0.5947
vn 0.1663 0.9840 -0.0647
vn 0.0534 0.9393 0.3390
vn -0.0534 0.7632 0.6439
vn -0.1663 0.4359 0.8845
vn -0.2711 -0.1366 0.9528
vn -0.2711 -0.7569 0.5947
vn -0.1663 -0.9840 0.0647
vn -0.0534 -0.9393 -0.3390
vn 0.0534 -0.7632 -0.6439
vn 0.1663 -0.4359 -0.8845
vn 0.2711 0.1366 -0.9528
vn 0.1636 0.7684 -0.6188
vn 0.1007 0.9916 -0.0815
vn 0.0324 0.9422 0.3335
vn -0.0324 0.7599 0.6493
vn -0.1007 0.4252 0.8995
vn -0.1636 -0.1517 0.9748
vn -0.1636 -0.7684 0.6188
vn -0.1007 -0.9916 0.0815
vn -0.0324 -0.9422 -0.3335
vn 0.0324 -0.7599 -0.6493
vn 0.1007 -0.4252 -0.8995
vn 0.1636 0.1517 -0.9748
vn 0.0547 0.7741 -0.6308
vn 0.0337 0.9954 -0.0900
vn 0.0109 0.9437 0.3307
vn -0.0109 0.7582 0.6519
vn -0.0337 0.4198 0.9070
vn -0.0547 -0.1592 0.9857
vn -0.0547 -0.7741 0.6308
vn -0.0337 -0.9954 0.0900
vn -0.0109 -0.9437 -0.3307
vn 0.0109 -0.7582 -0.6519
vn 0.0337 -0.4198 -0.9070
vn 0.0547 0.1592 -0.9857
vn -0.8621 0.4985 -0.0903
vn 0.8621 -0.4986 0.0903
vn -0.8621 -0.4986 0.0903
vn 0.8621 0.4986 -0.0903
vt 0.906737 0.263672
vt 0.904297 0.273434
vt 0.904297 0.263672
vt 0.906737 0.283196
vt 0.904297 0.283196
vt 0.904297 0.292958
vt 0.906737 0.292958
vt 0.904297 0.302720
vt 0.906737 0.302720
vt 0.904297 0.312482
vt 0.906737 0.322244
vt 0.904297 0.322244
vt 0.906737 0.205099
vt 0.904297 0.214862
vt 0.904297 0.205099
vt 0.906737 0.214862
vt 0.904297 0.224624
vt 0.906737 0.224624
vt 0.904297 0.234386
vt 0.906737 0.234386
vt 0.904297 0.244148
vt 0.906737 0.244148
vt 0.904297 0.253910
vt 0.906737 0.253910
vt 0.909178 0.263672
vt 0.906737 0.273434
vt 0.909178 0.273434
vt 0.909178 0.283196
vt 0.909178 0.292958
vt 0.909178 0.312482
vt 0.906737 0.312482
vt 0.909178 0.205099
vt 0.909178 0.214862
vt 0.909178 0.234386
vt 0.909178 0.244148
vt 0.909178 0.253910
vt 0.911618 0.273434
vt 0.911618 0.283196
vt 0.911618 0.302720
vt 0.909178 0.302720
vt 0.911618 0.312482
vt 0.911618 0.322244
vt 0.909178 0.322244
vt 0.911618 0.205099
vt 0.911618 0.214862
vt 0.909178 0.224624
vt 0.911618 0.234386
vt 0.911618 0.244148
vt 0.911618 0.253910
vt 0.911618 0.263672
vt 0.914059 0.273434
vt 0.914059 0.283196
vt 0.914059 0.292958
vt 0.911618 0.292958
vt 0.914059 0.312482
vt 0.914059 0.205099
vt 0.914059 0.214862
vt 0.911618 0.224624
vt 0.914059 0.234386
vt 0.914059 0.244148
vt 0.914059 0.253910
vt 0.916499 0.263672
vt 0.914059 0.263672
vt 0.916499 0.283196
vt 0.916499 0.292958
vt 0.914059 0.302720
vt 0.916499 0.312482
vt 0.914059 0.322244
vt 0.916499 0.205099
vt 0.916499 0.214862
vt 0.914059 0.224624
vt 0.916499 0.224624
vt 0.916499 0.234386
vt 0.916499 0.244148
vt 0.918940 0.263672
vt 0.916499 0.273434
vt 0.918940 0.273434
vt 0.918940 0.283196
vt 0.918940 0.292958
vt 0.916499 0.302720
vt 0.918940 0.302720
vt 0.918940 0.312482
vt 0.916499 0.322244
vt 0.918940 0.214862
vt 0.918940 0.224624
vt 0.918940 0.234386
vt 0.918940 0.253910
vt 0.916499 0.253910
vt 0.921380 0.263672
vt 0.921380 0.283196
vt 0.921380 0.292958
vt 0.921380 0.312482
vt 0.918940 0.322244
vt 0.921380 0.205099
vt 0.918940 0.205099
vt 0.921380 0.214862
vt 0.921380 0.234386
vt 0.921380 0.244148
vt 0.918940 0.244148
vt 0.921380 0.253910
vt 0.923821 0.263672
vt 0.921380 0.273434
vt 0.923821 0.283196
vt 0.923821 0.292958
vt 0.921380 0.302720
vt 0.923821 0.312482
vt 0.921380 0.322244
vt 0.923821 0.205099
vt 0.923821 0.214862
vt 0.921380 0.224624
vt 0.923821 0.224624
vt 0.923821 0.234386
vt 0.923821 0.244148
vt 0.923821 0.253910
vt 0.926261 0.273434
vt 0.923821 0.273434
vt 0.926261 0.283196
vt 0.926261 0.292958
vt 0.923821 0.302720
vt 0.926261 0.302720
vt 0.926261 0.312482
vt 0.923821 0.322244
vt 0.926261 0.205099
vt 0.926261 0.214862
vt 0.926261 0.234386
vt 0.926261 0.244148
vt 0.926261 0.253910
vt 0.928702 0.263672
vt 0.926261 0.263672
vt 0.928702 0.273434
vt 0.928702 0.283196
vt 0.928702 0.292958
vt 0.928702 0.312482
vt 0.926261 0.322244
vt 0.928702 0.205099
vt 0.928702 0.214862
vt 0.926261 0.224624
vt 0.928702 0.224624
vt 0.928702 0.234386
vt 0.928702 0.244148
vt 0.928702 0.253910
vt 0.931142 0.263672
vt 0.931142 0.273434
vt 0.931142 0.292958
vt 0.928702 0.302720
vt 0.931142 0.302720
vt 0.931142 0.312482
vt 0.928702 0.322244
vt 0.931142 0.214862
vt 0.931142 0.234386
vt 0.931142 0.244148
vt 0.931142 0.253910
vt 0.933583 0.263672
vt 0.933583 0.273434
vt 0.931142 0.283196
vt 0.933583 0.283196
vt 0.933583 0.302720
vt 0.933583 0.312482
vt 0.931142 0.322244
vt 0.933583 0.205099
vt 0.931142 0.205099
vt 0.933583 0.214862
vt 0.931142 0.224624
vt 0.933583 0.224624
vt 0.933583 0.234386
vt 0.933583 0.244148
vt 0.936023 0.263672
vt 0.936023 0.273434
vt 0.936023 0.283196
vt 0.933583 0.292958
vt 0.936023 0.292958
vt 0.936023 0.302720
vt 0.936023 0.312482
vt 0.933583 0.322244
vt 0.936023 0.214862
vt 0.936023 0.234386
vt 0.936023 0.244148
vt 0.936023 0.253910
vt 0.933583 0.253910
vt 0.938464 0.263672
vt 0.938464 0.283196
vt 0.938464 0.292958
vt 0.938464 0.302720
vt 0.938464 0.312482
vt 0.936023 0.322244
vt 0.938464 0.205099
vt 0.936023 0.205099
vt 0.938464 0.214862
vt 0.936023 0.224624
vt 0.938464 0.224624
vt 0.938464 0.234386
vt 0.938464 0.244148
vt 0.938464 0.253910
vt 0.940904 0.263672
vt 0.938464 0.273434
vt 0.940904 0.273434
vt 0.940904 0.283196
vt 0.940904 0.302720
vt 0.940904 0.312482
vt 0.938464 0.322244
vt 0.940904 0.205099
vt 0.940904 0.214862
vt 0.940904 0.234386
vt 0.940904 0.253910
vt 0.943345 0.263672
vt 0.943345 0.283196
vt 0.940904 0.292958
vt 0.943345 0.292958
vt 0.943345 0.302720
vt 0.943345 0.312482
vt 0.940904 0.322244
vt 0.943345 0.205099
vt 0.943345 0.214862
vt 0.940904 0.224624
vt 0.943345 0.224624
vt 0.943345 0.234386
vt 0.940904 0.244148
vt 0.943345 0.244148
vt 0.943345 0.253910
vt 0.945786 0.263672
vt 0.943345 0.273434
vt 0.945786 0.273434
vt 0.945786 0.283196
vt 0.945786 0.292958
vt 0.945786 0.302720
vt 0.945786 0.322244
vt 0.943345 0.322244
vt 0.945786 0.205099
vt 0.945786 0.224624
vt 0.945786 0.234386
vt 0.945786 0.244148
vt 0.945786 0.253910
vt 0.948226 0.263672
vt 0.948226 0.273434
vt 0.948226 0.292958
vt 0.948226 0.302720
vt 0.945786 0.312482
vt 0.948226 0.312482
vt 0.948226 0.205099
vt 0.945786 0.214862
vt 0.948226 0.224624
vt 0.948226 0.234386
vt 0.948226 0.244148
vt 0.948226 0.253910
vt 0.950667 0.263672
vt 0.950667 0.273434
vt 0.948226 0.283196
vt 0.950667 0.283196
vt 0.950667 0.302720
vt 0.950667 0.312482
vt 0.948226 0.322244
vt 0.950667 0.205099
vt 0.948226 0.214862
vt 0.950667 0.224624
vt 0.950667 0.234386
vt 0.950667 0.253910
vt 0.953107 0.273434
vt 0.953107 0.292958
vt 0.950667 0.292958
vt 0.953107 0.302720
vt 0.953107 0.312482
vt 0.950667 0.322244
vt 0.953107 0.205099
vt 0.950667 0.214862
vt 0.953107 0.214862
vt 0.953107 0.234386
vt 0.950667 0.244148
vt 0.953107 0.244148
vt 0.953107 0.253910
vt 0.955548 0.263672
vt 0.953107 0.263672
vt 0.955548 0.273434
vt 0.953107 0.283196
vt 0.955548 0.283196
vt 0.955548 0.302720
vt 0.955548 0.312482
vt 0.953107 0.322244
vt 0.955548 0.214862
vt 0.953107 0.224624
vt 0.955548 0.224624
vt 0.955548 0.234386
vt 0.955548 0.253910
vt 0.957988 0.273434
vt 0.957988 0.283196
vt 0.955548 0.292958
vt 0.957988 0.302720
vt 0.957988 0.312482
vt 0.955548 0.322244
vt 0.957988 0.205099
vt 0.955548 0.205099
vt 0.957988 0.214862
vt 0.957988 0.224624
vt 0.957988 0.244148
vt 0.955548 0.244148
vt 0.957988 0.253910
vt 0.960429 0.263672
vt 0.957988 0.263672
vt 0.960429 0.273434
vt 0.960429 0.283196
vt 0.957988 0.292958
vt 0.960429 0.292958
vt 0.960429 0.302720
vt 0.960429 0.312482
vt 0.957988 0.322244
vt 0.960429 0.205099
vt 0.960429 0.224624
vt 0.960429 0.234386
vt 0.957988 0.234386
vt 0.960429 0.244148
vt 0.960429 0.253910
vt 0.962869 0.273434
vt 0.962869 0.283196
vt 0.962869 0.292958
vt 0.962869 0.302720
vt 0.962869 0.312482
vt 0.960429 0.322244
vt 0.962869 0.205099
vt 0.960429 0.214862
vt 0.962869 0.224624
vt 0.962869 0.234386
vt 0.962869 0.244148
vt 0.962869 0.253910
vt 0.848165 0.263672
vt 0.845724 0.273434
vt 0.845724 0.263672
vt 0.848165 0.273434
vt 0.845724 0.283196
vt 0.848165 0.283196
vt 0.845724 0.292958
vt 0.848165 0.292958
vt 0.845724 0.302720
vt 0.848165 0.302720
vt 0.845724 0.312482
vt 0.848165 0.312482
vt 0.845724 0.322244
vt 0.845724 0.205099
vt 0.848165 0.214862
vt 0.845724 0.214862
vt 0.845724 0.224624
vt 0.848165 0.234386
vt 0.845724 0.234386
vt 0.848165 0.244148
vt 0.845724 0.244148
vt 0.848165 0.253910
vt 0.845724 0.253910
vt 0.850605 0.273434
vt 0.850605 0.283196
vt 0.850605 0.292958
vt 0.850605 0.302720
vt 0.850605 0.312482
vt 0.848165 0.322244
vt 0.850605 0.205099
vt 0.848165 0.205099
vt 0.850605 0.214862
vt 0.848165 0.224624
vt 0.850605 0.224624
vt 0.850605 0.234386
vt 0.850605 0.244148
vt 0.850605 0.263672
vt 0.853046 0.263672
vt 0.853046 0.273434
vt 0.853046 0.292958
vt 0.853046 0.302720
vt 0.853046 0.312482
vt 0.850605 0.322244
vt 0.853046 0.205099
vt 0.853046 0.224624
vt 0.853046 0.234386
vt 0.853046 0.253910
vt 0.850605 0.253910
vt 0.855486 0.263672
vt 0.855486 0.273434
vt 0.853046 0.283196
vt 0.855486 0.283196
vt 0.855486 0.292958
vt 0.855486 0.302720
vt 0.855486 0.322244
vt 0.853046 0.322244
vt 0.855486 0.205099
vt 0.853046 0.214862
vt 0.855486 0.214862
vt 0.855486 0.224624
vt 0.855486 0.244148
vt 0.853046 0.244148
vt 0.855486 0.253910
vt 0.857927 0.263672
vt 0.857927 0.273434
vt 0.857927 0.283196
vt 0.857927 0.302720
vt 0.855486 0.312482
vt 0.857927 0.312482
vt 0.857927 0.205099
vt 0.857927 0.224624
vt 0.855486 0.234386
vt 0.857927 0.234386
vt 0.857927 0.253910
vt 0.860367 0.263672
vt 0.860367 0.283196
vt 0.857927 0.292958
vt 0.860367 0.292958
vt 0.860367 0.302720
vt 0.860367 0.312482
vt 0.857927 0.322244
vt 0.860367 0.205099
vt 0.857927 0.214862
vt 0.860367 0.214862
vt 0.860367 0.234386
vt 0.857927 0.244148
vt 0.860367 0.244148
vt 0.860367 0.253910
vt 0.862808 0.273434
vt 0.860367 0.273434
vt 0.862808 0.283196
vt 0.862808 0.302720
vt 0.862808 0.312482
vt 0.860367 0.322244
vt 0.862808 0.205099
vt 0.862808 0.214862
vt 0.860367 0.224624
vt 0.862808 0.224624
vt 0.862808 0.234386
vt 0.862808 0.244148
vt 0.862808 0.253910
vt 0.862808 0.263672
vt 0.865249 0.273434
vt 0.865249 0.283196
vt 0.862808 0.292958
vt 0.865249 0.292958
vt 0.865249 0.312482
vt 0.862808 0.322244
vt 0.865249 0.205099
vt 0.865249 0.214862
vt 0.865249 0.224624
vt 0.865249 0.244148
vt 0.865249 0.253910
vt 0.867689 0.263672
vt 0.865249 0.263672
vt 0.867689 0.273434
vt 0.867689 0.283196
vt 0.867689 0.292958
vt 0.865249 0.302720
vt 0.867689 0.302720
vt 0.867689 0.312482
vt 0.865249 0.322244
vt 0.867689 0.205099
vt 0.867689 0.214862
vt 0.867689 0.234386
vt 0.865249 0.234386
vt 0.867689 0.253910
vt 0.870130 0.263672
vt 0.870130 0.273434
vt 0.870130 0.283196
vt 0.870130 0.292958
vt 0.870130 0.312482
vt 0.867689 0.322244
vt 0.870130 0.205099
vt 0.870130 0.214862
vt 0.867689 0.224624
vt 0.870130 0.224624
vt 0.870130 0.234386
vt 0.867689 0.244148
vt 0.870130 0.253910
vt 0.872570 0.263672
vt 0.872570 0.283196
vt 0.872570 0.292958
vt 0.870130 0.302720
vt 0.872570 0.312482
vt 0.870130 0.322244
vt 0.872570 0.205099
vt 0.872570 0.214862
vt 0.872570 0.234386
vt 0.870130 0.244148
vt 0.872570 0.244148
vt 0.872570 0.253910
vt 0.875011 0.263672
vt 0.872570 0.273434
vt 0.875011 0.273434
vt 0.875011 0.292958
vt 0.875011 0.302720
vt 0.872570 0.302720
vt 0.875011 0.322244
vt 0.872570 0.322244
vt 0.875011 0.205099
vt 0.875011 0.214862
vt 0.872570 0.224624
vt 0.875011 0.224624
vt 0.875011 0.234386
vt 0.875011 0.244148
vt 0.875011 0.253910
vt 0.877451 0.273434
vt 0.875011 0.283196
vt 0.877451 0.283196
vt 0.877451 0.292958
vt 0.877451 0.302720
vt 0.875011 0.312482
vt 0.877451 0.312482
vt 0.877451 0.205099
vt 0.877451 0.224624
vt 0.877451 0.234386
vt 0.877451 0.244148
vt 0.877451 0.253910
vt 0.879892 0.263672
vt 0.877451 0.263672
vt 0.879892 0.273434
vt 0.879892 0.283196
vt 0.879892 0.292958
vt 0.879892 0.302720
vt 0.879892 0.322244
vt 0.877451 0.322244
vt 0.879892 0.205099
vt 0.877451 0.214862
vt 0.879892 0.214862
vt 0.879892 0.234386
vt 0.879892 0.244148
vt 0.879892 0.253910
vt 0.882332 0.263672
vt 0.882332 0.273434
vt 0.882332 0.283196
vt 0.882332 0.292958
vt 0.882332 0.302720
vt 0.879892 0.312482
vt 0.882332 0.312482
vt 0.882332 0.205099
vt 0.882332 0.214862
vt 0.879892 0.224624
vt 0.882332 0.224624
vt 0.882332 0.244148
vt 0.882332 0.253910
vt 0.884773 0.263672
vt 0.884773 0.273434
vt 0.884773 0.292958
vt 0.884773 0.302720
vt 0.884773 0.312482
vt 0.882332 0.322244
vt 0.884773 0.205099
vt 0.884773 0.214862
vt 0.884773 0.224624
vt 0.882332 0.234386
vt 0.884773 0.234386
vt 0.884773 0.244148
vt 0.887213 0.273434
vt 0.884773 0.283196
vt 0.887213 0.283196
vt 0.887213 0.292958
vt 0.887213 0.302720
vt 0.887213 0.312482
vt 0.884773 0.322244
vt 0.887213 0.205099
vt 0.887213 0.214862
vt 0.887213 0.224624
vt 0.887213 0.234386
vt 0.887213 0.253910
vt 0.884773 0.253910
vt 0.887213 0.263672
vt 0.889654 0.273434
vt 0.889654 0.292958
vt 0.889654 0.302720
vt 0.889654 0.312482
vt 0.887213 0.322244
vt 0.889654 0.205099
vt 0.889654 0.214862
vt 0.889654 0.224624
vt 0.889654 0.234386
vt 0.887213 0.244148
vt 0.889654 0.253910
vt 0.889654 0.263672
vt 0.892094 0.273434
vt 0.889654 0.283196
vt 0.892094 0.292958
vt 0.892094 0.302720
vt 0.892094 0.312482
vt 0.889654 0.322244
vt 0.892094 0.205099
vt 0.892094 0.224624
vt 0.892094 0.234386
vt 0.889654 0.244148
vt 0.892094 0.244148
vt 0.892094 0.253910
vt 0.894535 0.263672
vt 0.892094 0.263672
vt 0.894535 0.273434
vt 0.892094 0.283196
vt 0.894535 0.283196
vt 0.894535 0.292958
vt 0.894535 0.302720
vt 0.894535 0.312482
vt 0.892094 0.322244
vt 0.894535 0.205099
vt 0.892094 0.214862
vt 0.894535 0.224624
vt 0.894535 0.234386
vt 0.894535 0.253910
vt 0.896975 0.263672
vt 0.896975 0.273434
vt 0.896975 0.292958
vt 0.896975 0.302720
vt 0.896975 0.312482
vt 0.894535 0.322244
vt 0.896975 0.205099
vt 0.894535 0.214862
vt 0.896975 0.214862
vt 0.896975 0.224624
vt 0.896975 0.234386
vt 0.894535 0.244148
vt 0.896975 0.244148
vt 0.896975 0.253910
vt 0.899416 0.263672
vt 0.899416 0.273434
vt 0.896975 0.283196
vt 0.899416 0.283196
vt 0.899416 0.292958
vt 0.899416 0.302720
vt 0.899416 0.312482
vt 0.896975 0.322244
vt 0.899416 0.205099
vt 0.899416 0.224624
vt 0.899416 0.234386
vt 0.899416 0.244148
vt 0.899416 0.253910
vt 0.901856 0.273434
vt 0.901856 0.283196
vt 0.901856 0.292958
vt 0.901856 0.302720
vt 0.901856 0.322244
vt 0.899416 0.322244
vt 0.901856 0.205099
vt 0.899416 0.214862
vt 0.901856 0.214862
vt 0.901856 0.234386
vt 0.901856 0.244148
vt 0.901856 0.253910
vt 0.901856 0.263672
vt 0.901856 0.312482
vt 0.901856 0.224624
vt 0.962869 0.263672
vt 0.962869 0.322244
vt 0.962869 0.214862
s 0
usemtl Material.001
f 622/703/326 611/704/326 610/705/326
f 611/704/327 624/706/327 612/707/327
f 624/706/328 613/708/328 612/707/328
f 625/709/329 614/710/329 613/708/329
f 626/711/330 615/712/330 614/710/330
f 615/712/331 628/713/331 616/714/331
f 628/715/332 617/716/332 616/717/332
f 629/718/333 618/719/333 617/716/333
f 630/720/334 619/721/334 618/719/334
f 631/722/335 620/723/335 619/721/335
f 632/724/336 621/725/336 620/723/336
f 633/726/337 610/705/337 621/725/337
f 634/727/338 623/728/338 622/703/338
f 635/729/339 624/706/339 623/728/339
f 636/730/340 625/709/340 624/706/340
f 637/731/341 626/711/341 625/709/341
f 626/711/342 639/732/342 627/733/342
f 639/732/343 628/713/343 627/733/343
f 640/734/344 629/718/344 628/715/344
f 641/735/345 630/720/345 629/718/345
f 630/720/346 643/736/346 631/722/346
f 631/722/347 644/737/347 632/724/347
f 632/724/348 645/738/348 633/726/348
f 645/738/349 622/703/349 633/726/349
f 634/727/350 647/739/350 635/729/350
f 647/739/351 636/730/351 635/729/351
f 648/740/352 637/731/352 636/730/352
f 637/731/353 650/741/353 638/742/353
f 638/742/354 651/743/354 639/732/354
f 639/732/355 652/744/355 640/745/355
f 652/746/356 641/735/356 640/734/356
f 653/747/357 642/748/357 641/735/357
f 642/748/358 655/749/358 643/736/358
f 643/736/359 656/750/359 644/737/359
f 644/737/360 657/751/360 645/738/360
f 657/751/361 634/727/361 645/738/361
f 646/752/362 659/753/362 647/739/362
f 647/739/363 660/754/363 648/740/363
f 648/740/364 661/755/364 649/756/364
f 661/755/365 650/741/365 649/756/365
f 650/741/366 663/757/366 651/743/366
f 663/757/367 652/744/367 651/743/367
f 664/758/368 653/747/368 652/746/368
f 665/759/369 654/760/369 653/747/369
f 654/760/370 667/761/370 655/749/370
f 667/761/371 656/750/371 655/749/371
f 668/762/372 657/751/372 656/750/372
f 669/763/373 646/752/373 657/751/373
f 670/764/374 659/753/374 658/765/374
f 659/753/375 672/766/375 660/754/375
f 672/766/376 661/755/376 660/754/376
f 673/767/377 662/768/377 661/755/377
f 662/768/378 675/769/378 663/757/378
f 675/769/379 664/770/379 663/757/379
f 676/771/380 665/759/380 664/758/380
f 677/772/381 666/773/381 665/759/381
f 678/774/382 667/761/382 666/773/382
f 679/775/383 668/762/383 667/761/383
f 680/776/384 669/763/384 668/762/384
f 669/763/385 670/764/385 658/765/385
f 682/777/386 671/778/386 670/764/386
f 683/779/387 672/766/387 671/778/387
f 684/780/388 673/767/388 672/766/388
f 685/781/389 674/782/389 673/767/389
f 686/783/390 675/769/390 674/782/390
f 687/784/391 676/785/391 675/769/391
f 676/771/392 689/786/392 677/772/392
f 689/786/393 678/774/393 677/772/393
f 690/787/394 679/775/394 678/774/394
f 691/788/395 680/776/395 679/775/395
f 680/776/396 693/789/396 681/790/396
f 693/789/397 670/764/397 681/790/397
f 694/791/398 683/779/398 682/777/398
f 683/779/399 696/792/399 684/780/399
f 696/792/400 685/781/400 684/780/400
f 697/793/401 686/783/401 685/781/401
f 686/783/402 699/794/402 687/784/402
f 699/794/403 688/795/403 687/784/403
f 700/796/404 689/786/404 688/797/404
f 701/798/405 690/787/405 689/786/405
f 690/787/406 703/799/406 691/788/406
f 691/788/407 704/800/407 692/801/407
f 704/800/408 693/789/408 692/801/408
f 705/802/409 682/777/409 693/789/409
f 706/803/410 695/804/410 694/791/410
f 695/804/411 708/805/411 696/792/411
f 696/792/412 709/806/412 697/793/412
f 709/806/413 698/807/413 697/793/413
f 698/807/414 711/808/414 699/794/414
f 711/808/415 700/809/415 699/794/415
f 712/810/416 701/798/416 700/796/416
f 713/811/417 702/812/417 701/798/417
f 714/813/418 703/799/418 702/812/418
f 715/814/419 704/800/419 703/799/419
f 716/815/420 705/802/420 704/800/420
f 717/816/421 694/791/421 705/802/421
f 706/803/422 719/817/422 707/818/422
f 719/817/423 708/805/423 707/818/423
f 720/819/424 709/806/424 708/805/424
f 721/820/425 710/821/425 709/806/425
f 722/822/426 711/808/426 710/821/426
f 723/823/427 712/824/427 711/808/427
f 724/825/428 713/811/428 712/810/428
f 725/826/429 714/813/429 713/811/429
f 714/813/430 727/827/430 715/814/430
f 715/814/431 728/828/431 716/815/431
f 728/828/432 717/816/432 716/815/432
f 729/829/433 706/803/433 717/816/433
f 730/830/434 719/817/434 718/831/434
f 731/832/435 720/819/435 719/817/435
f 732/833/436 721/820/436 720/819/436
f 733/834/437 722/822/437 721/820/437
f 722/822/438 735/835/438 723/823/438
f 735/835/439 724/836/439 723/823/439
f 736/837/440 725/826/440 724/825/440
f 737/838/441 726/839/441 725/826/441
f 738/840/442 727/827/442 726/839/442
f 739/841/443 728/828/443 727/827/443
f 740/842/444 729/829/444 728/828/444
f 741/843/445 718/831/445 729/829/445
f 742/844/446 731/832/446 730/830/446
f 743/845/447 732/833/447 731/832/447
f 732/833/448 745/846/448 733/834/448
f 745/846/449 734/847/449 733/834/449
f 746/848/450 735/835/450 734/847/450
f 747/849/451 736/850/451 735/835/451
f 736/837/452 749/851/452 737/838/452
f 749/851/453 738/840/453 737/838/453
f 738/840/454 751/852/454 739/841/454
f 751/852/455 740/842/455 739/841/455
f 752/853/456 741/843/456 740/842/456
f 753/854/457 730/830/457 741/843/457
f 754/855/458 743/845/458 742/844/458
f 755/856/459 744/857/459 743/845/459
f 756/858/460 745/846/460 744/857/460
f 745/846/461 758/859/461 746/848/461
f 746/848/462 759/860/462 747/849/462
f 759/860/463 748/861/463 747/849/463
f 760/862/464 749/851/464 748/863/464
f 761/864/465 750/865/465 749/851/465
f 762/866/466 751/852/466 750/865/466
f 763/867/467 752/853/467 751/852/467
f 764/868/468 753/854/468 752/853/468
f 753/854/469 754/855/469 742/844/469
f 766/869/470 755/856/470 754/855/470
f 767/870/471 756/858/471 755/856/471
f 768/871/472 757/872/472 756/858/472
f 769/873/473 758/859/473 757/872/473
f 770/874/474 759/860/474 758/859/474
f 771/875/475 760/876/475 759/860/475
f 760/862/476 773/877/476 761/864/476
f 773/877/477 762/866/477 761/864/477
f 762/866/478 775/878/478 763/867/478
f 763/867/479 776/879/479 764/868/479
f 764/868/480 777/880/480 765/881/480
f 765/881/481 766/869/481 754/855/481
f 778/882/482 767/870/482 766/869/482
f 767/870/483 780/883/483 768/871/483
f 768/871/484 781/884/484 769/873/484
f 781/884/485 770/874/485 769/873/485
f 782/885/486 771/875/486 770/874/486
f 783/886/487 772/887/487 771/875/487
f 784/888/488 773/877/488 772/889/488
f 785/890/489 774/891/489 773/877/489
f 786/892/490 775/878/490 774/891/490
f 787/893/491 776/879/491 775/878/491
f 788/894/492 777/880/492 776/879/492
f 789/895/493 766/869/493 777/880/493
f 790/896/494 779/897/494 778/882/494
f 791/898/495 780/883/495 779/897/495
f 792/899/496 781/884/496 780/883/496
f 781/884/497 794/900/497 782/885/497
f 794/900/498 783/886/498 782/885/498
f 795/901/499 784/902/499 783/886/499
f 796/903/500 785/890/500 784/888/500
f 797/904/501 786/892/501 785/890/501
f 786/892/502 799/905/502 787/893/502
f 799/905/503 788/894/503 787/893/503
f 788/894/504 801/906/504 789/895/504
f 801/906/505 778/882/505 789/895/505
f 802/907/506 791/898/506 790/896/506
f 791/898/507 804/908/507 792/899/507
f 804/908/508 793/909/508 792/899/508
f 805/910/509 794/900/509 793/909/509
f 806/911/510 795/901/510 794/900/510
f 807/912/511 796/913/511 795/901/511
f 808/914/512 797/904/512 796/903/512
f 809/915/513 798/916/513 797/904/513
f 810/917/514 799/905/514 798/916/514
f 811/918/515 800/919/515 799/905/515
f 812/920/516 801/906/516 800/919/516
f 813/921/517 790/896/517 801/906/517
f 814/922/518 803/923/518 802/907/518
f 815/924/519 804/908/519 803/923/519
f 816/925/520 805/910/520 804/908/520
f 817/926/521 806/911/521 805/910/521
f 818/927/522 807/912/522 806/911/522
f 807/912/523 820/928/523 808/929/523
f 820/930/524 809/915/524 808/914/524
f 809/915/525 822/931/525 810/917/525
f 810/917/526 823/932/526 811/918/526
f 811/918/527 824/933/527 812/920/527
f 812/920/528 825/934/528 813/921/528
f 825/934/529 802/907/529 813/921/529
f 826/935/530 815/924/530 814/922/530
f 827/936/531 816/925/531 815/924/531
f 816/925/532 829/937/532 817/926/532
f 829/937/533 818/927/533 817/926/533
f 830/938/534 819/939/534 818/927/534
f 831/940/535 820/928/535 819/939/535
f 832/941/536 821/942/536 820/930/536
f 821/942/537 834/943/537 822/931/537
f 834/943/538 823/932/538 822/931/538
f 835/944/539 824/933/539 823/932/539
f 836/945/540 825/934/540 824/933/540
f 837/946/541 814/922/541 825/934/541
f 838/947/542 827/936/542 826/935/542
f 839/948/543 828/949/543 827/936/543
f 840/950/544 829/937/544 828/949/544
f 829/937/545 842/951/545 830/938/545
f 842/951/546 831/940/546 830/938/546
f 843/952/547 832/953/547 831/940/547
f 844/954/548 833/955/548 832/941/548
f 833/955/549 846/956/549 834/943/549
f 846/956/550 835/944/550 834/943/550
f 847/957/551 836/945/551 835/944/551
f 836/945/552 849/958/552 837/946/552
f 849/958/553 826/935/553 837/946/553
f 838/947/554 851/959/554 839/948/554
f 851/959/555 840/950/555 839/948/555
f 840/950/556 853/960/556 841/961/556
f 853/960/557 842/951/557 841/961/557
f 854/962/558 843/952/558 842/951/558
f 855/963/559 844/964/559 843/952/559
f 856/965/560 845/966/560 844/954/560
f 857/967/561 846/956/561 845/966/561
f 846/956/562 859/968/562 847/957/562
f 859/968/563 848/969/563 847/957/563
f 860/970/564 849/958/564 848/969/564
f 861/971/565 838/947/565 849/958/565
f 862/972/566 851/959/566 850/973/566
f 863/974/567 852/975/567 851/959/567
f 864/976/568 853/960/568 852/975/568
f 853/960/569 866/977/569 854/962/569
f 866/977/570 855/963/570 854/962/570
f 867/978/571 856/979/571 855/963/571
f 856/965/572 869/980/572 857/967/572
f 869/980/573 858/981/573 857/967/573
f 870/982/574 859/968/574 858/981/574
f 871/983/575 860/970/575 859/968/575
f 860/970/576 873/984/576 861/971/576
f 873/984/577 850/973/577 861/971/577
f 862/972/578 875/985/578 863/974/578
f 875/985/579 864/976/579 863/974/579
f 876/986/580 865/987/580 864/976/580
f 865/987/581 878/988/581 866/977/581
f 878/988/582 867/978/582 866/977/582
f 879/989/583 868/990/583 867/978/583
f 880/991/584 869/980/584 868/992/584
f 881/993/585 870/982/585 869/980/585
f 882/994/586 871/983/586 870/982/586
f 871/983/587 884/995/587 872/996/587
f 884/995/588 873/984/588 872/996/588
f 885/997/589 862/972/589 873/984/589
f 886/998/590 875/985/590 874/999/590
f 887/1000/591 876/986/591 875/985/591
f 888/1001/592 877/1002/592 876/986/592
f 889/1003/593 878/988/593 877/1002/593
f 890/1004/594 879/989/594 878/988/594
f 891/1005/595 880/1006/595 879/989/595
f 892/1007/596 881/993/596 880/991/596
f 881/993/597 894/1008/597 882/994/597
f 882/994/598 895/1009/598 883/1010/598
f 883/1010/599 896/1011/599 884/995/599
f 884/995/600 897/1012/600 885/997/600
f 885/997/601 886/998/601 874/999/601
f 886/998/602 899/1013/602 887/1000/602
f 899/1013/603 888/1001/603 887/1000/603
f 900/1014/604 889/1003/604 888/1001/604
f 901/1015/605 890/1004/605 889/1003/605
f 902/1016/606 891/1005/606 890/1004/606
f 903/1017/607 892/1018/607 891/1005/607
f 904/1019/608 893/1020/608 892/1007/608
f 893/1020/609 906/1021/609 894/1008/609
f 906/1021/610 895/1009/610 894/1008/610
f 907/1022/611 896/1011/611 895/1009/611
f 908/1023/612 897/1012/612 896/1011/612
f 909/1024/613 886/998/613 897/1012/613
f 910/1025/331 899/1026/331 898/1027/331
f 911/1028/330 900/1029/330 899/1026/330
f 912/1030/329 901/1031/329 900/1029/329
f 913/1032/328 902/1033/328 901/1031/328
f 914/1034/327 903/1035/327 902/1033/327
f 915/1036/326 904/1037/326 903/1035/326
f 904/1038/337 917/1039/337 905/1040/337
f 917/1039/336 906/1041/336 905/1040/336
f 906/1041/335 919/1042/335 907/1043/335
f 907/1043/334 920/1044/334 908/1045/334
f 908/1045/333 921/1046/333 909/1047/333
f 909/1047/332 910/1025/332 898/1027/332
f 910/1025/343 923/1048/343 911/1028/343
f 911/1028/342 924/1049/342 912/1030/342
f 912/1030/341 925/1050/341 913/1032/341
f 913/1032/340 926/1051/340 914/1034/340
f 914/1034/339 927/1052/339 915/1036/339
f 927/1052/338 916/1053/338 915/1036/338
f 928/1054/349 917/1039/349 916/1055/349
f 929/1056/348 918/1057/348 917/1039/348
f 930/1058/347 919/1042/347 918/1057/347
f 931/1059/346 920/1044/346 919/1042/346
f 932/1060/345 921/1046/345 920/1044/345
f 921/1046/344 922/1061/344 910/1025/344
f 934/1062/355 923/1048/355 922/1061/355
f 935/1063/354 924/1049/354 923/1048/354
f 924/1049/353 937/1064/353 925/1050/353
f 937/1064/352 926/1051/352 925/1050/352
f 938/1065/351 927/1052/351 926/1051/351
f 939/1066/350 928/1067/350 927/1052/350
f 940/1068/361 929/1056/361 928/1054/361
f 929/1056/360 942/1069/360 930/1058/360
f 942/1069/359 931/1059/359 930/1058/359
f 943/1070/358 932/1060/358 931/1059/358
f 932/1060/357 945/1071/357 933/1072/357
f 933/1072/356 934/1062/356 922/1061/356
f 946/1073/367 935/1063/367 934/1062/367
f 947/1074/366 936/1075/366 935/1063/366
f 948/1076/365 937/1064/365 936/1075/365
f 949/1077/364 938/1065/364 937/1064/364
f 950/1078/363 939/1066/363 938/1065/363
f 939/1066/362 952/1079/362 940/1080/362
f 952/1081/373 941/1082/373 940/1068/373
f 953/1083/372 942/1069/372 941/1082/372
f 954/1084/371 943/1070/371 942/1069/371
f 943/1070/370 956/1085/370 944/1086/370
f 944/1086/369 957/1087/369 945/1071/369
f 957/1087/368 934/1062/368 945/1071/368
f 958/1088/379 947/1074/379 946/1073/379
f 959/1089/378 948/1076/378 947/1074/378
f 960/1090/377 949/1077/377 948/1076/377
f 949/1077/376 962/1091/376 950/1078/376
f 962/1091/375 951/1092/375 950/1078/375
f 963/1093/374 952/1079/374 951/1092/374
f 964/1094/385 953/1083/385 952/1081/385
f 953/1083/384 966/1095/384 954/1084/384
f 966/1095/383 955/1096/383 954/1084/383
f 967/1097/382 956/1085/382 955/1096/382
f 956/1085/381 969/1098/381 957/1087/381
f 969/1098/380 946/1073/380 957/1087/380
f 970/1099/391 959/1089/391 958/1088/391
f 959/1089/390 972/1100/390 960/1090/390
f 972/1100/389 961/1101/389 960/1090/389
f 973/1102/388 962/1091/388 961/1101/388
f 974/1103/387 963/1093/387 962/1091/387
f 975/1104/386 964/1105/386 963/1093/386
f 976/1106/397 965/1107/397 964/1094/397
f 977/1108/396 966/1095/396 965/1107/396
f 966/1095/395 979/1109/395 967/1097/395
f 979/1109/394 968/1110/394 967/1097/394
f 980/1111/393 969/1098/393 968/1110/393
f 981/1112/392 958/1088/392 969/1098/392
f 970/1099/403 983/1113/403 971/1114/403
f 971/1114/402 984/1115/402 972/1100/402
f 984/1115/401 973/1102/401 972/1100/401
f 973/1102/400 986/1116/400 974/1103/400
f 986/1116/399 975/1104/399 974/1103/399
f 987/1117/398 976/1118/398 975/1104/398
f 988/1119/409 977/1108/409 976/1106/409
f 989/1120/408 978/1121/408 977/1108/408
f 990/1122/407 979/1109/407 978/1121/407
f 991/1123/406 980/1111/406 979/1109/406
f 992/1124/405 981/1112/405 980/1111/405
f 993/1125/404 970/1099/404 981/1112/404
f 982/1126/415 995/1127/415 983/1113/415
f 995/1127/414 984/1115/414 983/1113/414
f 996/1128/413 985/1129/413 984/1115/413
f 997/1130/412 986/1116/412 985/1129/412
f 986/1116/411 999/1131/411 987/1117/411
f 999/1131/410 988/1132/410 987/1117/410
f 1000/1133/421 989/1120/421 988/1119/421
f 1001/1134/420 990/1122/420 989/1120/420
f 1002/1135/419 991/1123/419 990/1122/419
f 991/1123/418 1004/1136/418 992/1124/418
f 992/1124/417 1005/1137/417 993/1125/417
f 1005/1137/416 982/1126/416 993/1125/416
f 1006/1138/427 995/1127/427 994/1139/427
f 1007/1140/426 996/1128/426 995/1127/426
f 1008/1141/425 997/1130/425 996/1128/425
f 1009/1142/424 998/1143/424 997/1130/424
f 1010/1144/423 999/1131/423 998/1143/423
f 1011/1145/422 1000/1146/422 999/1131/422
f 1012/1147/433 1001/1134/433 1000/1133/433
f 1013/1148/432 1002/1135/432 1001/1134/432
f 1002/1135/431 1015/1149/431 1003/1150/431
f 1015/1149/430 1004/1136/430 1003/1150/430
f 1004/1136/429 1017/1151/429 1005/1137/429
f 1017/1151/428 994/1139/428 1005/1137/428
f 1018/1152/614 1007/1140/614 1006/1138/614
f 1019/1153/438 1008/1141/438 1007/1140/438
f 1020/1154/437 1009/1142/437 1008/1141/437
f 1021/1155/436 1010/1144/436 1009/1142/436
f 1010/1144/435 1023/1156/435 1011/1145/435
f 1023/1156/434 1012/1157/434 1011/1145/434
f 1024/1158/615 1013/1148/615 1012/1147/615
f 1025/1159/444 1014/1160/444 1013/1148/444
f 1026/1161/443 1015/1149/443 1014/1160/443
f 1027/1162/442 1016/1163/442 1015/1149/442
f 1016/1163/441 1029/1164/441 1017/1151/441
f 1029/1164/440 1006/1138/440 1017/1151/440
f 1030/1165/451 1019/1153/451 1018/1152/451
f 1019/1153/450 1032/1166/450 1020/1154/450
f 1032/1166/449 1021/1155/449 1020/1154/449
f 1033/1167/448 1022/1168/448 1021/1155/448
f 1022/1168/447 1035/1169/447 1023/1156/447
f 1035/1169/446 1024/1170/446 1023/1156/446
f 1036/1171/457 1025/1159/457 1024/1158/457
f 1037/1172/456 1026/1161/456 1025/1159/456
f 1026/1161/455 1039/1173/455 1027/1162/455
f 1039/1173/454 1028/1174/454 1027/1162/454
f 1040/1175/453 1029/1164/453 1028/1174/453
f 1041/1176/452 1018/1152/452 1029/1164/452
f 1042/1177/463 1031/1178/463 1030/1165/463
f 1043/1179/462 1032/1166/462 1031/1178/462
f 1032/1166/461 1045/1180/461 1033/1167/461
f 1033/1167/460 1046/1181/460 1034/1182/460
f 1046/1181/459 1035/1169/459 1034/1182/459
f 1035/1169/458 1048/1183/458 1036/1184/458
f 1048/1185/469 1037/1172/469 1036/1171/469
f 1049/1186/468 1038/1187/468 1037/1172/468
f 1050/1188/467 1039/1173/467 1038/1187/467
f 1051/1189/466 1040/1175/466 1039/1173/466
f 1052/1190/465 1041/1176/465 1040/1175/465
f 1053/1191/464 1030/1165/464 1041/1176/464
f 1042/1177/475 1055/1192/475 1043/1179/475
f 1055/1192/474 1044/1193/474 1043/1179/474
f 1056/1194/473 1045/1180/473 1044/1193/473
f 1057/1195/472 1046/1181/472 1045/1180/472
f 1058/1196/471 1047/1197/471 1046/1181/471
f 1059/1198/470 1048/1183/470 1047/1197/470
f 1060/1199/481 1049/1186/481 1048/1185/481
f 1049/1186/480 1062/1200/480 1050/1188/480
f 1050/1188/479 1063/1201/479 1051/1189/479
f 1063/1201/478 1052/1190/478 1051/1189/478
f 1064/1202/477 1053/1191/477 1052/1190/477
f 1065/1203/476 1042/1177/476 1053/1191/476
f 1066/1204/487 1055/1192/487 1054/1205/487
f 1067/1206/486 1056/1194/486 1055/1192/486
f 1068/1207/485 1057/1195/485 1056/1194/485
f 1069/1208/484 1058/1196/484 1057/1195/484
f 1070/1209/483 1059/1198/483 1058/1196/483
f 1059/1198/482 1072/1210/482 1060/1211/482
f 1072/1212/493 1061/1213/493 1060/1199/493
f 1073/1214/492 1062/1200/492 1061/1213/492
f 1062/1200/491 1075/1215/491 1063/1201/491
f 1063/1201/490 1076/1216/490 1064/1202/490
f 1076/1216/489 1065/1203/489 1064/1202/489
f 1077/1217/488 1054/1205/488 1065/1203/488
f 1078/1218/499 1067/1206/499 1066/1204/499
f 1079/1219/498 1068/1207/498 1067/1206/498
f 1080/1220/497 1069/1208/497 1068/1207/497
f 1081/1221/496 1070/1209/496 1069/1208/496
f 1082/1222/495 1071/1223/495 1070/1209/495
f 1083/1224/494 1072/1210/494 1071/1223/494
f 1084/1225/505 1073/1214/505 1072/1212/505
f 1085/1226/504 1074/1227/504 1073/1214/504
f 1086/1228/503 1075/1215/503 1074/1227/503
f 1075/1215/502 1088/1229/502 1076/1216/502
f 1076/1216/501 1089/1230/501 1077/1217/501
f 1089/1230/616 1066/1204/616 1077/1217/616
f 1090/1231/511 1079/1219/511 1078/1218/511
f 1091/1232/510 1080/1220/510 1079/1219/510
f 1080/1220/509 1093/1233/509 1081/1221/509
f 1081/1221/508 1094/1234/508 1082/1222/508
f 1094/1234/507 1083/1224/507 1082/1222/507
f 1095/1235/506 1084/1236/506 1083/1224/506
f 1096/1237/517 1085/1226/517 1084/1225/517
f 1097/1238/516 1086/1228/516 1085/1226/516
f 1098/1239/515 1087/1240/515 1086/1228/515
f 1099/1241/514 1088/1229/514 1087/1240/514
f 1100/1242/513 1089/1230/513 1088/1229/513
f 1089/1230/512 1090/1231/512 1078/1218/512
f 1090/1231/523 1103/1243/523 1091/1232/523
f 1103/1243/522 1092/1244/522 1091/1232/522
f 1104/1245/521 1093/1233/521 1092/1244/521
f 1105/1246/520 1094/1234/520 1093/1233/520
f 1106/1247/519 1095/1235/519 1094/1234/519
f 1107/1248/518 1096/1249/518 1095/1235/518
f 1108/1250/529 1097/1238/529 1096/1237/529
f 1109/1251/528 1098/1239/528 1097/1238/528
f 1110/1252/527 1099/1241/527 1098/1239/527
f 1111/1253/526 1100/1242/526 1099/1241/526
f 1100/1242/525 1113/1254/525 1101/1255/525
f 1113/1254/524 1090/1231/524 1101/1255/524
f 1102/1256/535 1115/1257/535 1103/1243/535
f 1115/1257/534 1104/1245/534 1103/1243/534
f 1104/1245/533 1117/1258/533 1105/1246/533
f 1105/1246/532 1118/1259/532 1106/1247/532
f 1106/1247/531 1119/1260/531 1107/1248/531
f 1119/1260/530 1108/1261/530 1107/1248/530
f 1120/1262/541 1109/1251/541 1108/1250/541
f 1121/1263/540 1110/1252/540 1109/1251/540
f 1122/1264/539 1111/1253/539 1110/1252/539
f 1123/1265/538 1112/1266/538 1111/1253/538
f 1112/1266/537 1125/1267/537 1113/1254/537
f 1125/1267/536 1102/1256/536 1113/1254/536
f 1114/1268/547 1127/1269/547 1115/1257/547
f 1127/1269/546 1116/1270/546 1115/1257/546
f 1116/1270/545 1129/1271/545 1117/1258/545
f 1129/1271/544 1118/1259/544 1117/1258/544
f 1130/1272/543 1119/1260/543 1118/1259/543
f 1131/1273/542 1120/1274/542 1119/1260/542
f 1132/1275/553 1121/1263/553 1120/1262/553
f 1121/1263/552 1134/1276/552 1122/1264/552
f 1122/1264/551 1135/1277/551 1123/1265/551
f 1135/1277/550 1124/1278/550 1123/1265/550
f 1136/1279/549 1125/1267/549 1124/1278/549
f 1137/1280/548 1114/1268/548 1125/1267/548
f 1138/1281/559 1127/1269/559 1126/1282/559
f 1139/1283/558 1128/1284/558 1127/1269/558
f 1140/1285/557 1129/1271/557 1128/1284/557
f 1141/1286/556 1130/1272/556 1129/1271/556
f 1142/1287/555 1131/1273/555 1130/1272/555
f 1143/1288/554 1132/1289/554 1131/1273/554
f 1144/1290/565 1133/1291/565 1132/1275/565
f 1133/1291/564 1146/1292/564 1134/1276/564
f 1146/1292/563 1135/1277/563 1134/1276/563
f 1147/1293/562 1136/1279/562 1135/1277/562
f 1136/1279/561 1149/1294/561 1137/1280/561
f 1149/1294/560 1126/1282/560 1137/1280/560
f 1150/1295/571 1139/1283/571 1138/1281/571
f 1151/1296/570 1140/1285/570 1139/1283/570
f 1140/1285/569 1153/1297/569 1141/1286/569
f 1153/1297/568 1142/1287/568 1141/1286/568
f 1154/1298/567 1143/1288/567 1142/1287/567
f 1155/1299/566 1144/1300/566 1143/1288/566
f 1156/1301/577 1145/1302/577 1144/1290/577
f 1157/1303/576 1146/1292/576 1145/1302/576
f 1158/1304/575 1147/1293/575 1146/1292/575
f 1159/1305/574 1148/1306/574 1147/1293/574
f 1160/1307/573 1149/1294/573 1148/1306/573
f 1161/1308/572 1138/1281/572 1149/1294/572
f 1162/1309/583 1151/1296/583 1150/1295/583
f 1163/1310/582 1152/1311/582 1151/1296/582
f 1164/1312/581 1153/1297/581 1152/1311/581
f 1165/1313/580 1154/1298/580 1153/1297/580
f 1166/1314/579 1155/1299/579 1154/1298/579
f 1167/1315/578 1156/1316/578 1155/1299/578
f 1168/1317/589 1157/1303/589 1156/1301/589
f 1157/1303/588 1170/1318/588 1158/1304/588
f 1170/1318/587 1159/1305/587 1158/1304/587
f 1171/1319/586 1160/1307/586 1159/1305/586
f 1172/1320/585 1161/1308/585 1160/1307/585
f 1173/1321/584 1150/1295/584 1161/1308/584
f 1162/1309/595 1175/1322/595 1163/1310/595
f 1163/1310/594 1176/1323/594 1164/1312/594
f 1164/1312/593 1177/1324/593 1165/1313/593
f 1177/1324/592 1166/1314/592 1165/1313/592
f 1178/1325/591 1167/1315/591 1166/1314/591
f 1167/1315/590 1180/1326/590 1168/1327/590
f 1180/1328/601 1169/1329/601 1168/1317/601
f 1181/1330/600 1170/1318/600 1169/1329/600
f 1170/1318/599 1183/1331/599 1171/1319/599
f 1183/1331/598 1172/1320/598 1171/1319/598
f 1184/1332/597 1173/1321/597 1172/1320/597
f 1185/1333/596 1162/1309/596 1173/1321/596
f 610/705/607 1175/1322/607 1174/1334/607
f 611/704/606 1176/1323/606 1175/1322/606
f 612/707/605 1177/1324/605 1176/1323/605
f 613/708/604 1178/1325/604 1177/1324/604
f 614/710/603 1179/1335/603 1178/1325/603
f 615/712/602 1180/1326/602 1179/1335/602
f 1180/1328/613 617/716/613 1181/1330/613
f 617/716/612 1182/1336/612 1181/1330/612
f 618/719/611 1183/1331/611 1182/1336/611
f 619/721/610 1184/1332/610 1183/1331/610
f 1184/1332/609 621/725/609 1185/1333/609
f 1185/1333/608 610/705/608 1174/1334/608
f 622/703/326 623/728/326 611/704/326
f 611/704/327 623/728/327 624/706/327
f 624/706/328 625/709/328 613/708/328
f 625/709/329 626/711/329 614/710/329
f 626/711/330 627/733/330 615/712/330
f 615/712/331 627/733/331 628/713/331
f 628/715/332 629/718/332 617/716/332
f 629/718/333 630/720/333 618/719/333
f 630/720/334 631/722/334 619/721/334
f 631/722/335 632/724/335 620/723/335
f 632/724/336 633/726/336 621/725/336
f 633/726/337 622/703/337 610/705/337
f 634/727/338 635/729/338 623/728/338
f 635/729/339 636/730/339 624/706/339
f 636/730/340 637/731/340 625/709/340
f 637/731/341 638/742/341 626/711/341
f 626/711/342 638/742/342 639/732/342
f 639/732/343 640/745/343 628/713/343
f 640/734/344 641/735/344 629/718/344
f 641/735/345 642/748/345 630/720/345
f 630/720/346 642/748/346 643/736/346
f 631/722/347 643/736/347 644/737/347
f 632/724/348 644/737/348 645/738/348
f 645/738/349 634/727/349 622/703/349
f 634/727/350 646/752/350 647/739/350
f 647/739/351 648/740/351 636/730/351
f 648/740/352 649/756/352 637/731/352
f 637/731/353 649/756/353 650/741/353
f 638/742/354 650/741/354 651/743/354
f 639/732/355 651/743/355 652/744/355
f 652/746/356 653/747/356 641/735/356
f 653/747/357 654/760/357 642/748/357
f 642/748/358 654/760/358 655/749/358
f 643/736/359 655/749/359 656/750/359
f 644/737/360 656/750/360 657/751/360
f 657/751/361 646/752/361 634/727/361
f 646/752/362 658/765/362 659/753/362
f 647/739/363 659/753/363 660/754/363
f 648/740/364 660/754/364 661/755/364
f 661/755/365 662/768/365 650/741/365
f 650/741/366 662/768/366 663/757/366
f 663/757/367 664/770/367 652/744/367
f 664/758/368 665/759/368 653/747/368
f 665/759/369 666/773/369 654/760/369
f 654/760/370 666/773/370 667/761/370
f 667/761/371 668/762/371 656/750/371
f 668/762/372 669/763/372 657/751/372
f 669/763/373 658/765/373 646/752/373
f 670/764/374 671/778/374 659/753/374
f 659/753/375 671/778/375 672/766/375
f 672/766/376 673/767/376 661/755/376
f 673/767/377 674/782/377 662/768/377
f 662/768/378 674/782/378 675/769/378
f 675/769/379 676/785/379 664/770/379
f 676/771/380 677/772/380 665/759/380
f 677/772/381 678/774/381 666/773/381
f 678/774/382 679/775/382 667/761/382
f 679/775/383 680/776/383 668/762/383
f 680/776/384 681/790/384 669/763/384
f 669/763/385 681/790/385 670/764/385
f 682/777/386 683/779/386 671/778/386
f 683/779/387 684/780/387 672/766/387
f 684/780/388 685/781/388 673/767/388
f 685/781/389 686/783/389 674/782/389
f 686/783/390 687/784/390 675/769/390
f 687/784/391 688/795/391 676/785/391
f 676/771/392 688/797/392 689/786/392
f 689/786/393 690/787/393 678/774/393
f 690/787/394 691/788/394 679/775/394
f 691/788/395 692/801/395 680/776/395
f 680/776/396 692/801/396 693/789/396
f 693/789/397 682/777/397 670/764/397
f 694/791/398 695/804/398 683/779/398
f 683/779/399 695/804/399 696/792/399
f 696/792/400 697/793/400 685/781/400
f 697/793/401 698/807/401 686/783/401
f 686/783/402 698/807/402 699/794/402
f 699/794/403 700/809/403 688/795/403
f 700/796/404 701/798/404 689/786/404
f 701/798/405 702/812/405 690/787/405
f 690/787/406 702/812/406 703/799/406
f 691/788/407 703/799/407 704/800/407
f 704/800/408 705/802/408 693/789/408
f 705/802/409 694/791/409 682/777/409
f 706/803/410 707/818/410 695/804/410
f 695/804/411 707/818/411 708/805/411
f 696/792/412 708/805/412 709/806/412
f 709/806/413 710/821/413 698/807/413
f 698/807/414 710/821/414 711/808/414
f 711/808/415 712/824/415 700/809/415
f 712/810/416 713/811/416 701/798/416
f 713/811/417 714/813/417 702/812/417
f 714/813/418 715/814/418 703/799/418
f 715/814/419 716/815/419 704/800/419
f 716/815/420 717/816/420 705/802/420
f 717/816/421 706/803/421 694/791/421
f 706/803/422 718/831/422 719/817/422
f 719/817/423 720/819/423 708/805/423
f 720/819/424 721/820/424 709/806/424
f 721/820/425 722/822/425 710/821/425
f 722/822/426 723/823/426 711/808/426
f 723/823/427 724/836/427 712/824/427
f 724/825/428 725/826/428 713/811/428
f 725/826/429 726/839/429 714/813/429
f 714/813/430 726/839/430 727/827/430
f 715/814/431 727/827/431 728/828/431
f 728/828/432 729/829/432 717/816/432
f 729/829/433 718/831/433 706/803/433
f 730/830/434 731/832/434 719/817/434
f 731/832/435 732/833/435 720/819/435
f 732/833/436 733/834/436 721/820/436
f 733/834/437 734/847/437 722/822/437
f 722/822/438 734/847/438 735/835/438
f 735/835/614 736/850/614 724/836/614
f 736/837/440 737/838/440 725/826/440
f 737/838/441 738/840/441 726/839/441
f 738/840/442 739/841/442 727/827/442
f 739/841/443 740/842/443 728/828/443
f 740/842/444 741/843/444 729/829/444
f 741/843/615 730/830/615 718/831/615
f 742/844/446 743/845/446 731/832/446
f 743/845/447 744/857/447 732/833/447
f 732/833/448 744/857/448 745/846/448
f 745/846/449 746/848/449 734/847/449
f 746/848/450 747/849/450 735/835/450
f 747/849/451 748/861/451 736/850/451
f 736/837/452 748/863/452 749/851/452
f 749/851/453 750/865/453 738/840/453
f 738/840/454 750/865/454 751/852/454
f 751/852/455 752/853/455 740/842/455
f 752/853/456 753/854/456 741/843/456
f 753/854/457 742/844/457 730/830/457
f 754/855/458 755/856/458 743/845/458
f 755/856/459 756/858/459 744/857/459
f 756/858/460 757/872/460 745/846/460
f 745/846/461 757/872/461 758/859/461
f 746/848/462 758/859/462 759/860/462
f 759/860/463 760/876/463 748/861/463
f 760/862/464 761/864/464 749/851/464
f 761/864/465 762/866/465 750/865/465
f 762/866/466 763/867/466 751/852/466
f 763/867/467 764/868/467 752/853/467
f 764/868/468 765/881/468 753/854/468
f 753/854/469 765/881/469 754/855/469
f 766/869/470 767/870/470 755/856/470
f 767/870/471 768/871/471 756/858/471
f 768/871/472 769/873/472 757/872/472
f 769/873/473 770/874/473 758/859/473
f 770/874/474 771/875/474 759/860/474
f 771/875/475 772/887/475 760/876/475
f 760/862/476 772/889/476 773/877/476
f 773/877/477 774/891/477 762/866/477
f 762/866/478 774/891/478 775/878/478
f 763/867/479 775/878/479 776/879/479
f 764/868/480 776/879/480 777/880/480
f 765/881/481 777/880/481 766/869/481
f 778/882/482 779/897/482 767/870/482
f 767/870/483 779/897/483 780/883/483
f 768/871/484 780/883/484 781/884/484
f 781/884/485 782/885/485 770/874/485
f 782/885/486 783/886/486 771/875/486
f 783/886/487 784/902/487 772/887/487
f 784/888/488 785/890/488 773/877/488
f 785/890/489 786/892/489 774/891/489
f 786/892/490 787/893/490 775/878/490
f 787/893/491 788/894/491 776/879/491
f 788/894/492 789/895/492 777/880/492
f 789/895/493 778/882/493 766/869/493
f 790/896/617 791/898/617 779/897/617
f 791/898/495 792/899/495 780/883/495
f 792/899/496 793/909/496 781/884/496
f 781/884/497 793/909/497 794/900/497
f 794/900/498 795/901/498 783/886/498
f 795/901/499 796/913/499 784/902/499
f 796/903/616 797/904/616 785/890/616
f 797/904/501 798/916/501 786/892/501
f 786/892/502 798/916/502 799/905/502
f 799/905/503 800/919/503 788/894/503
f 788/894/504 800/919/504 801/906/504
f 801/906/505 790/896/505 778/882/505
f 802/907/506 803/923/506 791/898/506
f 791/898/507 803/923/507 804/908/507
f 804/908/508 805/910/508 793/909/508
f 805/910/509 806/911/509 794/900/509
f 806/911/510 807/912/510 795/901/510
f 807/912/511 808/929/511 796/913/511
f 808/914/512 809/915/512 797/904/512
f 809/915/513 810/917/513 798/916/513
f 810/917/514 811/918/514 799/905/514
f 811/918/515 812/920/515 800/919/515
f 812/920/516 813/921/516 801/906/516
f 813/921/517 802/907/517 790/896/517
f 814/922/518 815/924/518 803/923/518
f 815/924/519 816/925/519 804/908/519
f 816/925/520 817/926/520 805/910/520
f 817/926/521 818/927/521 806/911/521
f 818/927/522 819/939/522 807/912/522
f 807/912/523 819/939/523 820/928/523
f 820/930/524 821/942/524 809/915/524
f 809/915/525 821/942/525 822/931/525
f 810/917/526 822/931/526 823/932/526
f 811/918/527 823/932/527 824/933/527
f 812/920/528 824/933/528 825/934/528
f 825/934/529 814/922/529 802/907/529
f 826/935/530 827/936/530 815/924/530
f 827/936/531 828/949/531 816/925/531
f 816/925/532 828/949/532 829/937/532
f 829/937/533 830/938/533 818/927/533
f 830/938/534 831/940/534 819/939/534
f 831/940/535 832/953/535 820/928/535
f 832/941/536 833/955/536 821/942/536
f 821/942/537 833/955/537 834/943/537
f 834/943/538 835/944/538 823/932/538
f 835/944/539 836/945/539 824/933/539
f 836/945/540 837/946/540 825/934/540
f 837/946/541 826/935/541 814/922/541
f 838/947/542 839/948/542 827/936/542
f 839/948/543 840/950/543 828/949/543
f 840/950/544 841/961/544 829/937/544
f 829/937/545 841/961/545 842/951/545
f 842/951/546 843/952/546 831/940/546
f 843/952/547 844/964/547 832/953/547
f 844/954/548 845/966/548 833/955/548
f 833/955/549 845/966/549 846/956/549
f 846/956/550 847/957/550 835/944/550
f 847/957/551 848/969/551 836/945/551
f 836/945/552 848/969/552 849/958/552
f 849/958/553 838/947/553 826/935/553
f 838/947/554 850/973/554 851/959/554
f 851/959/555 852/975/555 840/950/555
f 840/950/556 852/975/556 853/960/556
f 853/960/557 854/962/557 842/951/557
f 854/962/558 855/963/558 843/952/558
f 855/963/559 856/979/559 844/964/559
f 856/965/560 857/967/560 845/966/560
f 857/967/561 858/981/561 846/956/561
f 846/956/562 858/981/562 859/968/562
f 859/968/563 860/970/563 848/969/563
f 860/970/564 861/971/564 849/958/564
f 861/971/565 850/973/565 838/947/565
f 862/972/566 863/974/566 851/959/566
f 863/974/567 864/976/567 852/975/567
f 864/976/568 865/987/568 853/960/568
f 853/960/569 865/987/569 866/977/569
f 866/977/570 867/978/570 855/963/570
f 867/978/571 868/990/571 856/979/571
f 856/965/572 868/992/572 869/980/572
f 869/980/573 870/982/573 858/981/573
f 870/982/574 871/983/574 859/968/574
f 871/983/575 872/996/575 860/970/575
f 860/970/576 872/996/576 873/984/576
f 873/984/577 862/972/577 850/973/577
f 862/972/578 874/999/578 875/985/578
f 875/985/579 876/986/579 864/976/579
f 876/986/580 877/1002/580 865/987/580
f 865/987/581 877/1002/581 878/988/581
f 878/988/582 879/989/582 867/978/582
f 879/989/583 880/1006/583 868/990/583
f 880/991/584 881/993/584 869/980/584
f 881/993/585 882/994/585 870/982/585
f 882/994/586 883/1010/586 871/983/586
f 871/983/587 883/1010/587 884/995/587
f 884/995/588 885/997/588 873/984/588
f 885/997/589 874/999/589 862/972/589
f 886/998/590 887/1000/590 875/985/590
f 887/1000/591 888/1001/591 876/986/591
f 888/1001/592 889/1003/592 877/1002/592
f 889/1003/593 890/1004/593 878/988/593
f 890/1004/594 891/1005/594 879/989/594
f 891/1005/595 892/1018/595 880/1006/595
f 892/1007/596 893/1020/596 881/993/596
f 881/993/597 893/1020/597 894/1008/597
f 882/994/598 894/1008/598 895/1009/598
f 883/1010/599 895/1009/599 896/1011/599
f 884/995/600 896/1011/600 897/1012/600
f 885/997/601 897/1012/601 886/998/601
f 886/998/602 898/1337/602 899/1013/602
f 899/1013/603 900/1014/603 888/1001/603
f 900/1014/604 901/1015/604 889/1003/604
f 901/1015/605 902/1016/605 890/1004/605
f 902/1016/606 903/1017/606 891/1005/606
f 903/1017/607 904/1338/607 892/1018/607
f 904/1019/608 905/1339/608 893/1020/608
f 893/1020/609 905/1339/609 906/1021/609
f 906/1021/610 907/1022/610 895/1009/610
f 907/1022/611 908/1023/611 896/1011/611
f 908/1023/612 909/1024/612 897/1012/612
f 909/1024/613 898/1337/613 886/998/613
f 910/1025/331 911/1028/331 899/1026/331
f 911/1028/330 912/1030/330 900/1029/330
f 912/1030/329 913/1032/329 901/1031/329
f 913/1032/328 914/1034/328 902/1033/328
f 914/1034/327 915/1036/327 903/1035/327
f 915/1036/326 916/1053/326 904/1037/326
f 904/1038/337 916/1055/337 917/1039/337
f 917/1039/336 918/1057/336 906/1041/336
f 906/1041/335 918/1057/335 919/1042/335
f 907/1043/334 919/1042/334 920/1044/334
f 908/1045/333 920/1044/333 921/1046/333
f 909/1047/332 921/1046/332 910/1025/332
f 910/1025/343 922/1061/343 923/1048/343
f 911/1028/342 923/1048/342 924/1049/342
f 912/1030/341 924/1049/341 925/1050/341
f 913/1032/340 925/1050/340 926/1051/340
f 914/1034/339 926/1051/339 927/1052/339
f 927/1052/338 928/1067/338 916/1053/338
f 928/1054/349 929/1056/349 917/1039/349
f 929/1056/348 930/1058/348 918/1057/348
f 930/1058/347 931/1059/347 919/1042/347
f 931/1059/346 932/1060/346 920/1044/346
f 932/1060/345 933/1072/345 921/1046/345
f 921/1046/344 933/1072/344 922/1061/344
f 934/1062/355 935/1063/355 923/1048/355
f 935/1063/354 936/1075/354 924/1049/354
f 924/1049/353 936/1075/353 937/1064/353
f 937/1064/352 938/1065/352 926/1051/352
f 938/1065/351 939/1066/351 927/1052/351
f 939/1066/350 940/1080/350 928/1067/350
f 940/1068/361 941/1082/361 929/1056/361
f 929/1056/360 941/1082/360 942/1069/360
f 942/1069/359 943/1070/359 931/1059/359
f 943/1070/358 944/1086/358 932/1060/358
f 932/1060/357 944/1086/357 945/1071/357
f 933/1072/356 945/1071/356 934/1062/356
f 946/1073/367 947/1074/367 935/1063/367
f 947/1074/366 948/1076/366 936/1075/366
f 948/1076/365 949/1077/365 937/1064/365
f 949/1077/364 950/1078/364 938/1065/364
f 950/1078/363 951/1092/363 939/1066/363
f 939/1066/362 951/1092/362 952/1079/362
f 952/1081/373 953/1083/373 941/1082/373
f 953/1083/372 954/1084/372 942/1069/372
f 954/1084/371 955/1096/371 943/1070/371
f 943/1070/370 955/1096/370 956/1085/370
f 944/1086/369 956/1085/369 957/1087/369
f 957/1087/368 946/1073/368 934/1062/368
f 958/1088/379 959/1089/379 947/1074/379
f 959/1089/378 960/1090/378 948/1076/378
f 960/1090/377 961/1101/377 949/1077/377
f 949/1077/376 961/1101/376 962/1091/376
f 962/1091/375 963/1093/375 951/1092/375
f 963/1093/374 964/1105/374 952/1079/374
f 964/1094/385 965/1107/385 953/1083/385
f 953/1083/384 965/1107/384 966/1095/384
f 966/1095/383 967/1097/383 955/1096/383
f 967/1097/382 968/1110/382 956/1085/382
f 956/1085/381 968/1110/381 969/1098/381
f 969/1098/380 958/1088/380 946/1073/380
f 970/1099/391 971/1114/391 959/1089/391
f 959/1089/390 971/1114/390 972/1100/390
f 972/1100/389 973/1102/389 961/1101/389
f 973/1102/388 974/1103/388 962/1091/388
f 974/1103/387 975/1104/387 963/1093/387
f 975/1104/386 976/1118/386 964/1105/386
f 976/1106/397 977/1108/397 965/1107/397
f 977/1108/396 978/1121/396 966/1095/396
f 966/1095/395 978/1121/395 979/1109/395
f 979/1109/394 980/1111/394 968/1110/394
f 980/1111/393 981/1112/393 969/1098/393
f 981/1112/392 970/1099/392 958/1088/392
f 970/1099/403 982/1126/403 983/1113/403
f 971/1114/402 983/1113/402 984/1115/402
f 984/1115/401 985/1129/401 973/1102/401
f 973/1102/400 985/1129/400 986/1116/400
f 986/1116/399 987/1117/399 975/1104/399
f 987/1117/398 988/1132/398 976/1118/398
f 988/1119/409 989/1120/409 977/1108/409
f 989/1120/408 990/1122/408 978/1121/408
f 990/1122/407 991/1123/407 979/1109/407
f 991/1123/406 992/1124/406 980/1111/406
f 992/1124/405 993/1125/405 981/1112/405
f 993/1125/404 982/1126/404 970/1099/404
f 982/1126/415 994/1139/415 995/1127/415
f 995/1127/414 996/1128/414 984/1115/414
f 996/1128/413 997/1130/413 985/1129/413
f 997/1130/412 998/1143/412 986/1116/412
f 986/1116/411 998/1143/411 999/1131/411
f 999/1131/410 1000/1146/410 988/1132/410
f 1000/1133/421 1001/1134/421 989/1120/421
f 1001/1134/420 1002/1135/420 990/1122/420
f 1002/1135/419 1003/1150/419 991/1123/419
f 991/1123/418 1003/1150/418 1004/1136/418
f 992/1124/417 1004/1136/417 1005/1137/417
f 1005/1137/416 994/1139/416 982/1126/416
f 1006/1138/427 1007/1140/427 995/1127/427
f 1007/1140/426 1008/1141/426 996/1128/426
f 1008/1141/425 1009/1142/425 997/1130/425
f 1009/1142/424 1010/1144/424 998/1143/424
f 1010/1144/423 1011/1145/423 999/1131/423
f 1011/1145/422 1012/1157/422 1000/1146/422
f 1012/1147/433 1013/1148/433 1001/1134/433
f 1013/1148/432 1014/1160/432 1002/1135/432
f 1002/1135/431 1014/1160/431 1015/1149/431
f 1015/1149/430 1016/1163/430 1004/1136/430
f 1004/1136/429 1016/1163/429 1017/1151/429
f 1017/1151/428 1006/1138/428 994/1139/428
f 1018/1152/439 1019/1153/439 1007/1140/439
f 1019/1153/438 1020/1154/438 1008/1141/438
f 1020/1154/437 1021/1155/437 1009/1142/437
f 1021/1155/436 1022/1168/436 1010/1144/436
f 1010/1144/435 1022/1168/435 1023/1156/435
f 1023/1156/434 1024/1170/434 1012/1157/434
f 1024/1158/615 1025/1159/615 1013/1148/615
f 1025/1159/444 1026/1161/444 1014/1160/444
f 1026/1161/443 1027/1162/443 1015/1149/443
f 1027/1162/442 1028/1174/442 1016/1163/442
f 1016/1163/441 1028/1174/441 1029/1164/441
f 1029/1164/440 1018/1152/440 1006/1138/440
f 1030/1165/451 1031/1178/451 1019/1153/451
f 1019/1153/450 1031/1178/450 1032/1166/450
f 1032/1166/449 1033/1167/449 1021/1155/449
f 1033/1167/448 1034/1182/448 1022/1168/448
f 1022/1168/447 1034/1182/447 1035/1169/447
f 1035/1169/446 1036/1184/446 1024/1170/446
f 1036/1171/457 1037/1172/457 1025/1159/457
f 1037/1172/456 1038/1187/456 1026/1161/456
f 1026/1161/455 1038/1187/455 1039/1173/455
f 1039/1173/454 1040/1175/454 1028/1174/454
f 1040/1175/453 1041/1176/453 1029/1164/453
f 1041/1176/452 1030/1165/452 1018/1152/452
f 1042/1177/463 1043/1179/463 1031/1178/463
f 1043/1179/462 1044/1193/462 1032/1166/462
f 1032/1166/461 1044/1193/461 1045/1180/461
f 1033/1167/460 1045/1180/460 1046/1181/460
f 1046/1181/459 1047/1197/459 1035/1169/459
f 1035/1169/458 1047/1197/458 1048/1183/458
f 1048/1185/469 1049/1186/469 1037/1172/469
f 1049/1186/468 1050/1188/468 1038/1187/468
f 1050/1188/467 1051/1189/467 1039/1173/467
f 1051/1189/466 1052/1190/466 1040/1175/466
f 1052/1190/465 1053/1191/465 1041/1176/465
f 1053/1191/464 1042/1177/464 1030/1165/464
f 1042/1177/475 1054/1205/475 1055/1192/475
f 1055/1192/474 1056/1194/474 1044/1193/474
f 1056/1194/473 1057/1195/473 1045/1180/473
f 1057/1195/472 1058/1196/472 1046/1181/472
f 1058/1196/471 1059/1198/471 1047/1197/471
f 1059/1198/470 1060/1211/470 1048/1183/470
f 1060/1199/481 1061/1213/481 1049/1186/481
f 1049/1186/480 1061/1213/480 1062/1200/480
f 1050/1188/479 1062/1200/479 1063/1201/479
f 1063/1201/478 1064/1202/478 1052/1190/478
f 1064/1202/477 1065/1203/477 1053/1191/477
f 1065/1203/476 1054/1205/476 1042/1177/476
f 1066/1204/487 1067/1206/487 1055/1192/487
f 1067/1206/486 1068/1207/486 1056/1194/486
f 1068/1207/485 1069/1208/485 1057/1195/485
f 1069/1208/484 1070/1209/484 1058/1196/484
f 1070/1209/483 1071/1223/483 1059/1198/483
f 1059/1198/482 1071/1223/482 1072/1210/482
f 1072/1212/493 1073/1214/493 1061/1213/493
f 1073/1214/492 1074/1227/492 1062/1200/492
f 1062/1200/491 1074/1227/491 1075/1215/491
f 1063/1201/490 1075/1215/490 1076/1216/490
f 1076/1216/489 1077/1217/489 1065/1203/489
f 1077/1217/488 1066/1204/488 1054/1205/488
f 1078/1218/499 1079/1219/499 1067/1206/499
f 1079/1219/498 1080/1220/498 1068/1207/498
f 1080/1220/497 1081/1221/497 1069/1208/497
f 1081/1221/496 1082/1222/496 1070/1209/496
f 1082/1222/495 1083/1224/495 1071/1223/495
f 1083/1224/494 1084/1236/494 1072/1210/494
f 1084/1225/505 1085/1226/505 1073/1214/505
f 1085/1226/504 1086/1228/504 1074/1227/504
f 1086/1228/503 1087/1240/503 1075/1215/503
f 1075/1215/502 1087/1240/502 1088/1229/502
f 1076/1216/501 1088/1229/501 1089/1230/501
f 1089/1230/500 1078/1218/500 1066/1204/500
f 1090/1231/511 1091/1232/511 1079/1219/511
f 1091/1232/510 1092/1244/510 1080/1220/510
f 1080/1220/509 1092/1244/509 1093/1233/509
f 1081/1221/508 1093/1233/508 1094/1234/508
f 1094/1234/507 1095/1235/507 1083/1224/507
f 1095/1235/506 1096/1249/506 1084/1236/506
f 1096/1237/517 1097/1238/517 1085/1226/517
f 1097/1238/516 1098/1239/516 1086/1228/516
f 1098/1239/515 1099/1241/515 1087/1240/515
f 1099/1241/514 1100/1242/514 1088/1229/514
f 1100/1242/513 1101/1255/513 1089/1230/513
f 1089/1230/512 1101/1255/512 1090/1231/512
f 1090/1231/523 1102/1256/523 1103/1243/523
f 1103/1243/522 1104/1245/522 1092/1244/522
f 1104/1245/521 1105/1246/521 1093/1233/521
f 1105/1246/520 1106/1247/520 1094/1234/520
f 1106/1247/519 1107/1248/519 1095/1235/519
f 1107/1248/518 1108/1261/518 1096/1249/518
f 1108/1250/529 1109/1251/529 1097/1238/529
f 1109/1251/528 1110/1252/528 1098/1239/528
f 1110/1252/527 1111/1253/527 1099/1241/527
f 1111/1253/526 1112/1266/526 1100/1242/526
f 1100/1242/525 1112/1266/525 1113/1254/525
f 1113/1254/524 1102/1256/524 1090/1231/524
f 1102/1256/535 1114/1268/535 1115/1257/535
f 1115/1257/534 1116/1270/534 1104/1245/534
f 1104/1245/533 1116/1270/533 1117/1258/533
f 1105/1246/532 1117/1258/532 1118/1259/532
f 1106/1247/531 1118/1259/531 1119/1260/531
f 1119/1260/530 1120/1274/530 1108/1261/530
f 1120/1262/541 1121/1263/541 1109/1251/541
f 1121/1263/540 1122/1264/540 1110/1252/540
f 1122/1264/539 1123/1265/539 1111/1253/539
f 1123/1265/538 1124/1278/538 1112/1266/538
f 1112/1266/537 1124/1278/537 1125/1267/537
f 1125/1267/536 1114/1268/536 1102/1256/536
f 1114/1268/547 1126/1282/547 1127/1269/547
f 1127/1269/546 1128/1284/546 1116/1270/546
f 1116/1270/545 1128/1284/545 1129/1271/545
f 1129/1271/544 1130/1272/544 1118/1259/544
f 1130/1272/543 1131/1273/543 1119/1260/543
f 1131/1273/542 1132/1289/542 1120/1274/542
f 1132/1275/553 1133/1291/553 1121/1263/553
f 1121/1263/552 1133/1291/552 1134/1276/552
f 1122/1264/551 1134/1276/551 1135/1277/551
f 1135/1277/550 1136/1279/550 1124/1278/550
f 1136/1279/549 1137/1280/549 1125/1267/549
f 1137/1280/548 1126/1282/548 1114/1268/548
f 1138/1281/559 1139/1283/559 1127/1269/559
f 1139/1283/558 1140/1285/558 1128/1284/558
f 1140/1285/557 1141/1286/557 1129/1271/557
f 1141/1286/556 1142/1287/556 1130/1272/556
f 1142/1287/555 1143/1288/555 1131/1273/555
f 1143/1288/554 1144/1300/554 1132/1289/554
f 1144/1290/565 1145/1302/565 1133/1291/565
f 1133/1291/564 1145/1302/564 1146/1292/564
f 1146/1292/563 1147/1293/563 1135/1277/563
f 1147/1293/562 1148/1306/562 1136/1279/562
f 1136/1279/561 1148/1306/561 1149/1294/561
f 1149/1294/560 1138/1281/560 1126/1282/560
f 1150/1295/571 1151/1296/571 1139/1283/571
f 1151/1296/570 1152/1311/570 1140/1285/570
f 1140/1285/569 1152/1311/569 1153/1297/569
f 1153/1297/568 1154/1298/568 1142/1287/568
f 1154/1298/567 1155/1299/567 1143/1288/567
f 1155/1299/566 1156/1316/566 1144/1300/566
f 1156/1301/577 1157/1303/577 1145/1302/577
f 1157/1303/576 1158/1304/576 1146/1292/576
f 1158/1304/575 1159/1305/575 1147/1293/575
f 1159/1305/574 1160/1307/574 1148/1306/574
f 1160/1307/573 1161/1308/573 1149/1294/573
f 1161/1308/572 1150/1295/572 1138/1281/572
f 1162/1309/583 1163/1310/583 1151/1296/583
f 1163/1310/582 1164/1312/582 1152/1311/582
f 1164/1312/581 1165/1313/581 1153/1297/581
f 1165/1313/580 1166/1314/580 1154/1298/580
f 1166/1314/579 1167/1315/579 1155/1299/579
f 1167/1315/578 1168/1327/578 1156/1316/578
f 1168/1317/589 1169/1329/589 1157/1303/589
f 1157/1303/588 1169/1329/588 1170/1318/588
f 1170/1318/587 1171/1319/587 1159/1305/587
f 1171/1319/586 1172/1320/586 1160/1307/586
f 1172/1320/585 1173/1321/585 1161/1308/585
f 1173/1321/584 1162/1309/584 1150/1295/584
f 1162/1309/595 1174/1334/595 1175/1322/595
f 1163/1310/594 1175/1322/594 1176/1323/594
f 1164/1312/593 1176/1323/593 1177/1324/593
f 1177/1324/592 1178/1325/592 1166/1314/592
f 1178/1325/591 1179/1335/591 1167/1315/591
f 1167/1315/590 1179/1335/590 1180/1326/590
f 1180/1328/601 1181/1330/601 1169/1329/601
f 1181/1330/600 1182/1336/600 1170/1318/600
f 1170/1318/599 1182/1336/599 1183/1331/599
f 1183/1331/598 1184/1332/598 1172/1320/598
f 1184/1332/597 1185/1333/597 1173/1321/597
f 1185/1333/596 1174/1334/596 1162/1309/596
f 610/705/607 611/704/607 1175/1322/607
f 611/704/606 612/707/606 1176/1323/606
f 612/707/605 613/708/605 1177/1324/605
f 613/708/604 614/710/604 1178/1325/604
f 614/710/603 615/712/603 1179/1335/603
f 615/712/602 616/714/602 1180/1326/602
f 1180/1328/613 616/717/613 617/716/613
f 617/716/612 618/719/612 1182/1336/612
f 618/719/611 619/721/611 1183/1331/611
f 619/721/610 620/723/610 1184/1332/610
f 1184/1332/609 620/723/609 621/725/609
f 1185/1333/608 621/725/608 610/705/608
o Cube
v -0.499401 0.612824 -0.383350
v -0.499401 0.635849 -0.383350
v -0.242841 0.612824 -0.383350
v -0.242841 0.635849 -0.383350
v -0.499401 0.612824 -0.304912
v -0.499401 0.635849 -0.304912
v -0.242841 0.612824 -0.304912
v -0.242841 0.635849 -0.304912
vn -0.0000 -0.0000 -1.0000
vn 1.0000 -0.0000 -0.0000
vn -0.0000 -0.0000 1.0000
vn -1.0000 -0.0000 -0.0000
vn -0.0000 -1.0000 -0.0000
vn -0.0000 1.0000 -0.0000
vt 0.731670 0.006914
vt 0.698017 0.040566
vt 0.698017 0.006914
vt 0.731670 0.040566
vt 0.698017 0.074219
vt 0.731670 0.074219
vt 0.698017 0.107871
vt 0.731670 0.107871
vt 0.698017 0.141524
vt 0.664365 0.107871
vt 0.664365 0.074219
vt 0.765323 0.074219
vt 0.731670 0.141524
vt 0.765323 0.107871
s 0
usemtl Material.001
f 1187/1340/618 1188/1341/618 1186/1342/618
f 1189/1343/619 1192/1344/619 1188/1341/619
f 1193/1345/620 1190/1346/620 1192/1344/620
f 1191/1347/621 1186/1348/621 1190/1346/621
f 1192/1344/622 1186/1349/622 1188/1350/622
f 1189/1351/623 1191/1347/623 1193/1345/623
f 1187/1340/618 1189/1343/618 1188/1341/618
f 1189/1343/619 1193/1345/619 1192/1344/619
f 1193/1345/620 1191/1347/620 1190/1346/620
f 1191/1347/621 1187/1352/621 1186/1348/621
f 1192/1344/622 1190/1346/622 1186/1349/622
f 1189/1351/623 1187/1353/623 1191/1347/623
o Cube.001
v 0.239647 0.612824 -0.383350
v 0.239647 0.635849 -0.383350
v 0.496207 0.612824 -0.383350
v 0.496207 0.635849 -0.383350
v 0.239647 0.612824 -0.304912
v 0.239647 0.635849 -0.304912
v 0.496207 0.612824 -0.304912
v 0.496207 0.635849 -0.304912
vn -0.0000 -0.0000 -1.0000
vn 1.0000 -0.0000 -0.0000
vn -0.0000 -0.0000 1.0000
vn -1.0000 -0.0000 -0.0000
vn -0.0000 -1.0000 -0.0000
vn -0.0000 1.0000 -0.0000
vt 0.965430 0.017184
vt 0.940819 0.041795
vt 0.940819 0.017184
vt 0.965430 0.041795
vt 0.940819 0.066406
vt 0.965430 0.066406
vt 0.940819 0.091017
vt 0.965430 0.091017
vt 0.940819 0.115629
vt 0.916208 0.091017
vt 0.916208 0.066406
vt 0.990042 0.066406
vt 0.965430 0.115629
vt 0.990042 0.091017
s 0
usemtl Material.001
f 1195/1354/624 1196/1355/624 1194/1356/624
f 1197/1357/625 1200/1358/625 1196/1355/625
f 1201/1359/626 1198/1360/626 1200/1358/626
f 1199/1361/627 1194/1362/627 1198/1360/627
f 1200/1358/628 1194/1363/628 1196/1364/628
f 1197/1365/629 1199/1361/629 1201/1359/629
f 1195/1354/624 1197/1357/624 1196/1355/624
f 1197/1357/625 1201/1359/625 1200/1358/625
f 1201/1359/626 1199/1361/626 1198/1360/626
f 1199/1361/627 1195/1366/627 1194/1362/627
f 1200/1358/628 1198/1360/628 1194/1363/628
f 1197/1365/629 1195/1367/629 1199/1361/629
