# Blender 4.1.1
# www.blender.org
mtllib a.mtl
o Text
v -0.580273 0.430700 -0.020000
v -0.564843 0.429836 -0.020000
v -0.549724 0.428448 -0.020000
v -0.534932 0.426581 -0.020000
v -0.520485 0.424277 -0.020000
v -0.506400 0.421581 -0.020000
v -0.492693 0.418536 -0.020000
v -0.479384 0.415187 -0.020000
v -0.466488 0.411576 -0.020000
v -0.454025 0.407748 -0.020000
v -0.442011 0.403748 -0.020000
v -0.436830 0.401895 -0.020000
v -0.436001 0.367923 -0.020000
v -0.436143 0.352242 -0.020000
v -0.436564 0.336606 -0.020000
v -0.437252 0.321091 -0.020000
v -0.438198 0.305696 -0.020000
v -0.439392 0.290422 -0.020000
v -0.440823 0.275268 -0.020000
v -0.442482 0.260235 -0.020000
v -0.444357 0.245321 -0.020000
v -0.446439 0.230527 -0.020000
v -0.448718 0.215852 -0.020000
v -0.451184 0.201298 -0.020000
v -0.450438 0.205370 -0.020000
v -0.453259 0.208147 -0.020000
v -0.469163 0.224837 -0.020000
v -0.484759 0.242348 -0.020000
v -0.500001 0.260725 -0.020000
v -0.514843 0.280014 -0.020000
v -0.529238 0.300261 -0.020000
v -0.543140 0.321514 -0.020000
v -0.556504 0.343820 -0.020000
v -0.569283 0.367224 -0.020000
v -0.581429 0.391776 -0.020000
v -0.592895 0.417523 -0.020000
v -0.598258 0.431000 -0.020000
v -0.596095 0.431000 -0.020000
v -0.717988 0.496723 -0.020000
v -0.739617 0.489945 -0.020000
v -0.768479 0.477798 -0.020000
v -0.795054 0.463370 -0.020000
v -0.819243 0.446798 -0.020000
v -0.840947 0.428224 -0.020000
v -0.860066 0.407792 -0.020000
v -0.876498 0.385653 -0.020000
v -0.890143 0.361965 -0.020000
v -0.900906 0.336888 -0.020000
v -0.908694 0.310590 -0.020000
v -0.913423 0.283239 -0.020000
v -0.915016 0.255000 -0.020000
v -0.912947 0.218298 -0.020000
v -0.906625 0.182605 -0.020000
v -0.895878 0.148178 -0.020000
v -0.880551 0.115301 -0.020000
v -0.860512 0.084263 -0.020000
v -0.835648 0.055350 -0.020000
v -0.805863 0.028828 -0.020000
v -0.771066 0.004943 -0.020000
v -0.731159 -0.016080 -0.020000
v -0.686028 -0.034029 -0.020000
v -0.635549 -0.048699 -0.020000
v -0.573269 -0.061143 -0.020000
v -0.518180 0.024693 -0.020000
v -0.576972 0.033112 -0.020000
v -0.616916 0.042152 -0.020000
v -0.653629 0.053922 -0.020000
v -0.686967 0.068272 -0.020000
v -0.716792 0.085046 -0.020000
v -0.742978 0.104088 -0.020000
v -0.765413 0.125248 -0.020000
v -0.784002 0.148392 -0.020000
v -0.798657 0.173411 -0.020000
v -0.809285 0.200223 -0.020000
v -0.815773 0.228772 -0.020000
v -0.817980 0.259083 -0.020000
v -0.816991 0.276685 -0.020000
v -0.814033 0.293922 -0.020000
v -0.809143 0.310620 -0.020000
v -0.802347 0.326686 -0.020000
v -0.793665 0.342026 -0.020000
v -0.783113 0.356545 -0.020000
v -0.770704 0.370140 -0.020000
v -0.756449 0.382706 -0.020000
v -0.740358 0.394131 -0.020000
v -0.722444 0.404300 -0.020000
v -0.702720 0.413093 -0.020000
v -0.689590 0.417545 -0.020000
v -0.678400 0.391085 -0.020000
v -0.662573 0.357218 -0.020000
v -0.645872 0.324701 -0.020000
v -0.628364 0.293562 -0.020000
v -0.610119 0.263829 -0.020000
v -0.591204 0.235529 -0.020000
v -0.571689 0.208689 -0.020000
v -0.551641 0.183338 -0.020000
v -0.531127 0.159502 -0.020000
v -0.510216 0.137210 -0.020000
v -0.488972 0.116488 -0.020000
v -0.472302 0.101668 -0.020000
v -0.472632 0.100480 -0.020000
v -0.474624 0.093384 -0.020000
v -0.476615 0.086372 -0.020000
v -0.478606 0.079445 -0.020000
v -0.480597 0.072601 -0.020000
v -0.482588 0.065841 -0.020000
v -0.484578 0.059165 -0.020000
v -0.486568 0.052574 -0.020000
v -0.488558 0.046066 -0.020000
v -0.490547 0.039642 -0.020000
v -0.492536 0.033303 -0.020000
v -0.497594 0.017392 -0.020000
v -0.406183 -0.010539 -0.020000
v -0.390908 0.042921 -0.020000
v -0.388020 0.041249 -0.020000
v -0.373705 0.033574 -0.020000
v -0.359231 0.026436 -0.020000
v -0.344630 0.019875 -0.020000
v -0.329933 0.013929 -0.020000
v -0.315171 0.008639 -0.020000
v -0.300376 0.004044 -0.020000
v -0.285579 0.000187 -0.020000
v -0.270810 -0.002891 -0.020000
v -0.256101 -0.005146 -0.020000
v -0.241484 -0.006533 -0.020000
v -0.226899 -0.007009 -0.020000
v -0.209725 -0.006101 -0.020000
v -0.193102 -0.003334 -0.020000
v -0.177268 0.001326 -0.020000
v -0.162386 0.007917 -0.020000
v -0.148639 0.016465 -0.020000
v -0.136219 0.026975 -0.020000
v -0.125320 0.039423 -0.020000
v -0.116120 0.053762 -0.020000
v -0.108771 0.069935 -0.020000
v -0.103398 0.087885 -0.020000
v -0.100105 0.107576 -0.020000
v -0.098982 0.129093 -0.020000
v -0.101356 0.162626 -0.020000
v -0.108267 0.195974 -0.020000
v -0.119360 0.228774 -0.020000
v -0.134298 0.260794 -0.020000
v -0.152754 0.291809 -0.020000
v -0.174412 0.321600 -0.020000
v -0.198967 0.349947 -0.020000
v -0.226118 0.376625 -0.020000
v -0.255568 0.401409 -0.020000
v -0.287024 0.424069 -0.020000
v -0.320196 0.444372 -0.020000
v -0.349270 0.459254 -0.020000
v -0.349572 0.465990 -0.020000
v -0.350248 0.478562 -0.020000
v -0.351021 0.491102 -0.020000
v -0.351877 0.503601 -0.020000
v -0.352802 0.516048 -0.020000
v -0.353783 0.528433 -0.020000
v -0.354804 0.540745 -0.020000
v -0.355852 0.552974 -0.020000
v -0.356913 0.565109 -0.020000
v -0.357974 0.577140 -0.020000
v -0.359019 0.589056 -0.020000
v -0.359085 0.589820 -0.020000
v -0.309047 0.588999 -0.020000
v -0.297437 0.589081 -0.020000
v -0.284693 0.589313 -0.020000
v -0.271013 0.589676 -0.020000
v -0.256640 0.590155 -0.020000
v -0.241817 0.590730 -0.020000
v -0.226793 0.591385 -0.020000
v -0.211814 0.592103 -0.020000
v -0.197128 0.592866 -0.020000
v -0.182984 0.593657 -0.020000
v -0.169628 0.594459 -0.020000
v -0.157308 0.595255 -0.020000
v -0.137246 0.596658 -0.020000
v -0.134684 0.692719 -0.020000
v -0.156197 0.689383 -0.020000
v -0.167617 0.687878 -0.020000
v -0.180588 0.686378 -0.020000
v -0.194754 0.684915 -0.020000
v -0.209769 0.683519 -0.020000
v -0.225291 0.682219 -0.020000
v -0.240981 0.681043 -0.020000
v -0.256499 0.680019 -0.020000
v -0.271505 0.679175 -0.020000
v -0.285657 0.678539 -0.020000
v -0.298604 0.678139 -0.020000
v -0.309987 0.678001 -0.020000
v -0.368971 0.678868 -0.020000
v -0.376031 0.746815 -0.020000
v -0.376288 0.751125 -0.020000
v -0.376588 0.755652 -0.020000
v -0.376900 0.760109 -0.020000
v -0.377210 0.764477 -0.020000
v -0.377504 0.768731 -0.020000
v -0.377768 0.772849 -0.020000
v -0.377989 0.776807 -0.020000
v -0.378154 0.780577 -0.020000
v -0.378251 0.784131 -0.020000
v -0.378268 0.787436 -0.020000
v -0.378197 0.790457 -0.020000
v -0.377358 0.804256 -0.020000
v -0.486200 0.801665 -0.020000
v -0.480205 0.785332 -0.020000
v -0.479096 0.782039 -0.020000
v -0.478011 0.778564 -0.020000
v -0.476956 0.774943 -0.020000
v -0.475932 0.771214 -0.020000
v -0.474942 0.767410 -0.020000
v -0.473987 0.763568 -0.020000
v -0.473070 0.759719 -0.020000
v -0.472189 0.755896 -0.020000
v -0.471347 0.752131 -0.020000
v -0.470543 0.748456 -0.020000
v -0.469834 0.745166 -0.020000
v -0.459802 0.681628 -0.020000
v -0.479066 0.682632 -0.020000
v -0.510338 0.684579 -0.020000
v -0.541290 0.686844 -0.020000
v -0.571869 0.689440 -0.020000
v -0.602023 0.692382 -0.020000
v -0.631698 0.695681 -0.020000
v -0.660841 0.699352 -0.020000
v -0.689398 0.703407 -0.020000
v -0.717317 0.707861 -0.020000
v -0.744544 0.712725 -0.020000
v -0.771025 0.718012 -0.020000
v -0.808833 0.726436 -0.020000
v -0.810115 0.631531 -0.020000
v -0.774753 0.625709 -0.020000
v -0.746790 0.621457 -0.020000
v -0.717933 0.617403 -0.020000
v -0.688312 0.613558 -0.020000
v -0.658056 0.609938 -0.020000
v -0.627297 0.606555 -0.020000
v -0.596165 0.603423 -0.020000
v -0.564791 0.600556 -0.020000
v -0.533305 0.597967 -0.020000
v -0.501838 0.595671 -0.020000
v -0.470522 0.593681 -0.020000
v -0.448099 0.592475 -0.020000
v -0.447973 0.591220 -0.020000
v -0.447036 0.581341 -0.020000
v -0.446133 0.571353 -0.020000
v -0.445261 0.561266 -0.020000
v -0.444415 0.551091 -0.020000
v -0.443594 0.540839 -0.020000
v -0.442793 0.530519 -0.020000
v -0.442009 0.520144 -0.020000
v -0.441239 0.509722 -0.020000
v -0.440479 0.499265 -0.020000
v -0.439725 0.488783 -0.020000
v -0.439981 0.492369 -0.020000
v -0.440567 0.492529 -0.020000
v -0.455033 0.496137 -0.020000
v -0.469601 0.499433 -0.020000
v -0.484219 0.502412 -0.020000
v -0.498838 0.505068 -0.020000
v -0.513407 0.507392 -0.020000
v -0.527876 0.509379 -0.020000
v -0.542197 0.511022 -0.020000
v -0.556319 0.512313 -0.020000
v -0.570193 0.513245 -0.020000
v -0.583770 0.513811 -0.020000
v -0.597063 0.514002 -0.020000
v -0.626621 0.513203 -0.020000
v -0.627441 0.515937 -0.020000
v -0.628665 0.519831 -0.020000
v -0.629828 0.523936 -0.020000
v -0.630979 0.528399 -0.020000
v -0.632099 0.533137 -0.020000
v -0.633170 0.538070 -0.020000
v -0.634176 0.543121 -0.020000
v -0.635102 0.548214 -0.020000
v -0.635932 0.553271 -0.020000
v -0.636652 0.558218 -0.020000
v -0.637249 0.562973 -0.020000
v -0.637707 0.567456 -0.020000
v -0.638916 0.583615 -0.020000
v -0.740670 0.557855 -0.020000
v -0.734713 0.543496 -0.020000
v -0.733112 0.539428 -0.020000
v -0.731419 0.534950 -0.020000
v -0.729664 0.530157 -0.020000
v -0.727875 0.525139 -0.020000
v -0.726077 0.519985 -0.020000
v -0.724298 0.514782 -0.020000
v -0.722561 0.509615 -0.020000
v -0.720892 0.504569 -0.020000
v -0.719317 0.499731 -0.020000
v -0.717859 0.495185 -0.020000
v -0.716628 0.491281 -0.020000
v -0.195369 0.133024 -0.020000
v -0.196427 0.125010 -0.020000
v -0.198134 0.117978 -0.020000
v -0.200433 0.111910 -0.020000
v -0.203277 0.106750 -0.020000
v -0.206646 0.102406 -0.020000
v -0.210579 0.098768 -0.020000
v -0.215168 0.095752 -0.020000
v -0.220529 0.093329 -0.020000
v -0.226759 0.091526 -0.020000
v -0.233916 0.090399 -0.020000
v -0.242061 0.090009 -0.020000
v -0.251237 0.090337 -0.020000
v -0.260871 0.091339 -0.020000
v -0.270886 0.093030 -0.020000
v -0.281258 0.095422 -0.020000
v -0.291964 0.098529 -0.020000
v -0.302980 0.102363 -0.020000
v -0.314280 0.106934 -0.020000
v -0.325842 0.112252 -0.020000
v -0.337642 0.118326 -0.020000
v -0.349656 0.125165 -0.020000
v -0.361861 0.132778 -0.020000
v -0.368949 0.137587 -0.020000
v -0.366750 0.149147 -0.020000
v -0.363501 0.167592 -0.020000
v -0.360461 0.186344 -0.020000
v -0.357653 0.205350 -0.020000
v -0.355095 0.224554 -0.020000
v -0.352810 0.243904 -0.020000
v -0.350818 0.263344 -0.020000
v -0.349141 0.282819 -0.020000
v -0.347799 0.302277 -0.020000
v -0.346814 0.321663 -0.020000
v -0.346207 0.340922 -0.020000
v -0.346000 0.359946 -0.020000
v -0.346000 0.360091 -0.020000
v -0.337808 0.355042 -0.020000
v -0.315771 0.339198 -0.020000
v -0.295008 0.321975 -0.020000
v -0.275703 0.303591 -0.020000
v -0.258042 0.284265 -0.020000
v -0.242206 0.264223 -0.020000
v -0.228375 0.243694 -0.020000
v -0.216721 0.222910 -0.020000
v -0.207413 0.202112 -0.020000
v -0.200605 0.181540 -0.020000
v -0.196438 0.161436 -0.020000
v -0.195015 0.141838 -0.020000
v -0.580273 0.430700 0.020000
v -0.564843 0.429836 0.020000
v -0.549724 0.428448 0.020000
v -0.534932 0.426581 0.020000
v -0.520485 0.424277 0.020000
v -0.506400 0.421581 0.020000
v -0.492693 0.418536 0.020000
v -0.479384 0.415187 0.020000
v -0.466488 0.411576 0.020000
v -0.454025 0.407748 0.020000
v -0.442011 0.403748 0.020000
v -0.436830 0.401895 0.020000
v -0.436001 0.367923 0.020000
v -0.436143 0.352242 0.020000
v -0.436564 0.336606 0.020000
v -0.437252 0.321091 0.020000
v -0.438198 0.305696 0.020000
v -0.439392 0.290422 0.020000
v -0.440823 0.275268 0.020000
v -0.442482 0.260235 0.020000
v -0.444357 0.245321 0.020000
v -0.446439 0.230527 0.020000
v -0.448718 0.215852 0.020000
v -0.451184 0.201298 0.020000
v -0.450438 0.205370 0.020000
v -0.453259 0.208147 0.020000
v -0.469163 0.224837 0.020000
v -0.484759 0.242348 0.020000
v -0.500001 0.260725 0.020000
v -0.514843 0.280014 0.020000
v -0.529238 0.300261 0.020000
v -0.543140 0.321514 0.020000
v -0.556504 0.343820 0.020000
v -0.569283 0.367224 0.020000
v -0.581429 0.391776 0.020000
v -0.592895 0.417523 0.020000
v -0.598258 0.431000 0.020000
v -0.596095 0.431000 0.020000
v -0.717988 0.496723 0.020000
v -0.739617 0.489945 0.020000
v -0.768479 0.477798 0.020000
v -0.795054 0.463370 0.020000
v -0.819243 0.446798 0.020000
v -0.840947 0.428224 0.020000
v -0.860066 0.407792 0.020000
v -0.876498 0.385653 0.020000
v -0.890143 0.361965 0.020000
v -0.900906 0.336888 0.020000
v -0.908694 0.310590 0.020000
v -0.913423 0.283239 0.020000
v -0.915016 0.255000 0.020000
v -0.912947 0.218298 0.020000
v -0.906625 0.182605 0.020000
v -0.895878 0.148178 0.020000
v -0.880551 0.115301 0.020000
v -0.860512 0.084263 0.020000
v -0.835648 0.055350 0.020000
v -0.805863 0.028828 0.020000
v -0.771066 0.004943 0.020000
v -0.731159 -0.016080 0.020000
v -0.686028 -0.034029 0.020000
v -0.635549 -0.048699 0.020000
v -0.573269 -0.061143 0.020000
v -0.518180 0.024693 0.020000
v -0.576972 0.033112 0.020000
v -0.616916 0.042152 0.020000
v -0.653629 0.053922 0.020000
v -0.686967 0.068272 0.020000
v -0.716792 0.085046 0.020000
v -0.742978 0.104088 0.020000
v -0.765413 0.125248 0.020000
v -0.784002 0.148392 0.020000
v -0.798657 0.173411 0.020000
v -0.809285 0.200223 0.020000
v -0.815773 0.228772 0.020000
v -0.817980 0.259083 0.020000
v -0.816991 0.276685 0.020000
v -0.814033 0.293922 0.020000
v -0.809143 0.310620 0.020000
v -0.802347 0.326686 0.020000
v -0.793665 0.342026 0.020000
v -0.783113 0.356545 0.020000
v -0.770704 0.370140 0.020000
v -0.756449 0.382706 0.020000
v -0.740358 0.394131 0.020000
v -0.722444 0.404300 0.020000
v -0.702720 0.413093 0.020000
v -0.689590 0.417545 0.020000
v -0.678400 0.391085 0.020000
v -0.662573 0.357218 0.020000
v -0.645872 0.324701 0.020000
v -0.628364 0.293562 0.020000
v -0.610119 0.263829 0.020000
v -0.591204 0.235529 0.020000
v -0.571689 0.208689 0.020000
v -0.551641 0.183338 0.020000
v -0.531127 0.159502 0.020000
v -0.510216 0.137210 0.020000
v -0.488972 0.116488 0.020000
v -0.472302 0.101668 0.020000
v -0.472632 0.100480 0.020000
v -0.474624 0.093384 0.020000
v -0.476615 0.086372 0.020000
v -0.478606 0.079445 0.020000
v -0.480597 0.072601 0.020000
v -0.482588 0.065841 0.020000
v -0.484578 0.059165 0.020000
v -0.486568 0.052574 0.020000
v -0.488558 0.046066 0.020000
v -0.490547 0.039642 0.020000
v -0.492536 0.033303 0.020000
v -0.497594 0.017392 0.020000
v -0.406183 -0.010540 0.020000
v -0.390908 0.042921 0.020000
v -0.388020 0.041249 0.020000
v -0.373705 0.033574 0.020000
v -0.359231 0.026436 0.020000
v -0.344630 0.019875 0.020000
v -0.329933 0.013929 0.020000
v -0.315171 0.008639 0.020000
v -0.300376 0.004044 0.020000
v -0.285579 0.000187 0.020000
v -0.270810 -0.002891 0.020000
v -0.256101 -0.005146 0.020000
v -0.241484 -0.006533 0.020000
v -0.226899 -0.007009 0.020000
v -0.209725 -0.006101 0.020000
v -0.193102 -0.003334 0.020000
v -0.177268 0.001326 0.020000
v -0.162386 0.007917 0.020000
v -0.148639 0.016465 0.020000
v -0.136219 0.026975 0.020000
v -0.125320 0.039423 0.020000
v -0.116120 0.053762 0.020000
v -0.108771 0.069935 0.020000
v -0.103398 0.087885 0.020000
v -0.100105 0.107576 0.020000
v -0.098982 0.129093 0.020000
v -0.101356 0.162626 0.020000
v -0.108267 0.195974 0.020000
v -0.119360 0.228774 0.020000
v -0.134298 0.260794 0.020000
v -0.152754 0.291809 0.020000
v -0.174412 0.321600 0.020000
v -0.198967 0.349947 0.020000
v -0.226118 0.376625 0.020000
v -0.255568 0.401409 0.020000
v -0.287024 0.424069 0.020000
v -0.320196 0.444372 0.020000
v -0.349270 0.459254 0.020000
v -0.349572 0.465990 0.020000
v -0.350248 0.478562 0.020000
v -0.351021 0.491102 0.020000
v -0.351877 0.503601 0.020000
v -0.352802 0.516048 0.020000
v -0.353783 0.528433 0.020000
v -0.354804 0.540745 0.020000
v -0.355852 0.552974 0.020000
v -0.356913 0.565109 0.020000
v -0.357974 0.577140 0.020000
v -0.359019 0.589056 0.020000
v -0.359085 0.589820 0.020000
v -0.309047 0.588999 0.020000
v -0.297437 0.589081 0.020000
v -0.284693 0.589313 0.020000
v -0.271013 0.589676 0.020000
v -0.256640 0.590155 0.020000
v -0.241817 0.590730 0.020000
v -0.226793 0.591385 0.020000
v -0.211814 0.592103 0.020000
v -0.197128 0.592866 0.020000
v -0.182984 0.593657 0.020000
v -0.169628 0.594459 0.020000
v -0.157308 0.595255 0.020000
v -0.137246 0.596658 0.020000
v -0.134684 0.692719 0.020000
v -0.156197 0.689383 0.020000
v -0.167617 0.687878 0.020000
v -0.180588 0.686378 0.020000
v -0.194754 0.684915 0.020000
v -0.209769 0.683519 0.020000
v -0.225291 0.682219 0.020000
v -0.240981 0.681043 0.020000
v -0.256499 0.680019 0.020000
v -0.271505 0.679175 0.020000
v -0.285657 0.678539 0.020000
v -0.298604 0.678139 0.020000
v -0.309987 0.678001 0.020000
v -0.368971 0.678868 0.020000
v -0.376031 0.746815 0.020000
v -0.376288 0.751125 0.020000
v -0.376588 0.755652 0.020000
v -0.376900 0.760109 0.020000
v -0.377210 0.764477 0.020000
v -0.377504 0.768731 0.020000
v -0.377768 0.772849 0.020000
v -0.377989 0.776807 0.020000
v -0.378154 0.780577 0.020000
v -0.378251 0.784131 0.020000
v -0.378268 0.787436 0.020000
v -0.378197 0.790457 0.020000
v -0.377358 0.804256 0.020000
v -0.486200 0.801665 0.020000
v -0.480205 0.785332 0.020000
v -0.479096 0.782039 0.020000
v -0.478011 0.778564 0.020000
v -0.476956 0.774943 0.020000
v -0.475932 0.771214 0.020000
v -0.474942 0.767410 0.020000
v -0.473987 0.763568 0.020000
v -0.473070 0.759719 0.020000
v -0.472189 0.755896 0.020000
v -0.471347 0.752131 0.020000
v -0.470543 0.748456 0.020000
v -0.469834 0.745166 0.020000
v -0.459802 0.681628 0.020000
v -0.479066 0.682632 0.020000
v -0.510338 0.684579 0.020000
v -0.541290 0.686844 0.020000
v -0.571869 0.689440 0.020000
v -0.602023 0.692382 0.020000
v -0.631698 0.695681 0.020000
v -0.660841 0.699352 0.020000
v -0.689398 0.703407 0.020000
v -0.717317 0.707861 0.020000
v -0.744544 0.712725 0.020000
v -0.771025 0.718012 0.020000
v -0.808833 0.726436 0.020000
v -0.810115 0.631531 0.020000
v -0.774753 0.625709 0.020000
v -0.746790 0.621457 0.020000
v -0.717933 0.617403 0.020000
v -0.688312 0.613558 0.020000
v -0.658056 0.609938 0.020000
v -0.627297 0.606555 0.020000
v -0.596165 0.603423 0.020000
v -0.564791 0.600556 0.020000
v -0.533305 0.597967 0.020000
v -0.501838 0.595671 0.020000
v -0.470522 0.593681 0.020000
v -0.448099 0.592475 0.020000
v -0.447973 0.591220 0.020000
v -0.447036 0.581341 0.020000
v -0.446133 0.571353 0.020000
v -0.445261 0.561266 0.020000
v -0.444415 0.551091 0.020000
v -0.443594 0.540839 0.020000
v -0.442793 0.530519 0.020000
v -0.442009 0.520144 0.020000
v -0.441239 0.509722 0.020000
v -0.440479 0.499265 0.020000
v -0.439725 0.488783 0.020000
v -0.439981 0.492369 0.020000
v -0.440567 0.492529 0.020000
v -0.455033 0.496137 0.020000
v -0.469601 0.499433 0.020000
v -0.484219 0.502412 0.020000
v -0.498838 0.505068 0.020000
v -0.513407 0.507392 0.020000
v -0.527876 0.509379 0.020000
v -0.542197 0.511022 0.020000
v -0.556319 0.512313 0.020000
v -0.570193 0.513245 0.020000
v -0.583770 0.513811 0.020000
v -0.597063 0.514002 0.020000
v -0.626621 0.513203 0.020000
v -0.627441 0.515937 0.020000
v -0.628665 0.519831 0.020000
v -0.629828 0.523936 0.020000
v -0.630979 0.528399 0.020000
v -0.632099 0.533137 0.020000
v -0.633170 0.538070 0.020000
v -0.634176 0.543121 0.020000
v -0.635102 0.548214 0.020000
v -0.635932 0.553271 0.020000
v -0.636652 0.558218 0.020000
v -0.637249 0.562973 0.020000
v -0.637707 0.567456 0.020000
v -0.638916 0.583615 0.020000
v -0.740670 0.557855 0.020000
v -0.734713 0.543496 0.020000
v -0.733112 0.539428 0.020000
v -0.731419 0.534950 0.020000
v -0.729664 0.530157 0.020000
v -0.727875 0.525139 0.020000
v -0.726077 0.519985 0.020000
v -0.724298 0.514782 0.020000
v -0.722561 0.509615 0.020000
v -0.720892 0.504569 0.020000
v -0.719317 0.499731 0.020000
v -0.717859 0.495185 0.020000
v -0.716628 0.491281 0.020000
v -0.195369 0.133024 0.020000
v -0.196427 0.125010 0.020000
v -0.198134 0.117978 0.020000
v -0.200433 0.111910 0.020000
v -0.203277 0.106750 0.020000
v -0.206646 0.102406 0.020000
v -0.210579 0.098768 0.020000
v -0.215168 0.095752 0.020000
v -0.220529 0.093329 0.020000
v -0.226759 0.091526 0.020000
v -0.233916 0.090399 0.020000
v -0.242061 0.090009 0.020000
v -0.251237 0.090337 0.020000
v -0.260871 0.091339 0.020000
v -0.270886 0.093030 0.020000
v -0.281258 0.095422 0.020000
v -0.291964 0.098529 0.020000
v -0.302980 0.102363 0.020000
v -0.314280 0.106934 0.020000
v -0.325842 0.112252 0.020000
v -0.337642 0.118326 0.020000
v -0.349656 0.125165 0.020000
v -0.361861 0.132778 0.020000
v -0.368949 0.137587 0.020000
v -0.366750 0.149147 0.020000
v -0.363501 0.167592 0.020000
v -0.360461 0.186344 0.020000
v -0.357653 0.205350 0.020000
v -0.355095 0.224554 0.020000
v -0.352810 0.243904 0.020000
v -0.350818 0.263344 0.020000
v -0.349141 0.282819 0.020000
v -0.347799 0.302277 0.020000
v -0.346814 0.321663 0.020000
v -0.346207 0.340922 0.020000
v -0.346000 0.359946 0.020000
v -0.346000 0.360091 0.020000
v -0.337808 0.355042 0.020000
v -0.315771 0.339198 0.020000
v -0.295008 0.321975 0.020000
v -0.275703 0.303591 0.020000
v -0.258042 0.284265 0.020000
v -0.242206 0.264223 0.020000
v -0.228375 0.243694 0.020000
v -0.216721 0.222910 0.020000
v -0.207413 0.202112 0.020000
v -0.200605 0.181540 0.020000
v -0.196438 0.161436 0.020000
v -0.195015 0.141838 0.020000
v -0.580273 0.430700 0.020000
v -0.580273 0.430700 -0.020000
v -0.564843 0.429836 0.020000
v -0.564843 0.429836 -0.020000
v -0.549724 0.428448 0.020000
v -0.549724 0.428448 -0.020000
v -0.534932 0.426581 0.020000
v -0.534932 0.426581 -0.020000
v -0.520485 0.424277 0.020000
v -0.520485 0.424277 -0.020000
v -0.506400 0.421581 0.020000
v -0.506400 0.421581 -0.020000
v -0.492693 0.418536 0.020000
v -0.492693 0.418536 -0.020000
v -0.479384 0.415187 0.020000
v -0.479384 0.415187 -0.020000
v -0.466488 0.411576 0.020000
v -0.466488 0.411576 -0.020000
v -0.454025 0.407748 0.020000
v -0.454025 0.407748 -0.020000
v -0.442011 0.403748 0.020000
v -0.442011 0.403748 -0.020000
v -0.436830 0.401895 0.020000
v -0.436830 0.401895 -0.020000
v -0.436001 0.367923 0.020000
v -0.436001 0.367923 -0.020000
v -0.436143 0.352242 0.020000
v -0.436143 0.352242 -0.020000
v -0.436564 0.336606 0.020000
v -0.436564 0.336606 -0.020000
v -0.437252 0.321091 0.020000
v -0.437252 0.321091 -0.020000
v -0.438198 0.305696 0.020000
v -0.438198 0.305696 -0.020000
v -0.439392 0.290422 0.020000
v -0.439392 0.290422 -0.020000
v -0.440823 0.275268 0.020000
v -0.440823 0.275268 -0.020000
v -0.442482 0.260235 0.020000
v -0.442482 0.260235 -0.020000
v -0.444357 0.245321 0.020000
v -0.444357 0.245321 -0.020000
v -0.446439 0.230527 0.020000
v -0.446439 0.230527 -0.020000
v -0.448718 0.215852 0.020000
v -0.448718 0.215852 -0.020000
v -0.451184 0.201298 0.020000
v -0.451184 0.201298 -0.020000
v -0.450438 0.205370 0.020000
v -0.450438 0.205370 -0.020000
v -0.453259 0.208147 0.020000
v -0.453259 0.208147 -0.020000
v -0.469163 0.224837 0.020000
v -0.469163 0.224837 -0.020000
v -0.484759 0.242348 0.020000
v -0.484759 0.242348 -0.020000
v -0.500001 0.260725 0.020000
v -0.500001 0.260725 -0.020000
v -0.514843 0.280014 0.020000
v -0.514843 0.280014 -0.020000
v -0.529238 0.300261 0.020000
v -0.529238 0.300261 -0.020000
v -0.543140 0.321514 0.020000
v -0.543140 0.321514 -0.020000
v -0.556504 0.343820 0.020000
v -0.556504 0.343820 -0.020000
v -0.569283 0.367224 0.020000
v -0.569283 0.367224 -0.020000
v -0.581429 0.391776 0.020000
v -0.581429 0.391776 -0.020000
v -0.592895 0.417523 0.020000
v -0.592895 0.417523 -0.020000
v -0.598258 0.431000 0.020000
v -0.598258 0.431000 -0.020000
v -0.596095 0.431000 0.020000
v -0.596095 0.431000 -0.020000
v -0.717988 0.496723 0.020000
v -0.717988 0.496723 -0.020000
v -0.739617 0.489945 0.020000
v -0.739617 0.489945 -0.020000
v -0.768479 0.477798 0.020000
v -0.768479 0.477798 -0.020000
v -0.795054 0.463370 0.020000
v -0.795054 0.463370 -0.020000
v -0.819243 0.446798 0.020000
v -0.819243 0.446798 -0.020000
v -0.840947 0.428224 0.020000
v -0.840947 0.428224 -0.020000
v -0.860066 0.407792 0.020000
v -0.860066 0.407792 -0.020000
v -0.876498 0.385653 0.020000
v -0.876498 0.385653 -0.020000
v -0.890143 0.361965 0.020000
v -0.890143 0.361965 -0.020000
v -0.900906 0.336888 0.020000
v -0.900906 0.336888 -0.020000
v -0.908694 0.310590 0.020000
v -0.908694 0.310590 -0.020000
v -0.913423 0.283239 0.020000
v -0.913423 0.283239 -0.020000
v -0.915016 0.255000 0.020000
v -0.915016 0.255000 -0.020000
v -0.912947 0.218298 0.020000
v -0.912947 0.218298 -0.020000
v -0.906625 0.182605 0.020000
v -0.906625 0.182605 -0.020000
v -0.895878 0.148178 0.020000
v -0.895878 0.148178 -0.020000
v -0.880551 0.115301 0.020000
v -0.880551 0.115301 -0.020000
v -0.860512 0.084263 0.020000
v -0.860512 0.084263 -0.020000
v -0.835648 0.055350 0.020000
v -0.835648 0.055350 -0.020000
v -0.805863 0.028828 0.020000
v -0.805863 0.028828 -0.020000
v -0.771066 0.004943 0.020000
v -0.771066 0.004943 -0.020000
v -0.731159 -0.016080 0.020000
v -0.731159 -0.016080 -0.020000
v -0.686028 -0.034029 0.020000
v -0.686028 -0.034029 -0.020000
v -0.635549 -0.048699 0.020000
v -0.635549 -0.048699 -0.020000
v -0.573269 -0.061143 0.020000
v -0.573269 -0.061143 -0.020000
v -0.518180 0.024693 0.020000
v -0.518180 0.024693 -0.020000
v -0.576972 0.033112 0.020000
v -0.576972 0.033112 -0.020000
v -0.616916 0.042152 0.020000
v -0.616916 0.042152 -0.020000
v -0.653629 0.053922 0.020000
v -0.653629 0.053922 -0.020000
v -0.686967 0.068272 0.020000
v -0.686967 0.068272 -0.020000
v -0.716792 0.085046 0.020000
v -0.716792 0.085046 -0.020000
v -0.742978 0.104088 0.020000
v -0.742978 0.104088 -0.020000
v -0.765413 0.125248 0.020000
v -0.765413 0.125248 -0.020000
v -0.784002 0.148392 0.020000
v -0.784002 0.148392 -0.020000
v -0.798657 0.173411 0.020000
v -0.798657 0.173411 -0.020000
v -0.809285 0.200223 0.020000
v -0.809285 0.200223 -0.020000
v -0.815773 0.228772 0.020000
v -0.815773 0.228772 -0.020000
v -0.817980 0.259083 0.020000
v -0.817980 0.259083 -0.020000
v -0.816991 0.276685 0.020000
v -0.816991 0.276685 -0.020000
v -0.814033 0.293922 0.020000
v -0.814033 0.293922 -0.020000
v -0.809143 0.310620 0.020000
v -0.809143 0.310620 -0.020000
v -0.802347 0.326686 0.020000
v -0.802347 0.326686 -0.020000
v -0.793665 0.342026 0.020000
v -0.793665 0.342026 -0.020000
v -0.783113 0.356545 0.020000
v -0.783113 0.356545 -0.020000
v -0.770704 0.370140 0.020000
v -0.770704 0.370140 -0.020000
v -0.756449 0.382706 0.020000
v -0.756449 0.382706 -0.020000
v -0.740358 0.394131 0.020000
v -0.740358 0.394131 -0.020000
v -0.722444 0.404300 0.020000
v -0.722444 0.404300 -0.020000
v -0.702720 0.413093 0.020000
v -0.702720 0.413093 -0.020000
v -0.689590 0.417545 0.020000
v -0.689590 0.417545 -0.020000
v -0.678400 0.391085 0.020000
v -0.678400 0.391085 -0.020000
v -0.662573 0.357218 0.020000
v -0.662573 0.357218 -0.020000
v -0.645872 0.324701 0.020000
v -0.645872 0.324701 -0.020000
v -0.628364 0.293562 0.020000
v -0.628364 0.293562 -0.020000
v -0.610119 0.263829 0.020000
v -0.610119 0.263829 -0.020000
v -0.591204 0.235529 0.020000
v -0.591204 0.235529 -0.020000
v -0.571689 0.208689 0.020000
v -0.571689 0.208689 -0.020000
v -0.551641 0.183338 0.020000
v -0.551641 0.183338 -0.020000
v -0.531127 0.159502 0.020000
v -0.531127 0.159502 -0.020000
v -0.510216 0.137210 0.020000
v -0.510216 0.137210 -0.020000
v -0.488972 0.116488 0.020000
v -0.488972 0.116488 -0.020000
v -0.472302 0.101668 0.020000
v -0.472302 0.101668 -0.020000
v -0.472632 0.100480 0.020000
v -0.472632 0.100480 -0.020000
v -0.474624 0.093384 0.020000
v -0.474624 0.093384 -0.020000
v -0.476615 0.086372 0.020000
v -0.476615 0.086372 -0.020000
v -0.478606 0.079445 0.020000
v -0.478606 0.079445 -0.020000
v -0.480597 0.072601 0.020000
v -0.480597 0.072601 -0.020000
v -0.482588 0.065841 0.020000
v -0.482588 0.065841 -0.020000
v -0.484578 0.059165 0.020000
v -0.484578 0.059165 -0.020000
v -0.486568 0.052574 0.020000
v -0.486568 0.052574 -0.020000
v -0.488558 0.046066 0.020000
v -0.488558 0.046066 -0.020000
v -0.490547 0.039642 0.020000
v -0.490547 0.039642 -0.020000
v -0.492536 0.033303 0.020000
v -0.492536 0.033303 -0.020000
v -0.497594 0.017392 0.020000
v -0.497594 0.017392 -0.020000
v -0.406183 -0.010540 0.020000
v -0.406183 -0.010539 -0.020000
v -0.390908 0.042921 0.020000
v -0.390908 0.042921 -0.020000
v -0.388020 0.041249 0.020000
v -0.388020 0.041249 -0.020000
v -0.373705 0.033574 0.020000
v -0.373705 0.033574 -0.020000
v -0.359231 0.026436 0.020000
v -0.359231 0.026436 -0.020000
v -0.344630 0.019875 0.020000
v -0.344630 0.019875 -0.020000
v -0.329933 0.013929 0.020000
v -0.329933 0.013929 -0.020000
v -0.315171 0.008639 0.020000
v -0.315171 0.008639 -0.020000
v -0.300376 0.004044 0.020000
v -0.300376 0.004044 -0.020000
v -0.285579 0.000187 0.020000
v -0.285579 0.000187 -0.020000
v -0.270810 -0.002891 0.020000
v -0.270810 -0.002891 -0.020000
v -0.256101 -0.005146 0.020000
v -0.256101 -0.005146 -0.020000
v -0.241484 -0.006533 0.020000
v -0.241484 -0.006533 -0.020000
v -0.226899 -0.007009 0.020000
v -0.226899 -0.007009 -0.020000
v -0.209725 -0.006101 0.020000
v -0.209725 -0.006101 -0.020000
v -0.193102 -0.003334 0.020000
v -0.193102 -0.003334 -0.020000
v -0.177268 0.001326 0.020000
v -0.177268 0.001326 -0.020000
v -0.162386 0.007917 0.020000
v -0.162386 0.007917 -0.020000
v -0.148639 0.016465 0.020000
v -0.148639 0.016465 -0.020000
v -0.136219 0.026975 0.020000
v -0.136219 0.026975 -0.020000
v -0.125320 0.039423 0.020000
v -0.125320 0.039423 -0.020000
v -0.116120 0.053762 0.020000
v -0.116120 0.053762 -0.020000
v -0.108771 0.069935 0.020000
v -0.108771 0.069935 -0.020000
v -0.103398 0.087885 0.020000
v -0.103398 0.087885 -0.020000
v -0.100105 0.107576 0.020000
v -0.100105 0.107576 -0.020000
v -0.098982 0.129093 0.020000
v -0.098982 0.129093 -0.020000
v -0.101356 0.162626 0.020000
v -0.101356 0.162626 -0.020000
v -0.108267 0.195974 0.020000
v -0.108267 0.195974 -0.020000
v -0.119360 0.228774 0.020000
v -0.119360 0.228774 -0.020000
v -0.134298 0.260794 0.020000
v -0.134298 0.260794 -0.020000
v -0.152754 0.291809 0.020000
v -0.152754 0.291809 -0.020000
v -0.174412 0.321600 0.020000
v -0.174412 0.321600 -0.020000
v -0.198967 0.349947 0.020000
v -0.198967 0.349947 -0.020000
v -0.226118 0.376625 0.020000
v -0.226118 0.376625 -0.020000
v -0.255568 0.401409 0.020000
v -0.255568 0.401409 -0.020000
v -0.287024 0.424069 0.020000
v -0.287024 0.424069 -0.020000
v -0.320196 0.444372 0.020000
v -0.320196 0.444372 -0.020000
v -0.349270 0.459254 0.020000
v -0.349270 0.459254 -0.020000
v -0.349572 0.465990 0.020000
v -0.349572 0.465990 -0.020000
v -0.350248 0.478562 0.020000
v -0.350248 0.478562 -0.020000
v -0.351021 0.491102 0.020000
v -0.351021 0.491102 -0.020000
v -0.351877 0.503601 0.020000
v -0.351877 0.503601 -0.020000
v -0.352802 0.516048 0.020000
v -0.352802 0.516048 -0.020000
v -0.353783 0.528433 0.020000
v -0.353783 0.528433 -0.020000
v -0.354804 0.540745 0.020000
v -0.354804 0.540745 -0.020000
v -0.355852 0.552974 0.020000
v -0.355852 0.552974 -0.020000
v -0.356913 0.565109 0.020000
v -0.356913 0.565109 -0.020000
v -0.357974 0.577140 0.020000
v -0.357974 0.577140 -0.020000
v -0.359019 0.589056 0.020000
v -0.359019 0.589056 -0.020000
v -0.359085 0.589820 0.020000
v -0.359085 0.589820 -0.020000
v -0.309047 0.588999 0.020000
v -0.309047 0.588999 -0.020000
v -0.297437 0.589081 0.020000
v -0.297437 0.589081 -0.020000
v -0.284693 0.589313 0.020000
v -0.284693 0.589313 -0.020000
v -0.271013 0.589676 0.020000
v -0.271013 0.589676 -0.020000
v -0.256640 0.590155 0.020000
v -0.256640 0.590155 -0.020000
v -0.241817 0.590730 0.020000
v -0.241817 0.590730 -0.020000
v -0.226793 0.591385 0.020000
v -0.226793 0.591385 -0.020000
v -0.211814 0.592103 0.020000
v -0.211814 0.592103 -0.020000
v -0.197128 0.592866 0.020000
v -0.197128 0.592866 -0.020000
v -0.182984 0.593657 0.020000
v -0.182984 0.593657 -0.020000
v -0.169628 0.594459 0.020000
v -0.169628 0.594459 -0.020000
v -0.157308 0.595255 0.020000
v -0.157308 0.595255 -0.020000
v -0.137246 0.596658 0.020000
v -0.137246 0.596658 -0.020000
v -0.134684 0.692719 0.020000
v -0.134684 0.692719 -0.020000
v -0.156197 0.689383 0.020000
v -0.156197 0.689383 -0.020000
v -0.167617 0.687878 0.020000
v -0.167617 0.687878 -0.020000
v -0.180588 0.686378 0.020000
v -0.180588 0.686378 -0.020000
v -0.194754 0.684915 0.020000
v -0.194754 0.684915 -0.020000
v -0.209769 0.683519 0.020000
v -0.209769 0.683519 -0.020000
v -0.225291 0.682219 0.020000
v -0.225291 0.682219 -0.020000
v -0.240981 0.681043 0.020000
v -0.240981 0.681043 -0.020000
v -0.256499 0.680019 0.020000
v -0.256499 0.680019 -0.020000
v -0.271505 0.679175 0.020000
v -0.271505 0.679175 -0.020000
v -0.285657 0.678539 0.020000
v -0.285657 0.678539 -0.020000
v -0.298604 0.678139 0.020000
v -0.298604 0.678139 -0.020000
v -0.309987 0.678001 0.020000
v -0.309987 0.678001 -0.020000
v -0.368971 0.678868 0.020000
v -0.368971 0.678868 -0.020000
v -0.376031 0.746815 0.020000
v -0.376031 0.746815 -0.020000
v -0.376288 0.751125 0.020000
v -0.376288 0.751125 -0.020000
v -0.376588 0.755652 0.020000
v -0.376588 0.755652 -0.020000
v -0.376900 0.760109 0.020000
v -0.376900 0.760109 -0.020000
v -0.377210 0.764477 0.020000
v -0.377210 0.764477 -0.020000
v -0.377504 0.768731 0.020000
v -0.377504 0.768731 -0.020000
v -0.377768 0.772849 0.020000
v -0.377768 0.772849 -0.020000
v -0.377989 0.776807 0.020000
v -0.377989 0.776807 -0.020000
v -0.378154 0.780577 0.020000
v -0.378154 0.780577 -0.020000
v -0.378251 0.784131 0.020000
v -0.378251 0.784131 -0.020000
v -0.378268 0.787436 0.020000
v -0.378268 0.787436 -0.020000
v -0.378197 0.790457 0.020000
v -0.378197 0.790457 -0.020000
v -0.377358 0.804256 0.020000
v -0.377358 0.804256 -0.020000
v -0.486200 0.801665 0.020000
v -0.486200 0.801665 -0.020000
v -0.480205 0.785332 0.020000
v -0.480205 0.785332 -0.020000
v -0.479096 0.782039 0.020000
v -0.479096 0.782039 -0.020000
v -0.478011 0.778564 0.020000
v -0.478011 0.778564 -0.020000
v -0.476956 0.774943 0.020000
v -0.476956 0.774943 -0.020000
v -0.475932 0.771214 0.020000
v -0.475932 0.771214 -0.020000
v -0.474942 0.767410 0.020000
v -0.474942 0.767410 -0.020000
v -0.473987 0.763568 0.020000
v -0.473987 0.763568 -0.020000
v -0.473070 0.759719 0.020000
v -0.473070 0.759719 -0.020000
v -0.472189 0.755896 0.020000
v -0.472189 0.755896 -0.020000
v -0.471347 0.752131 0.020000
v -0.471347 0.752131 -0.020000
v -0.470543 0.748456 0.020000
v -0.470543 0.748456 -0.020000
v -0.469834 0.745166 0.020000
v -0.469834 0.745166 -0.020000
v -0.459802 0.681628 0.020000
v -0.459802 0.681628 -0.020000
v -0.479066 0.682632 0.020000
v -0.479066 0.682632 -0.020000
v -0.510338 0.684579 0.020000
v -0.510338 0.684579 -0.020000
v -0.541290 0.686844 0.020000
v -0.541290 0.686844 -0.020000
v -0.571869 0.689440 0.020000
v -0.571869 0.689440 -0.020000
v -0.602023 0.692382 0.020000
v -0.602023 0.692382 -0.020000
v -0.631698 0.695681 0.020000
v -0.631698 0.695681 -0.020000
v -0.660841 0.699352 0.020000
v -0.660841 0.699352 -0.020000
v -0.689398 0.703407 0.020000
v -0.689398 0.703407 -0.020000
v -0.717317 0.707861 0.020000
v -0.717317 0.707861 -0.020000
v -0.744544 0.712725 0.020000
v -0.744544 0.712725 -0.020000
v -0.771025 0.718012 0.020000
v -0.771025 0.718012 -0.020000
v -0.808833 0.726436 0.020000
v -0.808833 0.726436 -0.020000
v -0.810115 0.631531 0.020000
v -0.810115 0.631531 -0.020000
v -0.774753 0.625709 0.020000
v -0.774753 0.625709 -0.020000
v -0.746790 0.621457 0.020000
v -0.746790 0.621457 -0.020000
v -0.717933 0.617403 0.020000
v -0.717933 0.617403 -0.020000
v -0.688312 0.613558 0.020000
v -0.688312 0.613558 -0.020000
v -0.658056 0.609938 0.020000
v -0.658056 0.609938 -0.020000
v -0.627297 0.606555 0.020000
v -0.627297 0.606555 -0.020000
v -0.596165 0.603423 0.020000
v -0.596165 0.603423 -0.020000
v -0.564791 0.600556 0.020000
v -0.564791 0.600556 -0.020000
v -0.533305 0.597967 0.020000
v -0.533305 0.597967 -0.020000
v -0.501838 0.595671 0.020000
v -0.501838 0.595671 -0.020000
v -0.470522 0.593681 0.020000
v -0.470522 0.593681 -0.020000
v -0.448099 0.592475 0.020000
v -0.448099 0.592475 -0.020000
v -0.447973 0.591220 0.020000
v -0.447973 0.591220 -0.020000
v -0.447036 0.581341 0.020000
v -0.447036 0.581341 -0.020000
v -0.446133 0.571353 0.020000
v -0.446133 0.571353 -0.020000
v -0.445261 0.561266 0.020000
v -0.445261 0.561266 -0.020000
v -0.444415 0.551091 0.020000
v -0.444415 0.551091 -0.020000
v -0.443594 0.540839 0.020000
v -0.443594 0.540839 -0.020000
v -0.442793 0.530519 0.020000
v -0.442793 0.530519 -0.020000
v -0.442009 0.520144 0.020000
v -0.442009 0.520144 -0.020000
v -0.441239 0.509722 0.020000
v -0.441239 0.509722 -0.020000
v -0.440479 0.499265 0.020000
v -0.440479 0.499265 -0.020000
v -0.439725 0.488783 0.020000
v -0.439725 0.488783 -0.020000
v -0.439981 0.492369 0.020000
v -0.439981 0.492369 -0.020000
v -0.440567 0.492529 0.020000
v -0.440567 0.492529 -0.020000
v -0.455033 0.496137 0.020000
v -0.455033 0.496137 -0.020000
v -0.469601 0.499433 0.020000
v -0.469601 0.499433 -0.020000
v -0.484219 0.502412 0.020000
v -0.484219 0.502412 -0.020000
v -0.498838 0.505068 0.020000
v -0.498838 0.505068 -0.020000
v -0.513407 0.507392 0.020000
v -0.513407 0.507392 -0.020000
v -0.527876 0.509379 0.020000
v -0.527876 0.509379 -0.020000
v -0.542197 0.511022 0.020000
v -0.542197 0.511022 -0.020000
v -0.556319 0.512313 0.020000
v -0.556319 0.512313 -0.020000
v -0.570193 0.513245 0.020000
v -0.570193 0.513245 -0.020000
v -0.583770 0.513811 0.020000
v -0.583770 0.513811 -0.020000
v -0.597063 0.514002 0.020000
v -0.597063 0.514002 -0.020000
v -0.626621 0.513203 0.020000
v -0.626621 0.513203 -0.020000
v -0.627441 0.515937 0.020000
v -0.627441 0.515937 -0.020000
v -0.628665 0.519831 0.020000
v -0.628665 0.519831 -0.020000
v -0.629828 0.523936 0.020000
v -0.629828 0.523936 -0.020000
v -0.630979 0.528399 0.020000
v -0.630979 0.528399 -0.020000
v -0.632099 0.533137 0.020000
v -0.632099 0.533137 -0.020000
v -0.633170 0.538070 0.020000
v -0.633170 0.538070 -0.020000
v -0.634176 0.543121 0.020000
v -0.634176 0.543121 -0.020000
v -0.635102 0.548214 0.020000
v -0.635102 0.548214 -0.020000
v -0.635932 0.553271 0.020000
v -0.635932 0.553271 -0.020000
v -0.636652 0.558218 0.020000
v -0.636652 0.558218 -0.020000
v -0.637249 0.562973 0.020000
v -0.637249 0.562973 -0.020000
v -0.637707 0.567456 0.020000
v -0.637707 0.567456 -0.020000
v -0.638916 0.583615 0.020000
v -0.638916 0.583615 -0.020000
v -0.740670 0.557855 0.020000
v -0.740670 0.557855 -0.020000
v -0.734713 0.543496 0.020000
v -0.734713 0.543496 -0.020000
v -0.733112 0.539428 0.020000
v -0.733112 0.539428 -0.020000
v -0.731419 0.534950 0.020000
v -0.731419 0.534950 -0.020000
v -0.729664 0.530157 0.020000
v -0.729664 0.530157 -0.020000
v -0.727875 0.525139 0.020000
v -0.727875 0.525139 -0.020000
v -0.726077 0.519985 0.020000
v -0.726077 0.519985 -0.020000
v -0.724298 0.514782 0.020000
v -0.724298 0.514782 -0.020000
v -0.722561 0.509615 0.020000
v -0.722561 0.509615 -0.020000
v -0.720892 0.504569 0.020000
v -0.720892 0.504569 -0.020000
v -0.719317 0.499731 0.020000
v -0.719317 0.499731 -0.020000
v -0.717859 0.495185 0.020000
v -0.717859 0.495185 -0.020000
v -0.716628 0.491281 0.020000
v -0.716628 0.491281 -0.020000
v -0.195369 0.133024 0.020000
v -0.195369 0.133024 -0.020000
v -0.196427 0.125010 0.020000
v -0.196427 0.125010 -0.020000
v -0.198134 0.117978 0.020000
v -0.198134 0.117978 -0.020000
v -0.200433 0.111910 0.020000
v -0.200433 0.111910 -0.020000
v -0.203277 0.106750 0.020000
v -0.203277 0.106750 -0.020000
v -0.206646 0.102406 0.020000
v -0.206646 0.102406 -0.020000
v -0.210579 0.098768 0.020000
v -0.210579 0.098768 -0.020000
v -0.215168 0.095752 0.020000
v -0.215168 0.095752 -0.020000
v -0.220529 0.093329 0.020000
v -0.220529 0.093329 -0.020000
v -0.226759 0.091526 0.020000
v -0.226759 0.091526 -0.020000
v -0.233916 0.090399 0.020000
v -0.233916 0.090399 -0.020000
v -0.242061 0.090009 0.020000
v -0.242061 0.090009 -0.020000
v -0.251237 0.090337 0.020000
v -0.251237 0.090337 -0.020000
v -0.260871 0.091339 0.020000
v -0.260871 0.091339 -0.020000
v -0.270886 0.093030 0.020000
v -0.270886 0.093030 -0.020000
v -0.281258 0.095422 0.020000
v -0.281258 0.095422 -0.020000
v -0.291964 0.098529 0.020000
v -0.291964 0.098529 -0.020000
v -0.302980 0.102363 0.020000
v -0.302980 0.102363 -0.020000
v -0.314280 0.106934 0.020000
v -0.314280 0.106934 -0.020000
v -0.325842 0.112252 0.020000
v -0.325842 0.112252 -0.020000
v -0.337642 0.118326 0.020000
v -0.337642 0.118326 -0.020000
v -0.349656 0.125165 0.020000
v -0.349656 0.125165 -0.020000
v -0.361861 0.132778 0.020000
v -0.361861 0.132778 -0.020000
v -0.368949 0.137587 0.020000
v -0.368949 0.137587 -0.020000
v -0.366750 0.149147 0.020000
v -0.366750 0.149147 -0.020000
v -0.363501 0.167592 0.020000
v -0.363501 0.167592 -0.020000
v -0.360461 0.186344 0.020000
v -0.360461 0.186344 -0.020000
v -0.357653 0.205350 0.020000
v -0.357653 0.205350 -0.020000
v -0.355095 0.224554 0.020000
v -0.355095 0.224554 -0.020000
v -0.352810 0.243904 0.020000
v -0.352810 0.243904 -0.020000
v -0.350818 0.263344 0.020000
v -0.350818 0.263344 -0.020000
v -0.349141 0.282819 0.020000
v -0.349141 0.282819 -0.020000
v -0.347799 0.302277 0.020000
v -0.347799 0.302277 -0.020000
v -0.346814 0.321663 0.020000
v -0.346814 0.321663 -0.020000
v -0.346207 0.340922 0.020000
v -0.346207 0.340922 -0.020000
v -0.346000 0.359946 0.020000
v -0.346000 0.359946 -0.020000
v -0.346000 0.360091 0.020000
v -0.346000 0.360091 -0.020000
v -0.337808 0.355042 0.020000
v -0.337808 0.355042 -0.020000
v -0.315771 0.339198 0.020000
v -0.315771 0.339198 -0.020000
v -0.295008 0.321975 0.020000
v -0.295008 0.321975 -0.020000
v -0.275703 0.303591 0.020000
v -0.275703 0.303591 -0.020000
v -0.258042 0.284265 0.020000
v -0.258042 0.284265 -0.020000
v -0.242206 0.264223 0.020000
v -0.242206 0.264223 -0.020000
v -0.228375 0.243694 0.020000
v -0.228375 0.243694 -0.020000
v -0.216721 0.222910 0.020000
v -0.216721 0.222910 -0.020000
v -0.207413 0.202112 0.020000
v -0.207413 0.202112 -0.020000
v -0.200605 0.181540 0.020000
v -0.200605 0.181540 -0.020000
v -0.196438 0.161436 0.020000
v -0.196438 0.161436 -0.020000
v -0.195015 0.141838 0.020000
v -0.195015 0.141838 -0.020000
vn -0.0000 -0.0000 -1.0000
vn -0.0000 -0.0000 1.0000
vn -0.0737 -0.9973 -0.0000
vn -0.0374 -0.9993 -0.0000
vn -0.1083 -0.9941 -0.0000
vn -0.1414 -0.9900 -0.0000
vn -0.1727 -0.9850 -0.0000
vn -0.2024 -0.9793 -0.0000
vn -0.2305 -0.9731 -0.0000
vn -0.2569 -0.9664 -0.0000
vn -0.2816 -0.9595 -0.0000
vn -0.3048 -0.9524 -0.0000
vn -0.3263 -0.9453 -0.0000
vn -0.8105 -0.5858 -0.0000
vn -0.3263 -0.9452 -0.0000
vn -1.0000 -0.0077 -0.0000
vn -0.9998 0.0180 -0.0000
vn -0.9994 0.0356 -0.0000
vn -0.9986 0.0528 -0.0000
vn -0.9976 0.0696 -0.0000
vn -0.9963 0.0860 -0.0000
vn -0.9948 0.1018 -0.0000
vn -0.9931 0.1172 -0.0000
vn -0.9912 0.1321 -0.0000
vn -0.9892 0.1464 -0.0000
vn -0.9871 0.1602 -0.0000
vn -0.1696 -0.9855 -0.0000
vn 0.9535 0.3014 -0.0000
vn 0.7128 0.7013 -0.0000
vn 0.7355 0.6776 -0.0000
vn 0.7583 0.6519 -0.0000
vn 0.7354 0.6776 -0.0000
vn 0.7813 0.6242 -0.0000
vn 0.7583 0.6518 -0.0000
vn 0.8039 0.5947 -0.0000
vn 0.8261 0.5635 -0.0000
vn 0.8475 0.5308 -0.0000
vn 0.8679 0.4967 -0.0000
vn 0.8872 0.4614 -0.0000
vn 0.9051 0.4252 -0.0000
vn 0.9215 0.3884 -0.0000
vn 0.8275 -0.5614 -0.0000
vn -0.0095 -1.0000 -0.0000
vn 0.8276 -0.5614 -0.0000
vn -0.3439 0.9390 -0.0000
vn 0.4891 0.8722 -0.0000
vn -0.4331 0.9014 -0.0000
vn -0.5219 0.8530 -0.0000
vn -0.6086 0.7935 -0.0000
vn -0.6913 0.7226 -0.0000
vn -0.7678 0.6407 -0.0000
vn -0.8362 0.5485 -0.0000
vn -0.8943 0.4475 -0.0000
vn -0.9405 0.3398 -0.0000
vn -0.9738 0.2276 -0.0000
vn -0.9935 0.1135 -0.0000
vn -1.0000 -0.0000 -0.0000
vn -0.9933 -0.1156 -0.0000
vn -0.9716 -0.2367 -0.0000
vn -0.9325 -0.3611 -0.0000
vn -0.8753 -0.4836 -0.0000
vn -0.8010 -0.5986 -0.0000
vn -0.7132 -0.7010 -0.0000
vn -0.6167 -0.7872 -0.0000
vn -0.5169 -0.8561 -0.0000
vn -0.4184 -0.9083 -0.0000
vn -0.3247 -0.9458 -0.0000
vn -0.2377 -0.9713 -0.0000
vn 0.3908 -0.9205 -0.0000
vn 0.9094 0.4160 -0.0000
vn 0.1814 0.9834 -0.0000
vn 0.2633 0.9647 -0.0000
vn 0.3507 0.9365 -0.0000
vn 0.4434 0.8963 -0.0000
vn 0.5401 0.8416 -0.0000
vn 0.6384 0.7697 -0.0000
vn 0.7346 0.6785 -0.0000
vn 0.8235 0.5673 -0.0000
vn 0.8989 0.4382 -0.0000
vn 0.9552 0.2959 -0.0000
vn 0.9891 0.1475 -0.0000
vn 1.0000 0.0083 -0.0000
vn 0.9936 -0.1128 -0.0000
vn 0.9743 -0.2254 -0.0000
vn 0.9419 -0.3359 -0.0000
vn 0.8971 -0.4418 -0.0000
vn 0.8410 -0.5411 -0.0000
vn 0.7750 -0.6320 -0.0000
vn 0.7009 -0.7132 -0.0000
vn 0.6210 -0.7838 -0.0000
vn 0.7010 -0.7132 -0.0000
vn 0.5370 -0.8436 -0.0000
vn 0.4509 -0.8925 -0.0000
vn 0.3645 -0.9312 -0.0000
vn 0.4510 -0.8925 -0.0000
vn -0.4095 -0.9123 -0.0000
vn -0.9136 -0.4065 -0.0000
vn -0.8979 -0.4402 -0.0000
vn -0.8808 -0.4736 -0.0000
vn -0.8622 -0.5066 -0.0000
vn -0.8420 -0.5394 -0.0000
vn -0.8203 -0.5720 -0.0000
vn -0.7968 -0.6043 -0.0000
vn -0.7713 -0.6364 -0.0000
vn -0.7967 -0.6043 -0.0000
vn -0.7438 -0.6684 -0.0000
vn -0.7140 -0.7002 -0.0000
vn -0.6815 -0.7318 -0.0000
vn -0.9592 -0.2828 -0.0000
vn -0.9632 0.2688 -0.0000
vn -0.9624 0.2717 -0.0000
vn -0.9615 0.2747 -0.0000
vn -0.9606 0.2778 -0.0000
vn -0.9597 0.2809 -0.0000
vn -0.9588 0.2841 -0.0000
vn -0.9578 0.2874 -0.0000
vn -0.9568 0.2907 -0.0000
vn -0.9558 0.2941 -0.0000
vn -0.9547 0.2976 -0.0000
vn -0.9536 0.3011 -0.0000
vn -0.8855 -0.4647 -0.0000
vn 0.4777 -0.8785 -0.0000
vn -0.8855 -0.4646 -0.0000
vn 0.3746 -0.9272 -0.0000
vn -0.4868 -0.8735 -0.0000
vn -0.4575 -0.8892 -0.0000
vn -0.4262 -0.9047 -0.0000
vn -0.3925 -0.9197 -0.0000
vn -0.3563 -0.9344 -0.0000
vn -0.3171 -0.9484 -0.0000
vn -0.2745 -0.9616 -0.0000
vn -0.2282 -0.9736 -0.0000
vn -0.1778 -0.9841 -0.0000
vn -0.1230 -0.9924 -0.0000
vn -0.0636 -0.9980 -0.0000
vn 0.0101 -0.9999 -0.0000
vn 0.1087 -0.9941 -0.0000
vn 0.2237 -0.9747 -0.0000
vn 0.3444 -0.9388 -0.0000
vn 0.4676 -0.8839 -0.0000
vn 0.5886 -0.8084 -0.0000
vn 0.7011 -0.7130 -0.0000
vn 0.7992 -0.6010 -0.0000
vn 0.7011 -0.7131 -0.0000
vn 0.8783 -0.4781 -0.0000
vn 0.9364 -0.3510 -0.0000
vn 0.9741 -0.2263 -0.0000
vn 0.9941 -0.1087 -0.0000
vn 1.0000 0.0093 -0.0000
vn 0.9906 0.1371 -0.0000
vn 0.9650 0.2621 -0.0000
vn 0.9282 0.3721 -0.0000
vn 0.8839 0.4677 -0.0000
vn 0.8350 0.5503 -0.0000
vn 0.7831 0.6220 -0.0000
vn 0.7290 0.6846 -0.0000
vn 0.6729 0.7397 -0.0000
vn 0.7289 0.6846 -0.0000
vn 0.6146 0.7888 -0.0000
vn 0.5537 0.8327 -0.0000
vn 0.4892 0.8722 -0.0000
vn 0.8412 0.5407 -0.0000
vn 0.9988 0.0492 -0.0000
vn 0.9983 0.0576 -0.0000
vn 0.9979 0.0649 -0.0000
vn 0.9975 0.0712 -0.0000
vn 0.9971 0.0765 -0.0000
vn 0.9967 0.0808 -0.0000
vn 0.9965 0.0840 -0.0000
vn 0.9963 0.0863 -0.0000
vn 0.9962 0.0875 -0.0000
vn 0.9962 0.0876 -0.0000
vn 0.9962 0.0867 -0.0000
vn 0.7313 -0.6821 -0.0000
vn -0.0047 -1.0000 -0.0000
vn 0.0126 -0.9999 -0.0000
vn 0.0224 -0.9997 -0.0000
vn 0.0299 -0.9996 -0.0000
vn 0.0360 -0.9994 -0.0000
vn 0.0412 -0.9992 -0.0000
vn 0.0457 -0.9990 -0.0000
vn 0.0499 -0.9988 -0.0000
vn 0.0539 -0.9985 -0.0000
vn 0.0579 -0.9983 -0.0000
vn 0.0622 -0.9981 -0.0000
vn 0.0671 -0.9977 -0.0000
vn 0.7222 -0.6917 -0.0000
vn 0.6607 0.7506 -0.0000
vn -0.1420 0.9899 -0.0000
vn 0.6608 0.7506 -0.0000
vn -0.1228 0.9924 -0.0000
vn -0.1088 0.9941 -0.0000
vn -0.0977 0.9952 -0.0000
vn -0.0880 0.9961 -0.0000
vn -0.0791 0.9969 -0.0000
vn -0.0703 0.9975 -0.0000
vn -0.0610 0.9981 -0.0000
vn -0.0505 0.9987 -0.0000
vn -0.0379 0.9993 -0.0000
vn -0.0215 0.9998 -0.0000
vn 0.0013 1.0000 -0.0000
vn 0.6750 0.7378 -0.0000
vn 0.9967 0.0815 -0.0000
vn 0.9980 0.0628 -0.0000
vn 0.9977 0.0679 -0.0000
vn 0.9975 0.0703 -0.0000
vn 0.9976 0.0698 -0.0000
vn 0.9978 0.0665 -0.0000
vn 0.9976 0.0699 -0.0000
vn 0.9982 0.0599 -0.0000
vn 0.9988 0.0498 -0.0000
vn 0.9994 0.0355 -0.0000
vn 0.9999 0.0162 -0.0000
vn 1.0000 -0.0092 -0.0000
vn 0.9991 -0.0421 -0.0000
vn 1.0000 -0.0091 -0.0000
vn 0.7200 0.6940 -0.0000
vn -0.8267 0.5626 -0.0000
vn 0.7201 0.6939 -0.0000
vn -0.9433 -0.3319 -0.0000
vn -0.8267 0.5627 -0.0000
vn -0.9512 -0.3085 -0.0000
vn -0.9573 -0.2889 -0.0000
vn -0.9622 -0.2724 -0.0000
vn -0.9661 -0.2583 -0.0000
vn -0.9692 -0.2465 -0.0000
vn -0.9716 -0.2365 -0.0000
vn -0.9736 -0.2282 -0.0000
vn -0.9752 -0.2214 -0.0000
vn -0.9736 -0.2281 -0.0000
vn -0.9764 -0.2161 -0.0000
vn -0.9772 -0.2122 -0.0000
vn -0.9764 -0.2160 -0.0000
vn -0.9830 -0.1834 -0.0000
vn -0.7431 0.6692 -0.0000
vn 0.0571 0.9984 -0.0000
vn 0.0676 0.9977 -0.0000
vn 0.0788 0.9969 -0.0000
vn 0.0908 0.9959 -0.0000
vn 0.1038 0.9946 -0.0000
vn 0.1177 0.9930 -0.0000
vn 0.1328 0.9911 -0.0000
vn 0.1491 0.9888 -0.0000
vn 0.1667 0.9860 -0.0000
vn 0.1858 0.9826 -0.0000
vn 0.2067 0.9784 -0.0000
vn -0.6202 0.7845 -0.0000
vn -0.7667 -0.6420 -0.0000
vn -0.6202 0.7844 -0.0000
vn -0.1564 -0.9877 -0.0000
vn -0.1447 -0.9895 -0.0000
vn -0.1339 -0.9910 -0.0000
vn -0.1238 -0.9923 -0.0000
vn -0.1141 -0.9935 -0.0000
vn -0.1047 -0.9945 -0.0000
vn -0.0956 -0.9954 -0.0000
vn -0.0865 -0.9963 -0.0000
vn -0.0774 -0.9970 -0.0000
vn -0.0681 -0.9977 -0.0000
vn -0.0586 -0.9983 -0.0000
vn -0.6907 -0.7231 -0.0000
vn -0.9953 -0.0969 -0.0000
vn -0.9957 -0.0922 -0.0000
vn -0.9961 -0.0881 -0.0000
vn -0.9964 -0.0845 -0.0000
vn -0.9967 -0.0813 -0.0000
vn -0.9969 -0.0786 -0.0000
vn -0.9971 -0.0764 -0.0000
vn -0.9972 -0.0745 -0.0000
vn -0.9973 -0.0731 -0.0000
vn -0.9974 -0.0721 -0.0000
vn 0.1721 -0.9851 -0.0000
vn 0.7727 0.6347 -0.0000
vn 0.1070 -0.9943 -0.0000
vn 0.2529 0.9675 -0.0000
vn 0.7727 0.6348 -0.0000
vn 0.2314 0.9729 -0.0000
vn 0.2528 0.9675 -0.0000
vn 0.2102 0.9777 -0.0000
vn 0.1892 0.9819 -0.0000
vn 0.1681 0.9858 -0.0000
vn 0.1468 0.9892 -0.0000
vn 0.1250 0.9922 -0.0000
vn 0.1025 0.9947 -0.0000
vn 0.0790 0.9969 -0.0000
vn 0.0543 0.9985 -0.0000
vn 0.0280 0.9996 -0.0000
vn -0.0063 1.0000 -0.0000
vn 0.5860 0.8103 -0.0000
vn 0.9559 0.2937 -0.0000
vn 0.5861 0.8103 -0.0000
vn 0.9582 0.2863 -0.0000
vn 0.9653 0.2611 -0.0000
vn 0.9581 0.2863 -0.0000
vn 0.9708 0.2399 -0.0000
vn 0.9752 0.2211 -0.0000
vn 0.9790 0.2038 -0.0000
vn 0.9823 0.1871 -0.0000
vn 0.9854 0.1704 -0.0000
vn 0.9882 0.1531 -0.0000
vn 0.9909 0.1343 -0.0000
vn 0.9882 0.1530 -0.0000
vn 0.9936 0.1131 -0.0000
vn 0.9909 0.1342 -0.0000
vn 0.9961 0.0882 -0.0000
vn 0.5843 0.8115 -0.0000
vn -0.8939 0.4482 -0.0000
vn 0.5844 0.8115 -0.0000
vn -0.9271 -0.3747 -0.0000
vn -0.8939 0.4483 -0.0000
vn -0.9330 -0.3600 -0.0000
vn -0.9372 -0.3487 -0.0000
vn -0.9405 -0.3399 -0.0000
vn -0.9372 -0.3488 -0.0000
vn -0.9431 -0.3326 -0.0000
vn -0.9452 -0.3265 -0.0000
vn -0.9470 -0.3211 -0.0000
vn -0.9487 -0.3163 -0.0000
vn -0.9501 -0.3118 -0.0000
vn -0.9516 -0.3075 -0.0000
vn -0.9530 -0.3030 -0.0000
vn 0.2716 -0.9624 -0.0000
vn 0.2718 -0.9624 -0.0000
vn -0.9830 0.1836 -0.0000
vn -0.9963 0.0856 -0.0000
vn -0.9553 0.2957 -0.0000
vn -0.9077 0.4195 -0.0000
vn -0.8355 0.5494 -0.0000
vn -0.7371 0.6758 -0.0000
vn -0.6162 0.7876 -0.0000
vn -0.4820 0.8762 -0.0000
vn -0.3458 0.9383 -0.0000
vn -0.2172 0.9761 -0.0000
vn -0.1019 0.9948 -0.0000
vn -0.0061 1.0000 -0.0000
vn 0.0697 0.9976 -0.0000
vn 0.1350 0.9908 -0.0000
vn 0.1957 0.9807 -0.0000
vn 0.2518 0.9678 -0.0000
vn 0.3038 0.9527 -0.0000
vn 0.3519 0.9360 -0.0000
vn 0.3965 0.9180 -0.0000
vn 0.4379 0.8990 -0.0000
vn 0.4763 0.8793 -0.0000
vn 0.5121 0.8589 -0.0000
vn 0.5454 0.8382 -0.0000
vn 0.9236 0.3833 -0.0000
vn 0.9836 -0.1802 -0.0000
vn 0.9860 -0.1668 -0.0000
vn 0.9882 -0.1531 -0.0000
vn 0.9903 -0.1391 -0.0000
vn 0.9922 -0.1246 -0.0000
vn 0.9940 -0.1096 -0.0000
vn 0.9956 -0.0939 -0.0000
vn 0.9970 -0.0773 -0.0000
vn 0.9982 -0.0598 -0.0000
vn 0.9992 -0.0411 -0.0000
vn 0.9998 -0.0212 -0.0000
vn 1.0000 -0.0054 -0.0000
vn 0.4875 -0.8731 -0.0000
vn -0.5546 -0.8321 -0.0000
vn -0.6115 -0.7913 -0.0000
vn -0.6644 -0.7473 -0.0000
vn -0.7143 -0.6998 -0.0000
vn -0.7619 -0.6477 -0.0000
vn -0.8076 -0.5898 -0.0000
vn -0.8515 -0.5244 -0.0000
vn -0.8934 -0.4492 -0.0000
vn -0.9323 -0.3618 -0.0000
vn -0.9659 -0.2590 -0.0000
vn -0.9904 -0.1380 -0.0000
vn -0.9999 -0.0161 -0.0000
vt 0.069570 0.909933
vt 0.069975 0.909933
vt 0.069773 0.909933
vt 0.070178 0.909933
vt 0.069367 0.909933
vt 0.069165 0.909933
vt 0.070380 0.909933
vt 0.068962 0.909933
vt 0.070583 0.909933
vt 0.068759 0.909933
vt 0.070786 0.909933
vt 0.068557 0.909933
vt 0.070988 0.909933
vt 0.068354 0.909933
vt 0.071191 0.909933
vt 0.068151 0.909933
vt 0.071394 0.909933
vt 0.067949 0.909933
vt 0.071596 0.909933
vt 0.067746 0.909933
vt 0.071799 0.909933
vt 0.072002 0.909933
vt 0.067543 0.909933
vt 0.072204 0.909933
vt 0.067341 0.909933
vt 0.072407 0.909933
vt 0.067138 0.909933
vt 0.072610 0.909933
vt 0.074839 0.909933
vt 0.075244 0.909933
vt 0.075041 0.909933
vt 0.074636 0.909933
vt 0.074433 0.909933
vt 0.074231 0.909933
vt 0.074028 0.909933
vt 0.073826 0.909933
vt 0.073623 0.909933
vt 0.064301 0.909933
vt 0.064706 0.909933
vt 0.064504 0.909933
vt 0.073420 0.909933
vt 0.073218 0.909933
vt 0.064909 0.909933
vt 0.065112 0.909933
vt 0.073015 0.909933
vt 0.065314 0.909933
vt 0.065517 0.909933
vt 0.072812 0.909933
vt 0.065720 0.909933
vt 0.065922 0.909933
vt 0.066125 0.909933
vt 0.066327 0.909933
vt 0.066530 0.909933
vt 0.066935 0.909933
vt 0.066733 0.909933
vt 0.075447 0.909933
vt 0.075649 0.909933
vt 0.075852 0.909933
vt 0.076055 0.909933
vt 0.076257 0.909933
vt 0.076460 0.909933
vt 0.076663 0.909933
vt 0.076865 0.909933
vt 0.077068 0.909933
vt 0.077271 0.909933
vt 0.064098 0.909933
vt 0.077473 0.909933
vt 0.063896 0.909933
vt 0.063693 0.909933
vt 0.077676 0.909933
vt 0.063490 0.909933
vt 0.063288 0.909933
vt 0.077879 0.909933
vt 0.063085 0.909933
vt 0.062882 0.909933
vt 0.061667 0.909933
vt 0.078081 0.909933
vt 0.062680 0.909933
vt 0.062477 0.909933
vt 0.061869 0.909933
vt 0.061464 0.909933
vt 0.062275 0.909933
vt 0.062072 0.909933
vt 0.061261 0.909933
vt 0.085174 0.909933
vt 0.085579 0.909933
vt 0.085377 0.909933
vt 0.078284 0.909933
vt 0.061059 0.909933
vt 0.078486 0.909933
vt 0.084971 0.909933
vt 0.060856 0.909933
vt 0.084769 0.909933
vt 0.078689 0.909933
vt 0.084566 0.909933
vt 0.085782 0.909933
vt 0.084363 0.909933
vt 0.060653 0.909933
vt 0.078892 0.909933
vt 0.084161 0.909933
vt 0.085985 0.909933
vt 0.083958 0.909933
vt 0.079094 0.909933
vt 0.060451 0.909933
vt 0.086187 0.909933
vt 0.083755 0.909933
vt 0.086390 0.909933
vt 0.083553 0.909933
vt 0.079297 0.909933
vt 0.086592 0.909933
vt 0.060248 0.909933
vt 0.083350 0.909933
vt 0.086795 0.909933
vt 0.083147 0.909933
vt 0.079500 0.909933
vt 0.086998 0.909933
vt 0.082945 0.909933
vt 0.060045 0.909933
vt 0.082742 0.909933
vt 0.087200 0.909933
vt 0.082337 0.909933
vt 0.082539 0.909933
vt 0.082134 0.909933
vt 0.081932 0.909933
vt 0.081729 0.909933
vt 0.081526 0.909933
vt 0.079702 0.909933
vt 0.087403 0.909933
vt 0.081324 0.909933
vt 0.081121 0.909933
vt 0.080918 0.909933
vt 0.087606 0.909933
vt 0.059843 0.909933
vt 0.080716 0.909933
vt 0.036741 0.909933
vt 0.087808 0.909933
vt 0.080513 0.909933
vt 0.080108 0.909933
vt 0.079905 0.909933
vt 0.088011 0.909933
vt 0.036943 0.909933
vt 0.080310 0.909933
vt 0.059640 0.909933
vt 0.037146 0.909933
vt 0.059437 0.909933
vt 0.037349 0.909933
vt 0.059235 0.909933
vt 0.037551 0.909933
vt 0.059032 0.909933
vt 0.037754 0.909933
vt 0.058829 0.909933
vt 0.029040 0.909933
vt 0.036538 0.909933
vt 0.036335 0.909933
vt 0.036133 0.909933
vt 0.029243 0.909933
vt 0.029445 0.909933
vt 0.029648 0.909933
vt 0.046671 0.909933
vt 0.037957 0.909933
vt 0.029851 0.909933
vt 0.030053 0.909933
vt 0.058627 0.909933
vt 0.030256 0.909933
vt 0.030459 0.909933
vt 0.046873 0.909933
vt 0.046468 0.909933
vt 0.035930 0.909933
vt 0.030661 0.909933
vt 0.046265 0.909933
vt 0.030864 0.909933
vt 0.038159 0.909933
vt 0.031066 0.909933
vt 0.046063 0.909933
vt 0.031269 0.909933
vt 0.031472 0.909933
vt 0.058424 0.909933
vt 0.045860 0.909933
vt 0.035727 0.909933
vt 0.047076 0.909933
vt 0.038362 0.909933
vt 0.045657 0.909933
vt 0.058222 0.909933
vt 0.045455 0.909933
vt 0.095509 0.909933
vt 0.031674 0.909933
vt 0.035525 0.909933
vt 0.038565 0.909933
vt 0.095712 0.909933
vt 0.095306 0.909933
vt 0.095104 0.909933
vt 0.047278 0.909933
vt 0.045252 0.909933
vt 0.095914 0.909933
vt 0.031877 0.909933
vt 0.058019 0.909933
vt 0.035322 0.909933
vt 0.045049 0.909933
vt 0.094901 0.909933
vt 0.096117 0.909933
vt 0.038767 0.909933
vt 0.032080 0.909933
vt 0.044847 0.909933
vt 0.047481 0.909933
vt 0.096320 0.909933
vt 0.094698 0.909933
vt 0.057816 0.909933
vt 0.035119 0.909933
vt 0.032282 0.909933
vt 0.044644 0.909933
vt 0.038970 0.909933
vt 0.032485 0.909933
vt 0.096522 0.909933
vt 0.094496 0.909933
vt 0.034917 0.909933
vt 0.044441 0.909933
vt 0.047684 0.909933
vt 0.057614 0.909933
vt 0.032688 0.909933
vt 0.096725 0.909933
vt 0.039173 0.909933
vt 0.094293 0.909933
vt 0.034714 0.909933
vt 0.044239 0.909933
vt 0.032890 0.909933
vt 0.096928 0.909933
vt 0.047886 0.909933
vt 0.094090 0.909933
vt 0.057411 0.909933
vt 0.034512 0.909933
vt 0.033093 0.909933
vt 0.044036 0.909933
vt 0.039375 0.909933
vt 0.033296 0.909933
vt 0.093888 0.909933
vt 0.097130 0.909933
vt 0.034309 0.909933
vt 0.048089 0.909933
vt 0.033498 0.909933
vt 0.057208 0.909933
vt 0.043833 0.909933
vt 0.034106 0.909933
vt 0.093685 0.909933
vt 0.097333 0.909933
vt 0.039578 0.909933
vt 0.033904 0.909933
vt 0.033701 0.909933
vt 0.048292 0.909933
vt 0.093483 0.909933
vt 0.097536 0.909933
vt 0.043631 0.909933
vt 0.057006 0.909933
vt 0.093280 0.909933
vt 0.048494 0.909933
vt 0.039780 0.909933
vt 0.097738 0.909933
vt 0.043428 0.909933
vt 0.093077 0.909933
vt 0.056803 0.909933
vt 0.097941 0.909933
vt 0.048697 0.909933
vt 0.092875 0.909933
vt 0.043225 0.909933
vt 0.039983 0.909933
vt 0.088214 0.909933
vt 0.092672 0.909933
vt 0.048900 0.909933
vt 0.088416 0.909933
vt 0.092469 0.909933
vt 0.056600 0.909933
vt 0.043023 0.909933
vt 0.092267 0.909933
vt 0.088619 0.909933
vt 0.092064 0.909933
vt 0.088822 0.909933
vt 0.049102 0.909933
vt 0.040186 0.909933
vt 0.091861 0.909933
vt 0.089024 0.909933
vt 0.056398 0.909933
vt 0.091659 0.909933
vt 0.089227 0.909933
vt 0.042820 0.909933
vt 0.089430 0.909933
vt 0.091456 0.909933
vt 0.049305 0.909933
vt 0.049508 0.909933
vt 0.089632 0.909933
vt 0.091253 0.909933
vt 0.089835 0.909933
vt 0.091051 0.909933
vt 0.049710 0.909933
vt 0.090037 0.909933
vt 0.090848 0.909933
vt 0.090240 0.909933
vt 0.090645 0.909933
vt 0.090443 0.909933
vt 0.056195 0.909933
vt 0.049913 0.909933
vt 0.042618 0.909933
vt 0.040388 0.909933
vt 0.050116 0.909933
vt 0.050318 0.909933
vt 0.055992 0.909933
vt 0.042415 0.909933
vt 0.050521 0.909933
vt 0.050724 0.909933
vt 0.040591 0.909933
vt 0.042212 0.909933
vt 0.055790 0.909933
vt 0.050926 0.909933
vt 0.051939 0.909933
vt 0.051129 0.909933
vt 0.052142 0.909933
vt 0.051737 0.909933
vt 0.042010 0.909933
vt 0.052345 0.909933
vt 0.051331 0.909933
vt 0.055587 0.909933
vt 0.052547 0.909933
vt 0.051534 0.909933
vt 0.041807 0.909933
vt 0.040794 0.909933
vt 0.055384 0.909933
vt 0.052750 0.909933
vt 0.041604 0.909933
vt 0.052953 0.909933
vt 0.055182 0.909933
vt 0.053155 0.909933
vt 0.053358 0.909933
vt 0.054979 0.909933
vt 0.040996 0.909933
vt 0.053561 0.909933
vt 0.054776 0.909933
vt 0.053763 0.909933
vt 0.053966 0.909933
vt 0.054574 0.909933
vt 0.054169 0.909933
vt 0.054371 0.909933
vt 0.041199 0.909933
vt 0.041402 0.909933
vt 0.030853 0.978834
vt 0.029040 0.978834
vt 0.032666 0.978834
vt 0.030853 0.909933
vt 0.034480 0.978834
vt 0.032666 0.909933
vt 0.036293 0.978834
vt 0.034480 0.909933
vt 0.038106 0.978834
vt 0.036293 0.909933
vt 0.039919 0.978834
vt 0.038106 0.909933
vt 0.041732 0.978834
vt 0.039919 0.909933
vt 0.043545 0.978834
vt 0.041732 0.909933
vt 0.045359 0.978834
vt 0.043545 0.909933
vt 0.047172 0.978834
vt 0.045359 0.909933
vt 0.048985 0.978834
vt 0.047172 0.909933
vt 0.050798 0.978834
vt 0.048985 0.909933
vt 0.052611 0.978834
vt 0.050798 0.909933
vt 0.054425 0.978834
vt 0.052611 0.909933
vt 0.056238 0.978834
vt 0.054425 0.909933
vt 0.058051 0.978834
vt 0.056238 0.909933
vt 0.059864 0.978834
vt 0.058051 0.909933
vt 0.061677 0.978834
vt 0.059864 0.909933
vt 0.063490 0.978834
vt 0.061677 0.909933
vt 0.065304 0.978834
vt 0.067117 0.978834
vt 0.065304 0.909933
vt 0.068930 0.978834
vt 0.067117 0.909933
vt 0.070743 0.978834
vt 0.068930 0.909933
vt 0.072556 0.978834
vt 0.070743 0.909933
vt 0.074369 0.978834
vt 0.072556 0.909933
vt 0.076183 0.978834
vt 0.074369 0.909933
vt 0.077996 0.978834
vt 0.076183 0.909933
vt 0.079809 0.978834
vt 0.077996 0.909933
vt 0.081622 0.978834
vt 0.079809 0.909933
vt 0.083435 0.978834
vt 0.081622 0.909933
vt 0.085249 0.978834
vt 0.083435 0.909933
vt 0.087062 0.978834
vt 0.085249 0.909933
vt 0.088875 0.978834
vt 0.087062 0.909933
vt 0.090688 0.978834
vt 0.088875 0.909933
vt 0.092501 0.978834
vt 0.090688 0.909933
vt 0.094314 0.978834
vt 0.092501 0.909933
vt 0.096128 0.978834
vt 0.094314 0.909933
vt 0.097941 0.978834
vt 0.096128 0.909933
vt 0.029311 0.978834
vt 0.029583 0.978834
vt 0.029311 0.909933
vt 0.029854 0.978834
vt 0.029583 0.909933
vt 0.030125 0.978834
vt 0.029854 0.909933
vt 0.030396 0.978834
vt 0.030125 0.909933
vt 0.030668 0.978834
vt 0.030396 0.909933
vt 0.030939 0.978834
vt 0.030668 0.909933
vt 0.031210 0.978834
vt 0.030939 0.909933
vt 0.031481 0.978834
vt 0.031210 0.909933
vt 0.031753 0.978834
vt 0.031481 0.909933
vt 0.032024 0.978834
vt 0.031753 0.909933
vt 0.032295 0.978834
vt 0.032024 0.909933
vt 0.032566 0.978834
vt 0.032295 0.909933
vt 0.032838 0.978834
vt 0.032566 0.909933
vt 0.033109 0.978834
vt 0.032838 0.909933
vt 0.033380 0.978834
vt 0.033109 0.909933
vt 0.033651 0.978834
vt 0.033380 0.909933
vt 0.033923 0.978834
vt 0.033651 0.909933
vt 0.034194 0.978834
vt 0.033923 0.909933
vt 0.034465 0.978834
vt 0.034194 0.909933
vt 0.034737 0.978834
vt 0.034465 0.909933
vt 0.035008 0.978834
vt 0.034737 0.909933
vt 0.035279 0.978834
vt 0.035008 0.909933
vt 0.035550 0.978834
vt 0.035279 0.909933
vt 0.035822 0.978834
vt 0.035550 0.909933
vt 0.036093 0.978834
vt 0.035822 0.909933
vt 0.036364 0.978834
vt 0.036093 0.909933
vt 0.036635 0.978834
vt 0.036364 0.909933
vt 0.036907 0.978834
vt 0.036635 0.909933
vt 0.037178 0.978834
vt 0.036907 0.909933
vt 0.037449 0.978834
vt 0.037178 0.909933
vt 0.037720 0.978834
vt 0.037449 0.909933
vt 0.037992 0.978834
vt 0.037720 0.909933
vt 0.038263 0.978834
vt 0.037992 0.909933
vt 0.038534 0.978834
vt 0.038263 0.909933
vt 0.038805 0.978834
vt 0.038534 0.909933
vt 0.039077 0.978834
vt 0.038805 0.909933
vt 0.039348 0.978834
vt 0.039077 0.909933
vt 0.039619 0.978834
vt 0.039348 0.909933
vt 0.039891 0.978834
vt 0.039619 0.909933
vt 0.040162 0.978834
vt 0.039891 0.909933
vt 0.040433 0.978834
vt 0.040162 0.909933
vt 0.040704 0.978834
vt 0.040433 0.909933
vt 0.040976 0.978834
vt 0.040704 0.909933
vt 0.041247 0.978834
vt 0.040976 0.909933
vt 0.041518 0.978834
vt 0.041247 0.909933
vt 0.041789 0.978834
vt 0.041518 0.909933
vt 0.042061 0.978834
vt 0.041789 0.909933
vt 0.042332 0.978834
vt 0.042061 0.909933
vt 0.042603 0.978834
vt 0.042332 0.909933
vt 0.042874 0.978834
vt 0.042603 0.909933
vt 0.043146 0.978834
vt 0.042874 0.909933
vt 0.043417 0.978834
vt 0.043146 0.909933
vt 0.043688 0.978834
vt 0.043417 0.909933
vt 0.043959 0.978834
vt 0.043688 0.909933
vt 0.044231 0.978834
vt 0.043959 0.909933
vt 0.044502 0.978834
vt 0.044231 0.909933
vt 0.044773 0.978834
vt 0.044502 0.909933
vt 0.045045 0.978834
vt 0.044773 0.909933
vt 0.045316 0.978834
vt 0.045045 0.909933
vt 0.045587 0.978834
vt 0.045316 0.909933
vt 0.045858 0.978834
vt 0.045587 0.909933
vt 0.046130 0.978834
vt 0.045858 0.909933
vt 0.046401 0.978834
vt 0.046130 0.909933
vt 0.046672 0.978834
vt 0.046401 0.909933
vt 0.046943 0.978834
vt 0.046672 0.909933
vt 0.047215 0.978834
vt 0.046943 0.909933
vt 0.047486 0.978834
vt 0.047215 0.909933
vt 0.047757 0.978834
vt 0.047486 0.909933
vt 0.048028 0.978834
vt 0.047757 0.909933
vt 0.048300 0.978834
vt 0.048028 0.909933
vt 0.048571 0.978834
vt 0.048300 0.909933
vt 0.048842 0.978834
vt 0.048571 0.909933
vt 0.049113 0.978834
vt 0.048842 0.909933
vt 0.049385 0.978834
vt 0.049113 0.909933
vt 0.049656 0.978834
vt 0.049385 0.909933
vt 0.049927 0.978834
vt 0.049656 0.909933
vt 0.050199 0.978834
vt 0.049927 0.909933
vt 0.050470 0.978834
vt 0.050199 0.909933
vt 0.050741 0.978834
vt 0.050470 0.909933
vt 0.051012 0.978834
vt 0.050741 0.909933
vt 0.051284 0.978834
vt 0.051012 0.909933
vt 0.051555 0.978834
vt 0.051284 0.909933
vt 0.051826 0.978834
vt 0.051555 0.909933
vt 0.052097 0.978834
vt 0.051826 0.909933
vt 0.052369 0.978834
vt 0.052097 0.909933
vt 0.052640 0.978834
vt 0.052369 0.909933
vt 0.052911 0.978834
vt 0.052640 0.909933
vt 0.053182 0.978834
vt 0.052911 0.909933
vt 0.053454 0.978834
vt 0.053182 0.909933
vt 0.053725 0.978834
vt 0.053454 0.909933
vt 0.053996 0.978834
vt 0.053725 0.909933
vt 0.054267 0.978834
vt 0.053996 0.909933
vt 0.054539 0.978834
vt 0.054267 0.909933
vt 0.054810 0.978834
vt 0.054539 0.909933
vt 0.055081 0.978834
vt 0.054810 0.909933
vt 0.055353 0.978834
vt 0.055081 0.909933
vt 0.055624 0.978834
vt 0.055353 0.909933
vt 0.055895 0.978834
vt 0.055624 0.909933
vt 0.056166 0.978834
vt 0.055895 0.909933
vt 0.056438 0.978834
vt 0.056166 0.909933
vt 0.056709 0.978834
vt 0.056438 0.909933
vt 0.056980 0.978834
vt 0.056709 0.909933
vt 0.057251 0.978834
vt 0.056980 0.909933
vt 0.057523 0.978834
vt 0.057251 0.909933
vt 0.057794 0.978834
vt 0.057523 0.909933
vt 0.058065 0.978834
vt 0.057794 0.909933
vt 0.058336 0.978834
vt 0.058065 0.909933
vt 0.058608 0.978834
vt 0.058336 0.909933
vt 0.058879 0.978834
vt 0.058608 0.909933
vt 0.059150 0.978834
vt 0.058879 0.909933
vt 0.059421 0.978834
vt 0.059150 0.909933
vt 0.059693 0.978834
vt 0.059421 0.909933
vt 0.059964 0.978834
vt 0.059693 0.909933
vt 0.060235 0.978834
vt 0.059964 0.909933
vt 0.060507 0.978834
vt 0.060235 0.909933
vt 0.060778 0.978834
vt 0.060507 0.909933
vt 0.061049 0.978834
vt 0.060778 0.909933
vt 0.061320 0.978834
vt 0.061049 0.909933
vt 0.061592 0.978834
vt 0.061320 0.909933
vt 0.061863 0.978834
vt 0.061592 0.909933
vt 0.062134 0.978834
vt 0.061863 0.909933
vt 0.062405 0.978834
vt 0.062134 0.909933
vt 0.062677 0.978834
vt 0.062405 0.909933
vt 0.062948 0.978834
vt 0.062677 0.909933
vt 0.063219 0.978834
vt 0.062948 0.909933
vt 0.063219 0.909933
vt 0.063762 0.978834
vt 0.064033 0.978834
vt 0.063762 0.909933
vt 0.064304 0.978834
vt 0.064033 0.909933
vt 0.064575 0.978834
vt 0.064304 0.909933
vt 0.064847 0.978834
vt 0.064575 0.909933
vt 0.065118 0.978834
vt 0.064847 0.909933
vt 0.065389 0.978834
vt 0.065118 0.909933
vt 0.065661 0.978834
vt 0.065389 0.909933
vt 0.065932 0.978834
vt 0.065661 0.909933
vt 0.066203 0.978834
vt 0.065932 0.909933
vt 0.066474 0.978834
vt 0.066203 0.909933
vt 0.066746 0.978834
vt 0.066474 0.909933
vt 0.067017 0.978834
vt 0.066746 0.909933
vt 0.067288 0.978834
vt 0.067017 0.909933
vt 0.067559 0.978834
vt 0.067288 0.909933
vt 0.067831 0.978834
vt 0.067559 0.909933
vt 0.068102 0.978834
vt 0.067831 0.909933
vt 0.068373 0.978834
vt 0.068102 0.909933
vt 0.068644 0.978834
vt 0.068373 0.909933
vt 0.068916 0.978834
vt 0.068644 0.909933
vt 0.069187 0.978834
vt 0.068916 0.909933
vt 0.069458 0.978834
vt 0.069187 0.909933
vt 0.069729 0.978834
vt 0.069458 0.909933
vt 0.070001 0.978834
vt 0.069729 0.909933
vt 0.070272 0.978834
vt 0.070001 0.909933
vt 0.070543 0.978834
vt 0.070272 0.909933
vt 0.070815 0.978834
vt 0.070543 0.909933
vt 0.071086 0.978834
vt 0.070815 0.909933
vt 0.071357 0.978834
vt 0.071086 0.909933
vt 0.071628 0.978834
vt 0.071357 0.909933
vt 0.071900 0.978834
vt 0.071628 0.909933
vt 0.072171 0.978834
vt 0.071900 0.909933
vt 0.072442 0.978834
vt 0.072171 0.909933
vt 0.072713 0.978834
vt 0.072442 0.909933
vt 0.072985 0.978834
vt 0.072713 0.909933
vt 0.073256 0.978834
vt 0.072985 0.909933
vt 0.073527 0.978834
vt 0.073256 0.909933
vt 0.073798 0.978834
vt 0.073527 0.909933
vt 0.074070 0.978834
vt 0.073798 0.909933
vt 0.074341 0.978834
vt 0.074070 0.909933
vt 0.074612 0.978834
vt 0.074341 0.909933
vt 0.074883 0.978834
vt 0.074612 0.909933
vt 0.075155 0.978834
vt 0.074883 0.909933
vt 0.075426 0.978834
vt 0.075155 0.909933
vt 0.075697 0.978834
vt 0.075426 0.909933
vt 0.075969 0.978834
vt 0.075697 0.909933
vt 0.076240 0.978834
vt 0.075969 0.909933
vt 0.076511 0.978834
vt 0.076240 0.909933
vt 0.076782 0.978834
vt 0.076511 0.909933
vt 0.077054 0.978834
vt 0.076782 0.909933
vt 0.077325 0.978834
vt 0.077054 0.909933
vt 0.077596 0.978834
vt 0.077325 0.909933
vt 0.077867 0.978834
vt 0.077596 0.909933
vt 0.078139 0.978834
vt 0.077867 0.909933
vt 0.078410 0.978834
vt 0.078139 0.909933
vt 0.078681 0.978834
vt 0.078410 0.909933
vt 0.078952 0.978834
vt 0.078681 0.909933
vt 0.079224 0.978834
vt 0.078952 0.909933
vt 0.079495 0.978834
vt 0.079224 0.909933
vt 0.079766 0.978834
vt 0.079495 0.909933
vt 0.080037 0.978834
vt 0.079766 0.909933
vt 0.080309 0.978834
vt 0.080037 0.909933
vt 0.080580 0.978834
vt 0.080309 0.909933
vt 0.080851 0.978834
vt 0.080580 0.909933
vt 0.081123 0.978834
vt 0.080851 0.909933
vt 0.081394 0.978834
vt 0.081123 0.909933
vt 0.081665 0.978834
vt 0.081394 0.909933
vt 0.081936 0.978834
vt 0.081665 0.909933
vt 0.082208 0.978834
vt 0.081936 0.909933
vt 0.082479 0.978834
vt 0.082208 0.909933
vt 0.082750 0.978834
vt 0.082479 0.909933
vt 0.083021 0.978834
vt 0.082750 0.909933
vt 0.083293 0.978834
vt 0.083021 0.909933
vt 0.083564 0.978834
vt 0.083293 0.909933
vt 0.083835 0.978834
vt 0.083564 0.909933
vt 0.084106 0.978834
vt 0.083835 0.909933
vt 0.084378 0.978834
vt 0.084106 0.909933
vt 0.084649 0.978834
vt 0.084378 0.909933
vt 0.084920 0.978834
vt 0.084649 0.909933
vt 0.085191 0.978834
vt 0.084920 0.909933
vt 0.085463 0.978834
vt 0.085191 0.909933
vt 0.085734 0.978834
vt 0.085463 0.909933
vt 0.086005 0.978834
vt 0.085734 0.909933
vt 0.086277 0.978834
vt 0.086005 0.909933
vt 0.086548 0.978834
vt 0.086277 0.909933
vt 0.086819 0.978834
vt 0.086548 0.909933
vt 0.087090 0.978834
vt 0.086819 0.909933
vt 0.087362 0.978834
vt 0.087090 0.909933
vt 0.087633 0.978834
vt 0.087362 0.909933
vt 0.087904 0.978834
vt 0.087633 0.909933
vt 0.088175 0.978834
vt 0.087904 0.909933
vt 0.088447 0.978834
vt 0.088175 0.909933
vt 0.088718 0.978834
vt 0.088447 0.909933
vt 0.088989 0.978834
vt 0.088718 0.909933
vt 0.089260 0.978834
vt 0.088989 0.909933
vt 0.089532 0.978834
vt 0.089260 0.909933
vt 0.089803 0.978834
vt 0.089532 0.909933
vt 0.090074 0.978834
vt 0.089803 0.909933
vt 0.090345 0.978834
vt 0.090074 0.909933
vt 0.090617 0.978834
vt 0.090345 0.909933
vt 0.090888 0.978834
vt 0.090617 0.909933
vt 0.091159 0.978834
vt 0.090888 0.909933
vt 0.091431 0.978834
vt 0.091159 0.909933
vt 0.091702 0.978834
vt 0.091431 0.909933
vt 0.091973 0.978834
vt 0.091702 0.909933
vt 0.092244 0.978834
vt 0.091973 0.909933
vt 0.092516 0.978834
vt 0.092244 0.909933
vt 0.092787 0.978834
vt 0.092516 0.909933
vt 0.093058 0.978834
vt 0.092787 0.909933
vt 0.093329 0.978834
vt 0.093058 0.909933
vt 0.093601 0.978834
vt 0.093329 0.909933
vt 0.093872 0.978834
vt 0.093601 0.909933
vt 0.094143 0.978834
vt 0.093872 0.909933
vt 0.094414 0.978834
vt 0.094143 0.909933
vt 0.094686 0.978834
vt 0.094414 0.909933
vt 0.094957 0.978834
vt 0.094686 0.909933
vt 0.095228 0.978834
vt 0.094957 0.909933
vt 0.095499 0.978834
vt 0.095228 0.909933
vt 0.095771 0.978834
vt 0.095499 0.909933
vt 0.096042 0.978834
vt 0.095771 0.909933
vt 0.096313 0.978834
vt 0.096042 0.909933
vt 0.096585 0.978834
vt 0.096313 0.909933
vt 0.096856 0.978834
vt 0.096585 0.909933
vt 0.097127 0.978834
vt 0.096856 0.909933
vt 0.097398 0.978834
vt 0.097127 0.909933
vt 0.097670 0.978834
vt 0.097398 0.909933
vt 0.097670 0.909933
vt 0.030446 0.978834
vt 0.031852 0.978834
vt 0.030446 0.909933
vt 0.033258 0.978834
vt 0.031852 0.909933
vt 0.034665 0.978834
vt 0.033258 0.909933
vt 0.036071 0.978834
vt 0.034665 0.909933
vt 0.037477 0.978834
vt 0.036071 0.909933
vt 0.038883 0.978834
vt 0.037477 0.909933
vt 0.040289 0.978834
vt 0.038883 0.909933
vt 0.041695 0.978834
vt 0.040289 0.909933
vt 0.043101 0.978834
vt 0.041695 0.909933
vt 0.044508 0.978834
vt 0.043101 0.909933
vt 0.045914 0.978834
vt 0.044508 0.909933
vt 0.047320 0.978834
vt 0.045914 0.909933
vt 0.048726 0.978834
vt 0.047320 0.909933
vt 0.050132 0.978834
vt 0.048726 0.909933
vt 0.051538 0.978834
vt 0.050132 0.909933
vt 0.052944 0.978834
vt 0.051538 0.909933
vt 0.054351 0.978834
vt 0.052944 0.909933
vt 0.055757 0.978834
vt 0.054351 0.909933
vt 0.057163 0.978834
vt 0.055757 0.909933
vt 0.058569 0.978834
vt 0.057163 0.909933
vt 0.059975 0.978834
vt 0.058569 0.909933
vt 0.061381 0.978834
vt 0.059975 0.909933
vt 0.062787 0.978834
vt 0.061381 0.909933
vt 0.064193 0.978834
vt 0.062787 0.909933
vt 0.065600 0.978834
vt 0.064193 0.909933
vt 0.067006 0.978834
vt 0.065600 0.909933
vt 0.068412 0.978834
vt 0.067006 0.909933
vt 0.069818 0.978834
vt 0.068412 0.909933
vt 0.071224 0.978834
vt 0.069818 0.909933
vt 0.072630 0.978834
vt 0.071224 0.909933
vt 0.074036 0.978834
vt 0.072630 0.909933
vt 0.075443 0.978834
vt 0.074036 0.909933
vt 0.076849 0.978834
vt 0.075443 0.909933
vt 0.078255 0.978834
vt 0.076849 0.909933
vt 0.079661 0.978834
vt 0.078255 0.909933
vt 0.081067 0.978834
vt 0.079661 0.909933
vt 0.082473 0.978834
vt 0.081067 0.909933
vt 0.083879 0.978834
vt 0.082473 0.909933
vt 0.085286 0.978834
vt 0.083879 0.909933
vt 0.086692 0.978834
vt 0.085286 0.909933
vt 0.088098 0.978834
vt 0.086692 0.909933
vt 0.089504 0.978834
vt 0.088098 0.909933
vt 0.090910 0.978834
vt 0.089504 0.909933
vt 0.092316 0.978834
vt 0.090910 0.909933
vt 0.093722 0.978834
vt 0.092316 0.909933
vt 0.095129 0.978834
vt 0.093722 0.909933
vt 0.096535 0.978834
vt 0.095129 0.909933
vt 0.096535 0.909933
s 0
usemtl Material
f 201/1/1 203/2/1 202/3/1
f 201/1/1 204/4/1 203/2/1
f 200/5/1 204/4/1 201/1/1
f 199/6/1 204/4/1 200/5/1
f 199/6/1 205/7/1 204/4/1
f 198/8/1 205/7/1 199/6/1
f 198/8/1 206/9/1 205/7/1
f 197/10/1 206/9/1 198/8/1
f 197/10/1 207/11/1 206/9/1
f 196/12/1 207/11/1 197/10/1
f 196/12/1 208/13/1 207/11/1
f 195/14/1 208/13/1 196/12/1
f 195/14/1 209/15/1 208/13/1
f 194/16/1 209/15/1 195/14/1
f 194/16/1 210/17/1 209/15/1
f 193/18/1 210/17/1 194/16/1
f 193/18/1 211/19/1 210/17/1
f 192/20/1 211/19/1 193/18/1
f 192/20/1 212/21/1 211/19/1
f 192/20/1 213/22/1 212/21/1
f 191/23/1 213/22/1 192/20/1
f 191/23/1 214/24/1 213/22/1
f 190/25/1 214/24/1 191/23/1
f 190/25/1 215/26/1 214/24/1
f 189/27/1 215/26/1 190/25/1
f 189/27/1 216/28/1 215/26/1
f 227/29/1 229/30/1 228/31/1
f 226/32/1 229/30/1 227/29/1
f 225/33/1 229/30/1 226/32/1
f 224/34/1 229/30/1 225/33/1
f 223/35/1 229/30/1 224/34/1
f 222/36/1 229/30/1 223/35/1
f 221/37/1 229/30/1 222/36/1
f 175/38/1 177/39/1 176/40/1
f 220/41/1 229/30/1 221/37/1
f 219/42/1 229/30/1 220/41/1
f 175/38/1 178/43/1 177/39/1
f 175/38/1 179/44/1 178/43/1
f 218/45/1 229/30/1 219/42/1
f 175/38/1 180/46/1 179/44/1
f 175/38/1 181/47/1 180/46/1
f 217/48/1 229/30/1 218/45/1
f 175/38/1 182/49/1 181/47/1
f 216/28/1 229/30/1 217/48/1
f 175/38/1 183/50/1 182/49/1
f 189/27/1 229/30/1 216/28/1
f 175/38/1 184/51/1 183/50/1
f 175/38/1 185/52/1 184/51/1
f 175/38/1 186/53/1 185/52/1
f 188/54/1 229/30/1 189/27/1
f 175/38/1 187/55/1 186/53/1
f 175/38/1 188/54/1 187/55/1
f 175/38/1 229/30/1 188/54/1
f 175/38/1 230/56/1 229/30/1
f 175/38/1 231/57/1 230/56/1
f 175/38/1 232/58/1 231/57/1
f 175/38/1 233/59/1 232/58/1
f 175/38/1 234/60/1 233/59/1
f 175/38/1 235/61/1 234/60/1
f 175/38/1 236/62/1 235/61/1
f 175/38/1 237/63/1 236/62/1
f 175/38/1 238/64/1 237/63/1
f 175/38/1 239/65/1 238/64/1
f 174/66/1 239/65/1 175/38/1
f 174/66/1 240/67/1 239/65/1
f 173/68/1 240/67/1 174/66/1
f 172/69/1 240/67/1 173/68/1
f 172/69/1 241/70/1 240/67/1
f 171/71/1 241/70/1 172/69/1
f 170/72/1 241/70/1 171/71/1
f 170/72/1 242/73/1 241/70/1
f 169/74/1 242/73/1 170/72/1
f 168/75/1 242/73/1 169/74/1
f 168/75/1 162/76/1 242/73/1
f 162/76/1 243/77/1 242/73/1
f 167/78/1 162/76/1 168/75/1
f 166/79/1 162/76/1 167/78/1
f 166/79/1 163/80/1 162/76/1
f 161/81/1 243/77/1 162/76/1
f 165/82/1 163/80/1 166/79/1
f 164/83/1 163/80/1 165/82/1
f 160/84/1 243/77/1 161/81/1
f 278/85/1 280/86/1 279/87/1
f 160/84/1 244/88/1 243/77/1
f 159/89/1 244/88/1 160/84/1
f 159/89/1 245/90/1 244/88/1
f 277/91/1 280/86/1 278/85/1
f 158/92/1 245/90/1 159/89/1
f 276/93/1 280/86/1 277/91/1
f 158/92/1 246/94/1 245/90/1
f 275/95/1 280/86/1 276/93/1
f 275/95/1 281/96/1 280/86/1
f 274/97/1 281/96/1 275/95/1
f 157/98/1 246/94/1 158/92/1
f 157/98/1 247/99/1 246/94/1
f 273/100/1 281/96/1 274/97/1
f 273/100/1 282/101/1 281/96/1
f 272/102/1 282/101/1 273/100/1
f 157/98/1 248/103/1 247/99/1
f 156/104/1 248/103/1 157/98/1
f 272/102/1 283/105/1 282/101/1
f 271/106/1 283/105/1 272/102/1
f 271/106/1 284/107/1 283/105/1
f 270/108/1 284/107/1 271/106/1
f 156/104/1 249/109/1 248/103/1
f 270/108/1 285/110/1 284/107/1
f 155/111/1 249/109/1 156/104/1
f 269/112/1 285/110/1 270/108/1
f 269/112/1 286/113/1 285/110/1
f 268/114/1 286/113/1 269/112/1
f 155/111/1 250/115/1 249/109/1
f 268/114/1 287/116/1 286/113/1
f 267/117/1 287/116/1 268/114/1
f 154/118/1 250/115/1 155/111/1
f 266/119/1 287/116/1 267/117/1
f 266/119/1 288/120/1 287/116/1
f 264/121/1 266/119/1 265/122/1
f 263/123/1 266/119/1 264/121/1
f 262/124/1 266/119/1 263/123/1
f 262/124/1 288/120/1 266/119/1
f 261/125/1 288/120/1 262/124/1
f 260/126/1 288/120/1 261/125/1
f 154/118/1 251/127/1 250/115/1
f 260/126/1 289/128/1 288/120/1
f 259/129/1 289/128/1 260/126/1
f 258/130/1 289/128/1 259/129/1
f 257/131/1 289/128/1 258/130/1
f 257/131/1 290/132/1 289/128/1
f 153/133/1 251/127/1 154/118/1
f 256/134/1 290/132/1 257/131/1
f 256/134/1 39/135/1 290/132/1
f 39/135/1 291/136/1 290/132/1
f 255/137/1 39/135/1 256/134/1
f 153/133/1 253/138/1 251/127/1
f 253/138/1 252/139/1 251/127/1
f 255/137/1 292/140/1 39/135/1
f 291/136/1 40/141/1 39/135/1
f 254/142/1 292/140/1 255/137/1
f 292/140/1 40/141/1 291/136/1
f 253/138/1 292/140/1 254/142/1
f 153/133/1 292/140/1 253/138/1
f 153/133/1 40/141/1 292/140/1
f 152/143/1 40/141/1 153/133/1
f 152/143/1 41/144/1 40/141/1
f 151/145/1 41/144/1 152/143/1
f 151/145/1 42/146/1 41/144/1
f 150/147/1 42/146/1 151/145/1
f 150/147/1 43/148/1 42/146/1
f 149/149/1 43/148/1 150/147/1
f 149/149/1 44/150/1 43/148/1
f 148/151/1 1/152/1 149/149/1
f 1/152/1 38/153/1 149/149/1
f 38/153/1 37/154/1 149/149/1
f 37/154/1 44/150/1 149/149/1
f 36/155/1 44/150/1 37/154/1
f 148/151/1 2/156/1 1/152/1
f 148/151/1 3/157/1 2/156/1
f 148/151/1 4/158/1 3/157/1
f 36/155/1 88/159/1 44/150/1
f 88/159/1 45/160/1 44/150/1
f 148/151/1 5/161/1 4/158/1
f 148/151/1 6/162/1 5/161/1
f 147/163/1 6/162/1 148/151/1
f 147/163/1 7/164/1 6/162/1
f 147/163/1 8/165/1 7/164/1
f 36/155/1 89/166/1 88/159/1
f 87/167/1 45/160/1 88/159/1
f 35/168/1 89/166/1 36/155/1
f 147/163/1 9/169/1 8/165/1
f 86/170/1 45/160/1 87/167/1
f 147/163/1 10/171/1 9/169/1
f 86/170/1 46/172/1 45/160/1
f 147/163/1 11/173/1 10/171/1
f 85/174/1 46/172/1 86/170/1
f 147/163/1 12/175/1 11/173/1
f 147/163/1 13/176/1 12/175/1
f 146/177/1 13/176/1 147/163/1
f 84/178/1 46/172/1 85/174/1
f 34/179/1 89/166/1 35/168/1
f 34/179/1 90/180/1 89/166/1
f 84/178/1 47/181/1 46/172/1
f 83/182/1 47/181/1 84/178/1
f 145/183/1 13/176/1 146/177/1
f 82/184/1 47/181/1 83/182/1
f 145/183/1 329/185/1 13/176/1
f 329/185/1 14/186/1 13/176/1
f 33/187/1 90/180/1 34/179/1
f 82/184/1 48/188/1 47/181/1
f 145/183/1 330/189/1 329/185/1
f 328/190/1 14/186/1 329/185/1
f 327/191/1 14/186/1 328/190/1
f 33/187/1 91/192/1 90/180/1
f 81/193/1 48/188/1 82/184/1
f 145/183/1 331/194/1 330/189/1
f 327/191/1 15/195/1 14/186/1
f 144/196/1 331/194/1 145/183/1
f 32/197/1 91/192/1 33/187/1
f 80/198/1 48/188/1 81/193/1
f 326/199/1 15/195/1 327/191/1
f 144/196/1 332/200/1 331/194/1
f 80/198/1 49/201/1 48/188/1
f 326/199/1 16/202/1 15/195/1
f 79/203/1 49/201/1 80/198/1
f 32/197/1 92/204/1 91/192/1
f 144/196/1 333/205/1 332/200/1
f 325/206/1 16/202/1 326/199/1
f 143/207/1 333/205/1 144/196/1
f 31/208/1 92/204/1 32/197/1
f 325/206/1 17/209/1 16/202/1
f 78/210/1 49/201/1 79/203/1
f 78/210/1 50/211/1 49/201/1
f 325/206/1 18/212/1 17/209/1
f 143/207/1 334/213/1 333/205/1
f 324/214/1 18/212/1 325/206/1
f 30/215/1 92/204/1 31/208/1
f 77/216/1 50/211/1 78/210/1
f 30/215/1 93/217/1 92/204/1
f 142/218/1 334/213/1 143/207/1
f 324/214/1 19/219/1 18/212/1
f 142/218/1 335/220/1 334/213/1
f 77/216/1 51/221/1 50/211/1
f 323/222/1 19/219/1 324/214/1
f 29/223/1 93/217/1 30/215/1
f 76/224/1 51/221/1 77/216/1
f 323/222/1 20/225/1 19/219/1
f 142/218/1 336/226/1 335/220/1
f 29/223/1 94/227/1 93/217/1
f 322/228/1 20/225/1 323/222/1
f 141/229/1 336/226/1 142/218/1
f 28/230/1 94/227/1 29/223/1
f 322/228/1 21/231/1 20/225/1
f 75/232/1 51/221/1 76/224/1
f 75/232/1 52/233/1 51/221/1
f 322/228/1 22/234/1 21/231/1
f 321/235/1 22/234/1 322/228/1
f 141/229/1 337/236/1 336/226/1
f 27/237/1 94/227/1 28/230/1
f 27/237/1 95/238/1 94/227/1
f 321/235/1 23/239/1 22/234/1
f 140/240/1 337/236/1 141/229/1
f 74/241/1 52/233/1 75/232/1
f 26/242/1 95/238/1 27/237/1
f 320/243/1 23/239/1 321/235/1
f 140/240/1 338/244/1 337/236/1
f 74/241/1 53/245/1 52/233/1
f 320/243/1 25/246/1 23/239/1
f 25/246/1 24/247/1 23/239/1
f 26/242/1 96/248/1 95/238/1
f 25/246/1 96/248/1 26/242/1
f 320/243/1 96/248/1 25/246/1
f 319/249/1 96/248/1 320/243/1
f 140/240/1 339/250/1 338/244/1
f 73/251/1 53/245/1 74/241/1
f 139/252/1 339/250/1 140/240/1
f 318/253/1 96/248/1 319/249/1
f 318/253/1 97/254/1 96/248/1
f 73/251/1 54/255/1 53/245/1
f 139/252/1 340/256/1 339/250/1
f 72/257/1 54/255/1 73/251/1
f 317/258/1 97/254/1 318/253/1
f 138/259/1 340/256/1 139/252/1
f 138/259/1 341/260/1 340/256/1
f 317/258/1 98/261/1 97/254/1
f 316/262/1 98/261/1 317/258/1
f 71/263/1 54/255/1 72/257/1
f 71/263/1 55/264/1 54/255/1
f 138/259/1 293/265/1 341/260/1
f 315/266/1 98/261/1 316/262/1
f 315/266/1 99/267/1 98/261/1
f 138/259/1 294/268/1 293/265/1
f 314/269/1 99/267/1 315/266/1
f 137/270/1 294/268/1 138/259/1
f 70/271/1 55/264/1 71/263/1
f 313/272/1 99/267/1 314/269/1
f 137/270/1 295/273/1 294/268/1
f 312/274/1 99/267/1 313/272/1
f 137/270/1 296/275/1 295/273/1
f 312/274/1 100/276/1 99/267/1
f 70/271/1 56/277/1 55/264/1
f 311/278/1 100/276/1 312/274/1
f 137/270/1 297/279/1 296/275/1
f 136/280/1 297/279/1 137/270/1
f 310/281/1 100/276/1 311/278/1
f 136/280/1 298/282/1 297/279/1
f 69/283/1 56/277/1 70/271/1
f 136/280/1 299/284/1 298/282/1
f 309/285/1 100/276/1 310/281/1
f 309/285/1 101/286/1 100/276/1
f 309/285/1 102/287/1 101/286/1
f 136/280/1 300/288/1 299/284/1
f 308/289/1 102/287/1 309/285/1
f 136/280/1 301/290/1 300/288/1
f 307/291/1 102/287/1 308/289/1
f 307/291/1 103/292/1 102/287/1
f 136/280/1 302/293/1 301/290/1
f 306/294/1 103/292/1 307/291/1
f 136/280/1 303/295/1 302/293/1
f 305/296/1 103/292/1 306/294/1
f 136/280/1 304/297/1 303/295/1
f 304/297/1 103/292/1 305/296/1
f 136/280/1 103/292/1 304/297/1
f 135/298/1 103/292/1 136/280/1
f 135/298/1 104/299/1 103/292/1
f 68/300/1 56/277/1 69/283/1
f 68/300/1 57/301/1 56/277/1
f 135/298/1 105/302/1 104/299/1
f 135/298/1 106/303/1 105/302/1
f 134/304/1 106/303/1 135/298/1
f 67/305/1 57/301/1 68/300/1
f 134/304/1 107/306/1 106/303/1
f 134/304/1 108/307/1 107/306/1
f 67/305/1 58/308/1 57/301/1
f 66/309/1 58/308/1 67/305/1
f 133/310/1 108/307/1 134/304/1
f 133/310/1 109/311/1 108/307/1
f 133/310/1 114/312/1 109/311/1
f 114/312/1 110/313/1 109/311/1
f 133/310/1 115/314/1 114/312/1
f 113/315/1 110/313/1 114/312/1
f 65/316/1 58/308/1 66/309/1
f 133/310/1 116/317/1 115/314/1
f 113/315/1 111/318/1 110/313/1
f 132/319/1 116/317/1 133/310/1
f 132/319/1 117/320/1 116/317/1
f 113/315/1 112/321/1 111/318/1
f 64/322/1 58/308/1 65/316/1
f 64/322/1 59/323/1 58/308/1
f 131/324/1 117/320/1 132/319/1
f 131/324/1 118/325/1 117/320/1
f 63/326/1 59/323/1 64/322/1
f 131/324/1 119/327/1 118/325/1
f 130/328/1 119/327/1 131/324/1
f 130/328/1 120/329/1 119/327/1
f 130/328/1 121/330/1 120/329/1
f 129/331/1 121/330/1 130/328/1
f 63/326/1 60/332/1 59/323/1
f 129/331/1 122/333/1 121/330/1
f 128/334/1 122/333/1 129/331/1
f 128/334/1 123/335/1 122/333/1
f 128/334/1 124/336/1 123/335/1
f 127/337/1 124/336/1 128/334/1
f 127/337/1 125/338/1 124/336/1
f 126/339/1 125/338/1 127/337/1
f 63/326/1 61/340/1 60/332/1
f 63/326/1 62/341/1 61/340/1
f 542/1/2 543/3/2 544/2/2
f 542/1/2 544/2/2 545/4/2
f 541/5/2 542/1/2 545/4/2
f 540/6/2 541/5/2 545/4/2
f 540/6/2 545/4/2 546/7/2
f 539/8/2 540/6/2 546/7/2
f 539/8/2 546/7/2 547/9/2
f 538/10/2 539/8/2 547/9/2
f 538/10/2 547/9/2 548/11/2
f 537/12/2 538/10/2 548/11/2
f 537/12/2 548/11/2 549/13/2
f 536/14/2 537/12/2 549/13/2
f 536/14/2 549/13/2 550/15/2
f 535/16/2 536/14/2 550/15/2
f 535/16/2 550/15/2 551/17/2
f 534/18/2 535/16/2 551/17/2
f 534/18/2 551/17/2 552/19/2
f 533/20/2 534/18/2 552/19/2
f 533/20/2 552/19/2 553/21/2
f 533/20/2 553/21/2 554/22/2
f 532/23/2 533/20/2 554/22/2
f 532/23/2 554/22/2 555/24/2
f 531/25/2 532/23/2 555/24/2
f 531/25/2 555/24/2 556/26/2
f 530/27/2 531/25/2 556/26/2
f 530/27/2 556/26/2 557/28/2
f 568/29/2 569/31/2 570/30/2
f 567/32/2 568/29/2 570/30/2
f 566/33/2 567/32/2 570/30/2
f 565/34/2 566/33/2 570/30/2
f 564/35/2 565/34/2 570/30/2
f 563/36/2 564/35/2 570/30/2
f 562/37/2 563/36/2 570/30/2
f 516/38/2 517/40/2 518/39/2
f 561/41/2 562/37/2 570/30/2
f 560/42/2 561/41/2 570/30/2
f 516/38/2 518/39/2 519/43/2
f 516/38/2 519/43/2 520/44/2
f 559/45/2 560/42/2 570/30/2
f 516/38/2 520/44/2 521/46/2
f 516/38/2 521/46/2 522/47/2
f 558/48/2 559/45/2 570/30/2
f 516/38/2 522/47/2 523/49/2
f 557/28/2 558/48/2 570/30/2
f 516/38/2 523/49/2 524/50/2
f 530/27/2 557/28/2 570/30/2
f 516/38/2 524/50/2 525/51/2
f 516/38/2 525/51/2 526/52/2
f 516/38/2 526/52/2 527/53/2
f 529/54/2 530/27/2 570/30/2
f 516/38/2 527/53/2 528/55/2
f 516/38/2 528/55/2 529/54/2
f 516/38/2 529/54/2 570/30/2
f 516/38/2 570/30/2 571/56/2
f 516/38/2 571/56/2 572/57/2
f 516/38/2 572/57/2 573/58/2
f 516/38/2 573/58/2 574/59/2
f 516/38/2 574/59/2 575/60/2
f 516/38/2 575/60/2 576/61/2
f 516/38/2 576/61/2 577/62/2
f 516/38/2 577/62/2 578/63/2
f 516/38/2 578/63/2 579/64/2
f 516/38/2 579/64/2 580/65/2
f 515/66/2 516/38/2 580/65/2
f 515/66/2 580/65/2 581/67/2
f 514/68/2 515/66/2 581/67/2
f 513/69/2 514/68/2 581/67/2
f 513/69/2 581/67/2 582/70/2
f 512/71/2 513/69/2 582/70/2
f 511/72/2 512/71/2 582/70/2
f 511/72/2 582/70/2 583/73/2
f 510/74/2 511/72/2 583/73/2
f 509/75/2 510/74/2 583/73/2
f 509/75/2 583/73/2 503/76/2
f 503/76/2 583/73/2 584/77/2
f 508/78/2 509/75/2 503/76/2
f 507/79/2 508/78/2 503/76/2
f 507/79/2 503/76/2 504/80/2
f 502/81/2 503/76/2 584/77/2
f 506/82/2 507/79/2 504/80/2
f 505/83/2 506/82/2 504/80/2
f 501/84/2 502/81/2 584/77/2
f 619/85/2 620/87/2 621/86/2
f 501/84/2 584/77/2 585/88/2
f 500/89/2 501/84/2 585/88/2
f 500/89/2 585/88/2 586/90/2
f 618/91/2 619/85/2 621/86/2
f 499/92/2 500/89/2 586/90/2
f 617/93/2 618/91/2 621/86/2
f 499/92/2 586/90/2 587/94/2
f 616/95/2 617/93/2 621/86/2
f 616/95/2 621/86/2 622/96/2
f 615/97/2 616/95/2 622/96/2
f 498/98/2 499/92/2 587/94/2
f 498/98/2 587/94/2 588/99/2
f 614/100/2 615/97/2 622/96/2
f 614/100/2 622/96/2 623/101/2
f 613/102/2 614/100/2 623/101/2
f 498/98/2 588/99/2 589/103/2
f 497/104/2 498/98/2 589/103/2
f 613/102/2 623/101/2 624/105/2
f 612/106/2 613/102/2 624/105/2
f 612/106/2 624/105/2 625/107/2
f 611/108/2 612/106/2 625/107/2
f 497/104/2 589/103/2 590/109/2
f 611/108/2 625/107/2 626/110/2
f 496/111/2 497/104/2 590/109/2
f 610/112/2 611/108/2 626/110/2
f 610/112/2 626/110/2 627/113/2
f 609/114/2 610/112/2 627/113/2
f 496/111/2 590/109/2 591/115/2
f 609/114/2 627/113/2 628/116/2
f 608/117/2 609/114/2 628/116/2
f 495/118/2 496/111/2 591/115/2
f 607/119/2 608/117/2 628/116/2
f 607/119/2 628/116/2 629/120/2
f 605/121/2 606/122/2 607/119/2
f 604/123/2 605/121/2 607/119/2
f 603/124/2 604/123/2 607/119/2
f 603/124/2 607/119/2 629/120/2
f 602/125/2 603/124/2 629/120/2
f 601/126/2 602/125/2 629/120/2
f 495/118/2 591/115/2 592/127/2
f 601/126/2 629/120/2 630/128/2
f 600/129/2 601/126/2 630/128/2
f 599/130/2 600/129/2 630/128/2
f 598/131/2 599/130/2 630/128/2
f 598/131/2 630/128/2 631/132/2
f 494/133/2 495/118/2 592/127/2
f 597/134/2 598/131/2 631/132/2
f 597/134/2 631/132/2 380/135/2
f 380/135/2 631/132/2 632/136/2
f 596/137/2 597/134/2 380/135/2
f 494/133/2 592/127/2 594/138/2
f 594/138/2 592/127/2 593/139/2
f 596/137/2 380/135/2 633/140/2
f 632/136/2 380/135/2 381/141/2
f 595/142/2 596/137/2 633/140/2
f 633/140/2 632/136/2 381/141/2
f 594/138/2 595/142/2 633/140/2
f 494/133/2 594/138/2 633/140/2
f 494/133/2 633/140/2 381/141/2
f 493/143/2 494/133/2 381/141/2
f 493/143/2 381/141/2 382/144/2
f 492/145/2 493/143/2 382/144/2
f 492/145/2 382/144/2 383/146/2
f 491/147/2 492/145/2 383/146/2
f 491/147/2 383/146/2 384/148/2
f 490/149/2 491/147/2 384/148/2
f 490/149/2 384/148/2 385/150/2
f 489/151/2 490/149/2 342/152/2
f 342/152/2 490/149/2 379/153/2
f 379/153/2 490/149/2 378/154/2
f 378/154/2 490/149/2 385/150/2
f 377/155/2 378/154/2 385/150/2
f 489/151/2 342/152/2 343/156/2
f 489/151/2 343/156/2 344/157/2
f 489/151/2 344/157/2 345/158/2
f 377/155/2 385/150/2 429/159/2
f 429/159/2 385/150/2 386/160/2
f 489/151/2 345/158/2 346/161/2
f 489/151/2 346/161/2 347/162/2
f 488/163/2 489/151/2 347/162/2
f 488/163/2 347/162/2 348/164/2
f 488/163/2 348/164/2 349/165/2
f 377/155/2 429/159/2 430/166/2
f 428/167/2 429/159/2 386/160/2
f 376/168/2 377/155/2 430/166/2
f 488/163/2 349/165/2 350/169/2
f 427/170/2 428/167/2 386/160/2
f 488/163/2 350/169/2 351/171/2
f 427/170/2 386/160/2 387/172/2
f 488/163/2 351/171/2 352/173/2
f 426/174/2 427/170/2 387/172/2
f 488/163/2 352/173/2 353/175/2
f 488/163/2 353/175/2 354/176/2
f 487/177/2 488/163/2 354/176/2
f 425/178/2 426/174/2 387/172/2
f 375/179/2 376/168/2 430/166/2
f 375/179/2 430/166/2 431/180/2
f 425/178/2 387/172/2 388/181/2
f 424/182/2 425/178/2 388/181/2
f 486/183/2 487/177/2 354/176/2
f 423/184/2 424/182/2 388/181/2
f 486/183/2 354/176/2 670/185/2
f 670/185/2 354/176/2 355/186/2
f 374/187/2 375/179/2 431/180/2
f 423/184/2 388/181/2 389/188/2
f 486/183/2 670/185/2 671/189/2
f 669/190/2 670/185/2 355/186/2
f 668/191/2 669/190/2 355/186/2
f 374/187/2 431/180/2 432/192/2
f 422/193/2 423/184/2 389/188/2
f 486/183/2 671/189/2 672/194/2
f 668/191/2 355/186/2 356/195/2
f 485/196/2 486/183/2 672/194/2
f 373/197/2 374/187/2 432/192/2
f 421/198/2 422/193/2 389/188/2
f 667/199/2 668/191/2 356/195/2
f 485/196/2 672/194/2 673/200/2
f 421/198/2 389/188/2 390/201/2
f 667/199/2 356/195/2 357/202/2
f 420/203/2 421/198/2 390/201/2
f 373/197/2 432/192/2 433/204/2
f 485/196/2 673/200/2 674/205/2
f 666/206/2 667/199/2 357/202/2
f 484/207/2 485/196/2 674/205/2
f 372/208/2 373/197/2 433/204/2
f 666/206/2 357/202/2 358/209/2
f 419/210/2 420/203/2 390/201/2
f 419/210/2 390/201/2 391/211/2
f 666/206/2 358/209/2 359/212/2
f 484/207/2 674/205/2 675/213/2
f 665/214/2 666/206/2 359/212/2
f 371/215/2 372/208/2 433/204/2
f 418/216/2 419/210/2 391/211/2
f 371/215/2 433/204/2 434/217/2
f 483/218/2 484/207/2 675/213/2
f 665/214/2 359/212/2 360/219/2
f 483/218/2 675/213/2 676/220/2
f 418/216/2 391/211/2 392/221/2
f 664/222/2 665/214/2 360/219/2
f 370/223/2 371/215/2 434/217/2
f 417/224/2 418/216/2 392/221/2
f 664/222/2 360/219/2 361/225/2
f 483/218/2 676/220/2 677/226/2
f 370/223/2 434/217/2 435/227/2
f 663/228/2 664/222/2 361/225/2
f 482/229/2 483/218/2 677/226/2
f 369/230/2 370/223/2 435/227/2
f 663/228/2 361/225/2 362/231/2
f 416/232/2 417/224/2 392/221/2
f 416/232/2 392/221/2 393/233/2
f 663/228/2 362/231/2 363/234/2
f 662/235/2 663/228/2 363/234/2
f 482/229/2 677/226/2 678/236/2
f 368/237/2 369/230/2 435/227/2
f 368/237/2 435/227/2 436/238/2
f 662/235/2 363/234/2 364/239/2
f 481/240/2 482/229/2 678/236/2
f 415/241/2 416/232/2 393/233/2
f 367/242/2 368/237/2 436/238/2
f 661/243/2 662/235/2 364/239/2
f 481/240/2 678/236/2 679/244/2
f 415/241/2 393/233/2 394/245/2
f 661/243/2 364/239/2 366/246/2
f 366/246/2 364/239/2 365/247/2
f 367/242/2 436/238/2 437/248/2
f 366/246/2 367/242/2 437/248/2
f 661/243/2 366/246/2 437/248/2
f 660/249/2 661/243/2 437/248/2
f 481/240/2 679/244/2 680/250/2
f 414/251/2 415/241/2 394/245/2
f 480/252/2 481/240/2 680/250/2
f 659/253/2 660/249/2 437/248/2
f 659/253/2 437/248/2 438/254/2
f 414/251/2 394/245/2 395/255/2
f 480/252/2 680/250/2 681/256/2
f 413/257/2 414/251/2 395/255/2
f 658/258/2 659/253/2 438/254/2
f 479/259/2 480/252/2 681/256/2
f 479/259/2 681/256/2 682/260/2
f 658/258/2 438/254/2 439/261/2
f 657/262/2 658/258/2 439/261/2
f 412/263/2 413/257/2 395/255/2
f 412/263/2 395/255/2 396/264/2
f 479/259/2 682/260/2 634/265/2
f 656/266/2 657/262/2 439/261/2
f 656/266/2 439/261/2 440/267/2
f 479/259/2 634/265/2 635/268/2
f 655/269/2 656/266/2 440/267/2
f 478/270/2 479/259/2 635/268/2
f 411/271/2 412/263/2 396/264/2
f 654/272/2 655/269/2 440/267/2
f 478/270/2 635/268/2 636/273/2
f 653/274/2 654/272/2 440/267/2
f 478/270/2 636/273/2 637/275/2
f 653/274/2 440/267/2 441/276/2
f 411/271/2 396/264/2 397/277/2
f 652/278/2 653/274/2 441/276/2
f 478/270/2 637/275/2 638/279/2
f 477/280/2 478/270/2 638/279/2
f 651/281/2 652/278/2 441/276/2
f 477/280/2 638/279/2 639/282/2
f 410/283/2 411/271/2 397/277/2
f 477/280/2 639/282/2 640/284/2
f 650/285/2 651/281/2 441/276/2
f 650/285/2 441/276/2 442/286/2
f 650/285/2 442/286/2 443/287/2
f 477/280/2 640/284/2 641/288/2
f 649/289/2 650/285/2 443/287/2
f 477/280/2 641/288/2 642/290/2
f 648/291/2 649/289/2 443/287/2
f 648/291/2 443/287/2 444/292/2
f 477/280/2 642/290/2 643/293/2
f 647/294/2 648/291/2 444/292/2
f 477/280/2 643/293/2 644/295/2
f 646/296/2 647/294/2 444/292/2
f 477/280/2 644/295/2 645/297/2
f 645/297/2 646/296/2 444/292/2
f 477/280/2 645/297/2 444/292/2
f 476/298/2 477/280/2 444/292/2
f 476/298/2 444/292/2 445/299/2
f 409/300/2 410/283/2 397/277/2
f 409/300/2 397/277/2 398/301/2
f 476/298/2 445/299/2 446/302/2
f 476/298/2 446/302/2 447/303/2
f 475/304/2 476/298/2 447/303/2
f 408/305/2 409/300/2 398/301/2
f 475/304/2 447/303/2 448/306/2
f 475/304/2 448/306/2 449/307/2
f 408/305/2 398/301/2 399/308/2
f 407/309/2 408/305/2 399/308/2
f 474/310/2 475/304/2 449/307/2
f 474/310/2 449/307/2 450/311/2
f 474/310/2 450/311/2 455/312/2
f 455/312/2 450/311/2 451/313/2
f 474/310/2 455/312/2 456/314/2
f 454/315/2 455/312/2 451/313/2
f 406/316/2 407/309/2 399/308/2
f 474/310/2 456/314/2 457/317/2
f 454/315/2 451/313/2 452/318/2
f 473/319/2 474/310/2 457/317/2
f 473/319/2 457/317/2 458/320/2
f 454/315/2 452/318/2 453/321/2
f 405/322/2 406/316/2 399/308/2
f 405/322/2 399/308/2 400/323/2
f 472/324/2 473/319/2 458/320/2
f 472/324/2 458/320/2 459/325/2
f 404/326/2 405/322/2 400/323/2
f 472/324/2 459/325/2 460/327/2
f 471/328/2 472/324/2 460/327/2
f 471/328/2 460/327/2 461/329/2
f 471/328/2 461/329/2 462/330/2
f 470/331/2 471/328/2 462/330/2
f 404/326/2 400/323/2 401/332/2
f 470/331/2 462/330/2 463/333/2
f 469/334/2 470/331/2 463/333/2
f 469/334/2 463/333/2 464/335/2
f 469/334/2 464/335/2 465/336/2
f 468/337/2 469/334/2 465/336/2
f 468/337/2 465/336/2 466/338/2
f 467/339/2 468/337/2 466/338/2
f 404/326/2 401/332/2 402/340/2
f 404/326/2 402/340/2 403/341/2
s 1
f 686/342/3 683/152/4 684/343/4
f 688/344/5 685/345/3 686/342/3
f 690/346/6 687/347/5 688/344/5
f 692/348/7 689/349/6 690/346/6
f 694/350/8 691/351/7 692/348/7
f 696/352/9 693/353/8 694/350/8
f 698/354/10 695/355/9 696/352/9
f 700/356/11 697/357/10 698/354/10
f 702/358/12 699/359/11 700/356/11
f 704/360/13 701/361/12 702/358/12
f 706/362/14 703/363/15 704/360/13
f 708/364/16 705/365/14 706/362/14
f 710/366/17 707/367/16 708/364/16
f 712/368/18 709/369/17 710/366/17
f 714/370/19 711/371/18 712/368/18
f 716/372/20 713/373/19 714/370/19
f 718/374/21 715/375/20 716/372/20
f 720/376/22 717/377/21 718/374/21
f 722/378/23 719/379/22 720/376/22
f 724/380/24 721/71/23 722/378/23
f 726/381/25 723/382/24 724/380/24
f 728/383/26 725/384/25 726/381/25
f 730/385/27 727/386/26 728/383/26
f 732/387/28 729/388/7 730/385/27
f 734/389/29 731/390/28 732/387/28
f 736/391/30 733/392/29 734/389/29
f 738/393/31 735/394/32 736/391/30
f 740/395/33 737/396/34 738/393/31
f 742/397/35 739/398/33 740/395/33
f 744/399/36 741/400/35 742/397/35
f 746/401/37 743/402/36 744/399/36
f 748/403/38 745/404/37 746/401/37
f 750/405/39 747/406/38 748/403/38
f 752/407/40 749/408/39 750/405/39
f 754/409/41 751/410/40 752/407/40
f 756/411/42 753/412/41 754/409/41
f 758/413/43 755/414/44 756/411/42
f 684/415/4 757/416/43 758/413/43
f 762/417/45 759/152/46 760/343/46
f 764/418/47 761/419/45 762/417/45
f 766/420/48 763/421/47 764/418/47
f 768/422/49 765/423/48 766/420/48
f 770/424/50 767/425/49 768/422/49
f 772/426/51 769/427/50 770/424/50
f 774/428/52 771/429/51 772/426/51
f 776/430/53 773/431/52 774/428/52
f 778/432/54 775/433/53 776/430/53
f 780/434/55 777/435/54 778/432/54
f 782/436/56 779/437/55 780/434/55
f 784/438/57 781/439/56 782/436/56
f 786/440/58 783/441/57 784/438/57
f 788/442/59 785/443/58 786/440/58
f 790/444/60 787/445/59 788/442/59
f 792/446/61 789/447/60 790/444/60
f 794/448/62 791/449/61 792/446/61
f 796/450/63 793/451/62 794/448/62
f 798/452/64 795/453/63 796/450/63
f 800/454/65 797/455/64 798/452/64
f 802/456/66 799/457/65 800/454/65
f 804/458/67 801/459/66 802/456/66
f 806/460/68 803/461/67 804/458/67
f 808/462/69 805/463/68 806/460/68
f 810/464/70 807/465/69 808/462/69
f 812/466/71 809/467/70 810/464/70
f 814/468/72 811/469/71 812/466/71
f 816/470/73 813/471/72 814/468/72
f 818/472/74 815/473/73 816/470/73
f 820/474/75 817/475/74 818/472/74
f 822/476/76 819/477/75 820/474/75
f 824/478/77 821/479/76 822/476/76
f 826/480/78 823/481/77 824/478/77
f 828/482/79 825/483/78 826/480/78
f 830/484/80 827/485/79 828/482/79
f 832/486/81 829/487/80 830/484/80
f 834/488/82 831/489/81 832/486/81
f 836/490/83 833/491/82 834/488/82
f 838/492/84 835/493/83 836/490/83
f 840/494/85 837/495/84 838/492/84
f 842/496/86 839/497/85 840/494/85
f 844/498/87 841/499/86 842/496/86
f 846/500/88 843/501/87 844/498/87
f 848/502/89 845/503/88 846/500/88
f 850/504/90 847/505/91 848/502/89
f 852/506/92 849/507/90 850/504/90
f 854/508/93 851/509/92 852/506/92
f 856/510/94 853/511/95 854/508/93
f 858/512/96 855/513/94 856/510/94
f 860/514/97 857/515/96 858/512/96
f 862/516/98 859/517/97 860/514/97
f 864/518/99 861/519/98 862/516/98
f 866/520/100 863/521/99 864/518/99
f 868/522/101 865/523/100 866/520/100
f 870/524/102 867/525/101 868/522/101
f 872/526/103 869/527/102 870/524/102
f 874/528/104 871/529/105 872/526/103
f 876/530/106 873/531/104 874/528/104
f 878/532/107 875/533/106 876/530/106
f 880/534/108 877/535/107 878/532/107
f 882/536/109 879/537/108 880/534/108
f 884/538/110 881/539/109 882/536/109
f 886/540/111 883/541/110 884/538/110
f 888/542/112 885/543/111 886/540/111
f 890/544/113 887/545/112 888/542/112
f 892/546/114 889/547/113 890/544/113
f 894/548/115 891/549/114 892/546/114
f 896/550/116 893/551/115 894/548/115
f 898/552/117 895/553/116 896/550/116
f 900/554/118 897/555/117 898/552/117
f 902/556/119 899/557/118 900/554/118
f 904/558/120 901/559/119 902/556/119
f 906/560/121 903/561/120 904/558/120
f 908/562/122 905/563/123 906/560/121
f 910/564/124 907/565/122 908/562/122
f 912/566/125 909/567/124 910/564/124
f 914/568/126 911/569/125 912/566/125
f 916/570/127 913/571/126 914/568/126
f 918/572/128 915/573/127 916/570/127
f 920/574/129 917/575/128 918/572/128
f 922/576/130 919/577/129 920/574/129
f 924/578/131 921/579/130 922/576/130
f 926/580/132 923/581/131 924/578/131
f 928/582/133 925/583/132 926/580/132
f 930/584/134 927/585/133 928/582/133
f 932/586/135 929/587/134 930/584/134
f 934/588/136 931/589/135 932/586/135
f 936/590/137 933/591/136 934/588/136
f 938/592/138 935/593/137 936/590/137
f 940/594/139 937/595/138 938/592/138
f 942/596/140 939/597/139 940/594/139
f 944/598/141 941/599/140 942/596/140
f 946/600/142 943/601/141 944/598/141
f 948/602/143 945/603/144 946/600/142
f 950/604/145 947/605/143 948/602/143
f 952/606/146 949/607/145 950/604/145
f 954/608/147 951/609/146 952/606/146
f 956/610/148 953/611/147 954/608/147
f 958/612/149 955/613/148 956/610/148
f 960/614/150 957/615/149 958/612/149
f 962/616/151 959/617/150 960/614/150
f 964/618/152 961/619/151 962/616/151
f 966/620/153 963/621/152 964/618/152
f 968/622/154 965/623/153 966/620/153
f 970/624/155 967/625/154 968/622/154
f 972/626/156 969/627/155 970/624/155
f 974/628/157 971/629/158 972/626/156
f 976/630/159 973/631/157 974/628/157
f 978/632/160 975/633/159 976/630/159
f 980/634/161 977/635/160 978/632/160
f 982/636/162 979/637/161 980/634/161
f 984/638/163 981/639/162 982/636/162
f 986/640/164 983/641/163 984/638/163
f 988/642/165 985/643/164 986/640/164
f 990/644/166 987/645/165 988/642/165
f 992/646/167 989/647/166 990/644/166
f 994/648/168 991/649/167 992/646/167
f 996/650/169 993/651/168 994/648/168
f 998/652/170 995/653/169 996/650/169
f 1000/654/171 997/655/170 998/652/170
f 1002/656/172 999/657/171 1000/654/171
f 1004/658/173 1001/659/172 1002/656/172
f 1006/660/174 1003/661/173 1004/658/173
f 1008/662/175 1005/663/174 1006/660/174
f 1010/664/176 1007/665/175 1008/662/175
f 1012/666/177 1009/667/176 1010/664/176
f 1014/378/178 1011/668/177 1012/666/177
f 1016/669/179 1013/71/178 1014/378/178
f 1018/670/180 1015/671/179 1016/669/179
f 1020/672/181 1017/673/180 1018/670/180
f 1022/674/182 1019/675/181 1020/672/181
f 1024/676/183 1021/677/182 1022/674/182
f 1026/678/184 1023/679/183 1024/676/183
f 1028/680/185 1025/681/184 1026/678/184
f 1030/682/186 1027/683/185 1028/680/185
f 1032/684/187 1029/685/186 1030/682/186
f 1034/686/188 1031/687/187 1032/684/187
f 1036/688/189 1033/689/190 1034/686/188
f 1038/690/191 1035/691/189 1036/688/189
f 1040/692/192 1037/693/191 1038/690/191
f 1042/694/193 1039/695/192 1040/692/192
f 1044/696/194 1041/697/193 1042/694/193
f 1046/698/195 1043/699/194 1044/696/194
f 1048/700/196 1045/701/195 1046/698/195
f 1050/702/197 1047/703/196 1048/700/196
f 1052/704/198 1049/705/197 1050/702/197
f 1054/706/199 1051/707/198 1052/704/198
f 1056/708/200 1053/709/199 1054/706/199
f 1058/710/201 1055/711/200 1056/708/200
f 1060/712/202 1057/713/201 1058/710/201
f 1062/714/203 1059/715/202 1060/712/202
f 1064/716/204 1061/717/203 1062/714/203
f 1066/718/205 1063/719/204 1064/716/204
f 1068/720/206 1065/721/205 1066/718/205
f 1070/722/207 1067/723/206 1068/720/206
f 1072/724/208 1069/725/209 1070/722/207
f 1074/726/210 1071/727/208 1072/724/208
f 1076/728/211 1073/729/210 1074/726/210
f 1078/730/212 1075/731/211 1076/728/211
f 1080/732/213 1077/733/212 1078/730/212
f 1082/734/214 1079/735/213 1080/732/213
f 1084/736/215 1081/737/216 1082/734/214
f 1086/738/217 1083/739/215 1084/736/215
f 1088/740/218 1085/741/219 1086/738/217
f 1090/742/220 1087/743/221 1088/740/218
f 1092/744/222 1089/745/220 1090/742/220
f 1094/746/223 1091/747/222 1092/744/222
f 1096/748/224 1093/749/223 1094/746/223
f 1098/750/225 1095/751/224 1096/748/224
f 1100/752/226 1097/753/225 1098/750/225
f 1102/754/227 1099/755/226 1100/752/226
f 1104/756/228 1101/757/227 1102/754/227
f 1106/758/229 1103/759/230 1104/756/228
f 1108/760/231 1105/761/229 1106/758/229
f 1110/762/232 1107/763/233 1108/760/231
f 1112/764/234 1109/765/232 1110/762/232
f 1114/766/235 1111/767/234 1112/764/234
f 1116/768/236 1113/769/235 1114/766/235
f 1118/770/237 1115/771/236 1116/768/236
f 1120/772/238 1117/773/237 1118/770/237
f 1122/774/239 1119/775/238 1120/772/238
f 1124/776/240 1121/777/239 1122/774/239
f 1126/778/241 1123/779/240 1124/776/240
f 1128/780/242 1125/781/241 1126/778/241
f 1130/782/243 1127/783/242 1128/780/242
f 1132/784/244 1129/785/243 1130/782/243
f 1134/786/245 1131/787/244 1132/784/244
f 1136/788/246 1133/789/245 1134/786/245
f 1138/790/247 1135/791/246 1136/788/246
f 1140/792/248 1137/793/249 1138/790/247
f 1142/794/250 1139/795/248 1140/792/248
f 1144/796/251 1141/797/250 1142/794/250
f 1146/798/252 1143/799/251 1144/796/251
f 1148/800/253 1145/801/252 1146/798/252
f 1150/802/254 1147/803/253 1148/800/253
f 1152/804/255 1149/805/254 1150/802/254
f 1154/806/256 1151/807/255 1152/804/255
f 1156/808/257 1153/809/256 1154/806/256
f 1158/810/258 1155/811/257 1156/808/257
f 1160/812/259 1157/813/258 1158/810/258
f 1162/814/260 1159/815/259 1160/812/259
f 1164/816/261 1161/817/260 1162/814/260
f 1166/818/262 1163/819/261 1164/816/261
f 1168/820/263 1165/821/262 1166/818/262
f 1170/822/264 1167/823/263 1168/820/263
f 1172/824/265 1169/825/264 1170/822/264
f 1174/826/266 1171/827/265 1172/824/265
f 1176/828/267 1173/829/266 1174/826/266
f 1178/830/268 1175/831/267 1176/828/267
f 1180/832/269 1177/833/268 1178/830/268
f 1182/834/270 1179/835/269 1180/832/269
f 1184/836/271 1181/837/270 1182/834/270
f 1186/838/272 1183/839/271 1184/836/271
f 1188/840/273 1185/841/274 1186/838/272
f 1190/842/275 1187/843/276 1188/840/273
f 1192/844/277 1189/845/278 1190/842/275
f 1194/846/279 1191/847/277 1192/844/277
f 1196/848/280 1193/849/279 1194/846/279
f 1198/850/281 1195/851/280 1196/848/280
f 1200/852/282 1197/853/281 1198/850/281
f 1202/854/283 1199/855/282 1200/852/282
f 1204/856/284 1201/857/283 1202/854/283
f 1206/858/285 1203/859/284 1204/856/284
f 1208/860/286 1205/861/285 1206/858/285
f 1210/862/287 1207/863/286 1208/860/286
f 1212/864/288 1209/865/287 1210/862/287
f 1214/866/289 1211/867/288 1212/864/288
f 1216/868/290 1213/869/291 1214/866/289
f 1218/870/292 1215/871/290 1216/868/290
f 1220/872/293 1217/873/294 1218/870/292
f 1222/874/295 1219/875/293 1220/872/293
f 1224/876/296 1221/877/295 1222/874/295
f 1226/878/297 1223/879/296 1224/876/296
f 1228/880/298 1225/881/297 1226/878/297
f 1230/882/299 1227/883/298 1228/880/298
f 1232/884/300 1229/885/299 1230/882/299
f 1234/886/301 1231/887/302 1232/884/300
f 1236/888/303 1233/889/304 1234/886/301
f 1238/890/305 1235/891/303 1236/888/303
f 1240/892/306 1237/893/305 1238/890/305
f 1242/894/307 1239/895/308 1240/892/306
f 1244/896/309 1241/897/310 1242/894/307
f 1246/898/311 1243/899/309 1244/896/309
f 1248/900/312 1245/901/311 1246/898/311
f 1250/902/313 1247/903/314 1248/900/312
f 1252/904/315 1249/905/313 1250/902/313
f 1254/906/316 1251/907/315 1252/904/315
f 1256/908/317 1253/909/316 1254/906/316
f 1258/910/318 1255/911/317 1256/908/317
f 1260/912/319 1257/913/318 1258/910/318
f 1262/914/320 1259/915/319 1260/912/319
f 1264/916/321 1261/917/320 1262/914/320
f 1266/918/322 1263/919/321 1264/916/321
f 760/415/46 1265/920/323 1266/918/322
f 1270/921/324 1267/152/325 1268/343/325
f 1272/922/326 1269/923/324 1270/921/324
f 1274/924/327 1271/925/326 1272/922/326
f 1276/926/328 1273/927/327 1274/924/327
f 1278/928/329 1275/929/328 1276/926/328
f 1280/930/330 1277/931/329 1278/928/329
f 1282/932/331 1279/933/330 1280/930/330
f 1284/934/332 1281/935/331 1282/932/331
f 1286/936/333 1283/937/332 1284/934/332
f 1288/938/334 1285/939/333 1286/936/333
f 1290/940/335 1287/941/334 1288/938/334
f 1292/942/336 1289/943/335 1290/940/335
f 1294/944/337 1291/945/336 1292/942/336
f 1296/946/338 1293/947/337 1294/944/337
f 1298/948/339 1295/949/338 1296/946/338
f 1300/950/340 1297/951/339 1298/948/339
f 1302/952/341 1299/953/340 1300/950/340
f 1304/954/342 1301/955/341 1302/952/341
f 1306/956/343 1303/957/342 1304/954/342
f 1308/958/344 1305/959/343 1306/956/343
f 1310/960/345 1307/961/344 1308/958/344
f 1312/962/346 1309/963/345 1310/960/345
f 1314/964/347 1311/965/346 1312/962/346
f 1316/966/348 1313/967/347 1314/964/347
f 1318/968/349 1315/969/348 1316/966/348
f 1320/970/350 1317/971/349 1318/968/349
f 1322/972/351 1319/973/350 1320/970/350
f 1324/974/352 1321/975/351 1322/972/351
f 1326/976/353 1323/977/352 1324/974/352
f 1328/978/354 1325/979/353 1326/976/353
f 1330/980/355 1327/981/354 1328/978/354
f 1332/982/356 1329/983/355 1330/980/355
f 1334/984/357 1331/985/356 1332/982/356
f 1336/986/358 1333/987/357 1334/984/357
f 1338/988/359 1335/989/358 1336/986/358
f 1340/990/360 1337/991/359 1338/988/359
f 1342/992/361 1339/993/360 1340/990/360
f 1344/994/362 1341/995/361 1342/992/361
f 1346/996/363 1343/997/362 1344/994/362
f 1348/998/364 1345/999/363 1346/996/363
f 1350/1000/365 1347/1001/364 1348/998/364
f 1352/1002/366 1349/1003/365 1350/1000/365
f 1354/1004/367 1351/1005/366 1352/1002/366
f 1356/1006/368 1353/1007/367 1354/1004/367
f 1358/1008/369 1355/1009/368 1356/1006/368
f 1360/1010/370 1357/1011/369 1358/1008/369
f 1362/1012/371 1359/1013/370 1360/1010/370
f 1364/1014/372 1361/1015/371 1362/1012/371
f 1268/415/325 1363/1016/372 1364/1014/372
f 686/342/3 685/345/3 683/152/4
f 688/344/5 687/347/5 685/345/3
f 690/346/6 689/349/6 687/347/5
f 692/348/7 691/351/7 689/349/6
f 694/350/8 693/353/8 691/351/7
f 696/352/9 695/355/9 693/353/8
f 698/354/10 697/357/10 695/355/9
f 700/356/11 699/359/11 697/357/10
f 702/358/12 701/361/12 699/359/11
f 704/360/13 703/363/15 701/361/12
f 706/362/14 705/365/14 703/363/15
f 708/364/16 707/367/16 705/365/14
f 710/366/17 709/369/17 707/367/16
f 712/368/18 711/371/18 709/369/17
f 714/370/19 713/373/19 711/371/18
f 716/372/20 715/375/20 713/373/19
f 718/374/21 717/377/21 715/375/20
f 720/376/22 719/379/22 717/377/21
f 722/378/23 721/71/23 719/379/22
f 724/380/24 723/382/24 721/71/23
f 726/381/25 725/384/25 723/382/24
f 728/383/26 727/386/26 725/384/25
f 730/385/27 729/388/7 727/386/26
f 732/387/28 731/390/28 729/388/7
f 734/389/29 733/392/29 731/390/28
f 736/391/30 735/394/32 733/392/29
f 738/393/31 737/396/34 735/394/32
f 740/395/33 739/398/33 737/396/34
f 742/397/35 741/400/35 739/398/33
f 744/399/36 743/402/36 741/400/35
f 746/401/37 745/404/37 743/402/36
f 748/403/38 747/406/38 745/404/37
f 750/405/39 749/408/39 747/406/38
f 752/407/40 751/410/40 749/408/39
f 754/409/41 753/412/41 751/410/40
f 756/411/42 755/414/44 753/412/41
f 758/413/43 757/416/43 755/414/44
f 684/415/4 683/260/4 757/416/43
f 762/417/45 761/419/45 759/152/46
f 764/418/47 763/421/47 761/419/45
f 766/420/48 765/423/48 763/421/47
f 768/422/49 767/425/49 765/423/48
f 770/424/50 769/427/50 767/425/49
f 772/426/51 771/429/51 769/427/50
f 774/428/52 773/431/52 771/429/51
f 776/430/53 775/433/53 773/431/52
f 778/432/54 777/435/54 775/433/53
f 780/434/55 779/437/55 777/435/54
f 782/436/56 781/439/56 779/437/55
f 784/438/57 783/441/57 781/439/56
f 786/440/58 785/443/58 783/441/57
f 788/442/59 787/445/59 785/443/58
f 790/444/60 789/447/60 787/445/59
f 792/446/61 791/449/61 789/447/60
f 794/448/62 793/451/62 791/449/61
f 796/450/63 795/453/63 793/451/62
f 798/452/64 797/455/64 795/453/63
f 800/454/65 799/457/65 797/455/64
f 802/456/66 801/459/66 799/457/65
f 804/458/67 803/461/67 801/459/66
f 806/460/68 805/463/68 803/461/67
f 808/462/69 807/465/69 805/463/68
f 810/464/70 809/467/70 807/465/69
f 812/466/71 811/469/71 809/467/70
f 814/468/72 813/471/72 811/469/71
f 816/470/73 815/473/73 813/471/72
f 818/472/74 817/475/74 815/473/73
f 820/474/75 819/477/75 817/475/74
f 822/476/76 821/479/76 819/477/75
f 824/478/77 823/481/77 821/479/76
f 826/480/78 825/483/78 823/481/77
f 828/482/79 827/485/79 825/483/78
f 830/484/80 829/487/80 827/485/79
f 832/486/81 831/489/81 829/487/80
f 834/488/82 833/491/82 831/489/81
f 836/490/83 835/493/83 833/491/82
f 838/492/84 837/495/84 835/493/83
f 840/494/85 839/497/85 837/495/84
f 842/496/86 841/499/86 839/497/85
f 844/498/87 843/501/87 841/499/86
f 846/500/88 845/503/88 843/501/87
f 848/502/89 847/505/91 845/503/88
f 850/504/90 849/507/90 847/505/91
f 852/506/92 851/509/92 849/507/90
f 854/508/93 853/511/95 851/509/92
f 856/510/94 855/513/94 853/511/95
f 858/512/96 857/515/96 855/513/94
f 860/514/97 859/517/97 857/515/96
f 862/516/98 861/519/98 859/517/97
f 864/518/99 863/521/99 861/519/98
f 866/520/100 865/523/100 863/521/99
f 868/522/101 867/525/101 865/523/100
f 870/524/102 869/527/102 867/525/101
f 872/526/103 871/529/105 869/527/102
f 874/528/104 873/531/104 871/529/105
f 876/530/106 875/533/106 873/531/104
f 878/532/107 877/535/107 875/533/106
f 880/534/108 879/537/108 877/535/107
f 882/536/109 881/539/109 879/537/108
f 884/538/110 883/541/110 881/539/109
f 886/540/111 885/543/111 883/541/110
f 888/542/112 887/545/112 885/543/111
f 890/544/113 889/547/113 887/545/112
f 892/546/114 891/549/114 889/547/113
f 894/548/115 893/551/115 891/549/114
f 896/550/116 895/553/116 893/551/115
f 898/552/117 897/555/117 895/553/116
f 900/554/118 899/557/118 897/555/117
f 902/556/119 901/559/119 899/557/118
f 904/558/120 903/561/120 901/559/119
f 906/560/121 905/563/123 903/561/120
f 908/562/122 907/565/122 905/563/123
f 910/564/124 909/567/124 907/565/122
f 912/566/125 911/569/125 909/567/124
f 914/568/126 913/571/126 911/569/125
f 916/570/127 915/573/127 913/571/126
f 918/572/128 917/575/128 915/573/127
f 920/574/129 919/577/129 917/575/128
f 922/576/130 921/579/130 919/577/129
f 924/578/131 923/581/131 921/579/130
f 926/580/132 925/583/132 923/581/131
f 928/582/133 927/585/133 925/583/132
f 930/584/134 929/587/134 927/585/133
f 932/586/135 931/589/135 929/587/134
f 934/588/136 933/591/136 931/589/135
f 936/590/137 935/593/137 933/591/136
f 938/592/138 937/595/138 935/593/137
f 940/594/139 939/597/139 937/595/138
f 942/596/140 941/599/140 939/597/139
f 944/598/141 943/601/141 941/599/140
f 946/600/142 945/603/144 943/601/141
f 948/602/143 947/605/143 945/603/144
f 950/604/145 949/607/145 947/605/143
f 952/606/146 951/609/146 949/607/145
f 954/608/147 953/611/147 951/609/146
f 956/610/148 955/613/148 953/611/147
f 958/612/149 957/615/149 955/613/148
f 960/614/150 959/617/150 957/615/149
f 962/616/151 961/619/151 959/617/150
f 964/618/152 963/621/152 961/619/151
f 966/620/153 965/623/153 963/621/152
f 968/622/154 967/625/154 965/623/153
f 970/624/155 969/627/155 967/625/154
f 972/626/156 971/629/158 969/627/155
f 974/628/157 973/631/157 971/629/158
f 976/630/159 975/633/159 973/631/157
f 978/632/160 977/635/160 975/633/159
f 980/634/161 979/637/161 977/635/160
f 982/636/162 981/639/162 979/637/161
f 984/638/163 983/641/163 981/639/162
f 986/640/164 985/643/164 983/641/163
f 988/642/165 987/645/165 985/643/164
f 990/644/166 989/647/166 987/645/165
f 992/646/167 991/649/167 989/647/166
f 994/648/168 993/651/168 991/649/167
f 996/650/169 995/653/169 993/651/168
f 998/652/170 997/655/170 995/653/169
f 1000/654/171 999/657/171 997/655/170
f 1002/656/172 1001/659/172 999/657/171
f 1004/658/173 1003/661/173 1001/659/172
f 1006/660/174 1005/663/174 1003/661/173
f 1008/662/175 1007/665/175 1005/663/174
f 1010/664/176 1009/667/176 1007/665/175
f 1012/666/177 1011/668/177 1009/667/176
f 1014/378/178 1013/71/178 1011/668/177
f 1016/669/179 1015/671/179 1013/71/178
f 1018/670/180 1017/673/180 1015/671/179
f 1020/672/181 1019/675/181 1017/673/180
f 1022/674/182 1021/677/182 1019/675/181
f 1024/676/183 1023/679/183 1021/677/182
f 1026/678/184 1025/681/184 1023/679/183
f 1028/680/185 1027/683/185 1025/681/184
f 1030/682/186 1029/685/186 1027/683/185
f 1032/684/187 1031/687/187 1029/685/186
f 1034/686/188 1033/689/190 1031/687/187
f 1036/688/189 1035/691/189 1033/689/190
f 1038/690/191 1037/693/191 1035/691/189
f 1040/692/192 1039/695/192 1037/693/191
f 1042/694/193 1041/697/193 1039/695/192
f 1044/696/194 1043/699/194 1041/697/193
f 1046/698/195 1045/701/195 1043/699/194
f 1048/700/196 1047/703/196 1045/701/195
f 1050/702/197 1049/705/197 1047/703/196
f 1052/704/198 1051/707/198 1049/705/197
f 1054/706/199 1053/709/199 1051/707/198
f 1056/708/200 1055/711/200 1053/709/199
f 1058/710/201 1057/713/201 1055/711/200
f 1060/712/202 1059/715/202 1057/713/201
f 1062/714/203 1061/717/203 1059/715/202
f 1064/716/204 1063/719/204 1061/717/203
f 1066/718/205 1065/721/205 1063/719/204
f 1068/720/206 1067/723/206 1065/721/205
f 1070/722/207 1069/725/209 1067/723/206
f 1072/724/208 1071/727/208 1069/725/209
f 1074/726/210 1073/729/210 1071/727/208
f 1076/728/211 1075/731/211 1073/729/210
f 1078/730/212 1077/733/212 1075/731/211
f 1080/732/213 1079/735/213 1077/733/212
f 1082/734/214 1081/737/216 1079/735/213
f 1084/736/215 1083/739/215 1081/737/216
f 1086/738/217 1085/741/219 1083/739/215
f 1088/740/218 1087/743/221 1085/741/219
f 1090/742/220 1089/745/220 1087/743/221
f 1092/744/222 1091/747/222 1089/745/220
f 1094/746/223 1093/749/223 1091/747/222
f 1096/748/224 1095/751/224 1093/749/223
f 1098/750/225 1097/753/225 1095/751/224
f 1100/752/226 1099/755/226 1097/753/225
f 1102/754/227 1101/757/227 1099/755/226
f 1104/756/228 1103/759/230 1101/757/227
f 1106/758/229 1105/761/229 1103/759/230
f 1108/760/231 1107/763/233 1105/761/229
f 1110/762/232 1109/765/232 1107/763/233
f 1112/764/234 1111/767/234 1109/765/232
f 1114/766/235 1113/769/235 1111/767/234
f 1116/768/236 1115/771/236 1113/769/235
f 1118/770/237 1117/773/237 1115/771/236
f 1120/772/238 1119/775/238 1117/773/237
f 1122/774/239 1121/777/239 1119/775/238
f 1124/776/240 1123/779/240 1121/777/239
f 1126/778/241 1125/781/241 1123/779/240
f 1128/780/242 1127/783/242 1125/781/241
f 1130/782/243 1129/785/243 1127/783/242
f 1132/784/244 1131/787/244 1129/785/243
f 1134/786/245 1133/789/245 1131/787/244
f 1136/788/246 1135/791/246 1133/789/245
f 1138/790/247 1137/793/249 1135/791/246
f 1140/792/248 1139/795/248 1137/793/249
f 1142/794/250 1141/797/250 1139/795/248
f 1144/796/251 1143/799/251 1141/797/250
f 1146/798/252 1145/801/252 1143/799/251
f 1148/800/253 1147/803/253 1145/801/252
f 1150/802/254 1149/805/254 1147/803/253
f 1152/804/255 1151/807/255 1149/805/254
f 1154/806/256 1153/809/256 1151/807/255
f 1156/808/257 1155/811/257 1153/809/256
f 1158/810/258 1157/813/258 1155/811/257
f 1160/812/259 1159/815/259 1157/813/258
f 1162/814/260 1161/817/260 1159/815/259
f 1164/816/261 1163/819/261 1161/817/260
f 1166/818/262 1165/821/262 1163/819/261
f 1168/820/263 1167/823/263 1165/821/262
f 1170/822/264 1169/825/264 1167/823/263
f 1172/824/265 1171/827/265 1169/825/264
f 1174/826/266 1173/829/266 1171/827/265
f 1176/828/267 1175/831/267 1173/829/266
f 1178/830/268 1177/833/268 1175/831/267
f 1180/832/269 1179/835/269 1177/833/268
f 1182/834/270 1181/837/270 1179/835/269
f 1184/836/271 1183/839/271 1181/837/270
f 1186/838/272 1185/841/274 1183/839/271
f 1188/840/273 1187/843/276 1185/841/274
f 1190/842/275 1189/845/278 1187/843/276
f 1192/844/277 1191/847/277 1189/845/278
f 1194/846/279 1193/849/279 1191/847/277
f 1196/848/280 1195/851/280 1193/849/279
f 1198/850/281 1197/853/281 1195/851/280
f 1200/852/282 1199/855/282 1197/853/281
f 1202/854/283 1201/857/283 1199/855/282
f 1204/856/284 1203/859/284 1201/857/283
f 1206/858/285 1205/861/285 1203/859/284
f 1208/860/286 1207/863/286 1205/861/285
f 1210/862/287 1209/865/287 1207/863/286
f 1212/864/288 1211/867/288 1209/865/287
f 1214/866/289 1213/869/291 1211/867/288
f 1216/868/290 1215/871/290 1213/869/291
f 1218/870/292 1217/873/294 1215/871/290
f 1220/872/293 1219/875/293 1217/873/294
f 1222/874/295 1221/877/295 1219/875/293
f 1224/876/296 1223/879/296 1221/877/295
f 1226/878/297 1225/881/297 1223/879/296
f 1228/880/298 1227/883/298 1225/881/297
f 1230/882/299 1229/885/299 1227/883/298
f 1232/884/300 1231/887/302 1229/885/299
f 1234/886/301 1233/889/304 1231/887/302
f 1236/888/303 1235/891/303 1233/889/304
f 1238/890/305 1237/893/305 1235/891/303
f 1240/892/306 1239/895/308 1237/893/305
f 1242/894/307 1241/897/310 1239/895/308
f 1244/896/309 1243/899/309 1241/897/310
f 1246/898/311 1245/901/311 1243/899/309
f 1248/900/312 1247/903/314 1245/901/311
f 1250/902/313 1249/905/313 1247/903/314
f 1252/904/315 1251/907/315 1249/905/313
f 1254/906/316 1253/909/316 1251/907/315
f 1256/908/317 1255/911/317 1253/909/316
f 1258/910/318 1257/913/318 1255/911/317
f 1260/912/319 1259/915/319 1257/913/318
f 1262/914/320 1261/917/320 1259/915/319
f 1264/916/321 1263/919/321 1261/917/320
f 1266/918/322 1265/920/323 1263/919/321
f 760/415/46 759/260/46 1265/920/323
f 1270/921/324 1269/923/324 1267/152/325
f 1272/922/326 1271/925/326 1269/923/324
f 1274/924/327 1273/927/327 1271/925/326
f 1276/926/328 1275/929/328 1273/927/327
f 1278/928/329 1277/931/329 1275/929/328
f 1280/930/330 1279/933/330 1277/931/329
f 1282/932/331 1281/935/331 1279/933/330
f 1284/934/332 1283/937/332 1281/935/331
f 1286/936/333 1285/939/333 1283/937/332
f 1288/938/334 1287/941/334 1285/939/333
f 1290/940/335 1289/943/335 1287/941/334
f 1292/942/336 1291/945/336 1289/943/335
f 1294/944/337 1293/947/337 1291/945/336
f 1296/946/338 1295/949/338 1293/947/337
f 1298/948/339 1297/951/339 1295/949/338
f 1300/950/340 1299/953/340 1297/951/339
f 1302/952/341 1301/955/341 1299/953/340
f 1304/954/342 1303/957/342 1301/955/341
f 1306/956/343 1305/959/343 1303/957/342
f 1308/958/344 1307/961/344 1305/959/343
f 1310/960/345 1309/963/345 1307/961/344
f 1312/962/346 1311/965/346 1309/963/345
f 1314/964/347 1313/967/347 1311/965/346
f 1316/966/348 1315/969/348 1313/967/347
f 1318/968/349 1317/971/349 1315/969/348
f 1320/970/350 1319/973/350 1317/971/349
f 1322/972/351 1321/975/351 1319/973/350
f 1324/974/352 1323/977/352 1321/975/351
f 1326/976/353 1325/979/353 1323/977/352
f 1328/978/354 1327/981/354 1325/979/353
f 1330/980/355 1329/983/355 1327/981/354
f 1332/982/356 1331/985/356 1329/983/355
f 1334/984/357 1333/987/357 1331/985/356
f 1336/986/358 1335/989/358 1333/987/357
f 1338/988/359 1337/991/359 1335/989/358
f 1340/990/360 1339/993/360 1337/991/359
f 1342/992/361 1341/995/361 1339/993/360
f 1344/994/362 1343/997/362 1341/995/361
f 1346/996/363 1345/999/363 1343/997/362
f 1348/998/364 1347/1001/364 1345/999/363
f 1350/1000/365 1349/1003/365 1347/1001/364
f 1352/1002/366 1351/1005/366 1349/1003/365
f 1354/1004/367 1353/1007/367 1351/1005/366
f 1356/1006/368 1355/1009/368 1353/1007/367
f 1358/1008/369 1357/1011/369 1355/1009/368
f 1360/1010/370 1359/1013/370 1357/1011/369
f 1362/1012/371 1361/1015/371 1359/1013/370
f 1364/1014/372 1363/1016/372 1361/1015/371
f 1268/415/325 1267/260/325 1363/1016/372
