# Blender 4.1.1
# www.blender.org
mtllib controlstext.mtl
o Text
v -0.542000 0.376000 -0.050000
v -0.542000 0.470000 -0.050000
v -0.430000 0.470000 -0.050000
v -0.430000 0.376000 -0.050000
v -0.856000 0.376000 -0.050000
v -0.856000 0.470000 -0.050000
v -0.740000 0.470000 -0.050000
v -0.740000 0.376000 -0.050000
v -0.240000 0.648000 -0.050000
v -0.333000 0.648000 -0.050000
v -0.333000 0.558000 -0.050000
v -0.240000 0.558000 -0.050000
v -0.240000 0.389333 -0.050000
v -0.324741 0.420502 -0.050000
v -0.340301 0.333626 -0.050000
v -0.240000 0.295127 -0.050000
v -0.240000 0.007907 -0.050000
v -0.239824 -0.001518 -0.050000
v -0.239269 -0.010369 -0.050000
v -0.238299 -0.018622 -0.050000
v -0.236871 -0.026325 -0.050000
v -0.234935 -0.033521 -0.050000
v -0.232438 -0.040233 -0.050000
v -0.229336 -0.046462 -0.050000
v -0.225605 -0.052186 -0.050000
v -0.221250 -0.057380 -0.050000
v -0.216305 -0.062028 -0.050000
v -0.210813 -0.066146 -0.050000
v -0.204649 -0.069875 -0.050000
v -0.197994 -0.072854 -0.050000
v -0.191086 -0.075317 -0.050000
v -0.183752 -0.077378 -0.050000
v -0.175971 -0.079081 -0.050000
v -0.167717 -0.080465 -0.050000
v -0.158958 -0.081568 -0.050000
v -0.149662 -0.082422 -0.050000
v -0.139797 -0.083060 -0.050000
v -0.129329 -0.083510 -0.050000
v -0.118228 -0.083799 -0.050000
v -0.106463 -0.083954 -0.050000
v -0.085749 -0.084031 -0.050000
v -0.083333 -0.071494 -0.050000
v -0.082281 -0.066711 -0.050000
v -0.081010 -0.061493 -0.050000
v -0.079542 -0.055947 -0.050000
v -0.077896 -0.050172 -0.050000
v -0.076091 -0.044268 -0.050000
v -0.074147 -0.038332 -0.050000
v -0.072086 -0.032463 -0.050000
v -0.069929 -0.026758 -0.050000
v -0.067701 -0.021321 -0.050000
v -0.065432 -0.016256 -0.050000
v -0.055662 0.003411 -0.050000
v -0.080616 0.002788 -0.050000
v -0.088719 0.002652 -0.050000
v -0.096547 0.002578 -0.050000
v -0.104039 0.002556 -0.050000
v -0.111136 0.002575 -0.050000
v -0.117780 0.002625 -0.050000
v -0.123912 0.002695 -0.050000
v -0.129474 0.002777 -0.050000
v -0.134412 0.002858 -0.050000
v -0.138673 0.002929 -0.050000
v -0.142215 0.002980 -0.050000
v -0.144837 0.002999 -0.050000
v -0.146994 0.003054 -0.050000
v -0.148446 0.003190 -0.050000
v -0.149287 0.003351 -0.050000
v -0.149515 0.003428 -0.050000
v -0.149260 0.003289 -0.050000
v -0.148816 0.002912 -0.050000
v -0.148510 0.002508 -0.050000
v -0.148467 0.002418 -0.050000
v -0.148608 0.002889 -0.050000
v -0.148799 0.003996 -0.050000
v -0.148944 0.005721 -0.050000
v -0.149000 0.008116 -0.050000
v -0.149000 0.260521 -0.050000
v -0.049163 0.222718 -0.050000
v -0.024918 0.314592 -0.050000
v -0.042569 0.320321 -0.050000
v -0.051536 0.323249 -0.050000
v -0.060808 0.326295 -0.050000
v -0.070373 0.329455 -0.050000
v -0.080215 0.332727 -0.050000
v -0.090320 0.336106 -0.050000
v -0.100676 0.339589 -0.050000
v -0.111268 0.343173 -0.050000
v -0.122081 0.346854 -0.050000
v -0.133103 0.350629 -0.050000
v -0.144319 0.354494 -0.050000
v -0.149000 0.356117 -0.050000
v -0.149000 0.558000 -0.050000
v -0.036000 0.558000 -0.050000
v -0.036000 0.648000 -0.050000
v -0.149000 0.648000 -0.050000
v -0.149000 0.850000 -0.050000
v -0.240000 0.850000 -0.050000
v -0.351000 0.545000 -0.050000
v -0.623000 0.545000 -0.050000
v -0.623000 0.320000 -0.050000
v -0.660000 0.320000 -0.050000
v -0.660000 0.545000 -0.050000
v -0.939000 0.545000 -0.050000
v -0.939000 0.300000 -0.050000
v -0.687000 0.300000 -0.050000
v -0.687000 0.244000 -0.050000
v -0.961000 0.244000 -0.050000
v -0.961000 0.161000 -0.050000
v -0.745211 0.161000 -0.050000
v -0.745056 0.161165 -0.050000
v -0.761984 0.144908 -0.050000
v -0.780084 0.129009 -0.050000
v -0.799204 0.113570 -0.050000
v -0.819188 0.098692 -0.050000
v -0.839884 0.084473 -0.050000
v -0.861137 0.071012 -0.050000
v -0.882792 0.058405 -0.050000
v -0.904695 0.046749 -0.050000
v -0.926689 0.036139 -0.050000
v -0.948616 0.026671 -0.050000
v -0.985756 0.012579 -0.050000
v -0.969776 -0.002006 -0.050000
v -0.965748 -0.005951 -0.050000
v -0.961564 -0.010291 -0.050000
v -0.957287 -0.014948 -0.050000
v -0.952974 -0.019843 -0.050000
v -0.948681 -0.024903 -0.050000
v -0.944463 -0.030053 -0.050000
v -0.940371 -0.035220 -0.050000
v -0.936458 -0.040327 -0.050000
v -0.932777 -0.045302 -0.050000
v -0.929381 -0.050067 -0.050000
v -0.921476 -0.061642 -0.050000
v -0.892185 -0.048031 -0.050000
v -0.870201 -0.036572 -0.050000
v -0.848185 -0.023897 -0.050000
v -0.826260 -0.010107 -0.050000
v -0.804550 0.004700 -0.050000
v -0.783181 0.020425 -0.050000
v -0.762281 0.036971 -0.050000
v -0.741978 0.054239 -0.050000
v -0.722399 0.072133 -0.050000
v -0.703673 0.090558 -0.050000
v -0.685929 0.109418 -0.050000
v -0.687000 0.108182 -0.050000
v -0.687000 -0.091000 -0.050000
v -0.596000 -0.091000 -0.050000
v -0.596000 0.104694 -0.050000
v -0.594199 0.102771 -0.050000
v -0.573649 0.082837 -0.050000
v -0.551959 0.063610 -0.050000
v -0.529264 0.045151 -0.050000
v -0.505696 0.027521 -0.050000
v -0.481389 0.010781 -0.050000
v -0.456475 -0.005006 -0.050000
v -0.431087 -0.019776 -0.050000
v -0.405355 -0.033466 -0.050000
v -0.379411 -0.046010 -0.050000
v -0.353385 -0.057345 -0.050000
v -0.319674 -0.070398 -0.050000
v -0.312729 -0.058544 -0.050000
v -0.309739 -0.053858 -0.050000
v -0.306355 -0.048893 -0.050000
v -0.302652 -0.043746 -0.050000
v -0.298701 -0.038505 -0.050000
v -0.294574 -0.033258 -0.050000
v -0.290343 -0.028087 -0.050000
v -0.286079 -0.023076 -0.050000
v -0.281854 -0.018307 -0.050000
v -0.277742 -0.013867 -0.050000
v -0.273824 -0.009841 -0.050000
v -0.258181 0.005291 -0.050000
v -0.299729 0.019079 -0.050000
v -0.325473 0.028843 -0.050000
v -0.351133 0.039779 -0.050000
v -0.376547 0.051808 -0.050000
v -0.401552 0.064852 -0.050000
v -0.425987 0.078832 -0.050000
v -0.449693 0.093668 -0.050000
v -0.472509 0.109280 -0.050000
v -0.494275 0.125585 -0.050000
v -0.514831 0.142501 -0.050000
v -0.534018 0.159940 -0.050000
v -0.535065 0.161000 -0.050000
v -0.332000 0.161000 -0.050000
v -0.332000 0.244000 -0.050000
v -0.596000 0.244000 -0.050000
v -0.596000 0.300000 -0.050000
v -0.351000 0.300000 -0.050000
v -0.748000 0.647000 -0.050000
v -0.748000 0.732000 -0.050000
v -0.537000 0.732000 -0.050000
v -0.537000 0.647000 -0.050000
v -0.837000 0.570000 -0.050000
v -0.451000 0.570000 -0.050000
v -0.451000 0.809000 -0.050000
v -0.837000 0.809000 -0.050000
v -0.542000 0.376000 0.050000
v -0.542000 0.470000 0.050000
v -0.430000 0.470000 0.050000
v -0.430000 0.376000 0.050000
v -0.856000 0.376000 0.050000
v -0.856000 0.470000 0.050000
v -0.740000 0.470000 0.050000
v -0.740000 0.376000 0.050000
v -0.240000 0.648000 0.050000
v -0.333000 0.648000 0.050000
v -0.333000 0.558000 0.050000
v -0.240000 0.558000 0.050000
v -0.240000 0.389333 0.050000
v -0.324741 0.420502 0.050000
v -0.340301 0.333626 0.050000
v -0.240000 0.295127 0.050000
v -0.240000 0.007907 0.050000
v -0.239824 -0.001518 0.050000
v -0.239269 -0.010369 0.050000
v -0.238299 -0.018622 0.050000
v -0.236871 -0.026325 0.050000
v -0.234935 -0.033521 0.050000
v -0.232438 -0.040233 0.050000
v -0.229336 -0.046462 0.050000
v -0.225605 -0.052186 0.050000
v -0.221250 -0.057380 0.050000
v -0.216305 -0.062028 0.050000
v -0.210813 -0.066146 0.050000
v -0.204649 -0.069875 0.050000
v -0.197994 -0.072854 0.050000
v -0.191086 -0.075317 0.050000
v -0.183752 -0.077378 0.050000
v -0.175971 -0.079081 0.050000
v -0.167717 -0.080465 0.050000
v -0.158958 -0.081568 0.050000
v -0.149662 -0.082422 0.050000
v -0.139797 -0.083060 0.050000
v -0.129329 -0.083510 0.050000
v -0.118228 -0.083799 0.050000
v -0.106463 -0.083954 0.050000
v -0.085749 -0.084031 0.050000
v -0.083333 -0.071494 0.050000
v -0.082281 -0.066711 0.050000
v -0.081010 -0.061493 0.050000
v -0.079542 -0.055947 0.050000
v -0.077896 -0.050172 0.050000
v -0.076091 -0.044268 0.050000
v -0.074147 -0.038332 0.050000
v -0.072086 -0.032463 0.050000
v -0.069929 -0.026758 0.050000
v -0.067701 -0.021321 0.050000
v -0.065432 -0.016256 0.050000
v -0.055662 0.003411 0.050000
v -0.080616 0.002788 0.050000
v -0.088719 0.002652 0.050000
v -0.096547 0.002578 0.050000
v -0.104039 0.002556 0.050000
v -0.111136 0.002575 0.050000
v -0.117780 0.002625 0.050000
v -0.123912 0.002695 0.050000
v -0.129474 0.002777 0.050000
v -0.134412 0.002858 0.050000
v -0.138673 0.002929 0.050000
v -0.142215 0.002980 0.050000
v -0.144837 0.002999 0.050000
v -0.146994 0.003054 0.050000
v -0.148446 0.003190 0.050000
v -0.149287 0.003351 0.050000
v -0.149515 0.003428 0.050000
v -0.149260 0.003289 0.050000
v -0.148816 0.002912 0.050000
v -0.148510 0.002508 0.050000
v -0.148467 0.002418 0.050000
v -0.148608 0.002889 0.050000
v -0.148799 0.003996 0.050000
v -0.148944 0.005721 0.050000
v -0.149000 0.008116 0.050000
v -0.149000 0.260521 0.050000
v -0.049163 0.222718 0.050000
v -0.024918 0.314592 0.050000
v -0.042569 0.320321 0.050000
v -0.051536 0.323249 0.050000
v -0.060808 0.326295 0.050000
v -0.070373 0.329455 0.050000
v -0.080215 0.332727 0.050000
v -0.090320 0.336106 0.050000
v -0.100676 0.339589 0.050000
v -0.111268 0.343173 0.050000
v -0.122081 0.346854 0.050000
v -0.133103 0.350629 0.050000
v -0.144319 0.354494 0.050000
v -0.149000 0.356117 0.050000
v -0.149000 0.558000 0.050000
v -0.036000 0.558000 0.050000
v -0.036000 0.648000 0.050000
v -0.149000 0.648000 0.050000
v -0.149000 0.850000 0.050000
v -0.240000 0.850000 0.050000
v -0.351000 0.545000 0.050000
v -0.623000 0.545000 0.050000
v -0.623000 0.320000 0.050000
v -0.660000 0.320000 0.050000
v -0.660000 0.545000 0.050000
v -0.939000 0.545000 0.050000
v -0.939000 0.300000 0.050000
v -0.687000 0.300000 0.050000
v -0.687000 0.244000 0.050000
v -0.961000 0.244000 0.050000
v -0.961000 0.161000 0.050000
v -0.745211 0.161000 0.050000
v -0.745056 0.161165 0.050000
v -0.761984 0.144908 0.050000
v -0.780084 0.129009 0.050000
v -0.799204 0.113570 0.050000
v -0.819188 0.098692 0.050000
v -0.839884 0.084473 0.050000
v -0.861137 0.071012 0.050000
v -0.882792 0.058405 0.050000
v -0.904695 0.046749 0.050000
v -0.926689 0.036139 0.050000
v -0.948616 0.026671 0.050000
v -0.985756 0.012579 0.050000
v -0.969776 -0.002006 0.050000
v -0.965748 -0.005951 0.050000
v -0.961564 -0.010291 0.050000
v -0.957287 -0.014948 0.050000
v -0.952974 -0.019843 0.050000
v -0.948681 -0.024903 0.050000
v -0.944463 -0.030053 0.050000
v -0.940371 -0.035220 0.050000
v -0.936458 -0.040327 0.050000
v -0.932777 -0.045302 0.050000
v -0.929381 -0.050067 0.050000
v -0.921476 -0.061642 0.050000
v -0.892185 -0.048031 0.050000
v -0.870201 -0.036572 0.050000
v -0.848185 -0.023897 0.050000
v -0.826260 -0.010107 0.050000
v -0.804550 0.004700 0.050000
v -0.783181 0.020425 0.050000
v -0.762281 0.036971 0.050000
v -0.741978 0.054239 0.050000
v -0.722399 0.072133 0.050000
v -0.703673 0.090558 0.050000
v -0.685929 0.109418 0.050000
v -0.687000 0.108182 0.050000
v -0.687000 -0.091000 0.050000
v -0.596000 -0.091000 0.050000
v -0.596000 0.104694 0.050000
v -0.594199 0.102771 0.050000
v -0.573649 0.082837 0.050000
v -0.551959 0.063610 0.050000
v -0.529264 0.045151 0.050000
v -0.505696 0.027521 0.050000
v -0.481389 0.010781 0.050000
v -0.456475 -0.005006 0.050000
v -0.431087 -0.019776 0.050000
v -0.405355 -0.033466 0.050000
v -0.379411 -0.046010 0.050000
v -0.353385 -0.057345 0.050000
v -0.319674 -0.070398 0.050000
v -0.312729 -0.058544 0.050000
v -0.309739 -0.053858 0.050000
v -0.306355 -0.048893 0.050000
v -0.302652 -0.043746 0.050000
v -0.298701 -0.038505 0.050000
v -0.294574 -0.033258 0.050000
v -0.290343 -0.028087 0.050000
v -0.286079 -0.023076 0.050000
v -0.281854 -0.018307 0.050000
v -0.277742 -0.013867 0.050000
v -0.273824 -0.009841 0.050000
v -0.258181 0.005291 0.050000
v -0.299729 0.019079 0.050000
v -0.325473 0.028843 0.050000
v -0.351133 0.039779 0.050000
v -0.376547 0.051808 0.050000
v -0.401552 0.064852 0.050000
v -0.425987 0.078832 0.050000
v -0.449693 0.093668 0.050000
v -0.472509 0.109280 0.050000
v -0.494275 0.125585 0.050000
v -0.514831 0.142501 0.050000
v -0.534018 0.159940 0.050000
v -0.535065 0.161000 0.050000
v -0.332000 0.161000 0.050000
v -0.332000 0.244000 0.050000
v -0.596000 0.244000 0.050000
v -0.596000 0.300000 0.050000
v -0.351000 0.300000 0.050000
v -0.748000 0.647000 0.050000
v -0.748000 0.732000 0.050000
v -0.537000 0.732000 0.050000
v -0.537000 0.647000 0.050000
v -0.837000 0.570000 0.050000
v -0.451000 0.570000 0.050000
v -0.451000 0.809000 0.050000
v -0.837000 0.809000 0.050000
v -0.748000 0.647000 0.050000
v -0.748000 0.647000 -0.050000
v -0.748000 0.732000 0.050000
v -0.748000 0.732000 -0.050000
v -0.537000 0.732000 0.050000
v -0.537000 0.732000 -0.050000
v -0.537000 0.647000 0.050000
v -0.537000 0.647000 -0.050000
v -0.837000 0.570000 0.050000
v -0.837000 0.570000 -0.050000
v -0.451000 0.570000 0.050000
v -0.451000 0.570000 -0.050000
v -0.451000 0.809000 0.050000
v -0.451000 0.809000 -0.050000
v -0.837000 0.809000 0.050000
v -0.837000 0.809000 -0.050000
v -0.542000 0.376000 0.050000
v -0.542000 0.376000 -0.050000
v -0.542000 0.470000 0.050000
v -0.542000 0.470000 -0.050000
v -0.430000 0.470000 0.050000
v -0.430000 0.470000 -0.050000
v -0.430000 0.376000 0.050000
v -0.430000 0.376000 -0.050000
v -0.856000 0.376000 0.050000
v -0.856000 0.376000 -0.050000
v -0.856000 0.470000 0.050000
v -0.856000 0.470000 -0.050000
v -0.740000 0.470000 0.050000
v -0.740000 0.470000 -0.050000
v -0.740000 0.376000 0.050000
v -0.740000 0.376000 -0.050000
v -0.240000 0.648000 0.050000
v -0.240000 0.648000 -0.050000
v -0.333000 0.648000 0.050000
v -0.333000 0.648000 -0.050000
v -0.333000 0.558000 0.050000
v -0.333000 0.558000 -0.050000
v -0.240000 0.558000 0.050000
v -0.240000 0.558000 -0.050000
v -0.240000 0.389333 0.050000
v -0.240000 0.389333 -0.050000
v -0.324741 0.420502 0.050000
v -0.324741 0.420502 -0.050000
v -0.340301 0.333626 0.050000
v -0.340301 0.333626 -0.050000
v -0.240000 0.295127 0.050000
v -0.240000 0.295127 -0.050000
v -0.240000 0.007907 0.050000
v -0.240000 0.007907 -0.050000
v -0.239824 -0.001518 0.050000
v -0.239824 -0.001518 -0.050000
v -0.239269 -0.010369 0.050000
v -0.239269 -0.010369 -0.050000
v -0.238299 -0.018622 0.050000
v -0.238299 -0.018622 -0.050000
v -0.236871 -0.026325 0.050000
v -0.236871 -0.026325 -0.050000
v -0.234935 -0.033521 0.050000
v -0.234935 -0.033521 -0.050000
v -0.232438 -0.040233 0.050000
v -0.232438 -0.040233 -0.050000
v -0.229336 -0.046462 0.050000
v -0.229336 -0.046462 -0.050000
v -0.225605 -0.052186 0.050000
v -0.225605 -0.052186 -0.050000
v -0.221250 -0.057380 0.050000
v -0.221250 -0.057380 -0.050000
v -0.216305 -0.062028 0.050000
v -0.216305 -0.062028 -0.050000
v -0.210813 -0.066146 0.050000
v -0.210813 -0.066146 -0.050000
v -0.204649 -0.069875 0.050000
v -0.204649 -0.069875 -0.050000
v -0.197994 -0.072854 0.050000
v -0.197994 -0.072854 -0.050000
v -0.191086 -0.075317 0.050000
v -0.191086 -0.075317 -0.050000
v -0.183752 -0.077378 0.050000
v -0.183752 -0.077378 -0.050000
v -0.175971 -0.079081 0.050000
v -0.175971 -0.079081 -0.050000
v -0.167717 -0.080465 0.050000
v -0.167717 -0.080465 -0.050000
v -0.158958 -0.081568 0.050000
v -0.158958 -0.081568 -0.050000
v -0.149662 -0.082422 0.050000
v -0.149662 -0.082422 -0.050000
v -0.139797 -0.083060 0.050000
v -0.139797 -0.083060 -0.050000
v -0.129329 -0.083510 0.050000
v -0.129329 -0.083510 -0.050000
v -0.118228 -0.083799 0.050000
v -0.118228 -0.083799 -0.050000
v -0.106463 -0.083954 0.050000
v -0.106463 -0.083954 -0.050000
v -0.085749 -0.084031 0.050000
v -0.085749 -0.084031 -0.050000
v -0.083333 -0.071494 0.050000
v -0.083333 -0.071494 -0.050000
v -0.082281 -0.066711 0.050000
v -0.082281 -0.066711 -0.050000
v -0.081010 -0.061493 0.050000
v -0.081010 -0.061493 -0.050000
v -0.079542 -0.055947 0.050000
v -0.079542 -0.055947 -0.050000
v -0.077896 -0.050172 0.050000
v -0.077896 -0.050172 -0.050000
v -0.076091 -0.044268 0.050000
v -0.076091 -0.044268 -0.050000
v -0.074147 -0.038332 0.050000
v -0.074147 -0.038332 -0.050000
v -0.072086 -0.032463 0.050000
v -0.072086 -0.032463 -0.050000
v -0.069929 -0.026758 0.050000
v -0.069929 -0.026758 -0.050000
v -0.067701 -0.021321 0.050000
v -0.067701 -0.021321 -0.050000
v -0.065432 -0.016256 0.050000
v -0.065432 -0.016256 -0.050000
v -0.055662 0.003411 0.050000
v -0.055662 0.003411 -0.050000
v -0.080616 0.002788 0.050000
v -0.080616 0.002788 -0.050000
v -0.088719 0.002652 0.050000
v -0.088719 0.002652 -0.050000
v -0.096547 0.002578 0.050000
v -0.096547 0.002578 -0.050000
v -0.104039 0.002556 0.050000
v -0.104039 0.002556 -0.050000
v -0.111136 0.002575 0.050000
v -0.111136 0.002575 -0.050000
v -0.117780 0.002625 0.050000
v -0.117780 0.002625 -0.050000
v -0.123912 0.002695 0.050000
v -0.123912 0.002695 -0.050000
v -0.129474 0.002777 0.050000
v -0.129474 0.002777 -0.050000
v -0.134412 0.002858 0.050000
v -0.134412 0.002858 -0.050000
v -0.138673 0.002929 0.050000
v -0.138673 0.002929 -0.050000
v -0.142215 0.002980 0.050000
v -0.142215 0.002980 -0.050000
v -0.144837 0.002999 0.050000
v -0.144837 0.002999 -0.050000
v -0.146994 0.003054 0.050000
v -0.146994 0.003054 -0.050000
v -0.148446 0.003190 0.050000
v -0.148446 0.003190 -0.050000
v -0.149287 0.003351 0.050000
v -0.149287 0.003351 -0.050000
v -0.149515 0.003428 0.050000
v -0.149515 0.003428 -0.050000
v -0.149260 0.003289 0.050000
v -0.149260 0.003289 -0.050000
v -0.148816 0.002912 0.050000
v -0.148816 0.002912 -0.050000
v -0.148510 0.002508 0.050000
v -0.148510 0.002508 -0.050000
v -0.148467 0.002418 0.050000
v -0.148467 0.002418 -0.050000
v -0.148608 0.002889 0.050000
v -0.148608 0.002889 -0.050000
v -0.148799 0.003996 0.050000
v -0.148799 0.003996 -0.050000
v -0.148944 0.005721 0.050000
v -0.148944 0.005721 -0.050000
v -0.149000 0.008116 0.050000
v -0.149000 0.008116 -0.050000
v -0.149000 0.260521 0.050000
v -0.149000 0.260521 -0.050000
v -0.049163 0.222718 0.050000
v -0.049163 0.222718 -0.050000
v -0.024918 0.314592 0.050000
v -0.024918 0.314592 -0.050000
v -0.042569 0.320321 0.050000
v -0.042569 0.320321 -0.050000
v -0.051536 0.323249 0.050000
v -0.051536 0.323249 -0.050000
v -0.060808 0.326295 0.050000
v -0.060808 0.326295 -0.050000
v -0.070373 0.329455 0.050000
v -0.070373 0.329455 -0.050000
v -0.080215 0.332727 0.050000
v -0.080215 0.332727 -0.050000
v -0.090320 0.336106 0.050000
v -0.090320 0.336106 -0.050000
v -0.100676 0.339589 0.050000
v -0.100676 0.339589 -0.050000
v -0.111268 0.343173 0.050000
v -0.111268 0.343173 -0.050000
v -0.122081 0.346854 0.050000
v -0.122081 0.346854 -0.050000
v -0.133103 0.350629 0.050000
v -0.133103 0.350629 -0.050000
v -0.144319 0.354494 0.050000
v -0.144319 0.354494 -0.050000
v -0.149000 0.356117 0.050000
v -0.149000 0.356117 -0.050000
v -0.149000 0.558000 0.050000
v -0.149000 0.558000 -0.050000
v -0.036000 0.558000 0.050000
v -0.036000 0.558000 -0.050000
v -0.036000 0.648000 0.050000
v -0.036000 0.648000 -0.050000
v -0.149000 0.648000 0.050000
v -0.149000 0.648000 -0.050000
v -0.149000 0.850000 0.050000
v -0.149000 0.850000 -0.050000
v -0.240000 0.850000 0.050000
v -0.240000 0.850000 -0.050000
v -0.351000 0.545000 0.050000
v -0.351000 0.545000 -0.050000
v -0.623000 0.545000 0.050000
v -0.623000 0.545000 -0.050000
v -0.623000 0.320000 0.050000
v -0.623000 0.320000 -0.050000
v -0.660000 0.320000 0.050000
v -0.660000 0.320000 -0.050000
v -0.660000 0.545000 0.050000
v -0.660000 0.545000 -0.050000
v -0.939000 0.545000 0.050000
v -0.939000 0.545000 -0.050000
v -0.939000 0.300000 0.050000
v -0.939000 0.300000 -0.050000
v -0.687000 0.300000 0.050000
v -0.687000 0.300000 -0.050000
v -0.687000 0.244000 0.050000
v -0.687000 0.244000 -0.050000
v -0.961000 0.244000 0.050000
v -0.961000 0.244000 -0.050000
v -0.961000 0.161000 0.050000
v -0.961000 0.161000 -0.050000
v -0.745211 0.161000 0.050000
v -0.745211 0.161000 -0.050000
v -0.745056 0.161165 0.050000
v -0.745056 0.161165 -0.050000
v -0.761984 0.144908 0.050000
v -0.761984 0.144908 -0.050000
v -0.780084 0.129009 0.050000
v -0.780084 0.129009 -0.050000
v -0.799204 0.113570 0.050000
v -0.799204 0.113570 -0.050000
v -0.819188 0.098692 0.050000
v -0.819188 0.098692 -0.050000
v -0.839884 0.084473 0.050000
v -0.839884 0.084473 -0.050000
v -0.861137 0.071012 0.050000
v -0.861137 0.071012 -0.050000
v -0.882792 0.058405 0.050000
v -0.882792 0.058405 -0.050000
v -0.904695 0.046749 0.050000
v -0.904695 0.046749 -0.050000
v -0.926689 0.036139 0.050000
v -0.926689 0.036139 -0.050000
v -0.948616 0.026671 0.050000
v -0.948616 0.026671 -0.050000
v -0.985756 0.012579 0.050000
v -0.985756 0.012579 -0.050000
v -0.969776 -0.002006 0.050000
v -0.969776 -0.002006 -0.050000
v -0.965748 -0.005951 0.050000
v -0.965748 -0.005951 -0.050000
v -0.961564 -0.010291 0.050000
v -0.961564 -0.010291 -0.050000
v -0.957287 -0.014948 0.050000
v -0.957287 -0.014948 -0.050000
v -0.952974 -0.019843 0.050000
v -0.952974 -0.019843 -0.050000
v -0.948681 -0.024903 0.050000
v -0.948681 -0.024903 -0.050000
v -0.944463 -0.030053 0.050000
v -0.944463 -0.030053 -0.050000
v -0.940371 -0.035220 0.050000
v -0.940371 -0.035220 -0.050000
v -0.936458 -0.040327 0.050000
v -0.936458 -0.040327 -0.050000
v -0.932777 -0.045302 0.050000
v -0.932777 -0.045302 -0.050000
v -0.929381 -0.050067 0.050000
v -0.929381 -0.050067 -0.050000
v -0.921476 -0.061642 0.050000
v -0.921476 -0.061642 -0.050000
v -0.892185 -0.048031 0.050000
v -0.892185 -0.048031 -0.050000
v -0.870201 -0.036572 0.050000
v -0.870201 -0.036572 -0.050000
v -0.848185 -0.023897 0.050000
v -0.848185 -0.023897 -0.050000
v -0.826260 -0.010107 0.050000
v -0.826260 -0.010107 -0.050000
v -0.804550 0.004700 0.050000
v -0.804550 0.004700 -0.050000
v -0.783181 0.020425 0.050000
v -0.783181 0.020425 -0.050000
v -0.762281 0.036971 0.050000
v -0.762281 0.036971 -0.050000
v -0.741978 0.054239 0.050000
v -0.741978 0.054239 -0.050000
v -0.722399 0.072133 0.050000
v -0.722399 0.072133 -0.050000
v -0.703673 0.090558 0.050000
v -0.703673 0.090558 -0.050000
v -0.685929 0.109418 0.050000
v -0.685929 0.109418 -0.050000
v -0.687000 0.108182 0.050000
v -0.687000 0.108182 -0.050000
v -0.687000 -0.091000 0.050000
v -0.687000 -0.091000 -0.050000
v -0.596000 -0.091000 0.050000
v -0.596000 -0.091000 -0.050000
v -0.596000 0.104694 0.050000
v -0.596000 0.104694 -0.050000
v -0.594199 0.102771 0.050000
v -0.594199 0.102771 -0.050000
v -0.573649 0.082837 0.050000
v -0.573649 0.082837 -0.050000
v -0.551959 0.063610 0.050000
v -0.551959 0.063610 -0.050000
v -0.529264 0.045151 0.050000
v -0.529264 0.045151 -0.050000
v -0.505696 0.027521 0.050000
v -0.505696 0.027521 -0.050000
v -0.481389 0.010781 0.050000
v -0.481389 0.010781 -0.050000
v -0.456475 -0.005006 0.050000
v -0.456475 -0.005006 -0.050000
v -0.431087 -0.019776 0.050000
v -0.431087 -0.019776 -0.050000
v -0.405355 -0.033466 0.050000
v -0.405355 -0.033466 -0.050000
v -0.379411 -0.046010 0.050000
v -0.379411 -0.046010 -0.050000
v -0.353385 -0.057345 0.050000
v -0.353385 -0.057345 -0.050000
v -0.319674 -0.070398 0.050000
v -0.319674 -0.070398 -0.050000
v -0.312729 -0.058544 0.050000
v -0.312729 -0.058544 -0.050000
v -0.309739 -0.053858 0.050000
v -0.309739 -0.053858 -0.050000
v -0.306355 -0.048893 0.050000
v -0.306355 -0.048893 -0.050000
v -0.302652 -0.043746 0.050000
v -0.302652 -0.043746 -0.050000
v -0.298701 -0.038505 0.050000
v -0.298701 -0.038505 -0.050000
v -0.294574 -0.033258 0.050000
v -0.294574 -0.033258 -0.050000
v -0.290343 -0.028087 0.050000
v -0.290343 -0.028087 -0.050000
v -0.286079 -0.023076 0.050000
v -0.286079 -0.023076 -0.050000
v -0.281854 -0.018307 0.050000
v -0.281854 -0.018307 -0.050000
v -0.277742 -0.013867 0.050000
v -0.277742 -0.013867 -0.050000
v -0.273824 -0.009841 0.050000
v -0.273824 -0.009841 -0.050000
v -0.258181 0.005291 0.050000
v -0.258181 0.005291 -0.050000
v -0.299729 0.019079 0.050000
v -0.299729 0.019079 -0.050000
v -0.325473 0.028843 0.050000
v -0.325473 0.028843 -0.050000
v -0.351133 0.039779 0.050000
v -0.351133 0.039779 -0.050000
v -0.376547 0.051808 0.050000
v -0.376547 0.051808 -0.050000
v -0.401552 0.064852 0.050000
v -0.401552 0.064852 -0.050000
v -0.425987 0.078832 0.050000
v -0.425987 0.078832 -0.050000
v -0.449693 0.093668 0.050000
v -0.449693 0.093668 -0.050000
v -0.472509 0.109280 0.050000
v -0.472509 0.109280 -0.050000
v -0.494275 0.125585 0.050000
v -0.494275 0.125585 -0.050000
v -0.514831 0.142501 0.050000
v -0.514831 0.142501 -0.050000
v -0.534018 0.159940 0.050000
v -0.534018 0.159940 -0.050000
v -0.535065 0.161000 0.050000
v -0.535065 0.161000 -0.050000
v -0.332000 0.161000 0.050000
v -0.332000 0.161000 -0.050000
v -0.332000 0.244000 0.050000
v -0.332000 0.244000 -0.050000
v -0.596000 0.244000 0.050000
v -0.596000 0.244000 -0.050000
v -0.596000 0.300000 0.050000
v -0.596000 0.300000 -0.050000
v -0.351000 0.300000 0.050000
v -0.351000 0.300000 -0.050000
vn -0.0000 -0.0000 -1.0000
vn -0.0000 -0.0000 1.0000
vn 0.7071 -0.7071 -0.0000
vn 0.7071 0.7071 -0.0000
vn -0.7071 -0.7071 -0.0000
vn -0.7071 0.7071 -0.0000
vn -0.5722 0.8201 -0.0000
vn -0.4973 0.8676 -0.0000
vn -0.8710 -0.4912 -0.0000
vn -0.4974 0.8675 -0.0000
vn -0.8241 -0.5664 -0.0000
vn -0.8710 -0.4913 -0.0000
vn -1.0000 -0.0093 -0.0000
vn -0.9992 -0.0406 -0.0000
vn -0.9960 -0.0897 -0.0000
vn -0.9887 -0.1496 -0.0000
vn -0.9752 -0.2212 -0.0000
vn -0.9525 -0.3046 -0.0000
vn -0.9175 -0.3978 -0.0000
vn -0.8679 -0.4967 -0.0000
vn -0.8035 -0.5953 -0.0000
vn -0.7269 -0.6868 -0.0000
vn -0.6434 -0.7655 -0.0000
vn -0.5594 -0.8289 -0.0000
vn -0.4640 -0.8858 -0.0000
vn -0.3725 -0.9280 -0.0000
vn -0.4640 -0.8859 -0.0000
vn -0.3034 -0.9529 -0.0000
vn -0.2423 -0.9702 -0.0000
vn -0.1896 -0.9819 -0.0000
vn -0.1452 -0.9894 -0.0000
vn -0.1082 -0.9941 -0.0000
vn -0.0780 -0.9969 -0.0000
vn -0.0537 -0.9986 -0.0000
vn -0.0345 -0.9994 -0.0000
vn -0.0196 -0.9998 -0.0000
vn -0.0084 -1.0000 -0.0000
vn 0.6353 -0.7723 -0.0000
vn 0.9794 -0.2021 -0.0000
vn 0.9742 -0.2257 -0.0000
vn 0.9692 -0.2462 -0.0000
vn 0.9642 -0.2650 -0.0000
vn 0.9590 -0.2833 -0.0000
vn 0.9534 -0.3018 -0.0000
vn 0.9470 -0.3213 -0.0000
vn 0.9395 -0.3425 -0.0000
vn 0.9305 -0.3664 -0.0000
vn 0.9191 -0.3940 -0.0000
vn 0.9043 -0.4270 -0.0000
vn 0.8433 0.5374 -0.0000
vn -0.0209 0.9998 -0.0000
vn -0.0131 0.9999 -0.0000
vn -0.0062 1.0000 -0.0000
vn -0.0002 1.0000 -0.0000
vn 0.0051 1.0000 -0.0000
vn 0.0095 1.0000 -0.0000
vn 0.0131 0.9999 -0.0000
vn 0.0155 0.9999 -0.0000
vn 0.0166 0.9999 -0.0000
vn 0.0156 0.9999 -0.0000
vn 0.0108 0.9999 -0.0000
vn 0.0163 0.9999 -0.0000
vn 0.0592 0.9982 -0.0000
vn 0.1409 0.9900 -0.0000
vn 0.2536 0.9673 -0.0000
vn -0.9170 0.3988 -0.0000
vn -0.5655 -0.8247 -0.0000
vn -0.7265 -0.6871 -0.0000
vn -0.5655 -0.8248 -0.0000
vn -0.8524 -0.5229 -0.0000
vn 0.3628 -0.9319 -0.0000
vn -0.8525 -0.5228 -0.0000
vn 0.9734 0.2291 -0.0000
vn 0.9919 0.1272 -0.0000
vn 0.9986 0.0537 -0.0000
vn 0.9999 0.0116 -0.0000
vn 0.5683 -0.8229 -0.0000
vn 0.4577 -0.8891 -0.0000
vn 0.8778 0.4790 -0.0000
vn 0.3095 0.9509 -0.0000
vn 0.3112 0.9503 -0.0000
vn 0.3129 0.9498 -0.0000
vn 0.3146 0.9492 -0.0000
vn 0.3163 0.9487 -0.0000
vn 0.3180 0.9481 -0.0000
vn 0.3197 0.9475 -0.0000
vn 0.3214 0.9469 -0.0000
vn 0.3231 0.9464 -0.0000
vn 0.3249 0.9458 -0.0000
vn 0.3267 0.9451 -0.0000
vn 0.8147 0.5798 -0.0000
vn 0.3957 -0.9184 -0.0000
vn 0.7040 0.7102 -0.0000
vn -0.6765 0.7365 -0.0000
vn 0.7048 0.7094 -0.0000
vn -0.6442 0.7648 -0.0000
vn -0.6128 0.7902 -0.0000
vn -0.5818 0.8133 -0.0000
vn -0.5508 0.8347 -0.0000
vn -0.5192 0.8547 -0.0000
vn -0.4865 0.8737 -0.0000
vn -0.4522 0.8919 -0.0000
vn -0.4155 0.9096 -0.0000
vn -0.3757 0.9267 -0.0000
vn -0.9823 0.1874 -0.0000
vn -0.6871 -0.7266 -0.0000
vn -0.9823 0.1875 -0.0000
vn -0.7099 -0.7043 -0.0000
vn -0.7282 -0.6853 -0.0000
vn -0.7100 -0.7043 -0.0000
vn -0.7434 -0.6688 -0.0000
vn -0.7283 -0.6853 -0.0000
vn -0.7565 -0.6540 -0.0000
vn -0.7681 -0.6403 -0.0000
vn -0.7788 -0.6273 -0.0000
vn -0.7889 -0.6145 -0.0000
vn -0.7989 -0.6015 -0.0000
vn -0.8091 -0.5876 -0.0000
vn -0.8201 -0.5722 -0.0000
vn -0.2651 -0.9642 -0.0000
vn 0.4419 -0.8970 -0.0000
vn 0.4807 -0.8769 -0.0000
vn 0.5158 -0.8567 -0.0000
vn 0.5480 -0.8365 -0.0000
vn 0.5782 -0.8159 -0.0000
vn 0.6068 -0.7949 -0.0000
vn 0.6344 -0.7730 -0.0000
vn 0.6614 -0.7501 -0.0000
vn 0.6881 -0.7256 -0.0000
vn 0.7150 -0.6992 -0.0000
vn -0.6709 -0.7416 -0.0000
vn -0.9370 0.3494 -0.0000
vn -0.6703 -0.7421 -0.0000
vn 0.3675 -0.9300 -0.0000
vn -0.7133 -0.7009 -0.0000
vn -0.6800 -0.7332 -0.0000
vn -0.6473 -0.7622 -0.0000
vn -0.6151 -0.7884 -0.0000
vn -0.5832 -0.8123 -0.0000
vn -0.5513 -0.8343 -0.0000
vn -0.5191 -0.8547 -0.0000
vn -0.4864 -0.8738 -0.0000
vn -0.4526 -0.8917 -0.0000
vn -0.4174 -0.9087 -0.0000
vn -0.3803 -0.9249 -0.0000
vn 0.3294 -0.9442 -0.0000
vn 0.8531 -0.5218 -0.0000
vn 0.8348 -0.5506 -0.0000
vn 0.8191 -0.5737 -0.0000
vn 0.8052 -0.5931 -0.0000
vn 0.7923 -0.6101 -0.0000
vn 0.7800 -0.6257 -0.0000
vn 0.7678 -0.6407 -0.0000
vn 0.7550 -0.6557 -0.0000
vn 0.7412 -0.6713 -0.0000
vn 0.7253 -0.6885 -0.0000
vn 0.7060 -0.7082 -0.0000
vn 0.9750 0.2224 -0.0000
vn 0.3349 0.9423 -0.0000
vn 0.9750 0.2223 -0.0000
vn 0.3734 0.9277 -0.0000
vn 0.4100 0.9121 -0.0000
vn 0.4452 0.8954 -0.0000
vn 0.4796 0.8775 -0.0000
vn 0.5137 0.8580 -0.0000
vn 0.5477 0.8367 -0.0000
vn 0.5823 0.8130 -0.0000
vn 0.6176 0.7865 -0.0000
vn 0.6542 0.7563 -0.0000
vn 0.6923 0.7216 -0.0000
vn 0.9227 -0.3855 -0.0000
vn 0.6923 0.7217 -0.0000
vt 0.989848 0.000000
vt 0.974619 0.000000
vt 0.994924 0.000000
vt 1.000000 0.000000
vt 0.969543 0.000000
vt 0.984772 0.000000
vt 0.979695 0.000000
vt 0.964467 0.000000
vt 0.482233 0.000000
vt 0.492386 0.000000
vt 0.487310 0.000000
vt 0.040609 0.000000
vt 0.472081 0.000000
vt 0.477157 0.000000
vt 0.045685 0.000000
vt 0.050761 0.000000
vt 0.467005 0.000000
vt 0.461929 0.000000
vt 0.055838 0.000000
vt 0.060914 0.000000
vt 0.959391 0.000000
vt 0.010152 0.000000
vt 0.497462 0.000000
vt 0.502538 0.000000
vt 0.005076 0.000000
vt 0.507614 0.000000
vt 0.512690 0.000000
vt 0.030457 0.000000
vt 0.517766 0.000000
vt 0.522843 0.000000
vt 0.025381 0.000000
vt 0.527919 0.000000
vt 0.015228 0.000000
vt 0.000000 0.000000
vt 0.035533 0.000000
vt 0.020305 0.000000
vt 0.071066 0.000000
vt 0.065990 0.000000
vt 0.456853 0.000000
vt 0.451777 0.000000
vt 0.446701 0.000000
vt 0.441624 0.000000
vt 0.436548 0.000000
vt 0.431472 0.000000
vt 0.426396 0.000000
vt 0.076142 0.000000
vt 0.421320 0.000000
vt 0.416244 0.000000
vt 0.411168 0.000000
vt 0.406091 0.000000
vt 0.401015 0.000000
vt 0.395939 0.000000
vt 0.954315 0.000000
vt 0.949239 0.000000
vt 0.532995 0.000000
vt 0.538071 0.000000
vt 0.390863 0.000000
vt 0.081218 0.000000
vt 0.385787 0.000000
vt 0.939086 0.000000
vt 0.944162 0.000000
vt 0.543147 0.000000
vt 0.558376 0.000000
vt 0.548223 0.000000
vt 0.553299 0.000000
vt 0.563452 0.000000
vt 0.934010 0.000000
vt 0.928934 0.000000
vt 0.923858 0.000000
vt 0.568528 0.000000
vt 0.918782 0.000000
vt 0.573604 0.000000
vt 0.913706 0.000000
vt 0.730964 0.000000
vt 0.578680 0.000000
vt 0.736041 0.000000
vt 0.725888 0.000000
vt 0.908629 0.000000
vt 0.751269 0.000000
vt 0.741117 0.000000
vt 0.756345 0.000000
vt 0.746193 0.000000
vt 0.761421 0.000000
vt 0.583756 0.000000
vt 0.903553 0.000000
vt 0.720812 0.000000
vt 0.588832 0.000000
vt 0.766497 0.000000
vt 0.898477 0.000000
vt 0.715736 0.000000
vt 0.593909 0.000000
vt 0.893401 0.000000
vt 0.771574 0.000000
vt 0.598985 0.000000
vt 0.710660 0.000000
vt 0.888325 0.000000
vt 0.604061 0.000000
vt 0.776650 0.000000
vt 0.883249 0.000000
vt 0.705584 0.000000
vt 0.609137 0.000000
vt 0.878173 0.000000
vt 0.781726 0.000000
vt 0.614213 0.000000
vt 0.700508 0.000000
vt 0.873096 0.000000
vt 0.619289 0.000000
vt 0.786802 0.000000
vt 0.380711 0.000000
vt 0.086294 0.000000
vt 0.375635 0.000000
vt 0.868020 0.000000
vt 0.695431 0.000000
vt 0.370558 0.000000
vt 0.340102 0.000000
vt 0.345178 0.000000
vt 0.350254 0.000000
vt 0.258883 0.000000
vt 0.269036 0.000000
vt 0.263959 0.000000
vt 0.335025 0.000000
vt 0.355330 0.000000
vt 0.329949 0.000000
vt 0.324873 0.000000
vt 0.319797 0.000000
vt 0.314721 0.000000
vt 0.309645 0.000000
vt 0.360406 0.000000
vt 0.365482 0.000000
vt 0.304569 0.000000
vt 0.274112 0.000000
vt 0.299492 0.000000
vt 0.294416 0.000000
vt 0.279188 0.000000
vt 0.289340 0.000000
vt 0.284264 0.000000
vt 0.091371 0.000000
vt 0.624366 0.000000
vt 0.791878 0.000000
vt 0.629442 0.000000
vt 0.862944 0.000000
vt 0.690355 0.000000
vt 0.634518 0.000000
vt 0.096447 0.000000
vt 0.857868 0.000000
vt 0.639594 0.000000
vt 0.253807 0.000000
vt 0.852792 0.000000
vt 0.101523 0.000000
vt 0.796954 0.000000
vt 0.644670 0.000000
vt 0.248731 0.000000
vt 0.847716 0.000000
vt 0.685279 0.000000
vt 0.649746 0.000000
vt 0.106599 0.000000
vt 0.243655 0.000000
vt 0.842640 0.000000
vt 0.654822 0.000000
vt 0.238579 0.000000
vt 0.837563 0.000000
vt 0.802030 0.000000
vt 0.111675 0.000000
vt 0.659898 0.000000
vt 0.680203 0.000000
vt 0.233503 0.000000
vt 0.832487 0.000000
vt 0.116751 0.000000
vt 0.664975 0.000000
vt 0.827411 0.000000
vt 0.228426 0.000000
vt 0.670051 0.000000
vt 0.807107 0.000000
vt 0.121827 0.000000
vt 0.675127 0.000000
vt 0.822335 0.000000
vt 0.223350 0.000000
vt 0.126904 0.000000
vt 0.817259 0.000000
vt 0.218274 0.000000
vt 0.812183 0.000000
vt 0.131980 0.000000
vt 0.213198 0.000000
vt 0.137056 0.000000
vt 0.142132 0.000000
vt 0.208122 0.000000
vt 0.147208 0.000000
vt 0.203046 0.000000
vt 0.152284 0.000000
vt 0.157360 0.000000
vt 0.162437 0.000000
vt 0.167513 0.000000
vt 0.172589 0.000000
vt 0.177665 0.000000
vt 0.182741 0.000000
vt 0.187817 0.000000
vt 0.192893 0.000000
vt 0.197970 0.000000
vt 0.250000 1.000000
vt 0.000000 1.000000
vt 0.500000 1.000000
vt 0.250000 0.000000
vt 0.750000 1.000000
vt 0.500000 0.000000
vt 1.000000 1.000000
vt 0.750000 0.000000
vt 0.011111 1.000000
vt 0.022222 1.000000
vt 0.011111 0.000000
vt 0.033333 1.000000
vt 0.022222 0.000000
vt 0.044444 1.000000
vt 0.033333 0.000000
vt 0.055556 1.000000
vt 0.044444 0.000000
vt 0.066667 1.000000
vt 0.055556 0.000000
vt 0.077778 1.000000
vt 0.066667 0.000000
vt 0.088889 1.000000
vt 0.077778 0.000000
vt 0.100000 1.000000
vt 0.088889 0.000000
vt 0.111111 1.000000
vt 0.100000 0.000000
vt 0.122222 1.000000
vt 0.111111 0.000000
vt 0.133333 1.000000
vt 0.122222 0.000000
vt 0.144444 1.000000
vt 0.133333 0.000000
vt 0.155556 1.000000
vt 0.144444 0.000000
vt 0.166667 1.000000
vt 0.155556 0.000000
vt 0.177778 1.000000
vt 0.166667 0.000000
vt 0.188889 1.000000
vt 0.177778 0.000000
vt 0.200000 1.000000
vt 0.188889 0.000000
vt 0.211111 1.000000
vt 0.200000 0.000000
vt 0.222222 1.000000
vt 0.211111 0.000000
vt 0.233333 1.000000
vt 0.222222 0.000000
vt 0.244444 1.000000
vt 0.233333 0.000000
vt 0.255556 1.000000
vt 0.244444 0.000000
vt 0.266667 1.000000
vt 0.255556 0.000000
vt 0.277778 1.000000
vt 0.266667 0.000000
vt 0.288889 1.000000
vt 0.277778 0.000000
vt 0.300000 1.000000
vt 0.288889 0.000000
vt 0.311111 1.000000
vt 0.300000 0.000000
vt 0.322222 1.000000
vt 0.311111 0.000000
vt 0.333333 1.000000
vt 0.322222 0.000000
vt 0.344444 1.000000
vt 0.333333 0.000000
vt 0.355556 1.000000
vt 0.344444 0.000000
vt 0.366667 1.000000
vt 0.355556 0.000000
vt 0.377778 1.000000
vt 0.366667 0.000000
vt 0.388889 1.000000
vt 0.377778 0.000000
vt 0.400000 1.000000
vt 0.388889 0.000000
vt 0.411111 1.000000
vt 0.400000 0.000000
vt 0.422222 1.000000
vt 0.411111 0.000000
vt 0.433333 1.000000
vt 0.422222 0.000000
vt 0.444444 1.000000
vt 0.433333 0.000000
vt 0.455556 1.000000
vt 0.444444 0.000000
vt 0.466667 1.000000
vt 0.455556 0.000000
vt 0.477778 1.000000
vt 0.466667 0.000000
vt 0.488889 1.000000
vt 0.477778 0.000000
vt 0.488889 0.000000
vt 0.511111 1.000000
vt 0.522222 1.000000
vt 0.511111 0.000000
vt 0.533333 1.000000
vt 0.522222 0.000000
vt 0.544444 1.000000
vt 0.533333 0.000000
vt 0.555556 1.000000
vt 0.544444 0.000000
vt 0.566667 1.000000
vt 0.555556 0.000000
vt 0.577778 1.000000
vt 0.566667 0.000000
vt 0.588889 1.000000
vt 0.577778 0.000000
vt 0.600000 1.000000
vt 0.588889 0.000000
vt 0.611111 1.000000
vt 0.600000 0.000000
vt 0.622222 1.000000
vt 0.611111 0.000000
vt 0.633333 1.000000
vt 0.622222 0.000000
vt 0.644444 1.000000
vt 0.633333 0.000000
vt 0.655556 1.000000
vt 0.644444 0.000000
vt 0.666667 1.000000
vt 0.655556 0.000000
vt 0.677778 1.000000
vt 0.666667 0.000000
vt 0.688889 1.000000
vt 0.677778 0.000000
vt 0.700000 1.000000
vt 0.688889 0.000000
vt 0.711111 1.000000
vt 0.700000 0.000000
vt 0.722222 1.000000
vt 0.711111 0.000000
vt 0.733333 1.000000
vt 0.722222 0.000000
vt 0.744444 1.000000
vt 0.733333 0.000000
vt 0.755556 1.000000
vt 0.744444 0.000000
vt 0.766667 1.000000
vt 0.755556 0.000000
vt 0.777778 1.000000
vt 0.766667 0.000000
vt 0.788889 1.000000
vt 0.777778 0.000000
vt 0.800000 1.000000
vt 0.788889 0.000000
vt 0.811111 1.000000
vt 0.800000 0.000000
vt 0.822222 1.000000
vt 0.811111 0.000000
vt 0.833333 1.000000
vt 0.822222 0.000000
vt 0.844444 1.000000
vt 0.833333 0.000000
vt 0.855556 1.000000
vt 0.844444 0.000000
vt 0.866667 1.000000
vt 0.855556 0.000000
vt 0.877778 1.000000
vt 0.866667 0.000000
vt 0.888889 1.000000
vt 0.877778 0.000000
vt 0.900000 1.000000
vt 0.888889 0.000000
vt 0.911111 1.000000
vt 0.900000 0.000000
vt 0.922222 1.000000
vt 0.911111 0.000000
vt 0.933333 1.000000
vt 0.922222 0.000000
vt 0.944444 1.000000
vt 0.933333 0.000000
vt 0.955556 1.000000
vt 0.944444 0.000000
vt 0.966667 1.000000
vt 0.955556 0.000000
vt 0.977778 1.000000
vt 0.966667 0.000000
vt 0.988889 1.000000
vt 0.977778 0.000000
vt 0.988889 0.000000
vt 0.010870 1.000000
vt 0.021739 1.000000
vt 0.010870 0.000000
vt 0.032609 1.000000
vt 0.021739 0.000000
vt 0.043478 1.000000
vt 0.032609 0.000000
vt 0.054348 1.000000
vt 0.043478 0.000000
vt 0.065217 1.000000
vt 0.054348 0.000000
vt 0.076087 1.000000
vt 0.065217 0.000000
vt 0.086957 1.000000
vt 0.076087 0.000000
vt 0.097826 1.000000
vt 0.086957 0.000000
vt 0.108696 1.000000
vt 0.097826 0.000000
vt 0.119565 1.000000
vt 0.108696 0.000000
vt 0.130435 1.000000
vt 0.119565 0.000000
vt 0.141304 1.000000
vt 0.130435 0.000000
vt 0.152174 1.000000
vt 0.141304 0.000000
vt 0.163043 1.000000
vt 0.152174 0.000000
vt 0.173913 1.000000
vt 0.163043 0.000000
vt 0.184783 1.000000
vt 0.173913 0.000000
vt 0.195652 1.000000
vt 0.184783 0.000000
vt 0.206522 1.000000
vt 0.195652 0.000000
vt 0.217391 1.000000
vt 0.206522 0.000000
vt 0.228261 1.000000
vt 0.217391 0.000000
vt 0.239130 1.000000
vt 0.228261 0.000000
vt 0.239130 0.000000
vt 0.260870 1.000000
vt 0.271739 1.000000
vt 0.260870 0.000000
vt 0.282609 1.000000
vt 0.271739 0.000000
vt 0.293478 1.000000
vt 0.282609 0.000000
vt 0.304348 1.000000
vt 0.293478 0.000000
vt 0.315217 1.000000
vt 0.304348 0.000000
vt 0.326087 1.000000
vt 0.315217 0.000000
vt 0.336957 1.000000
vt 0.326087 0.000000
vt 0.347826 1.000000
vt 0.336957 0.000000
vt 0.358696 1.000000
vt 0.347826 0.000000
vt 0.369565 1.000000
vt 0.358696 0.000000
vt 0.380435 1.000000
vt 0.369565 0.000000
vt 0.391304 1.000000
vt 0.380435 0.000000
vt 0.402174 1.000000
vt 0.391304 0.000000
vt 0.413043 1.000000
vt 0.402174 0.000000
vt 0.423913 1.000000
vt 0.413043 0.000000
vt 0.434783 1.000000
vt 0.423913 0.000000
vt 0.445652 1.000000
vt 0.434783 0.000000
vt 0.456522 1.000000
vt 0.445652 0.000000
vt 0.467391 1.000000
vt 0.456522 0.000000
vt 0.478261 1.000000
vt 0.467391 0.000000
vt 0.489130 1.000000
vt 0.478261 0.000000
vt 0.489130 0.000000
vt 0.510870 1.000000
vt 0.521739 1.000000
vt 0.510870 0.000000
vt 0.532609 1.000000
vt 0.521739 0.000000
vt 0.543478 1.000000
vt 0.532609 0.000000
vt 0.554348 1.000000
vt 0.543478 0.000000
vt 0.565217 1.000000
vt 0.554348 0.000000
vt 0.576087 1.000000
vt 0.565217 0.000000
vt 0.586957 1.000000
vt 0.576087 0.000000
vt 0.597826 1.000000
vt 0.586957 0.000000
vt 0.608696 1.000000
vt 0.597826 0.000000
vt 0.619565 1.000000
vt 0.608696 0.000000
vt 0.630435 1.000000
vt 0.619565 0.000000
vt 0.641304 1.000000
vt 0.630435 0.000000
vt 0.652174 1.000000
vt 0.641304 0.000000
vt 0.663043 1.000000
vt 0.652174 0.000000
vt 0.673913 1.000000
vt 0.663043 0.000000
vt 0.684783 1.000000
vt 0.673913 0.000000
vt 0.695652 1.000000
vt 0.684783 0.000000
vt 0.706522 1.000000
vt 0.695652 0.000000
vt 0.717391 1.000000
vt 0.706522 0.000000
vt 0.728261 1.000000
vt 0.717391 0.000000
vt 0.739130 1.000000
vt 0.728261 0.000000
vt 0.739130 0.000000
vt 0.760870 1.000000
vt 0.771739 1.000000
vt 0.760870 0.000000
vt 0.782609 1.000000
vt 0.771739 0.000000
vt 0.793478 1.000000
vt 0.782609 0.000000
vt 0.804348 1.000000
vt 0.793478 0.000000
vt 0.815217 1.000000
vt 0.804348 0.000000
vt 0.826087 1.000000
vt 0.815217 0.000000
vt 0.836957 1.000000
vt 0.826087 0.000000
vt 0.847826 1.000000
vt 0.836957 0.000000
vt 0.858696 1.000000
vt 0.847826 0.000000
vt 0.869565 1.000000
vt 0.858696 0.000000
vt 0.880435 1.000000
vt 0.869565 0.000000
vt 0.891304 1.000000
vt 0.880435 0.000000
vt 0.902174 1.000000
vt 0.891304 0.000000
vt 0.913043 1.000000
vt 0.902174 0.000000
vt 0.923913 1.000000
vt 0.913043 0.000000
vt 0.934783 1.000000
vt 0.923913 0.000000
vt 0.945652 1.000000
vt 0.934783 0.000000
vt 0.956522 1.000000
vt 0.945652 0.000000
vt 0.967391 1.000000
vt 0.956522 0.000000
vt 0.978261 1.000000
vt 0.967391 0.000000
vt 0.989130 1.000000
vt 0.978261 0.000000
vt 0.989130 0.000000
s 0
f 196/1/1 193/2/1 197/3/1
f 193/2/1 198/4/1 197/3/1
f 193/2/1 192/5/1 198/4/1
f 192/5/1 195/6/1 198/4/1
f 196/1/1 194/7/1 193/2/1
f 191/8/1 195/6/1 192/5/1
f 196/1/1 191/8/1 194/7/1
f 196/1/1 195/6/1 191/8/1
f 96/9/1 98/10/1 97/11/1
f 96/9/1 9/12/1 98/10/1
f 94/13/1 96/9/1 95/14/1
f 94/13/1 9/12/1 96/9/1
f 94/13/1 10/15/1 9/12/1
f 94/13/1 11/16/1 10/15/1
f 93/17/1 11/16/1 94/13/1
f 92/18/1 12/19/1 93/17/1
f 12/19/1 11/16/1 93/17/1
f 92/18/1 13/20/1 12/19/1
f 190/21/1 3/22/1 99/23/1
f 3/22/1 100/24/1 99/23/1
f 3/22/1 2/25/1 100/24/1
f 2/25/1 101/26/1 100/24/1
f 102/27/1 7/28/1 103/29/1
f 7/28/1 104/30/1 103/29/1
f 7/28/1 6/31/1 104/30/1
f 6/31/1 105/32/1 104/30/1
f 190/21/1 4/33/1 3/22/1
f 1/34/1 101/26/1 2/25/1
f 102/27/1 8/35/1 7/28/1
f 5/36/1 105/32/1 6/31/1
f 13/20/1 15/37/1 14/38/1
f 92/18/1 15/37/1 13/20/1
f 190/21/1 1/34/1 4/33/1
f 190/21/1 101/26/1 1/34/1
f 102/27/1 5/36/1 8/35/1
f 102/27/1 105/32/1 5/36/1
f 91/39/1 15/37/1 92/18/1
f 90/40/1 15/37/1 91/39/1
f 89/41/1 15/37/1 90/40/1
f 88/42/1 15/37/1 89/41/1
f 87/43/1 15/37/1 88/42/1
f 86/44/1 15/37/1 87/43/1
f 85/45/1 15/37/1 86/44/1
f 85/45/1 16/46/1 15/37/1
f 84/47/1 16/46/1 85/45/1
f 83/48/1 16/46/1 84/47/1
f 82/49/1 16/46/1 83/48/1
f 81/50/1 16/46/1 82/49/1
f 80/51/1 16/46/1 81/50/1
f 190/21/1 102/27/1 101/26/1
f 190/21/1 105/32/1 102/27/1
f 79/52/1 16/46/1 80/51/1
f 189/53/2 105/32/2 190/21/2
f 188/54/1 106/55/1 189/53/1
f 106/55/1 105/32/1 189/53/1
f 188/54/1 107/56/1 106/55/1
f 79/52/1 78/57/1 16/46/1
f 78/57/1 17/58/1 16/46/1
f 77/59/1 17/58/1 78/57/1
f 186/60/1 188/54/1 187/61/1
f 186/60/1 107/56/1 188/54/1
f 186/60/1 108/62/1 107/56/1
f 186/60/1 111/63/1 108/62/1
f 111/63/1 109/64/1 108/62/1
f 186/60/1 110/65/1 111/63/1
f 112/66/1 109/64/1 111/63/1
f 185/67/2 110/65/2 186/60/2
f 184/68/1 110/65/1 185/67/1
f 184/68/1 109/64/1 110/65/1
f 184/68/1 112/66/1 109/64/1
f 183/69/1 112/66/1 184/68/1
f 183/69/1 113/70/1 112/66/1
f 182/71/1 113/70/1 183/69/1
f 182/71/1 114/72/1 113/70/1
f 181/73/1 114/72/1 182/71/1
f 181/73/1 145/74/1 114/72/1
f 145/74/1 115/75/1 114/72/1
f 181/73/1 146/76/1 145/74/1
f 144/77/1 115/75/1 145/74/1
f 180/78/1 149/79/1 181/73/1
f 149/79/1 146/76/1 181/73/1
f 149/79/1 147/80/1 146/76/1
f 180/78/1 150/81/1 149/79/1
f 148/82/1 147/80/1 149/79/1
f 180/78/1 151/83/1 150/81/1
f 144/77/1 116/84/1 115/75/1
f 179/85/1 151/83/1 180/78/1
f 143/86/1 116/84/1 144/77/1
f 143/86/1 117/87/1 116/84/1
f 179/85/1 152/88/1 151/83/1
f 178/89/1 152/88/1 179/85/1
f 142/90/1 117/87/1 143/86/1
f 142/90/1 118/91/1 117/87/1
f 177/92/1 152/88/1 178/89/1
f 177/92/1 153/93/1 152/88/1
f 142/90/1 119/94/1 118/91/1
f 141/95/1 119/94/1 142/90/1
f 176/96/1 153/93/1 177/92/1
f 141/95/1 120/97/1 119/94/1
f 176/96/1 154/98/1 153/93/1
f 175/99/1 154/98/1 176/96/1
f 140/100/1 120/97/1 141/95/1
f 140/100/1 121/101/1 120/97/1
f 174/102/1 154/98/1 175/99/1
f 174/102/1 155/103/1 154/98/1
f 140/100/1 122/104/1 121/101/1
f 139/105/1 122/104/1 140/100/1
f 173/106/1 155/103/1 174/102/1
f 139/105/1 123/107/1 122/104/1
f 173/106/1 156/108/1 155/103/1
f 76/109/1 17/58/1 77/59/1
f 76/109/1 18/110/1 17/58/1
f 75/111/1 18/110/1 76/109/1
f 172/112/1 156/108/1 173/106/1
f 138/113/1 123/107/1 139/105/1
f 74/114/1 68/115/1 75/111/1
f 68/115/1 69/116/1 75/111/1
f 69/116/1 18/110/1 75/111/1
f 70/117/1 18/110/1 69/116/1
f 52/118/1 54/119/1 53/120/1
f 67/121/1 74/114/1 68/115/1
f 71/122/1 18/110/1 70/117/1
f 66/123/1 74/114/1 67/121/1
f 65/124/1 74/114/1 66/123/1
f 64/125/1 74/114/1 65/124/1
f 63/126/1 74/114/1 64/125/1
f 62/127/1 74/114/1 63/126/1
f 72/128/1 18/110/1 71/122/1
f 62/127/1 73/129/1 74/114/1
f 61/130/1 73/129/1 62/127/1
f 52/118/1 55/131/1 54/119/1
f 60/132/1 73/129/1 61/130/1
f 59/133/1 73/129/1 60/132/1
f 52/118/1 56/134/1 55/131/1
f 58/135/1 73/129/1 59/133/1
f 52/118/1 57/136/1 56/134/1
f 57/136/1 73/129/1 58/135/1
f 52/118/1 73/129/1 57/136/1
f 73/129/1 18/110/1 72/128/1
f 52/118/1 18/110/1 73/129/1
f 52/118/1 19/137/1 18/110/1
f 138/113/1 124/138/1 123/107/1
f 172/112/1 157/139/1 156/108/1
f 138/113/1 125/140/1 124/138/1
f 171/141/1 157/139/1 172/112/1
f 137/142/1 125/140/1 138/113/1
f 137/142/1 126/143/1 125/140/1
f 52/118/1 20/144/1 19/137/1
f 170/145/1 157/139/1 171/141/1
f 137/142/1 127/146/1 126/143/1
f 51/147/1 20/144/1 52/118/1
f 169/148/1 157/139/1 170/145/1
f 51/147/1 21/149/1 20/144/1
f 169/148/1 158/150/1 157/139/1
f 137/142/1 128/151/1 127/146/1
f 50/152/1 21/149/1 51/147/1
f 168/153/1 158/150/1 169/148/1
f 136/154/1 128/151/1 137/142/1
f 136/154/1 129/155/1 128/151/1
f 50/152/1 22/156/1 21/149/1
f 49/157/1 22/156/1 50/152/1
f 167/158/1 158/150/1 168/153/1
f 136/154/1 130/159/1 129/155/1
f 48/160/1 22/156/1 49/157/1
f 166/161/1 158/150/1 167/158/1
f 166/161/1 159/162/1 158/150/1
f 48/160/1 23/163/1 22/156/1
f 136/154/1 131/164/1 130/159/1
f 135/165/1 131/164/1 136/154/1
f 47/166/1 23/163/1 48/160/1
f 165/167/1 159/162/1 166/161/1
f 47/166/1 24/168/1 23/163/1
f 135/165/1 132/169/1 131/164/1
f 164/170/1 159/162/1 165/167/1
f 46/171/1 24/168/1 47/166/1
f 135/165/1 133/172/1 132/169/1
f 164/170/1 160/173/1 159/162/1
f 46/171/1 25/174/1 24/168/1
f 134/175/1 133/172/1 135/165/1
f 163/176/1 160/173/1 164/170/1
f 45/177/1 25/174/1 46/171/1
f 45/177/1 26/178/1 25/174/1
f 162/179/1 160/173/1 163/176/1
f 44/180/1 26/178/1 45/177/1
f 162/179/1 161/181/1 160/173/1
f 44/180/1 27/182/1 26/178/1
f 43/183/1 27/182/1 44/180/1
f 43/183/1 28/184/1 27/182/1
f 43/183/1 29/185/1 28/184/1
f 42/186/1 29/185/1 43/183/1
f 42/186/1 30/187/1 29/185/1
f 41/188/1 30/187/1 42/186/1
f 41/188/1 31/189/1 30/187/1
f 41/188/1 32/190/1 31/189/1
f 41/188/1 33/191/1 32/190/1
f 41/188/1 34/192/1 33/191/1
f 41/188/1 35/193/1 34/192/1
f 41/188/1 36/194/1 35/193/1
f 41/188/1 37/195/1 36/194/1
f 41/188/1 38/196/1 37/195/1
f 41/188/1 39/197/1 38/196/1
f 41/188/1 40/198/1 39/197/1
f 394/1/2 395/3/2 391/2/2
f 391/2/2 395/3/2 396/4/2
f 391/2/2 396/4/2 390/5/2
f 390/5/2 396/4/2 393/6/2
f 394/1/2 391/2/2 392/7/2
f 389/8/2 390/5/2 393/6/2
f 394/1/2 392/7/2 389/8/2
f 394/1/2 389/8/2 393/6/2
f 294/9/2 295/11/2 296/10/2
f 294/9/2 296/10/2 207/12/2
f 292/13/2 293/14/2 294/9/2
f 292/13/2 294/9/2 207/12/2
f 292/13/2 207/12/2 208/15/2
f 292/13/2 208/15/2 209/16/2
f 291/17/1 292/13/1 209/16/1
f 290/18/2 291/17/2 210/19/2
f 210/19/1 291/17/1 209/16/1
f 290/18/2 210/19/2 211/20/2
f 388/21/2 297/23/2 201/22/2
f 201/22/2 297/23/2 298/24/2
f 201/22/2 298/24/2 200/25/2
f 200/25/2 298/24/2 299/26/2
f 300/27/2 301/29/2 205/28/2
f 205/28/2 301/29/2 302/30/2
f 205/28/2 302/30/2 204/31/2
f 204/31/2 302/30/2 303/32/2
f 388/21/2 201/22/2 202/33/2
f 199/34/2 200/25/2 299/26/2
f 300/27/2 205/28/2 206/35/2
f 203/36/2 204/31/2 303/32/2
f 211/20/2 212/38/2 213/37/2
f 290/18/2 211/20/2 213/37/2
f 388/21/2 202/33/2 199/34/2
f 388/21/2 199/34/2 299/26/2
f 300/27/2 206/35/2 203/36/2
f 300/27/2 203/36/2 303/32/2
f 289/39/2 290/18/2 213/37/2
f 288/40/2 289/39/2 213/37/2
f 287/41/2 288/40/2 213/37/2
f 286/42/2 287/41/2 213/37/2
f 285/43/2 286/42/2 213/37/2
f 284/44/2 285/43/2 213/37/2
f 283/45/2 284/44/2 213/37/2
f 283/45/2 213/37/2 214/46/2
f 282/47/2 283/45/2 214/46/2
f 281/48/2 282/47/2 214/46/2
f 280/49/2 281/48/2 214/46/2
f 279/50/2 280/49/2 214/46/2
f 278/51/2 279/50/2 214/46/2
f 388/21/2 299/26/2 300/27/2
f 388/21/2 300/27/2 303/32/2
f 277/52/2 278/51/2 214/46/2
f 387/53/1 388/21/1 303/32/1
f 386/54/2 387/53/2 304/55/2
f 304/55/1 387/53/1 303/32/1
f 386/54/2 304/55/2 305/56/2
f 277/52/2 214/46/2 276/57/2
f 276/57/2 214/46/2 215/58/2
f 275/59/2 276/57/2 215/58/2
f 384/60/2 385/61/2 386/54/2
f 384/60/2 386/54/2 305/56/2
f 384/60/2 305/56/2 306/62/2
f 384/60/2 306/62/2 309/63/2
f 309/63/2 306/62/2 307/64/2
f 384/60/2 309/63/2 308/65/2
f 310/66/2 309/63/2 307/64/2
f 383/67/1 384/60/1 308/65/1
f 382/68/2 383/67/2 308/65/2
f 382/68/2 308/65/2 307/64/2
f 382/68/2 307/64/2 310/66/2
f 381/69/2 382/68/2 310/66/2
f 381/69/2 310/66/2 311/70/2
f 380/71/2 381/69/2 311/70/2
f 380/71/2 311/70/2 312/72/2
f 379/73/2 380/71/2 312/72/2
f 379/73/2 312/72/2 343/74/2
f 343/74/2 312/72/2 313/75/2
f 379/73/2 343/74/2 344/76/2
f 342/77/2 343/74/2 313/75/2
f 378/78/2 379/73/2 347/79/2
f 347/79/2 379/73/2 344/76/2
f 347/79/2 344/76/2 345/80/2
f 378/78/2 347/79/2 348/81/2
f 346/82/2 347/79/2 345/80/2
f 378/78/2 348/81/2 349/83/2
f 342/77/2 313/75/2 314/84/2
f 377/85/2 378/78/2 349/83/2
f 341/86/2 342/77/2 314/84/2
f 341/86/2 314/84/2 315/87/2
f 377/85/2 349/83/2 350/88/2
f 376/89/2 377/85/2 350/88/2
f 340/90/2 341/86/2 315/87/2
f 340/90/2 315/87/2 316/91/2
f 375/92/2 376/89/2 350/88/2
f 375/92/2 350/88/2 351/93/2
f 340/90/2 316/91/2 317/94/2
f 339/95/2 340/90/2 317/94/2
f 374/96/2 375/92/2 351/93/2
f 339/95/2 317/94/2 318/97/2
f 374/96/2 351/93/2 352/98/2
f 373/99/2 374/96/2 352/98/2
f 338/100/2 339/95/2 318/97/2
f 338/100/2 318/97/2 319/101/2
f 372/102/2 373/99/2 352/98/2
f 372/102/2 352/98/2 353/103/2
f 338/100/2 319/101/2 320/104/2
f 337/105/2 338/100/2 320/104/2
f 371/106/2 372/102/2 353/103/2
f 337/105/2 320/104/2 321/107/2
f 371/106/2 353/103/2 354/108/2
f 274/109/2 275/59/2 215/58/2
f 274/109/2 215/58/2 216/110/2
f 273/111/2 274/109/2 216/110/2
f 370/112/2 371/106/2 354/108/2
f 336/113/2 337/105/2 321/107/2
f 272/114/2 273/111/2 266/115/2
f 266/115/2 273/111/2 267/116/2
f 267/116/2 273/111/2 216/110/2
f 268/117/2 267/116/2 216/110/2
f 250/118/2 251/120/2 252/119/2
f 265/121/2 266/115/2 272/114/2
f 269/122/2 268/117/2 216/110/2
f 264/123/2 265/121/2 272/114/2
f 263/124/2 264/123/2 272/114/2
f 262/125/2 263/124/2 272/114/2
f 261/126/2 262/125/2 272/114/2
f 260/127/2 261/126/2 272/114/2
f 270/128/2 269/122/2 216/110/2
f 260/127/2 272/114/2 271/129/2
f 259/130/2 260/127/2 271/129/2
f 250/118/2 252/119/2 253/131/2
f 258/132/2 259/130/2 271/129/2
f 257/133/2 258/132/2 271/129/2
f 250/118/2 253/131/2 254/134/2
f 256/135/2 257/133/2 271/129/2
f 250/118/2 254/134/2 255/136/2
f 255/136/2 256/135/2 271/129/2
f 250/118/2 255/136/2 271/129/2
f 271/129/2 270/128/2 216/110/2
f 250/118/2 271/129/2 216/110/2
f 250/118/2 216/110/2 217/137/2
f 336/113/2 321/107/2 322/138/2
f 370/112/2 354/108/2 355/139/2
f 336/113/2 322/138/2 323/140/2
f 369/141/2 370/112/2 355/139/2
f 335/142/2 336/113/2 323/140/2
f 335/142/2 323/140/2 324/143/2
f 250/118/2 217/137/2 218/144/2
f 368/145/2 369/141/2 355/139/2
f 335/142/2 324/143/2 325/146/2
f 249/147/2 250/118/2 218/144/2
f 367/148/2 368/145/2 355/139/2
f 249/147/2 218/144/2 219/149/2
f 367/148/2 355/139/2 356/150/2
f 335/142/2 325/146/2 326/151/2
f 248/152/2 249/147/2 219/149/2
f 366/153/2 367/148/2 356/150/2
f 334/154/2 335/142/2 326/151/2
f 334/154/2 326/151/2 327/155/2
f 248/152/2 219/149/2 220/156/2
f 247/157/2 248/152/2 220/156/2
f 365/158/2 366/153/2 356/150/2
f 334/154/2 327/155/2 328/159/2
f 246/160/2 247/157/2 220/156/2
f 364/161/2 365/158/2 356/150/2
f 364/161/2 356/150/2 357/162/2
f 246/160/2 220/156/2 221/163/2
f 334/154/2 328/159/2 329/164/2
f 333/165/2 334/154/2 329/164/2
f 245/166/2 246/160/2 221/163/2
f 363/167/2 364/161/2 357/162/2
f 245/166/2 221/163/2 222/168/2
f 333/165/2 329/164/2 330/169/2
f 362/170/2 363/167/2 357/162/2
f 244/171/2 245/166/2 222/168/2
f 333/165/2 330/169/2 331/172/2
f 362/170/2 357/162/2 358/173/2
f 244/171/2 222/168/2 223/174/2
f 332/175/2 333/165/2 331/172/2
f 361/176/2 362/170/2 358/173/2
f 243/177/2 244/171/2 223/174/2
f 243/177/2 223/174/2 224/178/2
f 360/179/2 361/176/2 358/173/2
f 242/180/2 243/177/2 224/178/2
f 360/179/2 358/173/2 359/181/2
f 242/180/2 224/178/2 225/182/2
f 241/183/2 242/180/2 225/182/2
f 241/183/2 225/182/2 226/184/2
f 241/183/2 226/184/2 227/185/2
f 240/186/2 241/183/2 227/185/2
f 240/186/2 227/185/2 228/187/2
f 239/188/2 240/186/2 228/187/2
f 239/188/2 228/187/2 229/189/2
f 239/188/2 229/189/2 230/190/2
f 239/188/2 230/190/2 231/191/2
f 239/188/2 231/191/2 232/192/2
f 239/188/2 232/192/2 233/193/2
f 239/188/2 233/193/2 234/194/2
f 239/188/2 234/194/2 235/195/2
f 239/188/2 235/195/2 236/196/2
f 239/188/2 236/196/2 237/197/2
f 239/188/2 237/197/2 238/198/2
s 1
f 400/199/3 397/34/4 398/200/4
f 402/201/5 399/202/3 400/199/3
f 404/203/6 401/204/5 402/201/5
f 398/205/4 403/206/6 404/203/6
f 408/199/3 405/34/5 406/200/5
f 410/201/4 407/202/3 408/199/3
f 412/203/6 409/204/4 410/201/4
f 406/205/5 411/206/6 412/203/6
f 416/199/3 413/34/4 414/200/4
f 418/201/5 415/202/3 416/199/3
f 420/203/6 417/204/5 418/201/5
f 414/205/4 419/206/6 420/203/6
f 424/199/3 421/34/4 422/200/4
f 426/201/5 423/202/3 424/199/3
f 428/203/6 425/204/5 426/201/5
f 422/205/4 427/206/6 428/203/6
f 432/207/6 429/34/6 430/200/6
f 434/208/5 431/209/6 432/207/6
f 436/210/5 433/211/5 434/208/5
f 438/212/7 435/213/5 436/210/5
f 440/214/8 437/215/7 438/212/7
f 442/216/9 439/217/10 440/214/8
f 444/218/11 441/219/12 442/216/9
f 446/220/13 443/221/11 444/218/11
f 448/222/14 445/223/13 446/220/13
f 450/224/15 447/225/14 448/222/14
f 452/226/16 449/227/15 450/224/15
f 454/228/17 451/229/16 452/226/16
f 456/230/18 453/231/17 454/228/17
f 458/232/19 455/233/18 456/230/18
f 460/234/20 457/235/19 458/232/19
f 462/236/21 459/237/20 460/234/20
f 464/238/22 461/239/21 462/236/21
f 466/240/23 463/241/22 464/238/22
f 468/242/24 465/243/23 466/240/23
f 470/244/25 467/245/24 468/242/24
f 472/246/26 469/247/27 470/244/25
f 474/248/28 471/249/26 472/246/26
f 476/250/29 473/251/28 474/248/28
f 478/252/30 475/253/29 476/250/29
f 480/254/31 477/255/30 478/252/30
f 482/256/32 479/257/31 480/254/31
f 484/258/33 481/259/32 482/256/32
f 486/260/34 483/261/33 484/258/33
f 488/262/35 485/263/34 486/260/34
f 490/264/36 487/265/35 488/262/35
f 492/266/37 489/267/36 490/264/36
f 494/268/38 491/269/37 492/266/37
f 496/270/39 493/271/38 494/268/38
f 498/272/40 495/273/39 496/270/39
f 500/274/41 497/275/40 498/272/40
f 502/276/42 499/277/41 500/274/41
f 504/278/43 501/279/42 502/276/42
f 506/280/44 503/281/43 504/278/43
f 508/282/45 505/283/44 506/280/44
f 510/284/46 507/285/45 508/282/45
f 512/286/47 509/287/46 510/284/46
f 514/288/48 511/289/47 512/286/47
f 516/290/49 513/291/48 514/288/48
f 518/292/50 515/293/49 516/290/49
f 520/201/51 517/294/50 518/292/50
f 522/295/52 519/204/51 520/201/51
f 524/296/53 521/297/52 522/295/52
f 526/298/54 523/299/53 524/296/53
f 528/300/55 525/301/54 526/298/54
f 530/302/56 527/303/55 528/300/55
f 532/304/57 529/305/56 530/302/56
f 534/306/58 531/307/57 532/304/57
f 536/308/59 533/309/58 534/306/58
f 538/310/60 535/311/59 536/308/59
f 540/312/61 537/313/60 538/310/60
f 542/314/62 539/315/61 540/312/61
f 544/316/63 541/317/62 542/314/62
f 546/318/64 543/319/63 544/316/63
f 548/320/65 545/321/64 546/318/64
f 550/322/66 547/323/65 548/320/65
f 552/324/67 549/325/66 550/322/66
f 554/326/68 551/327/69 552/324/67
f 556/328/70 553/329/68 554/326/68
f 558/330/71 555/331/72 556/328/70
f 560/332/73 557/333/71 558/330/71
f 562/334/74 559/335/73 560/332/73
f 564/336/75 561/337/74 562/334/74
f 566/338/76 563/339/75 564/336/75
f 568/340/77 565/341/76 566/338/76
f 570/342/78 567/343/77 568/340/77
f 572/344/79 569/345/78 570/342/78
f 574/346/80 571/347/79 572/344/79
f 576/348/81 573/349/80 574/346/80
f 578/350/82 575/351/81 576/348/81
f 580/352/83 577/353/82 578/350/82
f 582/354/84 579/355/83 580/352/83
f 584/356/85 581/357/84 582/354/84
f 586/358/86 583/359/85 584/356/85
f 588/360/87 585/361/86 586/358/86
f 590/362/88 587/363/87 588/360/87
f 592/364/89 589/365/88 590/362/88
f 594/366/90 591/367/89 592/364/89
f 596/368/91 593/369/90 594/366/90
f 598/370/3 595/371/91 596/368/91
f 600/372/3 597/373/3 598/370/3
f 602/374/4 599/375/3 600/372/3
f 604/376/4 601/377/4 602/374/4
f 606/378/4 603/379/4 604/376/4
f 608/380/6 605/381/4 606/378/4
f 430/205/6 607/382/6 608/380/6
f 612/383/6 609/34/4 610/200/4
f 614/384/6 611/385/6 612/383/6
f 616/386/4 613/387/6 614/384/6
f 618/388/4 615/389/4 616/386/4
f 620/390/6 617/391/4 618/388/4
f 622/392/5 619/393/6 620/390/6
f 624/394/5 621/395/5 622/392/5
f 626/396/6 623/397/5 624/394/5
f 628/398/6 625/399/6 626/396/6
f 630/400/5 627/401/6 628/398/6
f 632/402/92 629/403/5 630/400/5
f 634/404/93 631/405/92 632/402/92
f 636/406/94 633/407/95 634/404/93
f 638/408/96 635/409/94 636/406/94
f 640/410/97 637/411/96 638/408/96
f 642/412/98 639/413/97 640/410/97
f 644/414/99 641/415/98 642/412/98
f 646/416/100 643/417/99 644/414/99
f 648/418/101 645/419/100 646/416/100
f 650/420/102 647/421/101 648/418/101
f 652/422/103 649/423/102 650/420/102
f 654/424/104 651/425/103 652/422/103
f 656/199/105 653/426/104 654/424/104
f 658/427/106 655/202/107 656/199/105
f 660/428/108 657/429/106 658/427/106
f 662/430/109 659/431/110 660/428/108
f 664/432/111 661/433/112 662/430/109
f 666/434/113 663/435/111 664/432/111
f 668/436/114 665/437/113 666/434/113
f 670/438/115 667/439/114 668/436/114
f 672/440/116 669/441/115 670/438/115
f 674/442/117 671/443/116 672/440/116
f 676/444/118 673/445/117 674/442/117
f 678/446/119 675/447/118 676/444/118
f 680/448/120 677/449/119 678/446/119
f 682/450/121 679/451/120 680/448/120
f 684/452/122 681/453/121 682/450/121
f 686/454/123 683/455/122 684/452/122
f 688/456/124 685/457/123 686/454/123
f 690/458/125 687/459/124 688/456/124
f 692/460/126 689/461/125 690/458/125
f 694/462/127 691/463/126 692/460/126
f 696/464/128 693/465/127 694/462/127
f 698/466/129 695/467/128 696/464/128
f 700/468/130 697/469/129 698/466/129
f 702/201/131 699/470/130 700/468/130
f 704/471/132 701/204/133 702/201/131
f 706/472/5 703/473/132 704/471/132
f 708/474/3 705/475/5 706/472/5
f 710/476/134 707/477/3 708/474/3
f 712/478/135 709/479/134 710/476/134
f 714/480/136 711/481/135 712/478/135
f 716/482/137 713/483/136 714/480/136
f 718/484/138 715/485/137 716/482/137
f 720/486/139 717/487/138 718/484/138
f 722/488/140 719/489/139 720/486/139
f 724/490/141 721/491/140 722/488/140
f 726/492/142 723/493/141 724/490/141
f 728/494/143 725/495/142 726/492/142
f 730/496/144 727/497/143 728/494/143
f 732/498/145 729/499/144 730/496/144
f 734/500/146 731/501/145 732/498/145
f 736/502/147 733/503/146 734/500/146
f 738/504/148 735/505/147 736/502/147
f 740/506/149 737/507/148 738/504/148
f 742/508/150 739/509/149 740/506/149
f 744/510/151 741/511/150 742/508/150
f 746/512/152 743/513/151 744/510/151
f 748/203/153 745/514/152 746/512/152
f 750/515/154 747/206/153 748/203/153
f 752/516/155 749/517/154 750/515/154
f 754/518/156 751/519/155 752/516/155
f 756/520/157 753/521/156 754/518/156
f 758/522/158 755/523/157 756/520/157
f 760/524/159 757/525/160 758/522/158
f 762/526/161 759/527/159 760/524/159
f 764/528/162 761/529/161 762/526/161
f 766/530/163 763/531/162 764/528/162
f 768/532/164 765/533/163 766/530/163
f 770/534/165 767/535/164 768/532/164
f 772/536/166 769/537/165 770/534/165
f 774/538/167 771/539/166 772/536/166
f 776/540/168 773/541/167 774/538/167
f 778/542/169 775/543/168 776/540/168
f 780/544/170 777/545/169 778/542/169
f 782/546/171 779/547/172 780/544/170
f 784/548/3 781/549/171 782/546/171
f 786/550/4 783/551/3 784/548/3
f 788/552/4 785/553/4 786/550/4
f 790/554/3 787/555/4 788/552/4
f 792/556/3 789/557/3 790/554/3
f 610/205/4 791/558/3 792/556/3
f 400/199/3 399/202/3 397/34/4
f 402/201/5 401/204/5 399/202/3
f 404/203/6 403/206/6 401/204/5
f 398/205/4 397/4/4 403/206/6
f 408/199/3 407/202/3 405/34/5
f 410/201/4 409/204/4 407/202/3
f 412/203/6 411/206/6 409/204/4
f 406/205/5 405/4/5 411/206/6
f 416/199/3 415/202/3 413/34/4
f 418/201/5 417/204/5 415/202/3
f 420/203/6 419/206/6 417/204/5
f 414/205/4 413/4/4 419/206/6
f 424/199/3 423/202/3 421/34/4
f 426/201/5 425/204/5 423/202/3
f 428/203/6 427/206/6 425/204/5
f 422/205/4 421/4/4 427/206/6
f 432/207/6 431/209/6 429/34/6
f 434/208/5 433/211/5 431/209/6
f 436/210/5 435/213/5 433/211/5
f 438/212/7 437/215/7 435/213/5
f 440/214/8 439/217/10 437/215/7
f 442/216/9 441/219/12 439/217/10
f 444/218/11 443/221/11 441/219/12
f 446/220/13 445/223/13 443/221/11
f 448/222/14 447/225/14 445/223/13
f 450/224/15 449/227/15 447/225/14
f 452/226/16 451/229/16 449/227/15
f 454/228/17 453/231/17 451/229/16
f 456/230/18 455/233/18 453/231/17
f 458/232/19 457/235/19 455/233/18
f 460/234/20 459/237/20 457/235/19
f 462/236/21 461/239/21 459/237/20
f 464/238/22 463/241/22 461/239/21
f 466/240/23 465/243/23 463/241/22
f 468/242/24 467/245/24 465/243/23
f 470/244/25 469/247/27 467/245/24
f 472/246/26 471/249/26 469/247/27
f 474/248/28 473/251/28 471/249/26
f 476/250/29 475/253/29 473/251/28
f 478/252/30 477/255/30 475/253/29
f 480/254/31 479/257/31 477/255/30
f 482/256/32 481/259/32 479/257/31
f 484/258/33 483/261/33 481/259/32
f 486/260/34 485/263/34 483/261/33
f 488/262/35 487/265/35 485/263/34
f 490/264/36 489/267/36 487/265/35
f 492/266/37 491/269/37 489/267/36
f 494/268/38 493/271/38 491/269/37
f 496/270/39 495/273/39 493/271/38
f 498/272/40 497/275/40 495/273/39
f 500/274/41 499/277/41 497/275/40
f 502/276/42 501/279/42 499/277/41
f 504/278/43 503/281/43 501/279/42
f 506/280/44 505/283/44 503/281/43
f 508/282/45 507/285/45 505/283/44
f 510/284/46 509/287/46 507/285/45
f 512/286/47 511/289/47 509/287/46
f 514/288/48 513/291/48 511/289/47
f 516/290/49 515/293/49 513/291/48
f 518/292/50 517/294/50 515/293/49
f 520/201/51 519/204/51 517/294/50
f 522/295/52 521/297/52 519/204/51
f 524/296/53 523/299/53 521/297/52
f 526/298/54 525/301/54 523/299/53
f 528/300/55 527/303/55 525/301/54
f 530/302/56 529/305/56 527/303/55
f 532/304/57 531/307/57 529/305/56
f 534/306/58 533/309/58 531/307/57
f 536/308/59 535/311/59 533/309/58
f 538/310/60 537/313/60 535/311/59
f 540/312/61 539/315/61 537/313/60
f 542/314/62 541/317/62 539/315/61
f 544/316/63 543/319/63 541/317/62
f 546/318/64 545/321/64 543/319/63
f 548/320/65 547/323/65 545/321/64
f 550/322/66 549/325/66 547/323/65
f 552/324/67 551/327/69 549/325/66
f 554/326/68 553/329/68 551/327/69
f 556/328/70 555/331/72 553/329/68
f 558/330/71 557/333/71 555/331/72
f 560/332/73 559/335/73 557/333/71
f 562/334/74 561/337/74 559/335/73
f 564/336/75 563/339/75 561/337/74
f 566/338/76 565/341/76 563/339/75
f 568/340/77 567/343/77 565/341/76
f 570/342/78 569/345/78 567/343/77
f 572/344/79 571/347/79 569/345/78
f 574/346/80 573/349/80 571/347/79
f 576/348/81 575/351/81 573/349/80
f 578/350/82 577/353/82 575/351/81
f 580/352/83 579/355/83 577/353/82
f 582/354/84 581/357/84 579/355/83
f 584/356/85 583/359/85 581/357/84
f 586/358/86 585/361/86 583/359/85
f 588/360/87 587/363/87 585/361/86
f 590/362/88 589/365/88 587/363/87
f 592/364/89 591/367/89 589/365/88
f 594/366/90 593/369/90 591/367/89
f 596/368/91 595/371/91 593/369/90
f 598/370/3 597/373/3 595/371/91
f 600/372/3 599/375/3 597/373/3
f 602/374/4 601/377/4 599/375/3
f 604/376/4 603/379/4 601/377/4
f 606/378/4 605/381/4 603/379/4
f 608/380/6 607/382/6 605/381/4
f 430/205/6 429/4/6 607/382/6
f 612/383/6 611/385/6 609/34/4
f 614/384/6 613/387/6 611/385/6
f 616/386/4 615/389/4 613/387/6
f 618/388/4 617/391/4 615/389/4
f 620/390/6 619/393/6 617/391/4
f 622/392/5 621/395/5 619/393/6
f 624/394/5 623/397/5 621/395/5
f 626/396/6 625/399/6 623/397/5
f 628/398/6 627/401/6 625/399/6
f 630/400/5 629/403/5 627/401/6
f 632/402/92 631/405/92 629/403/5
f 634/404/93 633/407/95 631/405/92
f 636/406/94 635/409/94 633/407/95
f 638/408/96 637/411/96 635/409/94
f 640/410/97 639/413/97 637/411/96
f 642/412/98 641/415/98 639/413/97
f 644/414/99 643/417/99 641/415/98
f 646/416/100 645/419/100 643/417/99
f 648/418/101 647/421/101 645/419/100
f 650/420/102 649/423/102 647/421/101
f 652/422/103 651/425/103 649/423/102
f 654/424/104 653/426/104 651/425/103
f 656/199/105 655/202/107 653/426/104
f 658/427/106 657/429/106 655/202/107
f 660/428/108 659/431/110 657/429/106
f 662/430/109 661/433/112 659/431/110
f 664/432/111 663/435/111 661/433/112
f 666/434/113 665/437/113 663/435/111
f 668/436/114 667/439/114 665/437/113
f 670/438/115 669/441/115 667/439/114
f 672/440/116 671/443/116 669/441/115
f 674/442/117 673/445/117 671/443/116
f 676/444/118 675/447/118 673/445/117
f 678/446/119 677/449/119 675/447/118
f 680/448/120 679/451/120 677/449/119
f 682/450/121 681/453/121 679/451/120
f 684/452/122 683/455/122 681/453/121
f 686/454/123 685/457/123 683/455/122
f 688/456/124 687/459/124 685/457/123
f 690/458/125 689/461/125 687/459/124
f 692/460/126 691/463/126 689/461/125
f 694/462/127 693/465/127 691/463/126
f 696/464/128 695/467/128 693/465/127
f 698/466/129 697/469/129 695/467/128
f 700/468/130 699/470/130 697/469/129
f 702/201/131 701/204/133 699/470/130
f 704/471/132 703/473/132 701/204/133
f 706/472/5 705/475/5 703/473/132
f 708/474/3 707/477/3 705/475/5
f 710/476/134 709/479/134 707/477/3
f 712/478/135 711/481/135 709/479/134
f 714/480/136 713/483/136 711/481/135
f 716/482/137 715/485/137 713/483/136
f 718/484/138 717/487/138 715/485/137
f 720/486/139 719/489/139 717/487/138
f 722/488/140 721/491/140 719/489/139
f 724/490/141 723/493/141 721/491/140
f 726/492/142 725/495/142 723/493/141
f 728/494/143 727/497/143 725/495/142
f 730/496/144 729/499/144 727/497/143
f 732/498/145 731/501/145 729/499/144
f 734/500/146 733/503/146 731/501/145
f 736/502/147 735/505/147 733/503/146
f 738/504/148 737/507/148 735/505/147
f 740/506/149 739/509/149 737/507/148
f 742/508/150 741/511/150 739/509/149
f 744/510/151 743/513/151 741/511/150
f 746/512/152 745/514/152 743/513/151
f 748/203/153 747/206/153 745/514/152
f 750/515/154 749/517/154 747/206/153
f 752/516/155 751/519/155 749/517/154
f 754/518/156 753/521/156 751/519/155
f 756/520/157 755/523/157 753/521/156
f 758/522/158 757/525/160 755/523/157
f 760/524/159 759/527/159 757/525/160
f 762/526/161 761/529/161 759/527/159
f 764/528/162 763/531/162 761/529/161
f 766/530/163 765/533/163 763/531/162
f 768/532/164 767/535/164 765/533/163
f 770/534/165 769/537/165 767/535/164
f 772/536/166 771/539/166 769/537/165
f 774/538/167 773/541/167 771/539/166
f 776/540/168 775/543/168 773/541/167
f 778/542/169 777/545/169 775/543/168
f 780/544/170 779/547/172 777/545/169
f 782/546/171 781/549/171 779/547/172
f 784/548/3 783/551/3 781/549/171
f 786/550/4 785/553/4 783/551/3
f 788/552/4 787/555/4 785/553/4
f 790/554/3 789/557/3 787/555/4
f 792/556/3 791/558/3 789/557/3
f 610/205/4 609/4/4 791/558/3
o Text.001
v -1.630717 0.794125 -0.050000
v -1.626501 0.782544 -0.050000
v -1.622167 0.770978 -0.050000
v -1.617717 0.759434 -0.050000
v -1.613156 0.747919 -0.050000
v -1.608487 0.736440 -0.050000
v -1.603713 0.725003 -0.050000
v -1.598837 0.713615 -0.050000
v -1.593864 0.702284 -0.050000
v -1.588796 0.691015 -0.050000
v -1.583637 0.679815 -0.050000
v -1.585140 0.683000 -0.050000
v -1.999366 0.683000 -0.050000
v -1.999366 0.591000 -0.050000
v -1.688366 0.591000 -0.050000
v -1.688366 0.466000 -0.050000
v -1.976366 0.466000 -0.050000
v -1.976366 0.377000 -0.050000
v -1.688366 0.377000 -0.050000
v -1.688366 0.245000 -0.050000
v -1.989366 0.245000 -0.050000
v -1.989366 0.154000 -0.050000
v -1.688366 0.154000 -0.050000
v -1.688366 -0.089000 -0.050000
v -1.592366 -0.089000 -0.050000
v -1.592366 0.591000 -0.050000
v -1.539323 0.591000 -0.050000
v -1.531247 0.576086 -0.050000
v -1.520054 0.556224 -0.050000
v -1.508634 0.536754 -0.050000
v -1.497000 0.517708 -0.050000
v -1.485164 0.499116 -0.050000
v -1.473141 0.481009 -0.050000
v -1.460942 0.463418 -0.050000
v -1.448581 0.446373 -0.050000
v -1.436070 0.429904 -0.050000
v -1.423421 0.414043 -0.050000
v -1.410647 0.398819 -0.050000
v -1.390633 0.376218 -0.050000
v -1.379867 0.387525 -0.050000
v -1.376067 0.391332 -0.050000
v -1.371730 0.395529 -0.050000
v -1.366969 0.400005 -0.050000
v -1.361895 0.404657 -0.050000
v -1.356614 0.409386 -0.050000
v -1.351231 0.414094 -0.050000
v -1.345854 0.418681 -0.050000
v -1.340588 0.423050 -0.050000
v -1.335546 0.427100 -0.050000
v -1.330845 0.430726 -0.050000
v -1.317481 0.440491 -0.050000
v -1.347104 0.473082 -0.050000
v -1.368661 0.499218 -0.050000
v -1.389730 0.527158 -0.050000
v -1.410226 0.556729 -0.050000
v -1.430068 0.587758 -0.050000
v -1.449173 0.620071 -0.050000
v -1.467462 0.653496 -0.050000
v -1.484854 0.687858 -0.050000
v -1.501272 0.722985 -0.050000
v -1.516637 0.758703 -0.050000
v -1.530871 0.794839 -0.050000
v -1.547045 0.840011 -0.050000
v -1.638409 0.815900 -0.050000
v -1.386485 0.792014 -0.050000
v -1.378951 0.773598 -0.050000
v -1.371119 0.755193 -0.050000
v -1.363005 0.736825 -0.050000
v -1.354627 0.718516 -0.050000
v -1.346003 0.700291 -0.050000
v -1.337149 0.682173 -0.050000
v -1.328083 0.664186 -0.050000
v -1.318822 0.646353 -0.050000
v -1.309383 0.628700 -0.050000
v -1.299784 0.611249 -0.050000
v -1.291366 0.596368 -0.050000
v -1.291366 -0.088000 -0.050000
v -1.196366 -0.088000 -0.050000
v -1.196366 0.450502 -0.050000
v -1.206374 0.464123 -0.050000
v -1.198251 0.453295 -0.050000
v -1.190083 0.442640 -0.050000
v -1.181870 0.432159 -0.050000
v -1.173612 0.421857 -0.050000
v -1.165310 0.411737 -0.050000
v -1.156962 0.401802 -0.050000
v -1.148569 0.392056 -0.050000
v -1.140130 0.382503 -0.050000
v -1.131646 0.373145 -0.050000
v -1.123115 0.363987 -0.050000
v -1.104622 0.344677 -0.050000
v -1.096114 0.362308 -0.050000
v -1.093390 0.367740 -0.050000
v -1.090227 0.373858 -0.050000
v -1.086709 0.380482 -0.050000
v -1.082915 0.387438 -0.050000
v -1.078926 0.394552 -0.050000
v -1.074822 0.401652 -0.050000
v -1.070685 0.408562 -0.050000
v -1.066602 0.415105 -0.050000
v -1.062662 0.421096 -0.050000
v -1.058973 0.426337 -0.050000
v -1.050144 0.437747 -0.050000
v -1.080666 0.469135 -0.050000
v -1.104683 0.496168 -0.050000
v -1.128297 0.525069 -0.050000
v -1.151386 0.555657 -0.050000
v -1.173830 0.587753 -0.050000
v -1.195509 0.621175 -0.050000
v -1.216307 0.655743 -0.050000
v -1.236105 0.691278 -0.050000
v -1.254787 0.727597 -0.050000
v -1.272237 0.764520 -0.050000
v -1.288340 0.801867 -0.050000
v -1.306415 0.848275 -0.050000
v -1.397620 0.820407 -0.050000
v -1.630717 0.794125 0.050000
v -1.626501 0.782544 0.050000
v -1.622167 0.770978 0.050000
v -1.617717 0.759434 0.050000
v -1.613156 0.747919 0.050000
v -1.608487 0.736440 0.050000
v -1.603713 0.725003 0.050000
v -1.598837 0.713615 0.050000
v -1.593864 0.702284 0.050000
v -1.588796 0.691015 0.050000
v -1.583637 0.679815 0.050000
v -1.585140 0.683000 0.050000
v -1.999366 0.683000 0.050000
v -1.999366 0.591000 0.050000
v -1.688366 0.591000 0.050000
v -1.688366 0.466000 0.050000
v -1.976366 0.466000 0.050000
v -1.976366 0.377000 0.050000
v -1.688366 0.377000 0.050000
v -1.688366 0.245000 0.050000
v -1.989366 0.245000 0.050000
v -1.989366 0.154000 0.050000
v -1.688366 0.154000 0.050000
v -1.688366 -0.089000 0.050000
v -1.592366 -0.089000 0.050000
v -1.592366 0.591000 0.050000
v -1.539323 0.591000 0.050000
v -1.531247 0.576086 0.050000
v -1.520054 0.556224 0.050000
v -1.508634 0.536754 0.050000
v -1.497000 0.517708 0.050000
v -1.485164 0.499116 0.050000
v -1.473141 0.481009 0.050000
v -1.460942 0.463418 0.050000
v -1.448581 0.446373 0.050000
v -1.436070 0.429904 0.050000
v -1.423421 0.414043 0.050000
v -1.410647 0.398819 0.050000
v -1.390633 0.376218 0.050000
v -1.379867 0.387525 0.050000
v -1.376067 0.391332 0.050000
v -1.371730 0.395529 0.050000
v -1.366969 0.400005 0.050000
v -1.361895 0.404657 0.050000
v -1.356614 0.409386 0.050000
v -1.351231 0.414094 0.050000
v -1.345854 0.418681 0.050000
v -1.340588 0.423050 0.050000
v -1.335546 0.427100 0.050000
v -1.330845 0.430726 0.050000
v -1.317481 0.440491 0.050000
v -1.347104 0.473082 0.050000
v -1.368661 0.499218 0.050000
v -1.389730 0.527158 0.050000
v -1.410226 0.556729 0.050000
v -1.430068 0.587758 0.050000
v -1.449173 0.620071 0.050000
v -1.467462 0.653496 0.050000
v -1.484854 0.687858 0.050000
v -1.501272 0.722985 0.050000
v -1.516637 0.758703 0.050000
v -1.530871 0.794839 0.050000
v -1.547045 0.840011 0.050000
v -1.638409 0.815900 0.050000
v -1.386485 0.792014 0.050000
v -1.378951 0.773598 0.050000
v -1.371119 0.755193 0.050000
v -1.363005 0.736825 0.050000
v -1.354627 0.718516 0.050000
v -1.346003 0.700291 0.050000
v -1.337149 0.682173 0.050000
v -1.328083 0.664186 0.050000
v -1.318822 0.646353 0.050000
v -1.309383 0.628700 0.050000
v -1.299784 0.611249 0.050000
v -1.291366 0.596368 0.050000
v -1.291366 -0.088000 0.050000
v -1.196366 -0.088000 0.050000
v -1.196366 0.450502 0.050000
v -1.206374 0.464123 0.050000
v -1.198251 0.453295 0.050000
v -1.190083 0.442640 0.050000
v -1.181870 0.432159 0.050000
v -1.173612 0.421857 0.050000
v -1.165310 0.411737 0.050000
v -1.156962 0.401802 0.050000
v -1.148569 0.392056 0.050000
v -1.140130 0.382503 0.050000
v -1.131646 0.373145 0.050000
v -1.123115 0.363987 0.050000
v -1.104622 0.344677 0.050000
v -1.096114 0.362308 0.050000
v -1.093390 0.367740 0.050000
v -1.090227 0.373858 0.050000
v -1.086709 0.380482 0.050000
v -1.082915 0.387438 0.050000
v -1.078926 0.394552 0.050000
v -1.074822 0.401652 0.050000
v -1.070685 0.408562 0.050000
v -1.066602 0.415105 0.050000
v -1.062662 0.421096 0.050000
v -1.058973 0.426337 0.050000
v -1.050144 0.437747 0.050000
v -1.080666 0.469135 0.050000
v -1.104683 0.496168 0.050000
v -1.128297 0.525069 0.050000
v -1.151386 0.555657 0.050000
v -1.173830 0.587753 0.050000
v -1.195509 0.621175 0.050000
v -1.216307 0.655743 0.050000
v -1.236105 0.691278 0.050000
v -1.254787 0.727597 0.050000
v -1.272237 0.764520 0.050000
v -1.288340 0.801867 0.050000
v -1.306415 0.848275 0.050000
v -1.397620 0.820407 0.050000
v -1.630717 0.794125 0.050000
v -1.630717 0.794125 -0.050000
v -1.626501 0.782544 0.050000
v -1.626501 0.782544 -0.050000
v -1.622167 0.770978 0.050000
v -1.622167 0.770978 -0.050000
v -1.617717 0.759434 0.050000
v -1.617717 0.759434 -0.050000
v -1.613156 0.747919 0.050000
v -1.613156 0.747919 -0.050000
v -1.608487 0.736440 0.050000
v -1.608487 0.736440 -0.050000
v -1.603713 0.725003 0.050000
v -1.603713 0.725003 -0.050000
v -1.598837 0.713615 0.050000
v -1.598837 0.713615 -0.050000
v -1.593864 0.702284 0.050000
v -1.593864 0.702284 -0.050000
v -1.588796 0.691015 0.050000
v -1.588796 0.691015 -0.050000
v -1.583637 0.679815 0.050000
v -1.583637 0.679815 -0.050000
v -1.585140 0.683000 0.050000
v -1.585140 0.683000 -0.050000
v -1.999366 0.683000 0.050000
v -1.999366 0.683000 -0.050000
v -1.999366 0.591000 0.050000
v -1.999366 0.591000 -0.050000
v -1.688366 0.591000 0.050000
v -1.688366 0.591000 -0.050000
v -1.688366 0.466000 0.050000
v -1.688366 0.466000 -0.050000
v -1.976366 0.466000 0.050000
v -1.976366 0.466000 -0.050000
v -1.976366 0.377000 0.050000
v -1.976366 0.377000 -0.050000
v -1.688366 0.377000 0.050000
v -1.688366 0.377000 -0.050000
v -1.688366 0.245000 0.050000
v -1.688366 0.245000 -0.050000
v -1.989366 0.245000 0.050000
v -1.989366 0.245000 -0.050000
v -1.989366 0.154000 0.050000
v -1.989366 0.154000 -0.050000
v -1.688366 0.154000 0.050000
v -1.688366 0.154000 -0.050000
v -1.688366 -0.089000 0.050000
v -1.688366 -0.089000 -0.050000
v -1.592366 -0.089000 0.050000
v -1.592366 -0.089000 -0.050000
v -1.592366 0.591000 0.050000
v -1.592366 0.591000 -0.050000
v -1.539323 0.591000 0.050000
v -1.539323 0.591000 -0.050000
v -1.531247 0.576086 0.050000
v -1.531247 0.576086 -0.050000
v -1.520054 0.556224 0.050000
v -1.520054 0.556224 -0.050000
v -1.508634 0.536754 0.050000
v -1.508634 0.536754 -0.050000
v -1.497000 0.517708 0.050000
v -1.497000 0.517708 -0.050000
v -1.485164 0.499116 0.050000
v -1.485164 0.499116 -0.050000
v -1.473141 0.481009 0.050000
v -1.473141 0.481009 -0.050000
v -1.460942 0.463418 0.050000
v -1.460942 0.463418 -0.050000
v -1.448581 0.446373 0.050000
v -1.448581 0.446373 -0.050000
v -1.436070 0.429904 0.050000
v -1.436070 0.429904 -0.050000
v -1.423421 0.414043 0.050000
v -1.423421 0.414043 -0.050000
v -1.410647 0.398819 0.050000
v -1.410647 0.398819 -0.050000
v -1.390633 0.376218 0.050000
v -1.390633 0.376218 -0.050000
v -1.379867 0.387525 0.050000
v -1.379867 0.387525 -0.050000
v -1.376067 0.391332 0.050000
v -1.376067 0.391332 -0.050000
v -1.371730 0.395529 0.050000
v -1.371730 0.395529 -0.050000
v -1.366969 0.400005 0.050000
v -1.366969 0.400005 -0.050000
v -1.361895 0.404657 0.050000
v -1.361895 0.404657 -0.050000
v -1.356614 0.409386 0.050000
v -1.356614 0.409386 -0.050000
v -1.351231 0.414094 0.050000
v -1.351231 0.414094 -0.050000
v -1.345854 0.418681 0.050000
v -1.345854 0.418681 -0.050000
v -1.340588 0.423050 0.050000
v -1.340588 0.423050 -0.050000
v -1.335546 0.427100 0.050000
v -1.335546 0.427100 -0.050000
v -1.330845 0.430726 0.050000
v -1.330845 0.430726 -0.050000
v -1.317481 0.440491 0.050000
v -1.317481 0.440491 -0.050000
v -1.347104 0.473082 0.050000
v -1.347104 0.473082 -0.050000
v -1.368661 0.499218 0.050000
v -1.368661 0.499218 -0.050000
v -1.389730 0.527158 0.050000
v -1.389730 0.527158 -0.050000
v -1.410226 0.556729 0.050000
v -1.410226 0.556729 -0.050000
v -1.430068 0.587758 0.050000
v -1.430068 0.587758 -0.050000
v -1.449173 0.620071 0.050000
v -1.449173 0.620071 -0.050000
v -1.467462 0.653496 0.050000
v -1.467462 0.653496 -0.050000
v -1.484854 0.687858 0.050000
v -1.484854 0.687858 -0.050000
v -1.501272 0.722985 0.050000
v -1.501272 0.722985 -0.050000
v -1.516637 0.758703 0.050000
v -1.516637 0.758703 -0.050000
v -1.530871 0.794839 0.050000
v -1.530871 0.794839 -0.050000
v -1.547045 0.840011 0.050000
v -1.547045 0.840011 -0.050000
v -1.638409 0.815900 0.050000
v -1.638409 0.815900 -0.050000
v -1.386485 0.792014 0.050000
v -1.386485 0.792014 -0.050000
v -1.378951 0.773598 0.050000
v -1.378951 0.773598 -0.050000
v -1.371119 0.755193 0.050000
v -1.371119 0.755193 -0.050000
v -1.363005 0.736825 0.050000
v -1.363005 0.736825 -0.050000
v -1.354627 0.718516 0.050000
v -1.354627 0.718516 -0.050000
v -1.346003 0.700291 0.050000
v -1.346003 0.700291 -0.050000
v -1.337149 0.682173 0.050000
v -1.337149 0.682173 -0.050000
v -1.328083 0.664186 0.050000
v -1.328083 0.664186 -0.050000
v -1.318822 0.646353 0.050000
v -1.318822 0.646353 -0.050000
v -1.309383 0.628700 0.050000
v -1.309383 0.628700 -0.050000
v -1.299784 0.611249 0.050000
v -1.299784 0.611249 -0.050000
v -1.291366 0.596368 0.050000
v -1.291366 0.596368 -0.050000
v -1.291366 -0.088000 0.050000
v -1.291366 -0.088000 -0.050000
v -1.196366 -0.088000 0.050000
v -1.196366 -0.088000 -0.050000
v -1.196366 0.450502 0.050000
v -1.196366 0.450502 -0.050000
v -1.206374 0.464123 0.050000
v -1.206374 0.464123 -0.050000
v -1.198251 0.453295 0.050000
v -1.198251 0.453295 -0.050000
v -1.190083 0.442640 0.050000
v -1.190083 0.442640 -0.050000
v -1.181870 0.432159 0.050000
v -1.181870 0.432159 -0.050000
v -1.173612 0.421857 0.050000
v -1.173612 0.421857 -0.050000
v -1.165310 0.411737 0.050000
v -1.165310 0.411737 -0.050000
v -1.156962 0.401802 0.050000
v -1.156962 0.401802 -0.050000
v -1.148569 0.392056 0.050000
v -1.148569 0.392056 -0.050000
v -1.140130 0.382503 0.050000
v -1.140130 0.382503 -0.050000
v -1.131646 0.373145 0.050000
v -1.131646 0.373145 -0.050000
v -1.123115 0.363987 0.050000
v -1.123115 0.363987 -0.050000
v -1.104622 0.344677 0.050000
v -1.104622 0.344677 -0.050000
v -1.096114 0.362308 0.050000
v -1.096114 0.362308 -0.050000
v -1.093390 0.367740 0.050000
v -1.093390 0.367740 -0.050000
v -1.090227 0.373858 0.050000
v -1.090227 0.373858 -0.050000
v -1.086709 0.380482 0.050000
v -1.086709 0.380482 -0.050000
v -1.082915 0.387438 0.050000
v -1.082915 0.387438 -0.050000
v -1.078926 0.394552 0.050000
v -1.078926 0.394552 -0.050000
v -1.074822 0.401652 0.050000
v -1.074822 0.401652 -0.050000
v -1.070685 0.408562 0.050000
v -1.070685 0.408562 -0.050000
v -1.066602 0.415105 0.050000
v -1.066602 0.415105 -0.050000
v -1.062662 0.421096 0.050000
v -1.062662 0.421096 -0.050000
v -1.058973 0.426337 0.050000
v -1.058973 0.426337 -0.050000
v -1.050144 0.437747 0.050000
v -1.050144 0.437747 -0.050000
v -1.080666 0.469135 0.050000
v -1.080666 0.469135 -0.050000
v -1.104683 0.496168 0.050000
v -1.104683 0.496168 -0.050000
v -1.128297 0.525069 0.050000
v -1.128297 0.525069 -0.050000
v -1.151386 0.555657 0.050000
v -1.151386 0.555657 -0.050000
v -1.173830 0.587753 0.050000
v -1.173830 0.587753 -0.050000
v -1.195509 0.621175 0.050000
v -1.195509 0.621175 -0.050000
v -1.216307 0.655743 0.050000
v -1.216307 0.655743 -0.050000
v -1.236105 0.691278 0.050000
v -1.236105 0.691278 -0.050000
v -1.254787 0.727597 0.050000
v -1.254787 0.727597 -0.050000
v -1.272237 0.764520 0.050000
v -1.272237 0.764520 -0.050000
v -1.288340 0.801867 0.050000
v -1.288340 0.801867 -0.050000
v -1.306415 0.848275 0.050000
v -1.306415 0.848275 -0.050000
v -1.397620 0.820407 0.050000
v -1.397620 0.820407 -0.050000
vn -0.0000 -0.0000 -1.0000
vn -0.0000 -0.0000 1.0000
vn -0.9380 -0.3465 -0.0000
vn -0.9413 -0.3376 -0.0000
vn -0.9348 -0.3553 -0.0000
vn -0.9314 -0.3640 -0.0000
vn -0.9280 -0.3725 -0.0000
vn -0.9246 -0.3810 -0.0000
vn -0.9211 -0.3894 -0.0000
vn -0.9175 -0.3977 -0.0000
vn -0.9139 -0.4060 -0.0000
vn -0.9102 -0.4143 -0.0000
vn -0.4230 0.9061 -0.0000
vn 0.5354 0.8446 -0.0000
vn -0.4210 0.9070 -0.0000
vn -0.7071 0.7071 -0.0000
vn -0.7071 -0.7071 -0.0000
vn 0.7071 -0.7071 -0.0000
vn -0.5118 -0.8591 -0.0000
vn -0.8753 -0.4836 -0.0000
vn -0.8669 -0.4985 -0.0000
vn -0.8580 -0.5136 -0.0000
vn -0.8485 -0.5292 -0.0000
vn -0.8384 -0.5451 -0.0000
vn -0.8275 -0.5615 -0.0000
vn -0.8157 -0.5785 -0.0000
vn -0.8030 -0.5960 -0.0000
vn -0.7891 -0.6142 -0.0000
vn -0.7740 -0.6332 -0.0000
vn -0.7574 -0.6529 -0.0000
vn -0.0180 -0.9998 -0.0000
vn 0.7161 -0.6980 -0.0000
vn -0.0181 -0.9998 -0.0000
vn 0.7016 -0.7126 -0.0000
vn 0.6902 -0.7236 -0.0000
vn 0.6804 -0.7328 -0.0000
vn 0.6715 -0.7410 -0.0000
vn 0.6627 -0.7489 -0.0000
vn 0.6537 -0.7568 -0.0000
vn 0.6438 -0.7652 -0.0000
vn 0.6324 -0.7746 -0.0000
vn 0.6185 -0.7858 -0.0000
vn 0.6004 -0.7997 -0.0000
vn 0.9949 -0.1008 -0.0000
vn 0.7559 0.6546 -0.0000
vn 0.9949 -0.1009 -0.0000
vn 0.7851 0.6193 -0.0000
vn 0.8103 0.5860 -0.0000
vn 0.8323 0.5543 -0.0000
vn 0.8518 0.5239 -0.0000
vn 0.8692 0.4945 -0.0000
vn 0.8849 0.4659 -0.0000
vn 0.8992 0.4376 -0.0000
vn 0.9124 0.4093 -0.0000
vn 0.9246 0.3809 -0.0000
vn 0.9361 0.3518 -0.0000
vn 0.4657 0.8849 -0.0000
vn -0.8839 0.4677 -0.0000
vn -0.9229 -0.3851 -0.0000
vn -0.9283 -0.3719 -0.0000
vn -0.9175 -0.3978 -0.0000
vn -0.9120 -0.4101 -0.0000
vn -0.9066 -0.4219 -0.0000
vn -0.9012 -0.4334 -0.0000
vn -0.8957 -0.4446 -0.0000
vn -0.8902 -0.4555 -0.0000
vn -0.8847 -0.4662 -0.0000
vn -0.8790 -0.4768 -0.0000
vn -0.8733 -0.4872 -0.0000
vn -0.9671 -0.2546 -0.0000
vn 0.9502 0.3116 -0.0000
vn 0.5952 -0.8036 -0.0000
vn -0.7968 -0.6043 -0.0000
vn 0.5961 -0.8029 -0.0000
vn -0.7904 -0.6126 -0.0000
vn -0.7837 -0.6211 -0.0000
vn -0.7767 -0.6299 -0.0000
vn -0.7694 -0.6388 -0.0000
vn -0.7617 -0.6479 -0.0000
vn -0.7536 -0.6573 -0.0000
vn -0.7452 -0.6669 -0.0000
vn -0.7363 -0.6767 -0.0000
vn -0.7270 -0.6866 -0.0000
vn 0.1565 -0.9877 -0.0000
vn 0.8973 -0.4415 -0.0000
vn 0.1564 -0.9877 -0.0000
vn 0.8911 -0.4537 -0.0000
vn 0.8858 -0.4642 -0.0000
vn 0.8805 -0.4740 -0.0000
vn 0.8751 -0.4840 -0.0000
vn 0.8690 -0.4948 -0.0000
vn 0.8619 -0.5070 -0.0000
vn 0.8532 -0.5216 -0.0000
vn 0.8420 -0.5395 -0.0000
vn 0.8267 -0.5626 -0.0000
vn 0.8045 -0.5940 -0.0000
vn 0.9984 0.0564 -0.0000
vn 0.7324 0.6808 -0.0000
vn 0.7611 0.6486 -0.0000
vn 0.7864 0.6177 -0.0000
vn 0.8090 0.5879 -0.0000
vn 0.8294 0.5587 -0.0000
vn 0.8480 0.5299 -0.0000
vn 0.8653 0.5012 -0.0000
vn 0.8815 0.4721 -0.0000
vn 0.8968 0.4424 -0.0000
vn 0.9113 0.4117 -0.0000
vn 0.9252 0.3795 -0.0000
vn 0.4362 0.8998 -0.0000
vn -0.9003 0.4352 -0.0000
vt 0.982609 0.000000
vt 1.000000 0.000000
vt 0.991304 0.000000
vt 0.530435 0.000000
vt 0.547826 0.000000
vt 0.539130 0.000000
vt 0.556522 0.000000
vt 0.000000 0.000000
vt 0.973913 0.000000
vt 0.521739 0.000000
vt 0.008696 0.000000
vt 0.565217 0.000000
vt 0.017391 0.000000
vt 0.573913 0.000000
vt 0.026087 0.000000
vt 0.965217 0.000000
vt 0.034783 0.000000
vt 0.513043 0.000000
vt 0.582609 0.000000
vt 0.043478 0.000000
vt 0.591304 0.000000
vt 0.052174 0.000000
vt 0.956522 0.000000
vt 0.060870 0.000000
vt 0.504348 0.000000
vt 0.600000 0.000000
vt 0.069565 0.000000
vt 0.078261 0.000000
vt 0.608696 0.000000
vt 0.947826 0.000000
vt 0.086957 0.000000
vt 0.495652 0.000000
vt 0.104348 0.000000
vt 0.095652 0.000000
vt 0.113043 0.000000
vt 0.617391 0.000000
vt 0.626087 0.000000
vt 0.939130 0.000000
vt 0.486957 0.000000
vt 0.634783 0.000000
vt 0.643478 0.000000
vt 0.930435 0.000000
vt 0.478261 0.000000
vt 0.226087 0.000000
vt 0.652174 0.000000
vt 0.686957 0.000000
vt 0.660870 0.000000
vt 0.234783 0.000000
vt 0.217391 0.000000
vt 0.208696 0.000000
vt 0.121739 0.000000
vt 0.130435 0.000000
vt 0.469565 0.000000
vt 0.921739 0.000000
vt 0.243478 0.000000
vt 0.460870 0.000000
vt 0.252174 0.000000
vt 0.913043 0.000000
vt 0.260870 0.000000
vt 0.452174 0.000000
vt 0.904348 0.000000
vt 0.269565 0.000000
vt 0.443478 0.000000
vt 0.278261 0.000000
vt 0.895652 0.000000
vt 0.286957 0.000000
vt 0.434783 0.000000
vt 0.886957 0.000000
vt 0.156522 0.000000
vt 0.139130 0.000000
vt 0.147826 0.000000
vt 0.695652 0.000000
vt 0.678261 0.000000
vt 0.295652 0.000000
vt 0.704348 0.000000
vt 0.669565 0.000000
vt 0.304348 0.000000
vt 0.713043 0.000000
vt 0.426087 0.000000
vt 0.878261 0.000000
vt 0.721739 0.000000
vt 0.417391 0.000000
vt 0.313043 0.000000
vt 0.408696 0.000000
vt 0.869565 0.000000
vt 0.400000 0.000000
vt 0.730435 0.000000
vt 0.860870 0.000000
vt 0.391304 0.000000
vt 0.852174 0.000000
vt 0.382609 0.000000
vt 0.321739 0.000000
vt 0.739130 0.000000
vt 0.373913 0.000000
vt 0.843478 0.000000
vt 0.365217 0.000000
vt 0.747826 0.000000
vt 0.834783 0.000000
vt 0.356522 0.000000
vt 0.347826 0.000000
vt 0.339130 0.000000
vt 0.330435 0.000000
vt 0.826087 0.000000
vt 0.756522 0.000000
vt 0.817391 0.000000
vt 0.765217 0.000000
vt 0.808696 0.000000
vt 0.165217 0.000000
vt 0.800000 0.000000
vt 0.773913 0.000000
vt 0.791304 0.000000
vt 0.782609 0.000000
vt 0.191304 0.000000
vt 0.173913 0.000000
vt 0.182609 0.000000
vt 0.200000 0.000000
vt 0.015625 1.000000
vt 0.000000 1.000000
vt 0.031250 1.000000
vt 0.015625 0.000000
vt 0.046875 1.000000
vt 0.031250 0.000000
vt 0.062500 1.000000
vt 0.046875 0.000000
vt 0.078125 1.000000
vt 0.062500 0.000000
vt 0.093750 1.000000
vt 0.078125 0.000000
vt 0.109375 1.000000
vt 0.093750 0.000000
vt 0.125000 1.000000
vt 0.109375 0.000000
vt 0.140625 1.000000
vt 0.125000 0.000000
vt 0.156250 1.000000
vt 0.140625 0.000000
vt 0.171875 1.000000
vt 0.156250 0.000000
vt 0.187500 1.000000
vt 0.171875 0.000000
vt 0.203125 1.000000
vt 0.187500 0.000000
vt 0.218750 1.000000
vt 0.203125 0.000000
vt 0.234375 1.000000
vt 0.218750 0.000000
vt 0.250000 1.000000
vt 0.234375 0.000000
vt 0.265625 1.000000
vt 0.250000 0.000000
vt 0.281250 1.000000
vt 0.265625 0.000000
vt 0.296875 1.000000
vt 0.281250 0.000000
vt 0.312500 1.000000
vt 0.296875 0.000000
vt 0.328125 1.000000
vt 0.312500 0.000000
vt 0.343750 1.000000
vt 0.328125 0.000000
vt 0.359375 1.000000
vt 0.343750 0.000000
vt 0.375000 1.000000
vt 0.359375 0.000000
vt 0.390625 1.000000
vt 0.375000 0.000000
vt 0.406250 1.000000
vt 0.390625 0.000000
vt 0.421875 1.000000
vt 0.406250 0.000000
vt 0.437500 1.000000
vt 0.421875 0.000000
vt 0.453125 1.000000
vt 0.437500 0.000000
vt 0.468750 1.000000
vt 0.453125 0.000000
vt 0.484375 1.000000
vt 0.468750 0.000000
vt 0.500000 1.000000
vt 0.484375 0.000000
vt 0.515625 1.000000
vt 0.500000 0.000000
vt 0.531250 1.000000
vt 0.515625 0.000000
vt 0.546875 1.000000
vt 0.531250 0.000000
vt 0.562500 1.000000
vt 0.546875 0.000000
vt 0.578125 1.000000
vt 0.562500 0.000000
vt 0.593750 1.000000
vt 0.578125 0.000000
vt 0.609375 1.000000
vt 0.593750 0.000000
vt 0.625000 1.000000
vt 0.609375 0.000000
vt 0.640625 1.000000
vt 0.625000 0.000000
vt 0.656250 1.000000
vt 0.640625 0.000000
vt 0.671875 1.000000
vt 0.656250 0.000000
vt 0.687500 1.000000
vt 0.671875 0.000000
vt 0.703125 1.000000
vt 0.687500 0.000000
vt 0.718750 1.000000
vt 0.703125 0.000000
vt 0.734375 1.000000
vt 0.718750 0.000000
vt 0.750000 1.000000
vt 0.734375 0.000000
vt 0.765625 1.000000
vt 0.750000 0.000000
vt 0.781250 1.000000
vt 0.765625 0.000000
vt 0.796875 1.000000
vt 0.781250 0.000000
vt 0.812500 1.000000
vt 0.796875 0.000000
vt 0.828125 1.000000
vt 0.812500 0.000000
vt 0.843750 1.000000
vt 0.828125 0.000000
vt 0.859375 1.000000
vt 0.843750 0.000000
vt 0.875000 1.000000
vt 0.859375 0.000000
vt 0.890625 1.000000
vt 0.875000 0.000000
vt 0.906250 1.000000
vt 0.890625 0.000000
vt 0.921875 1.000000
vt 0.906250 0.000000
vt 0.937500 1.000000
vt 0.921875 0.000000
vt 0.953125 1.000000
vt 0.937500 0.000000
vt 0.968750 1.000000
vt 0.953125 0.000000
vt 0.984375 1.000000
vt 0.968750 0.000000
vt 1.000000 1.000000
vt 0.984375 0.000000
vt 0.019231 1.000000
vt 0.038462 1.000000
vt 0.019231 0.000000
vt 0.057692 1.000000
vt 0.038462 0.000000
vt 0.076923 1.000000
vt 0.057692 0.000000
vt 0.096154 1.000000
vt 0.076923 0.000000
vt 0.115385 1.000000
vt 0.096154 0.000000
vt 0.134615 1.000000
vt 0.115385 0.000000
vt 0.153846 1.000000
vt 0.134615 0.000000
vt 0.173077 1.000000
vt 0.153846 0.000000
vt 0.192308 1.000000
vt 0.173077 0.000000
vt 0.211538 1.000000
vt 0.192308 0.000000
vt 0.230769 1.000000
vt 0.211538 0.000000
vt 0.230769 0.000000
vt 0.269231 1.000000
vt 0.288462 1.000000
vt 0.269231 0.000000
vt 0.307692 1.000000
vt 0.288462 0.000000
vt 0.326923 1.000000
vt 0.307692 0.000000
vt 0.346154 1.000000
vt 0.326923 0.000000
vt 0.365385 1.000000
vt 0.346154 0.000000
vt 0.384615 1.000000
vt 0.365385 0.000000
vt 0.403846 1.000000
vt 0.384615 0.000000
vt 0.423077 1.000000
vt 0.403846 0.000000
vt 0.442308 1.000000
vt 0.423077 0.000000
vt 0.461538 1.000000
vt 0.442308 0.000000
vt 0.480769 1.000000
vt 0.461538 0.000000
vt 0.480769 0.000000
vt 0.519231 1.000000
vt 0.538462 1.000000
vt 0.519231 0.000000
vt 0.557692 1.000000
vt 0.538462 0.000000
vt 0.576923 1.000000
vt 0.557692 0.000000
vt 0.596154 1.000000
vt 0.576923 0.000000
vt 0.615385 1.000000
vt 0.596154 0.000000
vt 0.634615 1.000000
vt 0.615385 0.000000
vt 0.653846 1.000000
vt 0.634615 0.000000
vt 0.673077 1.000000
vt 0.653846 0.000000
vt 0.692308 1.000000
vt 0.673077 0.000000
vt 0.711538 1.000000
vt 0.692308 0.000000
vt 0.730769 1.000000
vt 0.711538 0.000000
vt 0.730769 0.000000
vt 0.769231 1.000000
vt 0.788462 1.000000
vt 0.769231 0.000000
vt 0.807692 1.000000
vt 0.788462 0.000000
vt 0.826923 1.000000
vt 0.807692 0.000000
vt 0.846154 1.000000
vt 0.826923 0.000000
vt 0.865385 1.000000
vt 0.846154 0.000000
vt 0.884615 1.000000
vt 0.865385 0.000000
vt 0.903846 1.000000
vt 0.884615 0.000000
vt 0.923077 1.000000
vt 0.903846 0.000000
vt 0.942308 1.000000
vt 0.923077 0.000000
vt 0.961538 1.000000
vt 0.942308 0.000000
vt 0.980769 1.000000
vt 0.961538 0.000000
vt 0.980769 0.000000
s 0
f 906/559/173 908/560/173 907/561/173
f 854/562/173 856/563/173 855/564/173
f 906/559/173 857/565/173 908/560/173
f 854/562/173 793/566/173 856/563/173
f 905/567/173 857/565/173 906/559/173
f 853/568/173 793/566/173 854/562/173
f 853/568/173 794/569/173 793/566/173
f 905/567/173 858/570/173 857/565/173
f 853/568/173 795/571/173 794/569/173
f 905/567/173 859/572/173 858/570/173
f 853/568/173 796/573/173 795/571/173
f 904/574/173 859/572/173 905/567/173
f 853/568/173 797/575/173 796/573/173
f 852/576/173 797/575/173 853/568/173
f 904/574/173 860/577/173 859/572/173
f 852/576/173 798/578/173 797/575/173
f 904/574/173 861/579/173 860/577/173
f 852/576/173 799/580/173 798/578/173
f 903/581/173 861/579/173 904/574/173
f 852/576/173 800/582/173 799/580/173
f 851/583/173 800/582/173 852/576/173
f 903/581/173 862/584/173 861/579/173
f 851/583/173 801/585/173 800/582/173
f 851/583/173 802/586/173 801/585/173
f 903/581/173 863/587/173 862/584/173
f 902/588/173 863/587/173 903/581/173
f 851/583/173 803/589/173 802/586/173
f 850/590/173 803/589/173 851/583/173
f 803/589/173 805/591/173 804/592/173
f 803/589/173 806/593/173 805/591/173
f 902/588/173 864/594/173 863/587/173
f 850/590/173 806/593/173 803/589/173
f 902/588/173 865/595/173 864/594/173
f 901/596/173 865/595/173 902/588/173
f 849/597/173 806/593/173 850/590/173
f 901/596/173 866/598/173 865/595/173
f 901/596/173 867/599/173 866/598/173
f 900/600/173 867/599/173 901/596/173
f 848/601/173 819/602/173 849/597/173
f 819/602/173 806/593/173 849/597/173
f 900/600/173 868/603/173 867/599/173
f 900/600/173 872/604/173 868/603/173
f 872/604/173 869/605/173 868/603/173
f 848/601/173 820/606/173 819/602/173
f 818/607/173 806/593/173 819/602/173
f 817/608/173 807/609/173 818/607/173
f 807/609/173 806/593/173 818/607/173
f 817/608/173 808/610/173 807/609/173
f 847/611/173 820/606/173 848/601/173
f 899/612/173 872/604/173 900/600/173
f 847/611/173 821/613/173 820/606/173
f 846/614/173 821/613/173 847/611/173
f 846/614/173 822/615/173 821/613/173
f 898/616/173 872/604/173 899/612/173
f 846/614/173 823/617/173 822/615/173
f 845/618/173 823/617/173 846/614/173
f 897/619/173 872/604/173 898/616/173
f 845/618/173 824/620/173 823/617/173
f 844/621/173 824/620/173 845/618/173
f 844/621/173 825/622/173 824/620/173
f 896/623/173 872/604/173 897/619/173
f 844/621/173 826/624/173 825/622/173
f 843/625/173 826/624/173 844/621/173
f 895/626/173 872/604/173 896/623/173
f 817/608/173 811/627/173 808/610/173
f 811/627/173 809/628/173 808/610/173
f 811/627/173 810/629/173 809/628/173
f 895/626/173 873/630/173 872/604/173
f 871/631/173 869/605/173 872/604/173
f 843/625/173 827/632/173 826/624/173
f 895/626/173 874/633/173 873/630/173
f 870/634/173 869/605/173 871/631/173
f 843/625/173 828/635/173 827/632/173
f 895/626/173 875/636/173 874/633/173
f 842/637/173 828/635/173 843/625/173
f 894/638/173 875/636/173 895/626/173
f 894/638/173 876/639/173 875/636/173
f 841/640/173 828/635/173 842/637/173
f 841/640/173 829/641/173 828/635/173
f 840/642/173 829/641/173 841/640/173
f 893/643/173 876/639/173 894/638/173
f 839/644/173 829/641/173 840/642/173
f 893/643/173 877/645/173 876/639/173
f 892/646/173 877/645/173 893/643/173
f 838/647/173 829/641/173 839/644/173
f 891/648/173 877/645/173 892/646/173
f 837/649/173 829/641/173 838/647/173
f 837/649/173 830/650/173 829/641/173
f 891/648/173 878/651/173 877/645/173
f 836/652/173 830/650/173 837/649/173
f 890/653/173 878/651/173 891/648/173
f 835/654/173 830/650/173 836/652/173
f 890/653/173 879/655/173 878/651/173
f 889/656/173 879/655/173 890/653/173
f 834/657/173 830/650/173 835/654/173
f 834/657/173 833/658/173 830/650/173
f 833/658/173 832/659/173 830/650/173
f 832/659/173 831/660/173 830/650/173
f 888/661/173 879/655/173 889/656/173
f 888/661/173 880/662/173 879/655/173
f 887/663/173 880/662/173 888/661/173
f 887/663/173 881/664/173 880/662/173
f 886/665/173 881/664/173 887/663/173
f 817/608/173 812/666/173 811/627/173
f 885/667/173 881/664/173 886/665/173
f 885/667/173 882/668/173 881/664/173
f 884/669/173 882/668/173 885/667/173
f 884/669/173 883/670/173 882/668/173
f 817/608/173 815/671/173 812/666/173
f 815/671/173 813/672/173 812/666/173
f 815/671/173 814/673/173 813/672/173
f 817/608/173 816/674/173 815/671/173
f 1022/559/174 1023/561/174 1024/560/174
f 970/562/174 971/564/174 972/563/174
f 1022/559/174 1024/560/174 973/565/174
f 970/562/174 972/563/174 909/566/174
f 1021/567/174 1022/559/174 973/565/174
f 969/568/174 970/562/174 909/566/174
f 969/568/174 909/566/174 910/569/174
f 1021/567/174 973/565/174 974/570/174
f 969/568/174 910/569/174 911/571/174
f 1021/567/174 974/570/174 975/572/174
f 969/568/174 911/571/174 912/573/174
f 1020/574/174 1021/567/174 975/572/174
f 969/568/174 912/573/174 913/575/174
f 968/576/174 969/568/174 913/575/174
f 1020/574/174 975/572/174 976/577/174
f 968/576/174 913/575/174 914/578/174
f 1020/574/174 976/577/174 977/579/174
f 968/576/174 914/578/174 915/580/174
f 1019/581/174 1020/574/174 977/579/174
f 968/576/174 915/580/174 916/582/174
f 967/583/174 968/576/174 916/582/174
f 1019/581/174 977/579/174 978/584/174
f 967/583/174 916/582/174 917/585/174
f 967/583/174 917/585/174 918/586/174
f 1019/581/174 978/584/174 979/587/174
f 1018/588/174 1019/581/174 979/587/174
f 967/583/174 918/586/174 919/589/174
f 966/590/174 967/583/174 919/589/174
f 919/589/174 920/592/174 921/591/174
f 919/589/174 921/591/174 922/593/174
f 1018/588/174 979/587/174 980/594/174
f 966/590/174 919/589/174 922/593/174
f 1018/588/174 980/594/174 981/595/174
f 1017/596/174 1018/588/174 981/595/174
f 965/597/174 966/590/174 922/593/174
f 1017/596/174 981/595/174 982/598/174
f 1017/596/174 982/598/174 983/599/174
f 1016/600/174 1017/596/174 983/599/174
f 964/601/174 965/597/174 935/602/174
f 935/602/174 965/597/174 922/593/174
f 1016/600/174 983/599/174 984/603/174
f 1016/600/174 984/603/174 988/604/174
f 988/604/174 984/603/174 985/605/174
f 964/601/174 935/602/174 936/606/174
f 934/607/173 935/602/173 922/593/173
f 933/608/174 934/607/174 923/609/174
f 923/609/173 934/607/173 922/593/173
f 933/608/174 923/609/174 924/610/174
f 963/611/174 964/601/174 936/606/174
f 1015/612/174 1016/600/174 988/604/174
f 963/611/174 936/606/174 937/613/174
f 962/614/174 963/611/174 937/613/174
f 962/614/174 937/613/174 938/615/174
f 1014/616/174 1015/612/174 988/604/174
f 962/614/174 938/615/174 939/617/174
f 961/618/174 962/614/174 939/617/174
f 1013/619/174 1014/616/174 988/604/174
f 961/618/174 939/617/174 940/620/174
f 960/621/174 961/618/174 940/620/174
f 960/621/174 940/620/174 941/622/174
f 1012/623/174 1013/619/174 988/604/174
f 960/621/174 941/622/174 942/624/174
f 959/625/174 960/621/174 942/624/174
f 1011/626/174 1012/623/174 988/604/174
f 933/608/174 924/610/174 927/627/174
f 927/627/174 924/610/174 925/628/174
f 927/627/174 925/628/174 926/629/174
f 1011/626/174 988/604/174 989/630/174
f 987/631/174 988/604/174 985/605/174
f 959/625/174 942/624/174 943/632/174
f 1011/626/174 989/630/174 990/633/174
f 986/634/174 987/631/174 985/605/174
f 959/625/174 943/632/174 944/635/174
f 1011/626/174 990/633/174 991/636/174
f 958/637/174 959/625/174 944/635/174
f 1010/638/174 1011/626/174 991/636/174
f 1010/638/174 991/636/174 992/639/174
f 957/640/174 958/637/174 944/635/174
f 957/640/174 944/635/174 945/641/174
f 956/642/174 957/640/174 945/641/174
f 1009/643/174 1010/638/174 992/639/174
f 955/644/174 956/642/174 945/641/174
f 1009/643/174 992/639/174 993/645/174
f 1008/646/174 1009/643/174 993/645/174
f 954/647/174 955/644/174 945/641/174
f 1007/648/174 1008/646/174 993/645/174
f 953/649/174 954/647/174 945/641/174
f 953/649/174 945/641/174 946/650/174
f 1007/648/174 993/645/174 994/651/174
f 952/652/174 953/649/174 946/650/174
f 1006/653/174 1007/648/174 994/651/174
f 951/654/174 952/652/174 946/650/174
f 1006/653/174 994/651/174 995/655/174
f 1005/656/174 1006/653/174 995/655/174
f 950/657/174 951/654/174 946/650/174
f 950/657/174 946/650/174 949/658/174
f 949/658/174 946/650/174 948/659/174
f 948/659/174 946/650/174 947/660/174
f 1004/661/174 1005/656/174 995/655/174
f 1004/661/174 995/655/174 996/662/174
f 1003/663/174 1004/661/174 996/662/174
f 1003/663/174 996/662/174 997/664/174
f 1002/665/174 1003/663/174 997/664/174
f 933/608/174 927/627/174 928/666/174
f 1001/667/174 1002/665/174 997/664/174
f 1001/667/174 997/664/174 998/668/174
f 1000/669/174 1001/667/174 998/668/174
f 1000/669/174 998/668/174 999/670/174
f 933/608/174 928/666/174 931/671/174
f 931/671/174 928/666/174 929/672/174
f 931/671/174 929/672/174 930/673/174
f 933/608/174 931/671/174 932/674/174
s 1
f 1028/675/175 1025/566/176 1026/676/176
f 1030/677/177 1027/678/175 1028/675/175
f 1032/679/178 1029/680/177 1030/677/177
f 1034/681/179 1031/682/178 1032/679/178
f 1036/683/180 1033/684/179 1034/681/179
f 1038/685/181 1035/686/180 1036/683/180
f 1040/687/182 1037/688/181 1038/685/181
f 1042/689/183 1039/690/182 1040/687/182
f 1044/691/184 1041/692/183 1042/689/183
f 1046/693/185 1043/694/184 1044/691/184
f 1048/695/186 1045/696/187 1046/693/185
f 1050/697/188 1047/698/186 1048/695/186
f 1052/699/189 1049/700/188 1050/697/188
f 1054/701/189 1051/702/189 1052/699/189
f 1056/703/188 1053/704/189 1054/701/189
f 1058/705/188 1055/706/188 1056/703/188
f 1060/707/189 1057/708/188 1058/705/188
f 1062/709/189 1059/710/189 1060/707/189
f 1064/711/188 1061/712/189 1062/709/189
f 1066/713/188 1063/714/188 1064/711/188
f 1068/715/189 1065/716/188 1066/713/188
f 1070/717/189 1067/718/189 1068/715/189
f 1072/719/189 1069/720/189 1070/717/189
f 1074/721/190 1071/722/189 1072/719/189
f 1076/723/190 1073/724/190 1074/721/190
f 1078/725/191 1075/726/190 1076/723/190
f 1080/727/192 1077/728/191 1078/725/191
f 1082/729/193 1079/730/192 1080/727/192
f 1084/731/194 1081/732/193 1082/729/193
f 1086/733/195 1083/734/194 1084/731/194
f 1088/735/196 1085/736/195 1086/733/195
f 1090/737/197 1087/738/196 1088/735/196
f 1092/739/198 1089/740/197 1090/737/197
f 1094/741/199 1091/742/198 1092/739/198
f 1096/743/200 1093/744/199 1094/741/199
f 1098/745/201 1095/746/200 1096/743/200
f 1100/747/202 1097/748/201 1098/745/201
f 1102/749/203 1099/750/202 1100/747/202
f 1104/751/204 1101/752/205 1102/749/203
f 1106/753/206 1103/754/204 1104/751/204
f 1108/755/207 1105/756/206 1106/753/206
f 1110/757/208 1107/758/207 1108/755/207
f 1112/759/209 1109/760/208 1110/757/208
f 1114/761/210 1111/762/209 1112/759/209
f 1116/763/211 1113/764/210 1114/761/210
f 1118/765/212 1115/766/211 1116/763/211
f 1120/767/213 1117/768/212 1118/765/212
f 1122/769/214 1119/770/213 1120/767/213
f 1124/771/215 1121/772/214 1122/769/214
f 1126/773/216 1123/774/215 1124/771/215
f 1128/775/217 1125/776/218 1126/773/216
f 1130/777/219 1127/778/217 1128/775/217
f 1132/779/220 1129/780/219 1130/777/219
f 1134/781/221 1131/782/220 1132/779/220
f 1136/783/222 1133/784/221 1134/781/221
f 1138/785/223 1135/786/222 1136/783/222
f 1140/787/224 1137/788/223 1138/785/223
f 1142/789/225 1139/790/224 1140/787/224
f 1144/791/226 1141/792/225 1142/789/225
f 1146/793/227 1143/794/226 1144/791/226
f 1148/795/228 1145/796/227 1146/793/227
f 1150/797/229 1147/798/228 1148/795/228
f 1152/799/230 1149/800/229 1150/797/229
f 1026/801/176 1151/802/230 1152/799/230
f 1156/803/231 1153/566/232 1154/676/232
f 1158/804/233 1155/805/231 1156/803/231
f 1160/806/234 1157/807/233 1158/804/233
f 1162/808/235 1159/809/234 1160/806/234
f 1164/810/236 1161/811/235 1162/808/235
f 1166/812/237 1163/813/236 1164/810/236
f 1168/814/238 1165/815/237 1166/812/237
f 1170/816/239 1167/817/238 1168/814/238
f 1172/818/240 1169/819/239 1170/816/239
f 1174/820/241 1171/821/240 1172/818/240
f 1176/822/242 1173/823/241 1174/820/241
f 1178/824/189 1175/825/242 1176/822/242
f 1180/705/190 1177/826/189 1178/824/189
f 1182/827/243 1179/708/190 1180/705/190
f 1184/828/244 1181/829/243 1182/827/243
f 1186/830/245 1183/831/246 1184/828/244
f 1188/832/247 1185/833/245 1186/830/245
f 1190/834/248 1187/835/247 1188/832/247
f 1192/836/249 1189/837/248 1190/834/248
f 1194/838/250 1191/839/249 1192/836/249
f 1196/840/251 1193/841/250 1194/838/250
f 1198/842/252 1195/843/251 1196/840/251
f 1200/844/253 1197/845/252 1198/842/252
f 1202/846/254 1199/847/253 1200/844/253
f 1204/848/255 1201/849/254 1202/846/254
f 1206/737/256 1203/850/255 1204/848/255
f 1208/851/257 1205/740/258 1206/737/256
f 1210/852/259 1207/853/257 1208/851/257
f 1212/854/260 1209/855/259 1210/852/259
f 1214/856/261 1211/857/260 1212/854/260
f 1216/858/262 1213/859/261 1214/856/261
f 1218/860/263 1215/861/262 1216/858/262
f 1220/862/264 1217/863/263 1218/860/263
f 1222/864/265 1219/865/264 1220/862/264
f 1224/866/266 1221/867/265 1222/864/265
f 1226/868/267 1223/869/266 1224/866/266
f 1228/870/268 1225/871/267 1226/868/267
f 1230/872/269 1227/873/268 1228/870/268
f 1232/769/270 1229/874/269 1230/872/269
f 1234/875/271 1231/772/270 1232/769/270
f 1236/876/272 1233/877/271 1234/875/271
f 1238/878/273 1235/879/272 1236/876/272
f 1240/880/274 1237/881/273 1238/878/273
f 1242/882/275 1239/883/274 1240/880/274
f 1244/884/276 1241/885/275 1242/882/275
f 1246/886/277 1243/887/276 1244/884/276
f 1248/888/278 1245/889/277 1246/886/277
f 1250/890/279 1247/891/278 1248/888/278
f 1252/892/280 1249/893/279 1250/890/279
f 1254/894/281 1251/895/280 1252/892/280
f 1256/896/282 1253/897/281 1254/894/281
f 1154/801/232 1255/898/282 1256/896/282
f 1028/675/175 1027/678/175 1025/566/176
f 1030/677/177 1029/680/177 1027/678/175
f 1032/679/178 1031/682/178 1029/680/177
f 1034/681/179 1033/684/179 1031/682/178
f 1036/683/180 1035/686/180 1033/684/179
f 1038/685/181 1037/688/181 1035/686/180
f 1040/687/182 1039/690/182 1037/688/181
f 1042/689/183 1041/692/183 1039/690/182
f 1044/691/184 1043/694/184 1041/692/183
f 1046/693/185 1045/696/187 1043/694/184
f 1048/695/186 1047/698/186 1045/696/187
f 1050/697/188 1049/700/188 1047/698/186
f 1052/699/189 1051/702/189 1049/700/188
f 1054/701/189 1053/704/189 1051/702/189
f 1056/703/188 1055/706/188 1053/704/189
f 1058/705/188 1057/708/188 1055/706/188
f 1060/707/189 1059/710/189 1057/708/188
f 1062/709/189 1061/712/189 1059/710/189
f 1064/711/188 1063/714/188 1061/712/189
f 1066/713/188 1065/716/188 1063/714/188
f 1068/715/189 1067/718/189 1065/716/188
f 1070/717/189 1069/720/189 1067/718/189
f 1072/719/189 1071/722/189 1069/720/189
f 1074/721/190 1073/724/190 1071/722/189
f 1076/723/190 1075/726/190 1073/724/190
f 1078/725/191 1077/728/191 1075/726/190
f 1080/727/192 1079/730/192 1077/728/191
f 1082/729/193 1081/732/193 1079/730/192
f 1084/731/194 1083/734/194 1081/732/193
f 1086/733/195 1085/736/195 1083/734/194
f 1088/735/196 1087/738/196 1085/736/195
f 1090/737/197 1089/740/197 1087/738/196
f 1092/739/198 1091/742/198 1089/740/197
f 1094/741/199 1093/744/199 1091/742/198
f 1096/743/200 1095/746/200 1093/744/199
f 1098/745/201 1097/748/201 1095/746/200
f 1100/747/202 1099/750/202 1097/748/201
f 1102/749/203 1101/752/205 1099/750/202
f 1104/751/204 1103/754/204 1101/752/205
f 1106/753/206 1105/756/206 1103/754/204
f 1108/755/207 1107/758/207 1105/756/206
f 1110/757/208 1109/760/208 1107/758/207
f 1112/759/209 1111/762/209 1109/760/208
f 1114/761/210 1113/764/210 1111/762/209
f 1116/763/211 1115/766/211 1113/764/210
f 1118/765/212 1117/768/212 1115/766/211
f 1120/767/213 1119/770/213 1117/768/212
f 1122/769/214 1121/772/214 1119/770/213
f 1124/771/215 1123/774/215 1121/772/214
f 1126/773/216 1125/776/218 1123/774/215
f 1128/775/217 1127/778/217 1125/776/218
f 1130/777/219 1129/780/219 1127/778/217
f 1132/779/220 1131/782/220 1129/780/219
f 1134/781/221 1133/784/221 1131/782/220
f 1136/783/222 1135/786/222 1133/784/221
f 1138/785/223 1137/788/223 1135/786/222
f 1140/787/224 1139/790/224 1137/788/223
f 1142/789/225 1141/792/225 1139/790/224
f 1144/791/226 1143/794/226 1141/792/225
f 1146/793/227 1145/796/227 1143/794/226
f 1148/795/228 1147/798/228 1145/796/227
f 1150/797/229 1149/800/229 1147/798/228
f 1152/799/230 1151/802/230 1149/800/229
f 1026/801/176 1025/560/176 1151/802/230
f 1156/803/231 1155/805/231 1153/566/232
f 1158/804/233 1157/807/233 1155/805/231
f 1160/806/234 1159/809/234 1157/807/233
f 1162/808/235 1161/811/235 1159/809/234
f 1164/810/236 1163/813/236 1161/811/235
f 1166/812/237 1165/815/237 1163/813/236
f 1168/814/238 1167/817/238 1165/815/237
f 1170/816/239 1169/819/239 1167/817/238
f 1172/818/240 1171/821/240 1169/819/239
f 1174/820/241 1173/823/241 1171/821/240
f 1176/822/242 1175/825/242 1173/823/241
f 1178/824/189 1177/826/189 1175/825/242
f 1180/705/190 1179/708/190 1177/826/189
f 1182/827/243 1181/829/243 1179/708/190
f 1184/828/244 1183/831/246 1181/829/243
f 1186/830/245 1185/833/245 1183/831/246
f 1188/832/247 1187/835/247 1185/833/245
f 1190/834/248 1189/837/248 1187/835/247
f 1192/836/249 1191/839/249 1189/837/248
f 1194/838/250 1193/841/250 1191/839/249
f 1196/840/251 1195/843/251 1193/841/250
f 1198/842/252 1197/845/252 1195/843/251
f 1200/844/253 1199/847/253 1197/845/252
f 1202/846/254 1201/849/254 1199/847/253
f 1204/848/255 1203/850/255 1201/849/254
f 1206/737/256 1205/740/258 1203/850/255
f 1208/851/257 1207/853/257 1205/740/258
f 1210/852/259 1209/855/259 1207/853/257
f 1212/854/260 1211/857/260 1209/855/259
f 1214/856/261 1213/859/261 1211/857/260
f 1216/858/262 1215/861/262 1213/859/261
f 1218/860/263 1217/863/263 1215/861/262
f 1220/862/264 1219/865/264 1217/863/263
f 1222/864/265 1221/867/265 1219/865/264
f 1224/866/266 1223/869/266 1221/867/265
f 1226/868/267 1225/871/267 1223/869/266
f 1228/870/268 1227/873/268 1225/871/267
f 1230/872/269 1229/874/269 1227/873/268
f 1232/769/270 1231/772/270 1229/874/269
f 1234/875/271 1233/877/271 1231/772/270
f 1236/876/272 1235/879/272 1233/877/271
f 1238/878/273 1237/881/273 1235/879/272
f 1240/880/274 1239/883/274 1237/881/273
f 1242/882/275 1241/885/275 1239/883/274
f 1244/884/276 1243/887/276 1241/885/275
f 1246/886/277 1245/889/277 1243/887/276
f 1248/888/278 1247/891/278 1245/889/277
f 1250/890/279 1249/893/279 1247/891/278
f 1252/892/280 1251/895/280 1249/893/279
f 1254/894/281 1253/897/281 1251/895/280
f 1256/896/282 1255/898/282 1253/897/281
f 1154/801/232 1153/560/232 1255/898/282
o Text.002
v -2.604176 0.838982 -0.050000
v -2.611345 0.826389 -0.050000
v -2.618496 0.813459 -0.050000
v -2.625563 0.800310 -0.050000
v -2.632477 0.787060 -0.050000
v -2.639170 0.773829 -0.050000
v -2.645575 0.760733 -0.050000
v -2.651623 0.747889 -0.050000
v -2.657247 0.735413 -0.050000
v -2.662381 0.723417 -0.050000
v -2.666957 0.712010 -0.050000
v -2.674113 0.692610 -0.050000
v -2.638361 0.677000 -0.050000
v -3.022466 0.677000 -0.050000
v -3.022466 0.584000 -0.050000
v -2.508902 0.584000 -0.050000
v -2.508677 0.580134 -0.050000
v -2.507859 0.566796 -0.050000
v -2.506991 0.553427 -0.050000
v -2.506071 0.540035 -0.050000
v -2.505095 0.526626 -0.050000
v -2.504060 0.513208 -0.050000
v -2.502962 0.499786 -0.050000
v -2.501797 0.486368 -0.050000
v -2.500562 0.472962 -0.050000
v -2.499254 0.459572 -0.050000
v -2.497869 0.446208 -0.050000
v -2.497626 0.444000 -0.050000
v -2.924891 0.444000 -0.050000
v -2.924436 0.433071 -0.050000
v -2.924372 0.431636 -0.050000
v -2.924267 0.429424 -0.050000
v -2.924119 0.426569 -0.050000
v -2.923928 0.423206 -0.050000
v -2.923695 0.419468 -0.050000
v -2.923419 0.415485 -0.050000
v -2.923098 0.411387 -0.050000
v -2.922732 0.407299 -0.050000
v -2.922318 0.403339 -0.050000
v -2.921847 0.399609 -0.050000
v -2.921408 0.396844 -0.050000
v -2.916424 0.329796 -0.050000
v -2.911338 0.269198 -0.050000
v -2.906115 0.215128 -0.050000
v -2.900687 0.167211 -0.050000
v -2.894982 0.125067 -0.050000
v -2.888927 0.088311 -0.050000
v -2.882442 0.056553 -0.050000
v -2.875434 0.029392 -0.050000
v -2.867794 0.006422 -0.050000
v -2.859383 -0.012759 -0.050000
v -2.850027 -0.028515 -0.050000
v -2.839947 -0.040644 -0.050000
v -2.833663 -0.047268 -0.050000
v -2.827157 -0.053165 -0.050000
v -2.820403 -0.058350 -0.050000
v -2.813380 -0.062842 -0.050000
v -2.806077 -0.066669 -0.050000
v -2.798490 -0.069867 -0.050000
v -2.790612 -0.072484 -0.050000
v -2.782428 -0.074578 -0.050000
v -2.773913 -0.076213 -0.050000
v -2.765031 -0.077451 -0.050000
v -2.755739 -0.078356 -0.050000
v -2.746144 -0.078977 -0.050000
v -2.736679 -0.079650 -0.050000
v -2.725901 -0.080160 -0.050000
v -2.714082 -0.080498 -0.050000
v -2.701310 -0.080667 -0.050000
v -2.687682 -0.080667 -0.050000
v -2.673296 -0.080499 -0.050000
v -2.658253 -0.080163 -0.050000
v -2.642652 -0.079660 -0.050000
v -2.626596 -0.078989 -0.050000
v -2.610188 -0.078151 -0.050000
v -2.593529 -0.077146 -0.050000
v -2.568499 -0.075398 -0.050000
v -2.566897 -0.061721 -0.050000
v -2.565982 -0.056182 -0.050000
v -2.564766 -0.050367 -0.050000
v -2.563258 -0.044361 -0.050000
v -2.561472 -0.038248 -0.050000
v -2.559419 -0.032105 -0.050000
v -2.557114 -0.026012 -0.050000
v -2.554574 -0.020046 -0.050000
v -2.551816 -0.014285 -0.050000
v -2.548862 -0.008808 -0.050000
v -2.545737 -0.003692 -0.050000
v -2.530158 0.018614 -0.050000
v -2.569129 0.015575 -0.050000
v -2.586743 0.014378 -0.050000
v -2.603999 0.013360 -0.050000
v -2.620753 0.012507 -0.050000
v -2.636860 0.011807 -0.050000
v -2.652177 0.011244 -0.050000
v -2.666561 0.010806 -0.050000
v -2.679870 0.010479 -0.050000
v -2.691958 0.010249 -0.050000
v -2.702684 0.010101 -0.050000
v -2.711902 0.010023 -0.050000
v -2.719439 0.010000 -0.050000
v -2.724592 0.010044 -0.050000
v -2.729314 0.010186 -0.050000
v -2.733648 0.010441 -0.050000
v -2.737618 0.010821 -0.050000
v -2.741254 0.011338 -0.050000
v -2.744593 0.011999 -0.050000
v -2.747678 0.012813 -0.050000
v -2.750566 0.013794 -0.050000
v -2.753318 0.014962 -0.050000
v -2.755998 0.016349 -0.050000
v -2.758666 0.017993 -0.050000
v -2.760715 0.019463 -0.050000
v -2.766428 0.025942 -0.050000
v -2.772337 0.035784 -0.050000
v -2.778266 0.049317 -0.050000
v -2.784063 0.066672 -0.050000
v -2.789656 0.087978 -0.050000
v -2.795019 0.113384 -0.050000
v -2.800143 0.143053 -0.050000
v -2.805033 0.177160 -0.050000
v -2.809699 0.215888 -0.050000
v -2.814154 0.259428 -0.050000
v -2.818413 0.307969 -0.050000
v -2.821679 0.351000 -0.050000
v -2.482647 0.351000 -0.050000
v -2.475284 0.314567 -0.050000
v -2.464179 0.270544 -0.050000
v -2.450736 0.227343 -0.050000
v -2.434690 0.185160 -0.050000
v -2.415783 0.144193 -0.050000
v -2.393752 0.104649 -0.050000
v -2.368342 0.066737 -0.050000
v -2.339303 0.030670 -0.050000
v -2.306391 -0.003336 -0.050000
v -2.269371 -0.035067 -0.050000
v -2.228014 -0.064314 -0.050000
v -2.174056 -0.095525 -0.050000
v -2.166067 -0.082564 -0.050000
v -2.162818 -0.077811 -0.050000
v -2.159122 -0.072838 -0.050000
v -2.155045 -0.067731 -0.050000
v -2.150654 -0.062571 -0.050000
v -2.146016 -0.057433 -0.050000
v -2.141194 -0.052393 -0.050000
v -2.136256 -0.047523 -0.050000
v -2.131270 -0.042896 -0.050000
v -2.126304 -0.038584 -0.050000
v -2.121434 -0.034662 -0.050000
v -2.104251 -0.021998 -0.050000
v -2.176637 0.019948 -0.050000
v -2.226380 0.058643 -0.050000
v -2.268075 0.101548 -0.050000
v -2.302534 0.148181 -0.050000
v -2.330534 0.198065 -0.050000
v -2.352822 0.250710 -0.050000
v -2.370125 0.305600 -0.050000
v -2.383169 0.362197 -0.050000
v -2.392685 0.419949 -0.050000
v -2.399410 0.478297 -0.050000
v -2.404092 0.536681 -0.050000
v -2.406863 0.584000 -0.050000
v -2.134466 0.584000 -0.050000
v -2.134466 0.677000 -0.050000
v -2.570755 0.677000 -0.050000
v -2.571631 0.674270 -0.050000
v -2.567690 0.685338 -0.050000
v -2.563138 0.697174 -0.050000
v -2.558056 0.709620 -0.050000
v -2.552523 0.722522 -0.050000
v -2.546616 0.735729 -0.050000
v -2.540415 0.749094 -0.050000
v -2.533996 0.762469 -0.050000
v -2.527439 0.775710 -0.050000
v -2.520821 0.788669 -0.050000
v -2.514220 0.801200 -0.050000
v -2.502253 0.823202 -0.050000
v -2.592782 0.858408 -0.050000
v -2.604176 0.838982 0.050000
v -2.611345 0.826389 0.050000
v -2.618496 0.813459 0.050000
v -2.625563 0.800310 0.050000
v -2.632477 0.787060 0.050000
v -2.639170 0.773829 0.050000
v -2.645575 0.760733 0.050000
v -2.651623 0.747889 0.050000
v -2.657247 0.735413 0.050000
v -2.662381 0.723417 0.050000
v -2.666957 0.712010 0.050000
v -2.674113 0.692610 0.050000
v -2.638361 0.677000 0.050000
v -3.022466 0.677000 0.050000
v -3.022466 0.584000 0.050000
v -2.508902 0.584000 0.050000
v -2.508677 0.580134 0.050000
v -2.507859 0.566796 0.050000
v -2.506991 0.553427 0.050000
v -2.506071 0.540035 0.050000
v -2.505095 0.526626 0.050000
v -2.504060 0.513208 0.050000
v -2.502962 0.499786 0.050000
v -2.501797 0.486368 0.050000
v -2.500562 0.472962 0.050000
v -2.499254 0.459572 0.050000
v -2.497869 0.446208 0.050000
v -2.497626 0.444000 0.050000
v -2.924891 0.444000 0.050000
v -2.924436 0.433071 0.050000
v -2.924372 0.431636 0.050000
v -2.924267 0.429424 0.050000
v -2.924119 0.426569 0.050000
v -2.923928 0.423206 0.050000
v -2.923695 0.419468 0.050000
v -2.923419 0.415485 0.050000
v -2.923098 0.411387 0.050000
v -2.922732 0.407299 0.050000
v -2.922318 0.403339 0.050000
v -2.921847 0.399609 0.050000
v -2.921408 0.396844 0.050000
v -2.916424 0.329796 0.050000
v -2.911338 0.269198 0.050000
v -2.906115 0.215128 0.050000
v -2.900687 0.167211 0.050000
v -2.894982 0.125067 0.050000
v -2.888927 0.088311 0.050000
v -2.882442 0.056553 0.050000
v -2.875434 0.029392 0.050000
v -2.867794 0.006422 0.050000
v -2.859383 -0.012759 0.050000
v -2.850027 -0.028515 0.050000
v -2.839947 -0.040644 0.050000
v -2.833663 -0.047268 0.050000
v -2.827157 -0.053165 0.050000
v -2.820403 -0.058350 0.050000
v -2.813380 -0.062842 0.050000
v -2.806077 -0.066669 0.050000
v -2.798490 -0.069867 0.050000
v -2.790612 -0.072484 0.050000
v -2.782428 -0.074578 0.050000
v -2.773913 -0.076213 0.050000
v -2.765031 -0.077451 0.050000
v -2.755739 -0.078356 0.050000
v -2.746144 -0.078977 0.050000
v -2.736679 -0.079650 0.050000
v -2.725901 -0.080160 0.050000
v -2.714082 -0.080498 0.050000
v -2.701310 -0.080667 0.050000
v -2.687682 -0.080667 0.050000
v -2.673296 -0.080499 0.050000
v -2.658253 -0.080163 0.050000
v -2.642652 -0.079660 0.050000
v -2.626596 -0.078989 0.050000
v -2.610188 -0.078151 0.050000
v -2.593529 -0.077146 0.050000
v -2.568499 -0.075398 0.050000
v -2.566897 -0.061721 0.050000
v -2.565982 -0.056182 0.050000
v -2.564766 -0.050367 0.050000
v -2.563258 -0.044361 0.050000
v -2.561472 -0.038248 0.050000
v -2.559419 -0.032105 0.050000
v -2.557114 -0.026012 0.050000
v -2.554574 -0.020046 0.050000
v -2.551816 -0.014285 0.050000
v -2.548862 -0.008808 0.050000
v -2.545737 -0.003692 0.050000
v -2.530158 0.018614 0.050000
v -2.569129 0.015575 0.050000
v -2.586743 0.014378 0.050000
v -2.603999 0.013360 0.050000
v -2.620753 0.012507 0.050000
v -2.636860 0.011807 0.050000
v -2.652177 0.011244 0.050000
v -2.666561 0.010806 0.050000
v -2.679870 0.010479 0.050000
v -2.691958 0.010249 0.050000
v -2.702684 0.010101 0.050000
v -2.711902 0.010023 0.050000
v -2.719439 0.010000 0.050000
v -2.724592 0.010044 0.050000
v -2.729314 0.010186 0.050000
v -2.733648 0.010441 0.050000
v -2.737618 0.010821 0.050000
v -2.741254 0.011338 0.050000
v -2.744593 0.011999 0.050000
v -2.747678 0.012813 0.050000
v -2.750566 0.013794 0.050000
v -2.753318 0.014962 0.050000
v -2.755998 0.016349 0.050000
v -2.758666 0.017993 0.050000
v -2.760715 0.019463 0.050000
v -2.766428 0.025942 0.050000
v -2.772337 0.035784 0.050000
v -2.778266 0.049317 0.050000
v -2.784063 0.066672 0.050000
v -2.789656 0.087978 0.050000
v -2.795019 0.113384 0.050000
v -2.800143 0.143053 0.050000
v -2.805033 0.177160 0.050000
v -2.809699 0.215888 0.050000
v -2.814154 0.259428 0.050000
v -2.818413 0.307969 0.050000
v -2.821679 0.351000 0.050000
v -2.482647 0.351000 0.050000
v -2.475284 0.314567 0.050000
v -2.464179 0.270544 0.050000
v -2.450736 0.227343 0.050000
v -2.434690 0.185160 0.050000
v -2.415783 0.144193 0.050000
v -2.393752 0.104649 0.050000
v -2.368342 0.066736 0.050000
v -2.339303 0.030670 0.050000
v -2.306391 -0.003336 0.050000
v -2.269371 -0.035067 0.050000
v -2.228014 -0.064314 0.050000
v -2.174056 -0.095525 0.050000
v -2.166067 -0.082564 0.050000
v -2.162818 -0.077811 0.050000
v -2.159122 -0.072838 0.050000
v -2.155045 -0.067731 0.050000
v -2.150654 -0.062571 0.050000
v -2.146016 -0.057433 0.050000
v -2.141194 -0.052393 0.050000
v -2.136256 -0.047523 0.050000
v -2.131270 -0.042896 0.050000
v -2.126304 -0.038584 0.050000
v -2.121434 -0.034662 0.050000
v -2.104251 -0.021998 0.050000
v -2.176637 0.019948 0.050000
v -2.226380 0.058643 0.050000
v -2.268075 0.101548 0.050000
v -2.302534 0.148181 0.050000
v -2.330534 0.198065 0.050000
v -2.352822 0.250710 0.050000
v -2.370125 0.305600 0.050000
v -2.383169 0.362197 0.050000
v -2.392685 0.419949 0.050000
v -2.399410 0.478297 0.050000
v -2.404092 0.536681 0.050000
v -2.406863 0.584000 0.050000
v -2.134466 0.584000 0.050000
v -2.134466 0.677000 0.050000
v -2.570755 0.677000 0.050000
v -2.571631 0.674270 0.050000
v -2.567690 0.685338 0.050000
v -2.563138 0.697174 0.050000
v -2.558056 0.709620 0.050000
v -2.552523 0.722522 0.050000
v -2.546616 0.735729 0.050000
v -2.540415 0.749094 0.050000
v -2.533996 0.762469 0.050000
v -2.527439 0.775710 0.050000
v -2.520821 0.788669 0.050000
v -2.514220 0.801200 0.050000
v -2.502253 0.823202 0.050000
v -2.592782 0.858408 0.050000
v -2.604176 0.838982 0.050000
v -2.604176 0.838982 -0.050000
v -2.611345 0.826389 0.050000
v -2.611345 0.826389 -0.050000
v -2.618496 0.813459 0.050000
v -2.618496 0.813459 -0.050000
v -2.625563 0.800310 0.050000
v -2.625563 0.800310 -0.050000
v -2.632477 0.787060 0.050000
v -2.632477 0.787060 -0.050000
v -2.639170 0.773829 0.050000
v -2.639170 0.773829 -0.050000
v -2.645575 0.760733 0.050000
v -2.645575 0.760733 -0.050000
v -2.651623 0.747889 0.050000
v -2.651623 0.747889 -0.050000
v -2.657247 0.735413 0.050000
v -2.657247 0.735413 -0.050000
v -2.662381 0.723417 0.050000
v -2.662381 0.723417 -0.050000
v -2.666957 0.712010 0.050000
v -2.666957 0.712010 -0.050000
v -2.674113 0.692610 0.050000
v -2.674113 0.692610 -0.050000
v -2.638361 0.677000 0.050000
v -2.638361 0.677000 -0.050000
v -3.022466 0.677000 0.050000
v -3.022466 0.677000 -0.050000
v -3.022466 0.584000 0.050000
v -3.022466 0.584000 -0.050000
v -2.508902 0.584000 0.050000
v -2.508902 0.584000 -0.050000
v -2.508677 0.580134 0.050000
v -2.508677 0.580134 -0.050000
v -2.507859 0.566796 0.050000
v -2.507859 0.566796 -0.050000
v -2.506991 0.553427 0.050000
v -2.506991 0.553427 -0.050000
v -2.506071 0.540035 0.050000
v -2.506071 0.540035 -0.050000
v -2.505095 0.526626 0.050000
v -2.505095 0.526626 -0.050000
v -2.504060 0.513208 0.050000
v -2.504060 0.513208 -0.050000
v -2.502962 0.499786 0.050000
v -2.502962 0.499786 -0.050000
v -2.501797 0.486368 0.050000
v -2.501797 0.486368 -0.050000
v -2.500562 0.472962 0.050000
v -2.500562 0.472962 -0.050000
v -2.499254 0.459572 0.050000
v -2.499254 0.459572 -0.050000
v -2.497869 0.446208 0.050000
v -2.497869 0.446208 -0.050000
v -2.497626 0.444000 0.050000
v -2.497626 0.444000 -0.050000
v -2.924891 0.444000 0.050000
v -2.924891 0.444000 -0.050000
v -2.924436 0.433071 0.050000
v -2.924436 0.433071 -0.050000
v -2.924372 0.431636 0.050000
v -2.924372 0.431636 -0.050000
v -2.924267 0.429424 0.050000
v -2.924267 0.429424 -0.050000
v -2.924119 0.426569 0.050000
v -2.924119 0.426569 -0.050000
v -2.923928 0.423206 0.050000
v -2.923928 0.423206 -0.050000
v -2.923695 0.419468 0.050000
v -2.923695 0.419468 -0.050000
v -2.923419 0.415485 0.050000
v -2.923419 0.415485 -0.050000
v -2.923098 0.411387 0.050000
v -2.923098 0.411387 -0.050000
v -2.922732 0.407299 0.050000
v -2.922732 0.407299 -0.050000
v -2.922318 0.403339 0.050000
v -2.922318 0.403339 -0.050000
v -2.921847 0.399609 0.050000
v -2.921847 0.399609 -0.050000
v -2.921408 0.396844 0.050000
v -2.921408 0.396844 -0.050000
v -2.916424 0.329796 0.050000
v -2.916424 0.329796 -0.050000
v -2.911338 0.269198 0.050000
v -2.911338 0.269198 -0.050000
v -2.906115 0.215128 0.050000
v -2.906115 0.215128 -0.050000
v -2.900687 0.167211 0.050000
v -2.900687 0.167211 -0.050000
v -2.894982 0.125067 0.050000
v -2.894982 0.125067 -0.050000
v -2.888927 0.088311 0.050000
v -2.888927 0.088311 -0.050000
v -2.882442 0.056553 0.050000
v -2.882442 0.056553 -0.050000
v -2.875434 0.029392 0.050000
v -2.875434 0.029392 -0.050000
v -2.867794 0.006422 0.050000
v -2.867794 0.006422 -0.050000
v -2.859383 -0.012759 0.050000
v -2.859383 -0.012759 -0.050000
v -2.850027 -0.028515 0.050000
v -2.850027 -0.028515 -0.050000
v -2.839947 -0.040644 0.050000
v -2.839947 -0.040644 -0.050000
v -2.833663 -0.047268 0.050000
v -2.833663 -0.047268 -0.050000
v -2.827157 -0.053165 0.050000
v -2.827157 -0.053165 -0.050000
v -2.820403 -0.058350 0.050000
v -2.820403 -0.058350 -0.050000
v -2.813380 -0.062842 0.050000
v -2.813380 -0.062842 -0.050000
v -2.806077 -0.066669 0.050000
v -2.806077 -0.066669 -0.050000
v -2.798490 -0.069867 0.050000
v -2.798490 -0.069867 -0.050000
v -2.790612 -0.072484 0.050000
v -2.790612 -0.072484 -0.050000
v -2.782428 -0.074578 0.050000
v -2.782428 -0.074578 -0.050000
v -2.773913 -0.076213 0.050000
v -2.773913 -0.076213 -0.050000
v -2.765031 -0.077451 0.050000
v -2.765031 -0.077451 -0.050000
v -2.755739 -0.078356 0.050000
v -2.755739 -0.078356 -0.050000
v -2.746144 -0.078977 0.050000
v -2.746144 -0.078977 -0.050000
v -2.736679 -0.079650 0.050000
v -2.736679 -0.079650 -0.050000
v -2.725901 -0.080160 0.050000
v -2.725901 -0.080160 -0.050000
v -2.714082 -0.080498 0.050000
v -2.714082 -0.080498 -0.050000
v -2.701310 -0.080667 0.050000
v -2.701310 -0.080667 -0.050000
v -2.687682 -0.080667 0.050000
v -2.687682 -0.080667 -0.050000
v -2.673296 -0.080499 0.050000
v -2.673296 -0.080499 -0.050000
v -2.658253 -0.080163 0.050000
v -2.658253 -0.080163 -0.050000
v -2.642652 -0.079660 0.050000
v -2.642652 -0.079660 -0.050000
v -2.626596 -0.078989 0.050000
v -2.626596 -0.078989 -0.050000
v -2.610188 -0.078151 0.050000
v -2.610188 -0.078151 -0.050000
v -2.593529 -0.077146 0.050000
v -2.593529 -0.077146 -0.050000
v -2.568499 -0.075398 0.050000
v -2.568499 -0.075398 -0.050000
v -2.566897 -0.061721 0.050000
v -2.566897 -0.061721 -0.050000
v -2.565982 -0.056182 0.050000
v -2.565982 -0.056182 -0.050000
v -2.564766 -0.050367 0.050000
v -2.564766 -0.050367 -0.050000
v -2.563258 -0.044361 0.050000
v -2.563258 -0.044361 -0.050000
v -2.561472 -0.038248 0.050000
v -2.561472 -0.038248 -0.050000
v -2.559419 -0.032105 0.050000
v -2.559419 -0.032105 -0.050000
v -2.557114 -0.026012 0.050000
v -2.557114 -0.026012 -0.050000
v -2.554574 -0.020046 0.050000
v -2.554574 -0.020046 -0.050000
v -2.551816 -0.014285 0.050000
v -2.551816 -0.014285 -0.050000
v -2.548862 -0.008808 0.050000
v -2.548862 -0.008808 -0.050000
v -2.545737 -0.003692 0.050000
v -2.545737 -0.003692 -0.050000
v -2.530158 0.018614 0.050000
v -2.530158 0.018614 -0.050000
v -2.569129 0.015575 0.050000
v -2.569129 0.015575 -0.050000
v -2.586743 0.014378 0.050000
v -2.586743 0.014378 -0.050000
v -2.603999 0.013360 0.050000
v -2.603999 0.013360 -0.050000
v -2.620753 0.012507 0.050000
v -2.620753 0.012507 -0.050000
v -2.636860 0.011807 0.050000
v -2.636860 0.011807 -0.050000
v -2.652177 0.011244 0.050000
v -2.652177 0.011244 -0.050000
v -2.666561 0.010806 0.050000
v -2.666561 0.010806 -0.050000
v -2.679870 0.010479 0.050000
v -2.679870 0.010479 -0.050000
v -2.691958 0.010249 0.050000
v -2.691958 0.010249 -0.050000
v -2.702684 0.010101 0.050000
v -2.702684 0.010101 -0.050000
v -2.711902 0.010023 0.050000
v -2.711902 0.010023 -0.050000
v -2.719439 0.010000 0.050000
v -2.719439 0.010000 -0.050000
v -2.724592 0.010044 0.050000
v -2.724592 0.010044 -0.050000
v -2.729314 0.010186 0.050000
v -2.729314 0.010186 -0.050000
v -2.733648 0.010441 0.050000
v -2.733648 0.010441 -0.050000
v -2.737618 0.010821 0.050000
v -2.737618 0.010821 -0.050000
v -2.741254 0.011338 0.050000
v -2.741254 0.011338 -0.050000
v -2.744593 0.011999 0.050000
v -2.744593 0.011999 -0.050000
v -2.747678 0.012813 0.050000
v -2.747678 0.012813 -0.050000
v -2.750566 0.013794 0.050000
v -2.750566 0.013794 -0.050000
v -2.753318 0.014962 0.050000
v -2.753318 0.014962 -0.050000
v -2.755998 0.016349 0.050000
v -2.755998 0.016349 -0.050000
v -2.758666 0.017993 0.050000
v -2.758666 0.017993 -0.050000
v -2.760715 0.019463 0.050000
v -2.760715 0.019463 -0.050000
v -2.766428 0.025942 0.050000
v -2.766428 0.025942 -0.050000
v -2.772337 0.035784 0.050000
v -2.772337 0.035784 -0.050000
v -2.778266 0.049317 0.050000
v -2.778266 0.049317 -0.050000
v -2.784063 0.066672 0.050000
v -2.784063 0.066672 -0.050000
v -2.789656 0.087978 0.050000
v -2.789656 0.087978 -0.050000
v -2.795019 0.113384 0.050000
v -2.795019 0.113384 -0.050000
v -2.800143 0.143053 0.050000
v -2.800143 0.143053 -0.050000
v -2.805033 0.177160 0.050000
v -2.805033 0.177160 -0.050000
v -2.809699 0.215888 0.050000
v -2.809699 0.215888 -0.050000
v -2.814154 0.259428 0.050000
v -2.814154 0.259428 -0.050000
v -2.818413 0.307969 0.050000
v -2.818413 0.307969 -0.050000
v -2.821679 0.351000 0.050000
v -2.821679 0.351000 -0.050000
v -2.482647 0.351000 0.050000
v -2.482647 0.351000 -0.050000
v -2.475284 0.314567 0.050000
v -2.475284 0.314567 -0.050000
v -2.464179 0.270544 0.050000
v -2.464179 0.270544 -0.050000
v -2.450736 0.227343 0.050000
v -2.450736 0.227343 -0.050000
v -2.434690 0.185160 0.050000
v -2.434690 0.185160 -0.050000
v -2.415783 0.144193 0.050000
v -2.415783 0.144193 -0.050000
v -2.393752 0.104649 0.050000
v -2.393752 0.104649 -0.050000
v -2.368342 0.066736 0.050000
v -2.368342 0.066737 -0.050000
v -2.339303 0.030670 0.050000
v -2.339303 0.030670 -0.050000
v -2.306391 -0.003336 0.050000
v -2.306391 -0.003336 -0.050000
v -2.269371 -0.035067 0.050000
v -2.269371 -0.035067 -0.050000
v -2.228014 -0.064314 0.050000
v -2.228014 -0.064314 -0.050000
v -2.174056 -0.095525 0.050000
v -2.174056 -0.095525 -0.050000
v -2.166067 -0.082564 0.050000
v -2.166067 -0.082564 -0.050000
v -2.162818 -0.077811 0.050000
v -2.162818 -0.077811 -0.050000
v -2.159122 -0.072838 0.050000
v -2.159122 -0.072838 -0.050000
v -2.155045 -0.067731 0.050000
v -2.155045 -0.067731 -0.050000
v -2.150654 -0.062571 0.050000
v -2.150654 -0.062571 -0.050000
v -2.146016 -0.057433 0.050000
v -2.146016 -0.057433 -0.050000
v -2.141194 -0.052393 0.050000
v -2.141194 -0.052393 -0.050000
v -2.136256 -0.047523 0.050000
v -2.136256 -0.047523 -0.050000
v -2.131270 -0.042896 0.050000
v -2.131270 -0.042896 -0.050000
v -2.126304 -0.038584 0.050000
v -2.126304 -0.038584 -0.050000
v -2.121434 -0.034662 0.050000
v -2.121434 -0.034662 -0.050000
v -2.104251 -0.021998 0.050000
v -2.104251 -0.021998 -0.050000
v -2.176637 0.019948 0.050000
v -2.176637 0.019948 -0.050000
v -2.226380 0.058643 0.050000
v -2.226380 0.058643 -0.050000
v -2.268075 0.101548 0.050000
v -2.268075 0.101548 -0.050000
v -2.302534 0.148181 0.050000
v -2.302534 0.148181 -0.050000
v -2.330534 0.198065 0.050000
v -2.330534 0.198065 -0.050000
v -2.352822 0.250710 0.050000
v -2.352822 0.250710 -0.050000
v -2.370125 0.305600 0.050000
v -2.370125 0.305600 -0.050000
v -2.383169 0.362197 0.050000
v -2.383169 0.362197 -0.050000
v -2.392685 0.419949 0.050000
v -2.392685 0.419949 -0.050000
v -2.399410 0.478297 0.050000
v -2.399410 0.478297 -0.050000
v -2.404092 0.536681 0.050000
v -2.404092 0.536681 -0.050000
v -2.406863 0.584000 0.050000
v -2.406863 0.584000 -0.050000
v -2.134466 0.584000 0.050000
v -2.134466 0.584000 -0.050000
v -2.134466 0.677000 0.050000
v -2.134466 0.677000 -0.050000
v -2.570755 0.677000 0.050000
v -2.570755 0.677000 -0.050000
v -2.571631 0.674270 0.050000
v -2.571631 0.674270 -0.050000
v -2.567690 0.685338 0.050000
v -2.567690 0.685338 -0.050000
v -2.563138 0.697174 0.050000
v -2.563138 0.697174 -0.050000
v -2.558056 0.709620 0.050000
v -2.558056 0.709620 -0.050000
v -2.552523 0.722522 0.050000
v -2.552523 0.722522 -0.050000
v -2.546616 0.735729 0.050000
v -2.546616 0.735729 -0.050000
v -2.540415 0.749094 0.050000
v -2.540415 0.749094 -0.050000
v -2.533996 0.762469 0.050000
v -2.533996 0.762469 -0.050000
v -2.527439 0.775710 0.050000
v -2.527439 0.775710 -0.050000
v -2.520821 0.788669 0.050000
v -2.520821 0.788669 -0.050000
v -2.514220 0.801200 0.050000
v -2.514220 0.801200 -0.050000
v -2.502253 0.823202 0.050000
v -2.502253 0.823202 -0.050000
v -2.592782 0.858408 0.050000
v -2.592782 0.858408 -0.050000
vn -0.0000 -0.0000 -1.0000
vn -0.0000 -0.0000 1.0000
vn -0.8721 0.4894 -0.0000
vn -0.8658 0.5003 -0.0000
vn -0.8780 0.4787 -0.0000
vn -0.8837 0.4680 -0.0000
vn -0.8895 0.4570 -0.0000
vn -0.8954 0.4454 -0.0000
vn -0.9015 0.4327 -0.0000
vn -0.8953 0.4454 -0.0000
vn -0.9082 0.4185 -0.0000
vn -0.9155 0.4022 -0.0000
vn -0.9238 0.3829 -0.0000
vn -0.9332 0.3592 -0.0000
vn -0.9199 -0.3921 -0.0000
vn -0.9789 0.2045 -0.0000
vn -0.9199 -0.3920 -0.0000
vn -0.7071 0.7071 -0.0000
vn -0.9789 0.2043 -0.0000
vn -0.7071 -0.7071 -0.0000
vn -0.6863 -0.7273 -0.0000
vn -0.9982 -0.0597 -0.0000
vn -0.9980 -0.0630 -0.0000
vn -0.9982 -0.0596 -0.0000
vn -0.9978 -0.0666 -0.0000
vn -0.9975 -0.0706 -0.0000
vn -0.9972 -0.0748 -0.0000
vn -0.9969 -0.0792 -0.0000
vn -0.9965 -0.0840 -0.0000
vn -0.9960 -0.0891 -0.0000
vn -0.9955 -0.0945 -0.0000
vn -0.9950 -0.1002 -0.0000
vn -0.9943 -0.1062 -0.0000
vn -0.7447 0.6673 -0.0000
vn -0.7217 0.6922 -0.0000
vn -0.7448 0.6673 -0.0000
vn -0.9991 -0.0431 -0.0000
vn -0.9989 -0.0462 -0.0000
vn -0.9991 -0.0430 -0.0000
vn -0.9988 -0.0498 -0.0000
vn -0.9989 -0.0461 -0.0000
vn -0.9985 -0.0542 -0.0000
vn -0.9982 -0.0594 -0.0000
vn -0.9978 -0.0657 -0.0000
vn -0.9973 -0.0735 -0.0000
vn -0.9965 -0.0835 -0.0000
vn -0.9973 -0.0736 -0.0000
vn -0.9953 -0.0967 -0.0000
vn -0.9934 -0.1147 -0.0000
vn -0.9953 -0.0966 -0.0000
vn -0.9900 -0.1410 -0.0000
vn -0.9933 -0.1156 -0.0000
vn -0.9900 -0.1409 -0.0000
vn -0.9969 -0.0789 -0.0000
vn -0.9933 -0.1155 -0.0000
vn -0.9960 -0.0899 -0.0000
vn -0.9945 -0.1044 -0.0000
vn -0.9924 -0.1234 -0.0000
vn -0.9889 -0.1484 -0.0000
vn -0.9834 -0.1814 -0.0000
vn -0.9744 -0.2250 -0.0000
vn -0.9592 -0.2829 -0.0000
vn -0.9333 -0.3590 -0.0000
vn -0.8895 -0.4569 -0.0000
vn -0.8170 -0.5766 -0.0000
vn -0.7477 -0.6641 -0.0000
vn -0.6990 -0.7151 -0.0000
vn -0.6408 -0.7677 -0.0000
vn -0.5744 -0.8186 -0.0000
vn -0.5020 -0.8649 -0.0000
vn -0.4267 -0.9044 -0.0000
vn -0.3521 -0.9360 -0.0000
vn -0.2818 -0.9595 -0.0000
vn -0.2183 -0.9759 -0.0000
vn -0.1634 -0.9866 -0.0000
vn -0.1176 -0.9931 -0.0000
vn -0.0808 -0.9967 -0.0000
vn -0.0677 -0.9977 -0.0000
vn -0.0591 -0.9983 -0.0000
vn -0.0379 -0.9993 -0.0000
vn -0.0209 -0.9998 -0.0000
vn -0.0066 -1.0000 -0.0000
vn 0.0058 -1.0000 -0.0000
vn 0.0170 -0.9999 -0.0000
vn 0.0273 -0.9996 -0.0000
vn 0.0370 -0.9993 -0.0000
vn 0.0464 -0.9989 -0.0000
vn 0.0556 -0.9985 -0.0000
vn 0.0649 -0.9979 -0.0000
vn 0.6903 -0.7235 -0.0000
vn 0.9902 -0.1397 -0.0000
vn 0.9830 -0.1839 -0.0000
vn 0.9746 -0.2241 -0.0000
vn 0.9651 -0.2620 -0.0000
vn 0.9543 -0.2988 -0.0000
vn 0.9421 -0.3354 -0.0000
vn 0.9279 -0.3728 -0.0000
vn 0.9112 -0.4119 -0.0000
vn 0.8913 -0.4534 -0.0000
vn 0.8671 -0.4982 -0.0000
vn 0.8370 -0.5472 -0.0000
vn 0.8681 0.4965 -0.0000
vn -0.0728 0.9973 -0.0000
vn 0.8681 0.4964 -0.0000
vn -0.0634 0.9980 -0.0000
vn -0.0549 0.9985 -0.0000
vn -0.0471 0.9989 -0.0000
vn -0.0401 0.9992 -0.0000
vn -0.0336 0.9994 -0.0000
vn -0.0275 0.9996 -0.0000
vn -0.0218 0.9998 -0.0000
vn -0.0164 0.9999 -0.0000
vn -0.0111 0.9999 -0.0000
vn -0.0058 1.0000 -0.0000
vn 0.0027 1.0000 -0.0000
vn 0.0192 0.9998 -0.0000
vn 0.0444 0.9990 -0.0000
vn 0.0771 0.9970 -0.0000
vn 0.1181 0.9930 -0.0000
vn 0.1675 0.9859 -0.0000
vn 0.2248 0.9744 -0.0000
vn 0.2885 0.9575 -0.0000
vn 0.3565 0.9343 -0.0000
vn 0.2886 0.9575 -0.0000
vn 0.4255 0.9050 -0.0000
vn 0.4923 0.8704 -0.0000
vn 0.5541 0.8324 -0.0000
vn 0.6709 0.7416 -0.0000
vn 0.5542 0.8324 -0.0000
vn 0.8070 0.5905 -0.0000
vn 0.8885 0.4590 -0.0000
vn 0.9332 0.3594 -0.0000
vn 0.9584 0.2855 -0.0000
vn 0.9731 0.2303 -0.0000
vn 0.9821 0.1884 -0.0000
vn 0.9877 0.1561 -0.0000
vn 0.9914 0.1308 -0.0000
vn 0.9939 0.1107 -0.0000
vn 0.9955 0.0946 -0.0000
vn 0.9967 0.0815 -0.0000
vn 0.7334 -0.6798 -0.0000
vn -0.6332 -0.7740 -0.0000
vn -0.9752 -0.2214 -0.0000
vn -0.9626 -0.2710 -0.0000
vn -0.9452 -0.3265 -0.0000
vn -0.9219 -0.3875 -0.0000
vn -0.8914 -0.4532 -0.0000
vn -0.8529 -0.5222 -0.0000
vn -0.8056 -0.5925 -0.0000
vn -0.7495 -0.6620 -0.0000
vn -0.6854 -0.7282 -0.0000
vn -0.6148 -0.7887 -0.0000
vn -0.6854 -0.7281 -0.0000
vn -0.5396 -0.8419 -0.0000
vn 0.2445 -0.9697 -0.0000
vn 0.8386 -0.5447 -0.0000
vn 0.8142 -0.5806 -0.0000
vn 0.7922 -0.6103 -0.0000
vn 0.7717 -0.6360 -0.0000
vn 0.7520 -0.6592 -0.0000
vn 0.7325 -0.6808 -0.0000
vn 0.7125 -0.7017 -0.0000
vn 0.6913 -0.7226 -0.0000
vn 0.6680 -0.7442 -0.0000
vn 0.6416 -0.7671 -0.0000
vn 0.6104 -0.7921 -0.0000
vn 0.9985 0.0550 -0.0000
vn 0.5590 0.8292 -0.0000
vn 0.6672 0.7449 -0.0000
vn 0.7624 0.6471 -0.0000
vn 0.8398 0.5429 -0.0000
vn 0.8978 0.4403 -0.0000
vn 0.9384 0.3456 -0.0000
vn 0.9648 0.2628 -0.0000
vn 0.9811 0.1937 -0.0000
vn 0.9904 0.1386 -0.0000
vn 0.9953 0.0972 -0.0000
vn 0.9976 0.0692 -0.0000
vn 0.7275 -0.6861 -0.0000
vn 0.7071 -0.7071 -0.0000
vn 0.7071 0.7071 -0.0000
vn -0.5893 0.8079 -0.0000
vn -0.3210 -0.9471 -0.0000
vn -0.5892 0.8080 -0.0000
vn 0.9378 -0.3472 -0.0000
vn -0.3204 -0.9473 -0.0000
vn 0.9296 -0.3685 -0.0000
vn 0.9225 -0.3861 -0.0000
vn 0.9160 -0.4012 -0.0000
vn 0.9224 -0.3861 -0.0000
vn 0.9100 -0.4146 -0.0000
vn 0.9044 -0.4268 -0.0000
vn 0.8989 -0.4382 -0.0000
vn 0.8934 -0.4493 -0.0000
vn 0.8877 -0.4604 -0.0000
vn 0.8816 -0.4719 -0.0000
vn 0.9391 0.3437 -0.0000
vn -0.3285 0.9445 -0.0000
vn 0.9391 0.3438 -0.0000
vt 0.994350 0.000000
vt 0.000000 0.000000
vt 1.000000 0.000000
vt 0.005650 0.000000
vt 0.011299 0.000000
vt 0.988701 0.000000
vt 0.016949 0.000000
vt 0.983051 0.000000
vt 0.022599 0.000000
vt 0.977401 0.000000
vt 0.028249 0.000000
vt 0.971751 0.000000
vt 0.033898 0.000000
vt 0.966102 0.000000
vt 0.039548 0.000000
vt 0.960452 0.000000
vt 0.045198 0.000000
vt 0.954802 0.000000
vt 0.050847 0.000000
vt 0.056497 0.000000
vt 0.949153 0.000000
vt 0.062147 0.000000
vt 0.943503 0.000000
vt 0.937853 0.000000
vt 0.067797 0.000000
vt 0.932203 0.000000
vt 0.926554 0.000000
vt 0.915254 0.000000
vt 0.920904 0.000000
vt 0.073446 0.000000
vt 0.079096 0.000000
vt 0.909605 0.000000
vt 0.903955 0.000000
vt 0.084746 0.000000
vt 0.090395 0.000000
vt 0.096045 0.000000
vt 0.101695 0.000000
vt 0.107345 0.000000
vt 0.112994 0.000000
vt 0.898305 0.000000
vt 0.118644 0.000000
vt 0.124294 0.000000
vt 0.129944 0.000000
vt 0.135593 0.000000
vt 0.892655 0.000000
vt 0.141243 0.000000
vt 0.146893 0.000000
vt 0.152542 0.000000
vt 0.158192 0.000000
vt 0.163842 0.000000
vt 0.169492 0.000000
vt 0.175141 0.000000
vt 0.180791 0.000000
vt 0.186441 0.000000
vt 0.192090 0.000000
vt 0.887006 0.000000
vt 0.197740 0.000000
vt 0.203390 0.000000
vt 0.209040 0.000000
vt 0.214689 0.000000
vt 0.220339 0.000000
vt 0.225989 0.000000
vt 0.700565 0.000000
vt 0.231638 0.000000
vt 0.881356 0.000000
vt 0.706215 0.000000
vt 0.711864 0.000000
vt 0.694915 0.000000
vt 0.237288 0.000000
vt 0.717514 0.000000
vt 0.689266 0.000000
vt 0.875706 0.000000
vt 0.723164 0.000000
vt 0.242938 0.000000
vt 0.683616 0.000000
vt 0.870057 0.000000
vt 0.728814 0.000000
vt 0.677966 0.000000
vt 0.248588 0.000000
vt 0.864407 0.000000
vt 0.734463 0.000000
vt 0.672316 0.000000
vt 0.254237 0.000000
vt 0.858757 0.000000
vt 0.740113 0.000000
vt 0.666667 0.000000
vt 0.259887 0.000000
vt 0.661017 0.000000
vt 0.745763 0.000000
vt 0.853107 0.000000
vt 0.265537 0.000000
vt 0.655367 0.000000
vt 0.751412 0.000000
vt 0.649718 0.000000
vt 0.847458 0.000000
vt 0.271186 0.000000
vt 0.644068 0.000000
vt 0.638418 0.000000
vt 0.757062 0.000000
vt 0.276836 0.000000
vt 0.632768 0.000000
vt 0.841808 0.000000
vt 0.627119 0.000000
vt 0.491525 0.000000
vt 0.502825 0.000000
vt 0.497175 0.000000
vt 0.621469 0.000000
vt 0.615819 0.000000
vt 0.508475 0.000000
vt 0.610169 0.000000
vt 0.514124 0.000000
vt 0.604520 0.000000
vt 0.519774 0.000000
vt 0.598870 0.000000
vt 0.525424 0.000000
vt 0.593220 0.000000
vt 0.531073 0.000000
vt 0.587571 0.000000
vt 0.536723 0.000000
vt 0.581921 0.000000
vt 0.542373 0.000000
vt 0.548023 0.000000
vt 0.576271 0.000000
vt 0.553672 0.000000
vt 0.570621 0.000000
vt 0.559322 0.000000
vt 0.564972 0.000000
vt 0.282486 0.000000
vt 0.762712 0.000000
vt 0.485876 0.000000
vt 0.480226 0.000000
vt 0.288136 0.000000
vt 0.474576 0.000000
vt 0.468927 0.000000
vt 0.836158 0.000000
vt 0.463277 0.000000
vt 0.293785 0.000000
vt 0.457627 0.000000
vt 0.830508 0.000000
vt 0.768362 0.000000
vt 0.451977 0.000000
vt 0.824859 0.000000
vt 0.299435 0.000000
vt 0.819209 0.000000
vt 0.446328 0.000000
vt 0.305085 0.000000
vt 0.813559 0.000000
vt 0.440678 0.000000
vt 0.807910 0.000000
vt 0.310734 0.000000
vt 0.435028 0.000000
vt 0.802260 0.000000
vt 0.316384 0.000000
vt 0.429379 0.000000
vt 0.796610 0.000000
vt 0.322034 0.000000
vt 0.790960 0.000000
vt 0.785311 0.000000
vt 0.779661 0.000000
vt 0.774011 0.000000
vt 0.327684 0.000000
vt 0.333333 0.000000
vt 0.338983 0.000000
vt 0.344633 0.000000
vt 0.423729 0.000000
vt 0.350282 0.000000
vt 0.418079 0.000000
vt 0.355932 0.000000
vt 0.412429 0.000000
vt 0.361582 0.000000
vt 0.367232 0.000000
vt 0.406780 0.000000
vt 0.372881 0.000000
vt 0.401130 0.000000
vt 0.378531 0.000000
vt 0.395480 0.000000
vt 0.384181 0.000000
vt 0.389830 0.000000
vt 0.005618 1.000000
vt 0.000000 1.000000
vt 0.011236 1.000000
vt 0.005618 0.000000
vt 0.016854 1.000000
vt 0.011236 0.000000
vt 0.022472 1.000000
vt 0.016854 0.000000
vt 0.028090 1.000000
vt 0.022472 0.000000
vt 0.033708 1.000000
vt 0.028090 0.000000
vt 0.039326 1.000000
vt 0.033708 0.000000
vt 0.044944 1.000000
vt 0.039326 0.000000
vt 0.050562 1.000000
vt 0.044944 0.000000
vt 0.056180 1.000000
vt 0.050562 0.000000
vt 0.061798 1.000000
vt 0.056180 0.000000
vt 0.067416 1.000000
vt 0.061798 0.000000
vt 0.073034 1.000000
vt 0.067416 0.000000
vt 0.078652 1.000000
vt 0.073034 0.000000
vt 0.084270 1.000000
vt 0.078652 0.000000
vt 0.089888 1.000000
vt 0.084270 0.000000
vt 0.095506 1.000000
vt 0.089888 0.000000
vt 0.101124 1.000000
vt 0.095506 0.000000
vt 0.106742 1.000000
vt 0.101124 0.000000
vt 0.112360 1.000000
vt 0.106742 0.000000
vt 0.117978 1.000000
vt 0.112360 0.000000
vt 0.123596 1.000000
vt 0.117978 0.000000
vt 0.129213 1.000000
vt 0.123596 0.000000
vt 0.134831 1.000000
vt 0.129213 0.000000
vt 0.140449 1.000000
vt 0.134831 0.000000
vt 0.146067 1.000000
vt 0.140449 0.000000
vt 0.151685 1.000000
vt 0.146067 0.000000
vt 0.157303 1.000000
vt 0.151685 0.000000
vt 0.162921 1.000000
vt 0.157303 0.000000
vt 0.168539 1.000000
vt 0.162921 0.000000
vt 0.174157 1.000000
vt 0.168539 0.000000
vt 0.179775 1.000000
vt 0.174157 0.000000
vt 0.185393 1.000000
vt 0.179775 0.000000
vt 0.191011 1.000000
vt 0.185393 0.000000
vt 0.196629 1.000000
vt 0.191011 0.000000
vt 0.202247 1.000000
vt 0.196629 0.000000
vt 0.207865 1.000000
vt 0.202247 0.000000
vt 0.213483 1.000000
vt 0.207865 0.000000
vt 0.219101 1.000000
vt 0.213483 0.000000
vt 0.224719 1.000000
vt 0.219101 0.000000
vt 0.230337 1.000000
vt 0.224719 0.000000
vt 0.235955 1.000000
vt 0.230337 0.000000
vt 0.241573 1.000000
vt 0.235955 0.000000
vt 0.247191 1.000000
vt 0.241573 0.000000
vt 0.252809 1.000000
vt 0.247191 0.000000
vt 0.258427 1.000000
vt 0.252809 0.000000
vt 0.264045 1.000000
vt 0.258427 0.000000
vt 0.269663 1.000000
vt 0.264045 0.000000
vt 0.275281 1.000000
vt 0.269663 0.000000
vt 0.280899 1.000000
vt 0.275281 0.000000
vt 0.286517 1.000000
vt 0.280899 0.000000
vt 0.292135 1.000000
vt 0.286517 0.000000
vt 0.297753 1.000000
vt 0.292135 0.000000
vt 0.303371 1.000000
vt 0.297753 0.000000
vt 0.308989 1.000000
vt 0.303371 0.000000
vt 0.314607 1.000000
vt 0.308989 0.000000
vt 0.320225 1.000000
vt 0.314607 0.000000
vt 0.325843 1.000000
vt 0.320225 0.000000
vt 0.331461 1.000000
vt 0.325843 0.000000
vt 0.337079 1.000000
vt 0.331461 0.000000
vt 0.342697 1.000000
vt 0.337079 0.000000
vt 0.348315 1.000000
vt 0.342697 0.000000
vt 0.353933 1.000000
vt 0.348315 0.000000
vt 0.359551 1.000000
vt 0.353933 0.000000
vt 0.365169 1.000000
vt 0.359551 0.000000
vt 0.370787 1.000000
vt 0.365169 0.000000
vt 0.376404 1.000000
vt 0.370787 0.000000
vt 0.382022 1.000000
vt 0.376404 0.000000
vt 0.387640 1.000000
vt 0.382022 0.000000
vt 0.393258 1.000000
vt 0.387640 0.000000
vt 0.398876 1.000000
vt 0.393258 0.000000
vt 0.404494 1.000000
vt 0.398876 0.000000
vt 0.410112 1.000000
vt 0.404494 0.000000
vt 0.415730 1.000000
vt 0.410112 0.000000
vt 0.421348 1.000000
vt 0.415730 0.000000
vt 0.426966 1.000000
vt 0.421348 0.000000
vt 0.432584 1.000000
vt 0.426966 0.000000
vt 0.438202 1.000000
vt 0.432584 0.000000
vt 0.443820 1.000000
vt 0.438202 0.000000
vt 0.449438 1.000000
vt 0.443820 0.000000
vt 0.455056 1.000000
vt 0.449438 0.000000
vt 0.460674 1.000000
vt 0.455056 0.000000
vt 0.466292 1.000000
vt 0.460674 0.000000
vt 0.471910 1.000000
vt 0.466292 0.000000
vt 0.477528 1.000000
vt 0.471910 0.000000
vt 0.483146 1.000000
vt 0.477528 0.000000
vt 0.488764 1.000000
vt 0.483146 0.000000
vt 0.494382 1.000000
vt 0.488764 0.000000
vt 0.500000 1.000000
vt 0.494382 0.000000
vt 0.505618 1.000000
vt 0.500000 0.000000
vt 0.511236 1.000000
vt 0.505618 0.000000
vt 0.516854 1.000000
vt 0.511236 0.000000
vt 0.522472 1.000000
vt 0.516854 0.000000
vt 0.528090 1.000000
vt 0.522472 0.000000
vt 0.533708 1.000000
vt 0.528090 0.000000
vt 0.539326 1.000000
vt 0.533708 0.000000
vt 0.544944 1.000000
vt 0.539326 0.000000
vt 0.550562 1.000000
vt 0.544944 0.000000
vt 0.556180 1.000000
vt 0.550562 0.000000
vt 0.561798 1.000000
vt 0.556180 0.000000
vt 0.567416 1.000000
vt 0.561798 0.000000
vt 0.573034 1.000000
vt 0.567416 0.000000
vt 0.578652 1.000000
vt 0.573034 0.000000
vt 0.584270 1.000000
vt 0.578652 0.000000
vt 0.589888 1.000000
vt 0.584270 0.000000
vt 0.595506 1.000000
vt 0.589888 0.000000
vt 0.601124 1.000000
vt 0.595506 0.000000
vt 0.606742 1.000000
vt 0.601124 0.000000
vt 0.612360 1.000000
vt 0.606742 0.000000
vt 0.617977 1.000000
vt 0.612360 0.000000
vt 0.623595 1.000000
vt 0.617977 0.000000
vt 0.629214 1.000000
vt 0.623595 0.000000
vt 0.634831 1.000000
vt 0.629214 0.000000
vt 0.640449 1.000000
vt 0.634831 0.000000
vt 0.646067 1.000000
vt 0.640449 0.000000
vt 0.651685 1.000000
vt 0.646067 0.000000
vt 0.657303 1.000000
vt 0.651685 0.000000
vt 0.662921 1.000000
vt 0.657303 0.000000
vt 0.668539 1.000000
vt 0.662921 0.000000
vt 0.674157 1.000000
vt 0.668539 0.000000
vt 0.679775 1.000000
vt 0.674157 0.000000
vt 0.685393 1.000000
vt 0.679775 0.000000
vt 0.691011 1.000000
vt 0.685393 0.000000
vt 0.696629 1.000000
vt 0.691011 0.000000
vt 0.702247 1.000000
vt 0.696629 0.000000
vt 0.707865 1.000000
vt 0.702247 0.000000
vt 0.713483 1.000000
vt 0.707865 0.000000
vt 0.719101 1.000000
vt 0.713483 0.000000
vt 0.724719 1.000000
vt 0.719101 0.000000
vt 0.730337 1.000000
vt 0.724719 0.000000
vt 0.735955 1.000000
vt 0.730337 0.000000
vt 0.741573 1.000000
vt 0.735955 0.000000
vt 0.747191 1.000000
vt 0.741573 0.000000
vt 0.752809 1.000000
vt 0.747191 0.000000
vt 0.758427 1.000000
vt 0.752809 0.000000
vt 0.764045 1.000000
vt 0.758427 0.000000
vt 0.769663 1.000000
vt 0.764045 0.000000
vt 0.775281 1.000000
vt 0.769663 0.000000
vt 0.780899 1.000000
vt 0.775281 0.000000
vt 0.786517 1.000000
vt 0.780899 0.000000
vt 0.792135 1.000000
vt 0.786517 0.000000
vt 0.797753 1.000000
vt 0.792135 0.000000
vt 0.803371 1.000000
vt 0.797753 0.000000
vt 0.808989 1.000000
vt 0.803371 0.000000
vt 0.814607 1.000000
vt 0.808989 0.000000
vt 0.820225 1.000000
vt 0.814607 0.000000
vt 0.825843 1.000000
vt 0.820225 0.000000
vt 0.831461 1.000000
vt 0.825843 0.000000
vt 0.837079 1.000000
vt 0.831461 0.000000
vt 0.842697 1.000000
vt 0.837079 0.000000
vt 0.848315 1.000000
vt 0.842697 0.000000
vt 0.853933 1.000000
vt 0.848315 0.000000
vt 0.859551 1.000000
vt 0.853933 0.000000
vt 0.865169 1.000000
vt 0.859551 0.000000
vt 0.870786 1.000000
vt 0.865169 0.000000
vt 0.876405 1.000000
vt 0.870786 0.000000
vt 0.882023 1.000000
vt 0.876405 0.000000
vt 0.887640 1.000000
vt 0.882023 0.000000
vt 0.893258 1.000000
vt 0.887640 0.000000
vt 0.898876 1.000000
vt 0.893258 0.000000
vt 0.904494 1.000000
vt 0.898876 0.000000
vt 0.910112 1.000000
vt 0.904494 0.000000
vt 0.915730 1.000000
vt 0.910112 0.000000
vt 0.921348 1.000000
vt 0.915730 0.000000
vt 0.926966 1.000000
vt 0.921348 0.000000
vt 0.932584 1.000000
vt 0.926966 0.000000
vt 0.938202 1.000000
vt 0.932584 0.000000
vt 0.943820 1.000000
vt 0.938202 0.000000
vt 0.949438 1.000000
vt 0.943820 0.000000
vt 0.955056 1.000000
vt 0.949438 0.000000
vt 0.960674 1.000000
vt 0.955056 0.000000
vt 0.966292 1.000000
vt 0.960674 0.000000
vt 0.971910 1.000000
vt 0.966292 0.000000
vt 0.977528 1.000000
vt 0.971910 0.000000
vt 0.983146 1.000000
vt 0.977528 0.000000
vt 0.988764 1.000000
vt 0.983146 0.000000
vt 0.994382 1.000000
vt 0.988764 0.000000
vt 1.000000 1.000000
vt 0.994382 0.000000
s 0
f 1433/899/283 1257/900/283 1434/901/283
f 1433/899/283 1258/902/283 1257/900/283
f 1433/899/283 1259/903/283 1258/902/283
f 1432/904/283 1259/903/283 1433/899/283
f 1432/904/283 1260/905/283 1259/903/283
f 1431/906/283 1260/905/283 1432/904/283
f 1431/906/283 1261/907/283 1260/905/283
f 1430/908/283 1261/907/283 1431/906/283
f 1430/908/283 1262/909/283 1261/907/283
f 1429/910/283 1262/909/283 1430/908/283
f 1429/910/283 1263/911/283 1262/909/283
f 1428/912/283 1263/911/283 1429/910/283
f 1428/912/283 1264/913/283 1263/911/283
f 1427/914/283 1264/913/283 1428/912/283
f 1427/914/283 1265/915/283 1264/913/283
f 1426/916/283 1265/915/283 1427/914/283
f 1426/916/283 1266/917/283 1265/915/283
f 1426/916/283 1267/918/283 1266/917/283
f 1425/919/283 1267/918/283 1426/916/283
f 1425/919/283 1268/920/283 1267/918/283
f 1424/921/283 1268/920/283 1425/919/283
f 1423/922/283 1268/920/283 1424/921/283
f 1423/922/283 1269/923/283 1268/920/283
f 1422/924/283 1421/925/283 1423/922/283
f 1421/925/283 1269/923/283 1423/922/283
f 1419/926/283 1421/925/283 1420/927/283
f 1419/926/283 1269/923/283 1421/925/283
f 1419/926/283 1270/928/283 1269/923/283
f 1419/926/283 1271/929/283 1270/928/283
f 1418/930/283 1271/929/283 1419/926/283
f 1417/931/283 1272/932/283 1418/930/283
f 1272/932/283 1271/929/283 1418/930/283
f 1417/931/283 1273/933/283 1272/932/283
f 1417/931/283 1274/934/283 1273/933/283
f 1417/931/283 1275/935/283 1274/934/283
f 1417/931/283 1276/936/283 1275/935/283
f 1417/931/283 1277/937/283 1276/936/283
f 1416/938/283 1277/937/283 1417/931/283
f 1416/938/283 1278/939/283 1277/937/283
f 1416/938/283 1279/940/283 1278/939/283
f 1416/938/283 1280/941/283 1279/940/283
f 1416/938/283 1281/942/283 1280/941/283
f 1415/943/283 1281/942/283 1416/938/283
f 1415/943/283 1282/944/283 1281/942/283
f 1415/943/283 1283/945/283 1282/944/283
f 1415/943/283 1284/946/283 1283/945/283
f 1415/943/283 1285/947/283 1284/946/283
f 1415/943/283 1286/948/283 1285/947/283
f 1415/943/283 1287/949/283 1286/948/283
f 1415/943/283 1288/950/283 1287/949/283
f 1415/943/283 1289/951/283 1288/950/283
f 1415/943/283 1290/952/283 1289/951/283
f 1415/943/283 1291/953/283 1290/952/283
f 1414/954/283 1291/953/283 1415/943/283
f 1414/954/283 1292/955/283 1291/953/283
f 1414/954/283 1293/956/283 1292/955/283
f 1414/954/283 1294/957/283 1293/956/283
f 1414/954/283 1295/958/283 1294/957/283
f 1414/954/283 1296/959/283 1295/958/283
f 1414/954/283 1297/960/283 1296/959/283
f 1414/954/283 1381/961/283 1297/960/283
f 1381/961/283 1298/962/283 1297/960/283
f 1413/963/283 1382/964/283 1414/954/283
f 1382/964/283 1381/961/283 1414/954/283
f 1413/963/283 1383/965/283 1382/964/283
f 1380/966/283 1298/962/283 1381/961/283
f 1380/966/283 1299/967/283 1298/962/283
f 1413/963/283 1384/968/283 1383/965/283
f 1379/969/283 1299/967/283 1380/966/283
f 1412/970/283 1384/968/283 1413/963/283
f 1412/970/283 1385/971/283 1384/968/283
f 1379/969/283 1300/972/283 1299/967/283
f 1378/973/283 1300/972/283 1379/969/283
f 1411/974/283 1385/971/283 1412/970/283
f 1411/974/283 1386/975/283 1385/971/283
f 1377/976/283 1300/972/283 1378/973/283
f 1377/976/283 1301/977/283 1300/972/283
f 1410/978/283 1386/975/283 1411/974/283
f 1410/978/283 1387/979/283 1386/975/283
f 1376/980/283 1301/977/283 1377/976/283
f 1376/980/283 1302/981/283 1301/977/283
f 1409/982/283 1387/979/283 1410/978/283
f 1409/982/283 1388/983/283 1387/979/283
f 1375/984/283 1302/981/283 1376/980/283
f 1375/984/283 1303/985/283 1302/981/283
f 1374/986/283 1303/985/283 1375/984/283
f 1409/982/283 1389/987/283 1388/983/283
f 1408/988/283 1389/987/283 1409/982/283
f 1374/986/283 1304/989/283 1303/985/283
f 1373/990/283 1304/989/283 1374/986/283
f 1408/988/283 1390/991/283 1389/987/283
f 1372/992/283 1304/989/283 1373/990/283
f 1407/993/283 1390/991/283 1408/988/283
f 1372/992/283 1305/994/283 1304/989/283
f 1371/995/283 1305/994/283 1372/992/283
f 1370/996/283 1305/994/283 1371/995/283
f 1407/993/283 1391/997/283 1390/991/283
f 1370/996/283 1306/998/283 1305/994/283
f 1369/999/283 1306/998/283 1370/996/283
f 1406/1000/283 1391/997/283 1407/993/283
f 1368/1001/283 1306/998/283 1369/999/283
f 1344/1002/283 1346/1003/283 1345/1004/283
f 1367/1005/283 1306/998/283 1368/1001/283
f 1366/1006/283 1306/998/283 1367/1005/283
f 1344/1002/283 1347/1007/283 1346/1003/283
f 1365/1008/283 1306/998/283 1366/1006/283
f 1344/1002/283 1348/1009/283 1347/1007/283
f 1364/1010/283 1306/998/283 1365/1008/283
f 1344/1002/283 1349/1011/283 1348/1009/283
f 1363/1012/283 1306/998/283 1364/1010/283
f 1344/1002/283 1350/1013/283 1349/1011/283
f 1362/1014/283 1306/998/283 1363/1012/283
f 1344/1002/283 1351/1015/283 1350/1013/283
f 1361/1016/283 1306/998/283 1362/1014/283
f 1344/1002/283 1352/1017/283 1351/1015/283
f 1360/1018/283 1306/998/283 1361/1016/283
f 1344/1002/283 1353/1019/283 1352/1017/283
f 1344/1002/283 1354/1020/283 1353/1019/283
f 1359/1021/283 1306/998/283 1360/1018/283
f 1344/1002/283 1355/1022/283 1354/1020/283
f 1358/1023/283 1306/998/283 1359/1021/283
f 1344/1002/283 1356/1024/283 1355/1022/283
f 1357/1025/283 1306/998/283 1358/1023/283
f 1344/1002/283 1357/1025/283 1356/1024/283
f 1344/1002/283 1306/998/283 1357/1025/283
f 1344/1002/283 1307/1026/283 1306/998/283
f 1406/1000/283 1392/1027/283 1391/997/283
f 1343/1028/283 1307/1026/283 1344/1002/283
f 1342/1029/283 1307/1026/283 1343/1028/283
f 1342/1029/283 1308/1030/283 1307/1026/283
f 1341/1031/283 1308/1030/283 1342/1029/283
f 1340/1032/283 1308/1030/283 1341/1031/283
f 1405/1033/283 1392/1027/283 1406/1000/283
f 1339/1034/283 1308/1030/283 1340/1032/283
f 1339/1034/283 1309/1035/283 1308/1030/283
f 1338/1036/283 1309/1035/283 1339/1034/283
f 1404/1037/283 1392/1027/283 1405/1033/283
f 1404/1037/283 1393/1038/283 1392/1027/283
f 1337/1039/283 1309/1035/283 1338/1036/283
f 1403/1040/283 1393/1038/283 1404/1037/283
f 1337/1039/283 1310/1041/283 1309/1035/283
f 1402/1042/283 1393/1038/283 1403/1040/283
f 1336/1043/283 1310/1041/283 1337/1039/283
f 1336/1043/283 1311/1044/283 1310/1041/283
f 1401/1045/283 1393/1038/283 1402/1042/283
f 1335/1046/283 1311/1044/283 1336/1043/283
f 1400/1047/283 1393/1038/283 1401/1045/283
f 1335/1046/283 1312/1048/283 1311/1044/283
f 1334/1049/283 1312/1048/283 1335/1046/283
f 1399/1050/283 1393/1038/283 1400/1047/283
f 1334/1049/283 1313/1051/283 1312/1048/283
f 1333/1052/283 1313/1051/283 1334/1049/283
f 1398/1053/283 1393/1038/283 1399/1050/283
f 1333/1052/283 1314/1054/283 1313/1051/283
f 1398/1053/283 1397/1055/283 1393/1038/283
f 1397/1055/283 1396/1056/283 1393/1038/283
f 1396/1056/283 1395/1057/283 1393/1038/283
f 1395/1057/283 1394/1058/283 1393/1038/283
f 1333/1052/283 1315/1059/283 1314/1054/283
f 1333/1052/283 1316/1060/283 1315/1059/283
f 1333/1052/283 1317/1061/283 1316/1060/283
f 1333/1052/283 1318/1062/283 1317/1061/283
f 1332/1063/283 1318/1062/283 1333/1052/283
f 1332/1063/283 1319/1064/283 1318/1062/283
f 1331/1065/283 1319/1064/283 1332/1063/283
f 1331/1065/283 1320/1066/283 1319/1064/283
f 1330/1067/283 1320/1066/283 1331/1065/283
f 1330/1067/283 1321/1068/283 1320/1066/283
f 1330/1067/283 1322/1069/283 1321/1068/283
f 1329/1070/283 1322/1069/283 1330/1067/283
f 1329/1070/283 1323/1071/283 1322/1069/283
f 1328/1072/283 1323/1071/283 1329/1070/283
f 1328/1072/283 1324/1073/283 1323/1071/283
f 1327/1074/283 1324/1073/283 1328/1072/283
f 1327/1074/283 1325/1075/283 1324/1073/283
f 1326/1076/283 1325/1075/283 1327/1074/283
f 1611/899/284 1612/901/284 1435/900/284
f 1611/899/284 1435/900/284 1436/902/284
f 1611/899/284 1436/902/284 1437/903/284
f 1610/904/284 1611/899/284 1437/903/284
f 1610/904/284 1437/903/284 1438/905/284
f 1609/906/284 1610/904/284 1438/905/284
f 1609/906/284 1438/905/284 1439/907/284
f 1608/908/284 1609/906/284 1439/907/284
f 1608/908/284 1439/907/284 1440/909/284
f 1607/910/284 1608/908/284 1440/909/284
f 1607/910/284 1440/909/284 1441/911/284
f 1606/912/284 1607/910/284 1441/911/284
f 1606/912/284 1441/911/284 1442/913/284
f 1605/914/284 1606/912/284 1442/913/284
f 1605/914/284 1442/913/284 1443/915/284
f 1604/916/284 1605/914/284 1443/915/284
f 1604/916/284 1443/915/284 1444/917/284
f 1604/916/284 1444/917/284 1445/918/284
f 1603/919/284 1604/916/284 1445/918/284
f 1603/919/284 1445/918/284 1446/920/284
f 1602/921/284 1603/919/284 1446/920/284
f 1601/922/284 1602/921/284 1446/920/284
f 1601/922/284 1446/920/284 1447/923/284
f 1600/924/284 1601/922/284 1599/925/284
f 1599/925/284 1601/922/284 1447/923/284
f 1597/926/284 1598/927/284 1599/925/284
f 1597/926/284 1599/925/284 1447/923/284
f 1597/926/284 1447/923/284 1448/928/284
f 1597/926/284 1448/928/284 1449/929/284
f 1596/930/283 1597/926/283 1449/929/283
f 1595/931/284 1596/930/284 1450/932/284
f 1450/932/284 1596/930/284 1449/929/284
f 1595/931/284 1450/932/284 1451/933/284
f 1595/931/284 1451/933/284 1452/934/284
f 1595/931/284 1452/934/284 1453/935/284
f 1595/931/284 1453/935/284 1454/936/284
f 1595/931/284 1454/936/284 1455/937/284
f 1594/938/284 1595/931/284 1455/937/284
f 1594/938/284 1455/937/284 1456/939/284
f 1594/938/284 1456/939/284 1457/940/284
f 1594/938/284 1457/940/284 1458/941/284
f 1594/938/284 1458/941/284 1459/942/284
f 1593/943/284 1594/938/284 1459/942/284
f 1593/943/284 1459/942/284 1460/944/284
f 1593/943/284 1460/944/284 1461/945/284
f 1593/943/284 1461/945/284 1462/946/284
f 1593/943/284 1462/946/284 1463/947/284
f 1593/943/284 1463/947/284 1464/948/284
f 1593/943/284 1464/948/284 1465/949/284
f 1593/943/284 1465/949/284 1466/950/284
f 1593/943/284 1466/950/284 1467/951/284
f 1593/943/284 1467/951/284 1468/952/284
f 1593/943/284 1468/952/284 1469/953/284
f 1592/954/284 1593/943/284 1469/953/284
f 1592/954/284 1469/953/284 1470/955/284
f 1592/954/284 1470/955/284 1471/956/284
f 1592/954/284 1471/956/284 1472/957/284
f 1592/954/284 1472/957/284 1473/958/284
f 1592/954/284 1473/958/284 1474/959/284
f 1592/954/284 1474/959/284 1475/960/284
f 1592/954/284 1475/960/284 1559/961/284
f 1559/961/284 1475/960/284 1476/962/284
f 1591/963/284 1592/954/284 1560/964/284
f 1560/964/284 1592/954/284 1559/961/284
f 1591/963/284 1560/964/284 1561/965/284
f 1558/966/284 1559/961/284 1476/962/284
f 1558/966/284 1476/962/284 1477/967/284
f 1591/963/284 1561/965/284 1562/968/284
f 1557/969/284 1558/966/284 1477/967/284
f 1590/970/284 1591/963/284 1562/968/284
f 1590/970/284 1562/968/284 1563/971/284
f 1557/969/284 1477/967/284 1478/972/284
f 1556/973/284 1557/969/284 1478/972/284
f 1589/974/284 1590/970/284 1563/971/284
f 1589/974/284 1563/971/284 1564/975/284
f 1555/976/284 1556/973/284 1478/972/284
f 1555/976/284 1478/972/284 1479/977/284
f 1588/978/284 1589/974/284 1564/975/284
f 1588/978/284 1564/975/284 1565/979/284
f 1554/980/284 1555/976/284 1479/977/284
f 1554/980/284 1479/977/284 1480/981/284
f 1587/982/284 1588/978/284 1565/979/284
f 1587/982/284 1565/979/284 1566/983/284
f 1553/984/284 1554/980/284 1480/981/284
f 1553/984/284 1480/981/284 1481/985/284
f 1552/986/284 1553/984/284 1481/985/284
f 1587/982/284 1566/983/284 1567/987/284
f 1586/988/284 1587/982/284 1567/987/284
f 1552/986/284 1481/985/284 1482/989/284
f 1551/990/284 1552/986/284 1482/989/284
f 1586/988/284 1567/987/284 1568/991/284
f 1550/992/284 1551/990/284 1482/989/284
f 1585/993/284 1586/988/284 1568/991/284
f 1550/992/284 1482/989/284 1483/994/284
f 1549/995/284 1550/992/284 1483/994/284
f 1548/996/284 1549/995/284 1483/994/284
f 1585/993/284 1568/991/284 1569/997/284
f 1548/996/284 1483/994/284 1484/998/284
f 1547/999/284 1548/996/284 1484/998/284
f 1584/1000/284 1585/993/284 1569/997/284
f 1546/1001/284 1547/999/284 1484/998/284
f 1522/1002/284 1523/1004/284 1524/1003/284
f 1545/1005/284 1546/1001/284 1484/998/284
f 1544/1006/284 1545/1005/284 1484/998/284
f 1522/1002/284 1524/1003/284 1525/1007/284
f 1543/1008/284 1544/1006/284 1484/998/284
f 1522/1002/284 1525/1007/284 1526/1009/284
f 1542/1010/284 1543/1008/284 1484/998/284
f 1522/1002/284 1526/1009/284 1527/1011/284
f 1541/1012/284 1542/1010/284 1484/998/284
f 1522/1002/284 1527/1011/284 1528/1013/284
f 1540/1014/284 1541/1012/284 1484/998/284
f 1522/1002/284 1528/1013/284 1529/1015/284
f 1539/1016/284 1540/1014/284 1484/998/284
f 1522/1002/284 1529/1015/284 1530/1017/284
f 1538/1018/284 1539/1016/284 1484/998/284
f 1522/1002/284 1530/1017/284 1531/1019/284
f 1522/1002/284 1531/1019/284 1532/1020/284
f 1537/1021/284 1538/1018/284 1484/998/284
f 1522/1002/284 1532/1020/284 1533/1022/284
f 1536/1023/284 1537/1021/284 1484/998/284
f 1522/1002/284 1533/1022/284 1534/1024/284
f 1535/1025/284 1536/1023/284 1484/998/284
f 1522/1002/284 1534/1024/284 1535/1025/284
f 1522/1002/284 1535/1025/284 1484/998/284
f 1522/1002/284 1484/998/284 1485/1026/284
f 1584/1000/284 1569/997/284 1570/1027/284
f 1521/1028/284 1522/1002/284 1485/1026/284
f 1520/1029/284 1521/1028/284 1485/1026/284
f 1520/1029/284 1485/1026/284 1486/1030/284
f 1519/1031/284 1520/1029/284 1486/1030/284
f 1518/1032/284 1519/1031/284 1486/1030/284
f 1583/1033/284 1584/1000/284 1570/1027/284
f 1517/1034/284 1518/1032/284 1486/1030/284
f 1517/1034/284 1486/1030/284 1487/1035/284
f 1516/1036/284 1517/1034/284 1487/1035/284
f 1582/1037/284 1583/1033/284 1570/1027/284
f 1582/1037/284 1570/1027/284 1571/1038/284
f 1515/1039/284 1516/1036/284 1487/1035/284
f 1581/1040/284 1582/1037/284 1571/1038/284
f 1515/1039/284 1487/1035/284 1488/1041/284
f 1580/1042/284 1581/1040/284 1571/1038/284
f 1514/1043/284 1515/1039/284 1488/1041/284
f 1514/1043/284 1488/1041/284 1489/1044/284
f 1579/1045/284 1580/1042/284 1571/1038/284
f 1513/1046/284 1514/1043/284 1489/1044/284
f 1578/1047/284 1579/1045/284 1571/1038/284
f 1513/1046/284 1489/1044/284 1490/1048/284
f 1512/1049/284 1513/1046/284 1490/1048/284
f 1577/1050/284 1578/1047/284 1571/1038/284
f 1512/1049/284 1490/1048/284 1491/1051/284
f 1511/1052/284 1512/1049/284 1491/1051/284
f 1576/1053/284 1577/1050/284 1571/1038/284
f 1511/1052/284 1491/1051/284 1492/1054/284
f 1576/1053/284 1571/1038/284 1575/1055/284
f 1575/1055/284 1571/1038/284 1574/1056/284
f 1574/1056/284 1571/1038/284 1573/1057/284
f 1573/1057/284 1571/1038/284 1572/1058/284
f 1511/1052/284 1492/1054/284 1493/1059/284
f 1511/1052/284 1493/1059/284 1494/1060/284
f 1511/1052/284 1494/1060/284 1495/1061/284
f 1511/1052/284 1495/1061/284 1496/1062/284
f 1510/1063/284 1511/1052/284 1496/1062/284
f 1510/1063/284 1496/1062/284 1497/1064/284
f 1509/1065/284 1510/1063/284 1497/1064/284
f 1509/1065/284 1497/1064/284 1498/1066/284
f 1508/1067/284 1509/1065/284 1498/1066/284
f 1508/1067/284 1498/1066/284 1499/1068/284
f 1508/1067/284 1499/1068/284 1500/1069/284
f 1507/1070/284 1508/1067/284 1500/1069/284
f 1507/1070/284 1500/1069/284 1501/1071/284
f 1506/1072/284 1507/1070/284 1501/1071/284
f 1506/1072/284 1501/1071/284 1502/1073/284
f 1505/1074/284 1506/1072/284 1502/1073/284
f 1505/1074/284 1502/1073/284 1503/1075/284
f 1504/1076/284 1505/1074/284 1503/1075/284
s 1
f 1616/1077/285 1613/900/286 1614/1078/286
f 1618/1079/287 1615/1080/285 1616/1077/285
f 1620/1081/288 1617/1082/287 1618/1079/287
f 1622/1083/289 1619/1084/288 1620/1081/288
f 1624/1085/290 1621/1086/289 1622/1083/289
f 1626/1087/291 1623/1088/292 1624/1085/290
f 1628/1089/293 1625/1090/291 1626/1087/291
f 1630/1091/294 1627/1092/293 1628/1089/293
f 1632/1093/295 1629/1094/294 1630/1091/294
f 1634/1095/296 1631/1096/295 1632/1093/295
f 1636/1097/297 1633/1098/296 1634/1095/296
f 1638/1099/298 1635/1100/299 1636/1097/297
f 1640/1101/300 1637/1102/301 1638/1099/298
f 1642/1103/302 1639/1104/300 1640/1101/300
f 1644/1105/303 1641/1106/302 1642/1103/302
f 1646/1107/304 1643/1108/303 1644/1105/303
f 1648/1109/305 1645/1110/306 1646/1107/304
f 1650/1111/307 1647/1112/305 1648/1109/305
f 1652/1113/308 1649/1114/307 1650/1111/307
f 1654/1115/309 1651/1116/308 1652/1113/308
f 1656/1117/310 1653/1118/309 1654/1115/309
f 1658/1119/311 1655/1120/310 1656/1117/310
f 1660/1121/312 1657/1122/311 1658/1119/311
f 1662/1123/313 1659/1124/312 1660/1121/312
f 1664/1125/314 1661/1126/313 1662/1123/313
f 1666/1127/315 1663/1128/314 1664/1125/314
f 1668/1129/316 1665/1130/315 1666/1127/315
f 1670/1131/317 1667/1132/318 1668/1129/316
f 1672/1133/319 1669/1134/317 1670/1131/317
f 1674/1135/320 1671/1136/321 1672/1133/319
f 1676/1137/322 1673/1138/323 1674/1135/320
f 1678/1139/324 1675/1140/322 1676/1137/322
f 1680/1141/325 1677/1142/324 1678/1139/324
f 1682/1143/326 1679/1144/325 1680/1141/325
f 1684/1145/327 1681/1146/326 1682/1143/326
f 1686/1147/328 1683/1148/329 1684/1145/327
f 1688/1149/330 1685/1150/328 1686/1147/328
f 1690/1151/331 1687/1152/332 1688/1149/330
f 1692/1153/333 1689/1154/331 1690/1151/331
f 1694/1155/334 1691/1156/335 1692/1153/333
f 1696/1157/336 1693/1158/337 1694/1155/334
f 1698/1159/338 1695/1160/336 1696/1157/336
f 1700/1161/339 1697/1162/338 1698/1159/338
f 1702/1163/340 1699/1164/339 1700/1161/339
f 1704/1165/341 1701/1166/340 1702/1163/340
f 1706/1167/342 1703/1168/341 1704/1165/341
f 1708/1169/343 1705/1170/342 1706/1167/342
f 1710/1171/344 1707/1172/343 1708/1169/343
f 1712/1173/345 1709/1174/344 1710/1171/344
f 1714/1175/346 1711/1176/345 1712/1173/345
f 1716/1177/347 1713/1178/346 1714/1175/346
f 1718/1179/348 1715/1180/347 1716/1177/347
f 1720/1181/349 1717/1182/348 1718/1179/348
f 1722/1183/350 1719/1184/349 1720/1181/349
f 1724/1185/351 1721/1186/350 1722/1183/350
f 1726/1187/352 1723/1188/351 1724/1185/351
f 1728/1189/353 1725/1190/352 1726/1187/352
f 1730/1191/354 1727/1192/353 1728/1189/353
f 1732/1193/355 1729/1194/354 1730/1191/354
f 1734/1195/356 1731/1196/355 1732/1193/355
f 1736/1197/357 1733/1198/356 1734/1195/356
f 1738/1199/358 1735/1200/357 1736/1197/357
f 1740/1201/359 1737/1202/358 1738/1199/358
f 1742/1203/360 1739/1204/359 1740/1201/359
f 1744/1205/361 1741/1206/360 1742/1203/360
f 1746/1207/362 1743/1208/361 1744/1205/361
f 1748/1209/363 1745/1210/362 1746/1207/362
f 1750/1211/364 1747/1212/363 1748/1209/363
f 1752/1213/365 1749/1214/364 1750/1211/364
f 1754/1215/366 1751/1216/365 1752/1213/365
f 1756/1217/367 1753/1218/366 1754/1215/366
f 1758/1219/368 1755/1220/367 1756/1217/367
f 1760/1221/369 1757/1222/368 1758/1219/368
f 1762/1223/370 1759/1224/369 1760/1221/369
f 1764/1225/371 1761/1226/370 1762/1223/370
f 1766/1227/372 1763/1228/371 1764/1225/371
f 1768/1229/373 1765/1230/372 1766/1227/372
f 1770/1231/374 1767/1232/373 1768/1229/373
f 1772/1233/375 1769/1234/374 1770/1231/374
f 1774/1235/376 1771/1236/375 1772/1233/375
f 1776/1237/377 1773/1238/376 1774/1235/376
f 1778/1239/378 1775/1240/377 1776/1237/377
f 1780/1241/379 1777/1242/378 1778/1239/378
f 1782/1243/380 1779/1244/379 1780/1241/379
f 1784/1245/381 1781/1246/380 1782/1243/380
f 1786/1247/382 1783/1248/381 1784/1245/381
f 1788/1249/383 1785/1250/382 1786/1247/382
f 1790/1251/384 1787/1252/383 1788/1249/383
f 1792/1253/385 1789/1254/386 1790/1251/384
f 1794/1255/387 1791/1256/385 1792/1253/385
f 1796/1257/388 1793/1258/387 1794/1255/387
f 1798/1259/389 1795/1260/388 1796/1257/388
f 1800/1261/390 1797/1262/389 1798/1259/389
f 1802/1263/391 1799/1264/390 1800/1261/390
f 1804/1265/392 1801/1266/391 1802/1263/391
f 1806/1267/393 1803/1268/392 1804/1265/392
f 1808/1269/394 1805/1270/393 1806/1267/393
f 1810/1271/395 1807/1272/394 1808/1269/394
f 1812/1273/396 1809/1274/395 1810/1271/395
f 1814/1275/397 1811/1276/396 1812/1273/396
f 1816/1277/398 1813/1278/397 1814/1275/397
f 1818/1279/399 1815/1280/398 1816/1277/398
f 1820/1281/400 1817/1282/399 1818/1279/399
f 1822/1283/401 1819/1284/400 1820/1281/400
f 1824/1285/402 1821/1286/401 1822/1283/401
f 1826/1287/403 1823/1288/402 1824/1285/402
f 1828/1289/404 1825/1290/403 1826/1287/403
f 1830/1291/405 1827/1292/406 1828/1289/404
f 1832/1293/407 1829/1294/405 1830/1291/405
f 1834/1295/408 1831/1296/407 1832/1293/407
f 1836/1297/409 1833/1298/408 1834/1295/408
f 1838/1299/410 1835/1300/411 1836/1297/409
f 1840/1301/412 1837/1302/410 1838/1299/410
f 1842/1303/413 1839/1304/412 1840/1301/412
f 1844/1305/414 1841/1306/413 1842/1303/413
f 1846/1307/415 1843/1308/414 1844/1305/414
f 1848/1309/416 1845/1310/415 1846/1307/415
f 1850/1311/417 1847/1312/416 1848/1309/416
f 1852/1313/418 1849/1314/417 1850/1311/417
f 1854/1315/419 1851/1316/418 1852/1313/418
f 1856/1317/420 1853/1318/419 1854/1315/419
f 1858/1319/421 1855/1320/420 1856/1317/420
f 1860/1321/422 1857/1322/421 1858/1319/421
f 1862/1323/423 1859/1324/422 1860/1321/422
f 1864/1325/424 1861/1326/423 1862/1323/423
f 1866/1327/425 1863/1328/424 1864/1325/424
f 1868/1329/426 1865/1330/425 1866/1327/425
f 1870/1331/427 1867/1332/426 1868/1329/426
f 1872/1333/428 1869/1334/427 1870/1331/427
f 1874/1335/429 1871/1336/428 1872/1333/428
f 1876/1337/430 1873/1338/429 1874/1335/429
f 1878/1339/431 1875/1340/430 1876/1337/430
f 1880/1341/432 1877/1342/431 1878/1339/431
f 1882/1343/433 1879/1344/432 1880/1341/432
f 1884/1345/434 1881/1346/435 1882/1343/433
f 1886/1347/436 1883/1348/434 1884/1345/434
f 1888/1349/437 1885/1350/436 1886/1347/436
f 1890/1351/438 1887/1352/437 1888/1349/437
f 1892/1353/439 1889/1354/438 1890/1351/438
f 1894/1355/440 1891/1356/439 1892/1353/439
f 1896/1357/441 1893/1358/440 1894/1355/440
f 1898/1359/442 1895/1360/441 1896/1357/441
f 1900/1361/443 1897/1362/442 1898/1359/442
f 1902/1363/444 1899/1364/443 1900/1361/443
f 1904/1365/445 1901/1366/444 1902/1363/444
f 1906/1367/446 1903/1368/445 1904/1365/445
f 1908/1369/447 1905/1370/446 1906/1367/446
f 1910/1371/448 1907/1372/447 1908/1369/447
f 1912/1373/449 1909/1374/448 1910/1371/448
f 1914/1375/450 1911/1376/449 1912/1373/449
f 1916/1377/451 1913/1378/450 1914/1375/450
f 1918/1379/452 1915/1380/451 1916/1377/451
f 1920/1381/453 1917/1382/452 1918/1379/452
f 1922/1383/454 1919/1384/453 1920/1381/453
f 1924/1385/455 1921/1386/454 1922/1383/454
f 1926/1387/456 1923/1388/455 1924/1385/455
f 1928/1389/457 1925/1390/456 1926/1387/456
f 1930/1391/458 1927/1392/457 1928/1389/457
f 1932/1393/459 1929/1394/458 1930/1391/458
f 1934/1395/460 1931/1396/459 1932/1393/459
f 1936/1397/461 1933/1398/460 1934/1395/460
f 1938/1399/462 1935/1400/461 1936/1397/461
f 1940/1401/463 1937/1402/462 1938/1399/462
f 1942/1403/464 1939/1404/463 1940/1401/463
f 1944/1405/465 1941/1406/466 1942/1403/464
f 1946/1407/467 1943/1408/468 1944/1405/465
f 1948/1409/469 1945/1410/467 1946/1407/467
f 1950/1411/470 1947/1412/469 1948/1409/469
f 1952/1413/471 1949/1414/472 1950/1411/470
f 1954/1415/473 1951/1416/471 1952/1413/471
f 1956/1417/474 1953/1418/473 1954/1415/473
f 1958/1419/475 1955/1420/474 1956/1417/474
f 1960/1421/476 1957/1422/475 1958/1419/475
f 1962/1423/477 1959/1424/476 1960/1421/476
f 1964/1425/478 1961/1426/477 1962/1423/477
f 1966/1427/479 1963/1428/478 1964/1425/478
f 1968/1429/480 1965/1430/481 1966/1427/479
f 1614/1431/286 1967/1432/480 1968/1429/480
f 1616/1077/285 1615/1080/285 1613/900/286
f 1618/1079/287 1617/1082/287 1615/1080/285
f 1620/1081/288 1619/1084/288 1617/1082/287
f 1622/1083/289 1621/1086/289 1619/1084/288
f 1624/1085/290 1623/1088/292 1621/1086/289
f 1626/1087/291 1625/1090/291 1623/1088/292
f 1628/1089/293 1627/1092/293 1625/1090/291
f 1630/1091/294 1629/1094/294 1627/1092/293
f 1632/1093/295 1631/1096/295 1629/1094/294
f 1634/1095/296 1633/1098/296 1631/1096/295
f 1636/1097/297 1635/1100/299 1633/1098/296
f 1638/1099/298 1637/1102/301 1635/1100/299
f 1640/1101/300 1639/1104/300 1637/1102/301
f 1642/1103/302 1641/1106/302 1639/1104/300
f 1644/1105/303 1643/1108/303 1641/1106/302
f 1646/1107/304 1645/1110/306 1643/1108/303
f 1648/1109/305 1647/1112/305 1645/1110/306
f 1650/1111/307 1649/1114/307 1647/1112/305
f 1652/1113/308 1651/1116/308 1649/1114/307
f 1654/1115/309 1653/1118/309 1651/1116/308
f 1656/1117/310 1655/1120/310 1653/1118/309
f 1658/1119/311 1657/1122/311 1655/1120/310
f 1660/1121/312 1659/1124/312 1657/1122/311
f 1662/1123/313 1661/1126/313 1659/1124/312
f 1664/1125/314 1663/1128/314 1661/1126/313
f 1666/1127/315 1665/1130/315 1663/1128/314
f 1668/1129/316 1667/1132/318 1665/1130/315
f 1670/1131/317 1669/1134/317 1667/1132/318
f 1672/1133/319 1671/1136/321 1669/1134/317
f 1674/1135/320 1673/1138/323 1671/1136/321
f 1676/1137/322 1675/1140/322 1673/1138/323
f 1678/1139/324 1677/1142/324 1675/1140/322
f 1680/1141/325 1679/1144/325 1677/1142/324
f 1682/1143/326 1681/1146/326 1679/1144/325
f 1684/1145/327 1683/1148/329 1681/1146/326
f 1686/1147/328 1685/1150/328 1683/1148/329
f 1688/1149/330 1687/1152/332 1685/1150/328
f 1690/1151/331 1689/1154/331 1687/1152/332
f 1692/1153/333 1691/1156/335 1689/1154/331
f 1694/1155/334 1693/1158/337 1691/1156/335
f 1696/1157/336 1695/1160/336 1693/1158/337
f 1698/1159/338 1697/1162/338 1695/1160/336
f 1700/1161/339 1699/1164/339 1697/1162/338
f 1702/1163/340 1701/1166/340 1699/1164/339
f 1704/1165/341 1703/1168/341 1701/1166/340
f 1706/1167/342 1705/1170/342 1703/1168/341
f 1708/1169/343 1707/1172/343 1705/1170/342
f 1710/1171/344 1709/1174/344 1707/1172/343
f 1712/1173/345 1711/1176/345 1709/1174/344
f 1714/1175/346 1713/1178/346 1711/1176/345
f 1716/1177/347 1715/1180/347 1713/1178/346
f 1718/1179/348 1717/1182/348 1715/1180/347
f 1720/1181/349 1719/1184/349 1717/1182/348
f 1722/1183/350 1721/1186/350 1719/1184/349
f 1724/1185/351 1723/1188/351 1721/1186/350
f 1726/1187/352 1725/1190/352 1723/1188/351
f 1728/1189/353 1727/1192/353 1725/1190/352
f 1730/1191/354 1729/1194/354 1727/1192/353
f 1732/1193/355 1731/1196/355 1729/1194/354
f 1734/1195/356 1733/1198/356 1731/1196/355
f 1736/1197/357 1735/1200/357 1733/1198/356
f 1738/1199/358 1737/1202/358 1735/1200/357
f 1740/1201/359 1739/1204/359 1737/1202/358
f 1742/1203/360 1741/1206/360 1739/1204/359
f 1744/1205/361 1743/1208/361 1741/1206/360
f 1746/1207/362 1745/1210/362 1743/1208/361
f 1748/1209/363 1747/1212/363 1745/1210/362
f 1750/1211/364 1749/1214/364 1747/1212/363
f 1752/1213/365 1751/1216/365 1749/1214/364
f 1754/1215/366 1753/1218/366 1751/1216/365
f 1756/1217/367 1755/1220/367 1753/1218/366
f 1758/1219/368 1757/1222/368 1755/1220/367
f 1760/1221/369 1759/1224/369 1757/1222/368
f 1762/1223/370 1761/1226/370 1759/1224/369
f 1764/1225/371 1763/1228/371 1761/1226/370
f 1766/1227/372 1765/1230/372 1763/1228/371
f 1768/1229/373 1767/1232/373 1765/1230/372
f 1770/1231/374 1769/1234/374 1767/1232/373
f 1772/1233/375 1771/1236/375 1769/1234/374
f 1774/1235/376 1773/1238/376 1771/1236/375
f 1776/1237/377 1775/1240/377 1773/1238/376
f 1778/1239/378 1777/1242/378 1775/1240/377
f 1780/1241/379 1779/1244/379 1777/1242/378
f 1782/1243/380 1781/1246/380 1779/1244/379
f 1784/1245/381 1783/1248/381 1781/1246/380
f 1786/1247/382 1785/1250/382 1783/1248/381
f 1788/1249/383 1787/1252/383 1785/1250/382
f 1790/1251/384 1789/1254/386 1787/1252/383
f 1792/1253/385 1791/1256/385 1789/1254/386
f 1794/1255/387 1793/1258/387 1791/1256/385
f 1796/1257/388 1795/1260/388 1793/1258/387
f 1798/1259/389 1797/1262/389 1795/1260/388
f 1800/1261/390 1799/1264/390 1797/1262/389
f 1802/1263/391 1801/1266/391 1799/1264/390
f 1804/1265/392 1803/1268/392 1801/1266/391
f 1806/1267/393 1805/1270/393 1803/1268/392
f 1808/1269/394 1807/1272/394 1805/1270/393
f 1810/1271/395 1809/1274/395 1807/1272/394
f 1812/1273/396 1811/1276/396 1809/1274/395
f 1814/1275/397 1813/1278/397 1811/1276/396
f 1816/1277/398 1815/1280/398 1813/1278/397
f 1818/1279/399 1817/1282/399 1815/1280/398
f 1820/1281/400 1819/1284/400 1817/1282/399
f 1822/1283/401 1821/1286/401 1819/1284/400
f 1824/1285/402 1823/1288/402 1821/1286/401
f 1826/1287/403 1825/1290/403 1823/1288/402
f 1828/1289/404 1827/1292/406 1825/1290/403
f 1830/1291/405 1829/1294/405 1827/1292/406
f 1832/1293/407 1831/1296/407 1829/1294/405
f 1834/1295/408 1833/1298/408 1831/1296/407
f 1836/1297/409 1835/1300/411 1833/1298/408
f 1838/1299/410 1837/1302/410 1835/1300/411
f 1840/1301/412 1839/1304/412 1837/1302/410
f 1842/1303/413 1841/1306/413 1839/1304/412
f 1844/1305/414 1843/1308/414 1841/1306/413
f 1846/1307/415 1845/1310/415 1843/1308/414
f 1848/1309/416 1847/1312/416 1845/1310/415
f 1850/1311/417 1849/1314/417 1847/1312/416
f 1852/1313/418 1851/1316/418 1849/1314/417
f 1854/1315/419 1853/1318/419 1851/1316/418
f 1856/1317/420 1855/1320/420 1853/1318/419
f 1858/1319/421 1857/1322/421 1855/1320/420
f 1860/1321/422 1859/1324/422 1857/1322/421
f 1862/1323/423 1861/1326/423 1859/1324/422
f 1864/1325/424 1863/1328/424 1861/1326/423
f 1866/1327/425 1865/1330/425 1863/1328/424
f 1868/1329/426 1867/1332/426 1865/1330/425
f 1870/1331/427 1869/1334/427 1867/1332/426
f 1872/1333/428 1871/1336/428 1869/1334/427
f 1874/1335/429 1873/1338/429 1871/1336/428
f 1876/1337/430 1875/1340/430 1873/1338/429
f 1878/1339/431 1877/1342/431 1875/1340/430
f 1880/1341/432 1879/1344/432 1877/1342/431
f 1882/1343/433 1881/1346/435 1879/1344/432
f 1884/1345/434 1883/1348/434 1881/1346/435
f 1886/1347/436 1885/1350/436 1883/1348/434
f 1888/1349/437 1887/1352/437 1885/1350/436
f 1890/1351/438 1889/1354/438 1887/1352/437
f 1892/1353/439 1891/1356/439 1889/1354/438
f 1894/1355/440 1893/1358/440 1891/1356/439
f 1896/1357/441 1895/1360/441 1893/1358/440
f 1898/1359/442 1897/1362/442 1895/1360/441
f 1900/1361/443 1899/1364/443 1897/1362/442
f 1902/1363/444 1901/1366/444 1899/1364/443
f 1904/1365/445 1903/1368/445 1901/1366/444
f 1906/1367/446 1905/1370/446 1903/1368/445
f 1908/1369/447 1907/1372/447 1905/1370/446
f 1910/1371/448 1909/1374/448 1907/1372/447
f 1912/1373/449 1911/1376/449 1909/1374/448
f 1914/1375/450 1913/1378/450 1911/1376/449
f 1916/1377/451 1915/1380/451 1913/1378/450
f 1918/1379/452 1917/1382/452 1915/1380/451
f 1920/1381/453 1919/1384/453 1917/1382/452
f 1922/1383/454 1921/1386/454 1919/1384/453
f 1924/1385/455 1923/1388/455 1921/1386/454
f 1926/1387/456 1925/1390/456 1923/1388/455
f 1928/1389/457 1927/1392/457 1925/1390/456
f 1930/1391/458 1929/1394/458 1927/1392/457
f 1932/1393/459 1931/1396/459 1929/1394/458
f 1934/1395/460 1933/1398/460 1931/1396/459
f 1936/1397/461 1935/1400/461 1933/1398/460
f 1938/1399/462 1937/1402/462 1935/1400/461
f 1940/1401/463 1939/1404/463 1937/1402/462
f 1942/1403/464 1941/1406/466 1939/1404/463
f 1944/1405/465 1943/1408/468 1941/1406/466
f 1946/1407/467 1945/1410/467 1943/1408/468
f 1948/1409/469 1947/1412/469 1945/1410/467
f 1950/1411/470 1949/1414/472 1947/1412/469
f 1952/1413/471 1951/1416/471 1949/1414/472
f 1954/1415/473 1953/1418/473 1951/1416/471
f 1956/1417/474 1955/1420/474 1953/1418/473
f 1958/1419/475 1957/1422/475 1955/1420/474
f 1960/1421/476 1959/1424/476 1957/1422/475
f 1962/1423/477 1961/1426/477 1959/1424/476
f 1964/1425/478 1963/1428/478 1961/1426/477
f 1966/1427/479 1965/1430/481 1963/1428/478
f 1968/1429/480 1967/1432/480 1965/1430/481
f 1614/1431/286 1613/901/286 1967/1432/480
o Text.003
v -3.202352 0.561331 -0.050000
v -3.219209 0.553805 -0.050000
v -3.236431 0.545760 -0.050000
v -3.253815 0.537286 -0.050000
v -3.271159 0.528476 -0.050000
v -3.288259 0.519420 -0.050000
v -3.304913 0.510207 -0.050000
v -3.320919 0.500927 -0.050000
v -3.336078 0.491666 -0.050000
v -3.350193 0.482506 -0.050000
v -3.363074 0.473523 -0.050000
v -3.381830 0.459218 -0.050000
v -3.328496 0.380488 -0.050000
v -3.309394 0.395561 -0.050000
v -3.297377 0.404361 -0.050000
v -3.284033 0.413557 -0.050000
v -3.269567 0.423017 -0.050000
v -3.254182 0.432620 -0.050000
v -3.238074 0.442243 -0.050000
v -3.221441 0.451769 -0.050000
v -3.204480 0.461078 -0.050000
v -3.187388 0.470055 -0.050000
v -3.170360 0.478581 -0.050000
v -3.153597 0.486539 -0.050000
v -3.125864 0.498915 -0.050000
v -3.178861 0.571301 -0.050000
v -3.256786 0.831320 -0.050000
v -3.274166 0.823674 -0.050000
v -3.291896 0.815456 -0.050000
v -3.309772 0.806771 -0.050000
v -3.327588 0.797723 -0.050000
v -3.345139 0.788417 -0.050000
v -3.362217 0.778958 -0.050000
v -3.378618 0.769448 -0.050000
v -3.394139 0.759989 -0.050000
v -3.408579 0.750678 -0.050000
v -3.421743 0.741606 -0.050000
v -3.440906 0.727272 -0.050000
v -3.386377 0.647380 -0.050000
v -3.367020 0.663120 -0.050000
v -3.354717 0.672346 -0.050000
v -3.341046 0.681945 -0.050000
v -3.326216 0.691793 -0.050000
v -3.310435 0.701773 -0.050000
v -3.293903 0.711770 -0.050000
v -3.276822 0.721671 -0.050000
v -3.259391 0.731366 -0.050000
v -3.241809 0.740744 -0.050000
v -3.224277 0.749694 -0.050000
v -3.206995 0.758106 -0.050000
v -3.178622 0.771197 -0.050000
v -3.233033 0.841155 -0.050000
v -3.432643 0.259350 -0.050000
v -3.415565 0.225582 -0.050000
v -3.401327 0.198026 -0.050000
v -3.386577 0.170038 -0.050000
v -3.371411 0.141792 -0.050000
v -3.355927 0.113464 -0.050000
v -3.340219 0.085230 -0.050000
v -3.324385 0.057267 -0.050000
v -3.308521 0.029748 -0.050000
v -3.292724 0.002851 -0.050000
v -3.277090 -0.023249 -0.050000
v -3.261714 -0.048377 -0.050000
v -3.240731 -0.081875 -0.050000
v -3.161824 -0.017999 -0.050000
v -3.180690 0.009897 -0.050000
v -3.195303 0.032176 -0.050000
v -3.210684 0.056246 -0.050000
v -3.226666 0.081847 -0.050000
v -3.243083 0.108718 -0.050000
v -3.259770 0.136598 -0.050000
v -3.276562 0.165228 -0.050000
v -3.293296 0.194350 -0.050000
v -3.309806 0.223704 -0.050000
v -3.325927 0.253031 -0.050000
v -3.341497 0.282071 -0.050000
v -3.362315 0.322006 -0.050000
v -3.460523 0.040932 -0.050000
v -3.464404 0.042775 -0.050000
v -3.468506 0.045317 -0.050000
v -3.472830 0.048591 -0.050000
v -3.477367 0.052612 -0.050000
v -3.482107 0.057375 -0.050000
v -3.487046 0.062867 -0.050000
v -3.492186 0.069071 -0.050000
v -3.497535 0.075967 -0.050000
v -3.503104 0.083534 -0.050000
v -3.508909 0.091753 -0.050000
v -3.515038 0.100709 -0.050000
v -3.521412 0.109733 -0.050000
v -3.529356 0.121582 -0.050000
v -3.538772 0.136185 -0.050000
v -3.549431 0.153271 -0.050000
v -3.561108 0.172584 -0.050000
v -3.573586 0.193872 -0.050000
v -3.586646 0.216883 -0.050000
v -3.600072 0.241368 -0.050000
v -3.613647 0.267078 -0.050000
v -3.627154 0.293760 -0.050000
v -3.640377 0.321166 -0.050000
v -3.646692 0.335000 -0.050000
v -3.428248 0.335000 -0.050000
v -3.428248 0.426000 -0.050000
v -3.687248 0.426000 -0.050000
v -3.687248 0.587000 -0.050000
v -3.472249 0.587000 -0.050000
v -3.472249 0.678000 -0.050000
v -3.687248 0.678000 -0.050000
v -3.687248 0.850000 -0.050000
v -3.782248 0.850000 -0.050000
v -3.782248 0.678000 -0.050000
v -4.005249 0.678000 -0.050000
v -4.005249 0.587000 -0.050000
v -3.782248 0.587000 -0.050000
v -3.782248 0.426000 -0.050000
v -4.046248 0.426000 -0.050000
v -4.046248 0.335000 -0.050000
v -3.758459 0.335000 -0.050000
v -3.747960 0.313769 -0.050000
v -3.734259 0.286991 -0.050000
v -3.720181 0.260374 -0.050000
v -3.705769 0.233997 -0.050000
v -3.691062 0.207938 -0.050000
v -3.676101 0.182276 -0.050000
v -3.660928 0.157091 -0.050000
v -3.645584 0.132461 -0.050000
v -3.630108 0.108464 -0.050000
v -3.614541 0.085179 -0.050000
v -3.598922 0.062685 -0.050000
v -3.596558 0.059414 -0.050000
v -3.875300 0.090190 -0.050000
v -3.876740 0.087896 -0.050000
v -3.869611 0.099056 -0.050000
v -3.862385 0.110174 -0.050000
v -3.855076 0.121231 -0.050000
v -3.847699 0.132204 -0.050000
v -3.840266 0.143072 -0.050000
v -3.832794 0.153815 -0.050000
v -3.825295 0.164412 -0.050000
v -3.817784 0.174840 -0.050000
v -3.810276 0.185078 -0.050000
v -3.802783 0.195106 -0.050000
v -3.787878 0.214677 -0.050000
v -3.866128 0.252498 -0.050000
v -3.888990 0.223506 -0.050000
v -3.906969 0.199698 -0.050000
v -3.924792 0.175104 -0.050000
v -3.942288 0.149968 -0.050000
v -3.959282 0.124538 -0.050000
v -3.975600 0.099056 -0.050000
v -3.991069 0.073768 -0.050000
v -4.005513 0.048916 -0.050000
v -4.018760 0.024740 -0.050000
v -4.030638 0.001474 -0.050000
v -4.040972 -0.020653 -0.050000
v -4.053014 -0.049673 -0.050000
v -3.968765 -0.093074 -0.050000
v -3.962267 -0.075384 -0.050000
v -3.959458 -0.068117 -0.050000
v -3.956411 -0.060580 -0.050000
v -3.953132 -0.052794 -0.050000
v -3.949630 -0.044777 -0.050000
v -3.945911 -0.036548 -0.050000
v -3.941982 -0.028126 -0.050000
v -3.937851 -0.019529 -0.050000
v -3.933526 -0.010775 -0.050000
v -3.929013 -0.001883 -0.050000
v -3.924319 0.007130 -0.050000
v -3.922670 0.010217 -0.050000
v -3.842739 0.000137 -0.050000
v -3.768721 -0.009294 -0.050000
v -3.706345 -0.017368 -0.050000
v -3.654513 -0.024243 -0.050000
v -3.612134 -0.030073 -0.050000
v -3.578118 -0.035013 -0.050000
v -3.551385 -0.039214 -0.050000
v -3.530863 -0.042824 -0.050000
v -3.515495 -0.045985 -0.050000
v -3.504214 -0.048828 -0.050000
v -3.495892 -0.051490 -0.050000
v -3.478493 -0.058506 -0.050000
v -3.474432 -0.043240 -0.050000
v -3.472974 -0.038201 -0.050000
v -3.471219 -0.032468 -0.050000
v -3.469219 -0.026199 -0.050000
v -3.467020 -0.019542 -0.050000
v -3.464670 -0.012637 -0.050000
v -3.462217 -0.005628 -0.050000
v -3.459707 0.001347 -0.050000
v -3.457187 0.008147 -0.050000
v -3.454705 0.014629 -0.050000
v -3.452312 0.020647 -0.050000
v -3.445851 0.036154 -0.050000
v -3.202352 0.561331 0.050000
v -3.219209 0.553805 0.050000
v -3.236431 0.545760 0.050000
v -3.253815 0.537286 0.050000
v -3.271159 0.528476 0.050000
v -3.288259 0.519420 0.050000
v -3.304913 0.510207 0.050000
v -3.320919 0.500927 0.050000
v -3.336078 0.491666 0.050000
v -3.350193 0.482506 0.050000
v -3.363074 0.473523 0.050000
v -3.381830 0.459218 0.050000
v -3.328496 0.380488 0.050000
v -3.309394 0.395561 0.050000
v -3.297377 0.404361 0.050000
v -3.284033 0.413557 0.050000
v -3.269567 0.423017 0.050000
v -3.254182 0.432620 0.050000
v -3.238074 0.442243 0.050000
v -3.221441 0.451769 0.050000
v -3.204480 0.461078 0.050000
v -3.187388 0.470055 0.050000
v -3.170360 0.478581 0.050000
v -3.153597 0.486539 0.050000
v -3.125864 0.498915 0.050000
v -3.178861 0.571301 0.050000
v -3.256786 0.831320 0.050000
v -3.274166 0.823674 0.050000
v -3.291896 0.815456 0.050000
v -3.309772 0.806771 0.050000
v -3.327588 0.797723 0.050000
v -3.345139 0.788417 0.050000
v -3.362217 0.778958 0.050000
v -3.378618 0.769448 0.050000
v -3.394139 0.759989 0.050000
v -3.408579 0.750678 0.050000
v -3.421743 0.741606 0.050000
v -3.440906 0.727272 0.050000
v -3.386377 0.647380 0.050000
v -3.367020 0.663120 0.050000
v -3.354717 0.672346 0.050000
v -3.341046 0.681945 0.050000
v -3.326216 0.691793 0.050000
v -3.310435 0.701773 0.050000
v -3.293903 0.711770 0.050000
v -3.276822 0.721671 0.050000
v -3.259391 0.731366 0.050000
v -3.241809 0.740744 0.050000
v -3.224277 0.749694 0.050000
v -3.206995 0.758106 0.050000
v -3.178622 0.771197 0.050000
v -3.233033 0.841155 0.050000
v -3.432643 0.259350 0.050000
v -3.415565 0.225582 0.050000
v -3.401327 0.198026 0.050000
v -3.386577 0.170038 0.050000
v -3.371411 0.141792 0.050000
v -3.355927 0.113464 0.050000
v -3.340219 0.085230 0.050000
v -3.324385 0.057267 0.050000
v -3.308521 0.029748 0.050000
v -3.292724 0.002851 0.050000
v -3.277090 -0.023249 0.050000
v -3.261714 -0.048377 0.050000
v -3.240731 -0.081875 0.050000
v -3.161824 -0.017999 0.050000
v -3.180690 0.009897 0.050000
v -3.195303 0.032176 0.050000
v -3.210684 0.056246 0.050000
v -3.226666 0.081847 0.050000
v -3.243083 0.108718 0.050000
v -3.259770 0.136598 0.050000
v -3.276562 0.165228 0.050000
v -3.293296 0.194350 0.050000
v -3.309806 0.223704 0.050000
v -3.325927 0.253031 0.050000
v -3.341497 0.282071 0.050000
v -3.362315 0.322006 0.050000
v -3.460523 0.040932 0.050000
v -3.464404 0.042775 0.050000
v -3.468506 0.045317 0.050000
v -3.472830 0.048591 0.050000
v -3.477367 0.052612 0.050000
v -3.482107 0.057375 0.050000
v -3.487046 0.062867 0.050000
v -3.492186 0.069071 0.050000
v -3.497535 0.075967 0.050000
v -3.503104 0.083534 0.050000
v -3.508909 0.091752 0.050000
v -3.515038 0.100709 0.050000
v -3.521412 0.109733 0.050000
v -3.529356 0.121582 0.050000
v -3.538772 0.136185 0.050000
v -3.549431 0.153271 0.050000
v -3.561108 0.172584 0.050000
v -3.573586 0.193872 0.050000
v -3.586646 0.216883 0.050000
v -3.600072 0.241368 0.050000
v -3.613647 0.267078 0.050000
v -3.627154 0.293760 0.050000
v -3.640377 0.321166 0.050000
v -3.646692 0.335000 0.050000
v -3.428248 0.335000 0.050000
v -3.428248 0.426000 0.050000
v -3.687248 0.426000 0.050000
v -3.687248 0.587000 0.050000
v -3.472249 0.587000 0.050000
v -3.472249 0.678000 0.050000
v -3.687248 0.678000 0.050000
v -3.687248 0.850000 0.050000
v -3.782248 0.850000 0.050000
v -3.782248 0.678000 0.050000
v -4.005249 0.678000 0.050000
v -4.005249 0.587000 0.050000
v -3.782248 0.587000 0.050000
v -3.782248 0.426000 0.050000
v -4.046248 0.426000 0.050000
v -4.046248 0.335000 0.050000
v -3.758459 0.335000 0.050000
v -3.747960 0.313769 0.050000
v -3.734259 0.286991 0.050000
v -3.720181 0.260374 0.050000
v -3.705769 0.233997 0.050000
v -3.691062 0.207938 0.050000
v -3.676101 0.182276 0.050000
v -3.660928 0.157091 0.050000
v -3.645584 0.132461 0.050000
v -3.630108 0.108464 0.050000
v -3.614541 0.085179 0.050000
v -3.598922 0.062685 0.050000
v -3.596558 0.059414 0.050000
v -3.875300 0.090190 0.050000
v -3.876740 0.087896 0.050000
v -3.869611 0.099056 0.050000
v -3.862385 0.110174 0.050000
v -3.855076 0.121231 0.050000
v -3.847699 0.132204 0.050000
v -3.840266 0.143072 0.050000
v -3.832794 0.153815 0.050000
v -3.825295 0.164412 0.050000
v -3.817784 0.174840 0.050000
v -3.810276 0.185078 0.050000
v -3.802783 0.195106 0.050000
v -3.787878 0.214677 0.050000
v -3.866128 0.252498 0.050000
v -3.888990 0.223506 0.050000
v -3.906969 0.199698 0.050000
v -3.924792 0.175104 0.050000
v -3.942288 0.149968 0.050000
v -3.959282 0.124538 0.050000
v -3.975600 0.099056 0.050000
v -3.991069 0.073768 0.050000
v -4.005513 0.048916 0.050000
v -4.018760 0.024740 0.050000
v -4.030638 0.001474 0.050000
v -4.040972 -0.020653 0.050000
v -4.053014 -0.049673 0.050000
v -3.968765 -0.093074 0.050000
v -3.962267 -0.075384 0.050000
v -3.959458 -0.068117 0.050000
v -3.956411 -0.060580 0.050000
v -3.953132 -0.052794 0.050000
v -3.949630 -0.044777 0.050000
v -3.945911 -0.036548 0.050000
v -3.941982 -0.028126 0.050000
v -3.937851 -0.019529 0.050000
v -3.933526 -0.010775 0.050000
v -3.929013 -0.001883 0.050000
v -3.924319 0.007130 0.050000
v -3.922670 0.010217 0.050000
v -3.842739 0.000137 0.050000
v -3.768721 -0.009294 0.050000
v -3.706345 -0.017368 0.050000
v -3.654513 -0.024243 0.050000
v -3.612134 -0.030073 0.050000
v -3.578118 -0.035013 0.050000
v -3.551385 -0.039214 0.050000
v -3.530863 -0.042824 0.050000
v -3.515495 -0.045985 0.050000
v -3.504214 -0.048828 0.050000
v -3.495892 -0.051490 0.050000
v -3.478493 -0.058506 0.050000
v -3.474432 -0.043240 0.050000
v -3.472974 -0.038201 0.050000
v -3.471219 -0.032468 0.050000
v -3.469219 -0.026199 0.050000
v -3.467020 -0.019542 0.050000
v -3.464670 -0.012637 0.050000
v -3.462217 -0.005628 0.050000
v -3.459707 0.001347 0.050000
v -3.457187 0.008147 0.050000
v -3.454705 0.014629 0.050000
v -3.452312 0.020647 0.050000
v -3.445851 0.036154 0.050000
v -3.256786 0.831320 0.050000
v -3.256786 0.831320 -0.050000
v -3.274166 0.823674 0.050000
v -3.274166 0.823674 -0.050000
v -3.291896 0.815456 0.050000
v -3.291896 0.815456 -0.050000
v -3.309772 0.806771 0.050000
v -3.309772 0.806771 -0.050000
v -3.327588 0.797723 0.050000
v -3.327588 0.797723 -0.050000
v -3.345139 0.788417 0.050000
v -3.345139 0.788417 -0.050000
v -3.362217 0.778958 0.050000
v -3.362217 0.778958 -0.050000
v -3.378618 0.769448 0.050000
v -3.378618 0.769448 -0.050000
v -3.394139 0.759989 0.050000
v -3.394139 0.759989 -0.050000
v -3.408579 0.750678 0.050000
v -3.408579 0.750678 -0.050000
v -3.421743 0.741606 0.050000
v -3.421743 0.741606 -0.050000
v -3.440906 0.727272 0.050000
v -3.440906 0.727272 -0.050000
v -3.386377 0.647380 0.050000
v -3.386377 0.647380 -0.050000
v -3.367020 0.663120 0.050000
v -3.367020 0.663120 -0.050000
v -3.354717 0.672346 0.050000
v -3.354717 0.672346 -0.050000
v -3.341046 0.681945 0.050000
v -3.341046 0.681945 -0.050000
v -3.326216 0.691793 0.050000
v -3.326216 0.691793 -0.050000
v -3.310435 0.701773 0.050000
v -3.310435 0.701773 -0.050000
v -3.293903 0.711770 0.050000
v -3.293903 0.711770 -0.050000
v -3.276822 0.721671 0.050000
v -3.276822 0.721671 -0.050000
v -3.259391 0.731366 0.050000
v -3.259391 0.731366 -0.050000
v -3.241809 0.740744 0.050000
v -3.241809 0.740744 -0.050000
v -3.224277 0.749694 0.050000
v -3.224277 0.749694 -0.050000
v -3.206995 0.758106 0.050000
v -3.206995 0.758106 -0.050000
v -3.178622 0.771197 0.050000
v -3.178622 0.771197 -0.050000
v -3.233033 0.841155 0.050000
v -3.233033 0.841155 -0.050000
v -3.202352 0.561331 0.050000
v -3.202352 0.561331 -0.050000
v -3.219209 0.553805 0.050000
v -3.219209 0.553805 -0.050000
v -3.236431 0.545760 0.050000
v -3.236431 0.545760 -0.050000
v -3.253815 0.537286 0.050000
v -3.253815 0.537286 -0.050000
v -3.271159 0.528476 0.050000
v -3.271159 0.528476 -0.050000
v -3.288259 0.519420 0.050000
v -3.288259 0.519420 -0.050000
v -3.304913 0.510207 0.050000
v -3.304913 0.510207 -0.050000
v -3.320919 0.500927 0.050000
v -3.320919 0.500927 -0.050000
v -3.336078 0.491666 0.050000
v -3.336078 0.491666 -0.050000
v -3.350193 0.482506 0.050000
v -3.350193 0.482506 -0.050000
v -3.363074 0.473523 0.050000
v -3.363074 0.473523 -0.050000
v -3.381830 0.459218 0.050000
v -3.381830 0.459218 -0.050000
v -3.328496 0.380488 0.050000
v -3.328496 0.380488 -0.050000
v -3.309394 0.395561 0.050000
v -3.309394 0.395561 -0.050000
v -3.297377 0.404361 0.050000
v -3.297377 0.404361 -0.050000
v -3.284033 0.413557 0.050000
v -3.284033 0.413557 -0.050000
v -3.269567 0.423017 0.050000
v -3.269567 0.423017 -0.050000
v -3.254182 0.432620 0.050000
v -3.254182 0.432620 -0.050000
v -3.238074 0.442243 0.050000
v -3.238074 0.442243 -0.050000
v -3.221441 0.451769 0.050000
v -3.221441 0.451769 -0.050000
v -3.204480 0.461078 0.050000
v -3.204480 0.461078 -0.050000
v -3.187388 0.470055 0.050000
v -3.187388 0.470055 -0.050000
v -3.170360 0.478581 0.050000
v -3.170360 0.478581 -0.050000
v -3.153597 0.486539 0.050000
v -3.153597 0.486539 -0.050000
v -3.125864 0.498915 0.050000
v -3.125864 0.498915 -0.050000
v -3.178861 0.571301 0.050000
v -3.178861 0.571301 -0.050000
v -3.432643 0.259350 0.050000
v -3.432643 0.259350 -0.050000
v -3.415565 0.225582 0.050000
v -3.415565 0.225582 -0.050000
v -3.401327 0.198026 0.050000
v -3.401327 0.198026 -0.050000
v -3.386577 0.170038 0.050000
v -3.386577 0.170038 -0.050000
v -3.371411 0.141792 0.050000
v -3.371411 0.141792 -0.050000
v -3.355927 0.113464 0.050000
v -3.355927 0.113464 -0.050000
v -3.340219 0.085230 0.050000
v -3.340219 0.085230 -0.050000
v -3.324385 0.057267 0.050000
v -3.324385 0.057267 -0.050000
v -3.308521 0.029748 0.050000
v -3.308521 0.029748 -0.050000
v -3.292724 0.002851 0.050000
v -3.292724 0.002851 -0.050000
v -3.277090 -0.023249 0.050000
v -3.277090 -0.023249 -0.050000
v -3.261714 -0.048377 0.050000
v -3.261714 -0.048377 -0.050000
v -3.240731 -0.081875 0.050000
v -3.240731 -0.081875 -0.050000
v -3.161824 -0.017999 0.050000
v -3.161824 -0.017999 -0.050000
v -3.180690 0.009897 0.050000
v -3.180690 0.009897 -0.050000
v -3.195303 0.032176 0.050000
v -3.195303 0.032176 -0.050000
v -3.210684 0.056246 0.050000
v -3.210684 0.056246 -0.050000
v -3.226666 0.081847 0.050000
v -3.226666 0.081847 -0.050000
v -3.243083 0.108718 0.050000
v -3.243083 0.108718 -0.050000
v -3.259770 0.136598 0.050000
v -3.259770 0.136598 -0.050000
v -3.276562 0.165228 0.050000
v -3.276562 0.165228 -0.050000
v -3.293296 0.194350 0.050000
v -3.293296 0.194350 -0.050000
v -3.309806 0.223704 0.050000
v -3.309806 0.223704 -0.050000
v -3.325927 0.253031 0.050000
v -3.325927 0.253031 -0.050000
v -3.341497 0.282071 0.050000
v -3.341497 0.282071 -0.050000
v -3.362315 0.322006 0.050000
v -3.362315 0.322006 -0.050000
v -3.460523 0.040932 0.050000
v -3.460523 0.040932 -0.050000
v -3.464404 0.042775 0.050000
v -3.464404 0.042775 -0.050000
v -3.468506 0.045317 0.050000
v -3.468506 0.045317 -0.050000
v -3.472830 0.048591 0.050000
v -3.472830 0.048591 -0.050000
v -3.477367 0.052612 0.050000
v -3.477367 0.052612 -0.050000
v -3.482107 0.057375 0.050000
v -3.482107 0.057375 -0.050000
v -3.487046 0.062867 0.050000
v -3.487046 0.062867 -0.050000
v -3.492186 0.069071 0.050000
v -3.492186 0.069071 -0.050000
v -3.497535 0.075967 0.050000
v -3.497535 0.075967 -0.050000
v -3.503104 0.083534 0.050000
v -3.503104 0.083534 -0.050000
v -3.508909 0.091752 0.050000
v -3.508909 0.091753 -0.050000
v -3.515038 0.100709 0.050000
v -3.515038 0.100709 -0.050000
v -3.521412 0.109733 0.050000
v -3.521412 0.109733 -0.050000
v -3.529356 0.121582 0.050000
v -3.529356 0.121582 -0.050000
v -3.538772 0.136185 0.050000
v -3.538772 0.136185 -0.050000
v -3.549431 0.153271 0.050000
v -3.549431 0.153271 -0.050000
v -3.561108 0.172584 0.050000
v -3.561108 0.172584 -0.050000
v -3.573586 0.193872 0.050000
v -3.573586 0.193872 -0.050000
v -3.586646 0.216883 0.050000
v -3.586646 0.216883 -0.050000
v -3.600072 0.241368 0.050000
v -3.600072 0.241368 -0.050000
v -3.613647 0.267078 0.050000
v -3.613647 0.267078 -0.050000
v -3.627154 0.293760 0.050000
v -3.627154 0.293760 -0.050000
v -3.640377 0.321166 0.050000
v -3.640377 0.321166 -0.050000
v -3.646692 0.335000 0.050000
v -3.646692 0.335000 -0.050000
v -3.428248 0.335000 0.050000
v -3.428248 0.335000 -0.050000
v -3.428248 0.426000 0.050000
v -3.428248 0.426000 -0.050000
v -3.687248 0.426000 0.050000
v -3.687248 0.426000 -0.050000
v -3.687248 0.587000 0.050000
v -3.687248 0.587000 -0.050000
v -3.472249 0.587000 0.050000
v -3.472249 0.587000 -0.050000
v -3.472249 0.678000 0.050000
v -3.472249 0.678000 -0.050000
v -3.687248 0.678000 0.050000
v -3.687248 0.678000 -0.050000
v -3.687248 0.850000 0.050000
v -3.687248 0.850000 -0.050000
v -3.782248 0.850000 0.050000
v -3.782248 0.850000 -0.050000
v -3.782248 0.678000 0.050000
v -3.782248 0.678000 -0.050000
v -4.005249 0.678000 0.050000
v -4.005249 0.678000 -0.050000
v -4.005249 0.587000 0.050000
v -4.005249 0.587000 -0.050000
v -3.782248 0.587000 0.050000
v -3.782248 0.587000 -0.050000
v -3.782248 0.426000 0.050000
v -3.782248 0.426000 -0.050000
v -4.046248 0.426000 0.050000
v -4.046248 0.426000 -0.050000
v -4.046248 0.335000 0.050000
v -4.046248 0.335000 -0.050000
v -3.758459 0.335000 0.050000
v -3.758459 0.335000 -0.050000
v -3.747960 0.313769 0.050000
v -3.747960 0.313769 -0.050000
v -3.734259 0.286991 0.050000
v -3.734259 0.286991 -0.050000
v -3.720181 0.260374 0.050000
v -3.720181 0.260374 -0.050000
v -3.705769 0.233997 0.050000
v -3.705769 0.233997 -0.050000
v -3.691062 0.207938 0.050000
v -3.691062 0.207938 -0.050000
v -3.676101 0.182276 0.050000
v -3.676101 0.182276 -0.050000
v -3.660928 0.157091 0.050000
v -3.660928 0.157091 -0.050000
v -3.645584 0.132461 0.050000
v -3.645584 0.132461 -0.050000
v -3.630108 0.108464 0.050000
v -3.630108 0.108464 -0.050000
v -3.614541 0.085179 0.050000
v -3.614541 0.085179 -0.050000
v -3.598922 0.062685 0.050000
v -3.598922 0.062685 -0.050000
v -3.596558 0.059414 0.050000
v -3.596558 0.059414 -0.050000
v -3.875300 0.090190 0.050000
v -3.875300 0.090190 -0.050000
v -3.876740 0.087896 0.050000
v -3.876740 0.087896 -0.050000
v -3.869611 0.099056 0.050000
v -3.869611 0.099056 -0.050000
v -3.862385 0.110174 0.050000
v -3.862385 0.110174 -0.050000
v -3.855076 0.121231 0.050000
v -3.855076 0.121231 -0.050000
v -3.847699 0.132204 0.050000
v -3.847699 0.132204 -0.050000
v -3.840266 0.143072 0.050000
v -3.840266 0.143072 -0.050000
v -3.832794 0.153815 0.050000
v -3.832794 0.153815 -0.050000
v -3.825295 0.164412 0.050000
v -3.825295 0.164412 -0.050000
v -3.817784 0.174840 0.050000
v -3.817784 0.174840 -0.050000
v -3.810276 0.185078 0.050000
v -3.810276 0.185078 -0.050000
v -3.802783 0.195106 0.050000
v -3.802783 0.195106 -0.050000
v -3.787878 0.214677 0.050000
v -3.787878 0.214677 -0.050000
v -3.866128 0.252498 0.050000
v -3.866128 0.252498 -0.050000
v -3.888990 0.223506 0.050000
v -3.888990 0.223506 -0.050000
v -3.906969 0.199698 0.050000
v -3.906969 0.199698 -0.050000
v -3.924792 0.175104 0.050000
v -3.924792 0.175104 -0.050000
v -3.942288 0.149968 0.050000
v -3.942288 0.149968 -0.050000
v -3.959282 0.124538 0.050000
v -3.959282 0.124538 -0.050000
v -3.975600 0.099056 0.050000
v -3.975600 0.099056 -0.050000
v -3.991069 0.073768 0.050000
v -3.991069 0.073768 -0.050000
v -4.005513 0.048916 0.050000
v -4.005513 0.048916 -0.050000
v -4.018760 0.024740 0.050000
v -4.018760 0.024740 -0.050000
v -4.030638 0.001474 0.050000
v -4.030638 0.001474 -0.050000
v -4.040972 -0.020653 0.050000
v -4.040972 -0.020653 -0.050000
v -4.053014 -0.049673 0.050000
v -4.053014 -0.049673 -0.050000
v -3.968765 -0.093074 0.050000
v -3.968765 -0.093074 -0.050000
v -3.962267 -0.075384 0.050000
v -3.962267 -0.075384 -0.050000
v -3.959458 -0.068117 0.050000
v -3.959458 -0.068117 -0.050000
v -3.956411 -0.060580 0.050000
v -3.956411 -0.060580 -0.050000
v -3.953132 -0.052794 0.050000
v -3.953132 -0.052794 -0.050000
v -3.949630 -0.044777 0.050000
v -3.949630 -0.044777 -0.050000
v -3.945911 -0.036548 0.050000
v -3.945911 -0.036548 -0.050000
v -3.941982 -0.028126 0.050000
v -3.941982 -0.028126 -0.050000
v -3.937851 -0.019529 0.050000
v -3.937851 -0.019529 -0.050000
v -3.933526 -0.010775 0.050000
v -3.933526 -0.010775 -0.050000
v -3.929013 -0.001883 0.050000
v -3.929013 -0.001883 -0.050000
v -3.924319 0.007130 0.050000
v -3.924319 0.007130 -0.050000
v -3.922670 0.010217 0.050000
v -3.922670 0.010217 -0.050000
v -3.842739 0.000137 0.050000
v -3.842739 0.000137 -0.050000
v -3.768721 -0.009294 0.050000
v -3.768721 -0.009294 -0.050000
v -3.706345 -0.017368 0.050000
v -3.706345 -0.017368 -0.050000
v -3.654513 -0.024243 0.050000
v -3.654513 -0.024243 -0.050000
v -3.612134 -0.030073 0.050000
v -3.612134 -0.030073 -0.050000
v -3.578118 -0.035013 0.050000
v -3.578118 -0.035013 -0.050000
v -3.551385 -0.039214 0.050000
v -3.551385 -0.039214 -0.050000
v -3.530863 -0.042824 0.050000
v -3.530863 -0.042824 -0.050000
v -3.515495 -0.045985 0.050000
v -3.515495 -0.045985 -0.050000
v -3.504214 -0.048828 0.050000
v -3.504214 -0.048828 -0.050000
v -3.495892 -0.051490 0.050000
v -3.495892 -0.051490 -0.050000
v -3.478493 -0.058506 0.050000
v -3.478493 -0.058506 -0.050000
v -3.474432 -0.043240 0.050000
v -3.474432 -0.043240 -0.050000
v -3.472974 -0.038201 0.050000
v -3.472974 -0.038201 -0.050000
v -3.471219 -0.032468 0.050000
v -3.471219 -0.032468 -0.050000
v -3.469219 -0.026199 0.050000
v -3.469219 -0.026199 -0.050000
v -3.467020 -0.019542 0.050000
v -3.467020 -0.019542 -0.050000
v -3.464670 -0.012637 0.050000
v -3.464670 -0.012637 -0.050000
v -3.462217 -0.005628 0.050000
v -3.462217 -0.005628 -0.050000
v -3.459707 0.001347 0.050000
v -3.459707 0.001347 -0.050000
v -3.457187 0.008147 0.050000
v -3.457187 0.008147 -0.050000
v -3.454705 0.014629 0.050000
v -3.454705 0.014629 -0.050000
v -3.452312 0.020647 0.050000
v -3.452312 0.020647 -0.050000
v -3.445851 0.036154 0.050000
v -3.445851 0.036154 -0.050000
vn -0.0000 -0.0000 -1.0000
vn -0.0002 -0.0000 -1.0000
vn -0.0000 -0.0000 1.0000
vn -0.0002 -0.0000 1.0000
vn -0.4116 0.9114 -0.0000
vn -0.3926 0.9197 -0.0000
vn -0.4288 0.9034 -0.0000
vn -0.4449 0.8956 -0.0000
vn -0.4606 0.8876 -0.0000
vn -0.4765 0.8792 -0.0000
vn -0.4931 0.8700 -0.0000
vn -0.5110 0.8596 -0.0000
vn -0.5312 0.8472 -0.0000
vn -0.5547 0.8320 -0.0000
vn -0.5833 0.8122 -0.0000
vn -0.9864 0.1641 -0.0000
vn -0.1441 -0.9896 -0.0000
vn -0.9865 0.1641 -0.0000
vn 0.6155 -0.7881 -0.0000
vn 0.5873 -0.8093 -0.0000
vn 0.5640 -0.8258 -0.0000
vn 0.5439 -0.8392 -0.0000
vn 0.5260 -0.8505 -0.0000
vn 0.5095 -0.8605 -0.0000
vn 0.4938 -0.8696 -0.0000
vn 0.4784 -0.8782 -0.0000
vn 0.4627 -0.8865 -0.0000
vn 0.4462 -0.8949 -0.0000
vn 0.4283 -0.9036 -0.0000
vn 0.9716 -0.2365 -0.0000
vn 0.2557 0.9667 -0.0000
vn -0.4155 0.9096 -0.0000
vn -0.3992 0.9169 -0.0000
vn -0.4307 0.9025 -0.0000
vn -0.4455 0.8953 -0.0000
vn -0.4605 0.8877 -0.0000
vn -0.4761 0.8794 -0.0000
vn -0.4928 0.8701 -0.0000
vn -0.5115 0.8593 -0.0000
vn -0.5329 0.8462 -0.0000
vn -0.5583 0.8297 -0.0000
vn -0.5894 0.8079 -0.0000
vn -0.9869 0.1612 -0.0000
vn -0.1531 -0.9882 -0.0000
vn 0.6052 -0.7960 -0.0000
vn 0.5792 -0.8152 -0.0000
vn 0.5574 -0.8302 -0.0000
vn 0.5384 -0.8427 -0.0000
vn 0.5212 -0.8534 -0.0000
vn 0.5049 -0.8632 -0.0000
vn 0.4891 -0.8722 -0.0000
vn 0.4731 -0.8810 -0.0000
vn 0.4564 -0.8898 -0.0000
vn 0.4383 -0.8988 -0.0000
vn 0.4182 -0.9083 -0.0000
vn 0.9665 -0.2566 -0.0000
vn 0.2655 0.9641 -0.0000
vn -0.8904 -0.4552 -0.0000
vn -0.9825 0.1863 -0.0000
vn -0.8866 -0.4626 -0.0000
vn -0.8829 -0.4696 -0.0000
vn -0.8793 -0.4763 -0.0000
vn -0.8757 -0.4829 -0.0000
vn -0.8793 -0.4764 -0.0000
vn -0.8720 -0.4894 -0.0000
vn -0.8683 -0.4961 -0.0000
vn -0.8643 -0.5029 -0.0000
vn -0.8601 -0.5102 -0.0000
vn -0.8554 -0.5179 -0.0000
vn -0.8502 -0.5264 -0.0000
vn -0.1646 -0.9864 -0.0000
vn 0.9891 -0.1473 -0.0000
vn 0.8323 0.5543 -0.0000
vn 0.8394 0.5435 -0.0000
vn 0.8455 0.5340 -0.0000
vn 0.8508 0.5255 -0.0000
vn 0.8557 0.5175 -0.0000
vn 0.8603 0.5097 -0.0000
vn 0.8648 0.5021 -0.0000
vn 0.8603 0.5098 -0.0000
vn 0.8693 0.4942 -0.0000
vn 0.8740 0.4860 -0.0000
vn 0.8788 0.4771 -0.0000
vn 0.8841 0.4674 -0.0000
vn 0.1802 0.9836 -0.0000
vn 0.4786 0.8780 -0.0000
vn 0.3701 0.9290 -0.0000
vn 0.5658 0.8245 -0.0000
vn 0.6339 0.7734 -0.0000
vn 0.6864 0.7273 -0.0000
vn 0.7264 0.6873 -0.0000
vn 0.7570 0.6535 -0.0000
vn 0.7264 0.6872 -0.0000
vn 0.7802 0.6255 -0.0000
vn 0.7978 0.6029 -0.0000
vn 0.8112 0.5848 -0.0000
vn 0.8211 0.5708 -0.0000
vn 0.8111 0.5848 -0.0000
vn 0.8210 0.5709 -0.0000
vn 0.8238 0.5669 -0.0000
vn 0.8355 0.5494 -0.0000
vn 0.8445 0.5356 -0.0000
vn 0.8521 0.5234 -0.0000
vn 0.8592 0.5116 -0.0000
vn 0.8662 0.4996 -0.0000
vn 0.8733 0.4872 -0.0000
vn 0.8806 0.4739 -0.0000
vn 0.8883 0.4593 -0.0000
vn 0.8965 0.4431 -0.0000
vn 0.9052 0.4249 -0.0000
vn 0.8412 -0.5407 -0.0000
vn 0.7071 -0.7071 -0.0000
vn 0.7071 0.7071 -0.0000
vn -0.7071 0.7071 -0.0000
vn -0.7071 -0.7071 -0.0000
vn -0.5276 -0.8495 -0.0000
vn -0.8933 -0.4494 -0.0000
vn -0.8871 -0.4615 -0.0000
vn -0.8808 -0.4735 -0.0000
vn -0.8742 -0.4855 -0.0000
vn -0.8674 -0.4976 -0.0000
vn -0.8603 -0.5099 -0.0000
vn -0.8527 -0.5224 -0.0000
vn -0.8446 -0.5354 -0.0000
vn -0.8359 -0.5489 -0.0000
vn -0.8264 -0.5631 -0.0000
vn -0.8160 -0.5781 -0.0000
vn -0.8641 0.5033 -0.0000
vn -0.4351 0.9004 -0.0000
vn -0.5363 -0.8440 -0.0000
vn 0.8406 -0.5416 -0.0000
vn -0.5348 -0.8450 -0.0000
vn 0.8364 -0.5482 -0.0000
vn 0.8320 -0.5547 -0.0000
vn 0.8363 -0.5482 -0.0000
vn 0.8277 -0.5612 -0.0000
vn 0.8232 -0.5677 -0.0000
vn 0.8186 -0.5744 -0.0000
vn 0.8232 -0.5678 -0.0000
vn 0.8139 -0.5811 -0.0000
vn 0.8089 -0.5879 -0.0000
vn 0.8038 -0.5949 -0.0000
vn 0.7983 -0.6022 -0.0000
vn 0.8038 -0.5950 -0.0000
vn 0.9725 0.2327 -0.0000
vn -0.2245 0.9745 -0.0000
vn -0.7917 0.6109 -0.0000
vn -0.8039 0.5947 -0.0000
vn -0.8153 0.5791 -0.0000
vn -0.8261 0.5635 -0.0000
vn -0.8368 0.5475 -0.0000
vn -0.8476 0.5306 -0.0000
vn -0.8589 0.5122 -0.0000
vn -0.8708 0.4916 -0.0000
vn -0.8839 0.4677 -0.0000
vn -0.8985 0.4390 -0.0000
vn -0.9151 0.4033 -0.0000
vn -0.9391 -0.3438 -0.0000
vn 0.3630 -0.9318 -0.0000
vn 0.9357 -0.3527 -0.0000
vn 0.9299 -0.3677 -0.0000
vn 0.9244 -0.3815 -0.0000
vn 0.9190 -0.3942 -0.0000
vn 0.9138 -0.4061 -0.0000
vn 0.9088 -0.4173 -0.0000
vn 0.9038 -0.4279 -0.0000
vn 0.8989 -0.4381 -0.0000
vn 0.8941 -0.4478 -0.0000
vn 0.8990 -0.4380 -0.0000
vn 0.8893 -0.4573 -0.0000
vn 0.8845 -0.4665 -0.0000
vn 0.4595 -0.8882 -0.0000
vn -0.1258 -0.9921 -0.0000
vn -0.1274 -0.9919 -0.0000
vn -0.1299 -0.9915 -0.0000
vn -0.1339 -0.9910 -0.0000
vn -0.1400 -0.9902 -0.0000
vn -0.1495 -0.9888 -0.0000
vn -0.1643 -0.9864 -0.0000
vn -0.1874 -0.9823 -0.0000
vn -0.2230 -0.9748 -0.0000
vn -0.2747 -0.9615 -0.0000
vn -0.3396 -0.9406 -0.0000
vn 0.4473 -0.8944 -0.0000
vn 0.9635 -0.2676 -0.0000
vn 0.9584 -0.2853 -0.0000
vn 0.9545 -0.2984 -0.0000
vn 0.9584 -0.2854 -0.0000
vn 0.9511 -0.3088 -0.0000
vn 0.9544 -0.2984 -0.0000
vn 0.9481 -0.3179 -0.0000
vn 0.9453 -0.3262 -0.0000
vn 0.9424 -0.3345 -0.0000
vn 0.9393 -0.3431 -0.0000
vn 0.9358 -0.3525 -0.0000
vn 0.9316 -0.3635 -0.0000
vn 0.9262 -0.3771 -0.0000
vn 0.9087 0.4174 -0.0000
vt 0.559586 0.000000
vt 0.569948 0.000000
vt 0.564767 0.000000
vt 0.575130 0.000000
vt 0.259067 0.000000
vt 0.134715 0.000000
vt 0.264249 0.000000
vt 0.139896 0.000000
vt 0.145078 0.000000
vt 0.150259 0.000000
vt 0.155440 0.000000
vt 0.160622 0.000000
vt 0.165803 0.000000
vt 0.170984 0.000000
vt 0.253886 0.000000
vt 0.176166 0.000000
vt 0.181347 0.000000
vt 0.248705 0.000000
vt 0.186529 0.000000
vt 0.243523 0.000000
vt 0.191710 0.000000
vt 0.238342 0.000000
vt 0.233161 0.000000
vt 0.227979 0.000000
vt 0.222798 0.000000
vt 0.217617 0.000000
vt 0.212435 0.000000
vt 0.207254 0.000000
vt 0.202073 0.000000
vt 0.196891 0.000000
vt 0.549223 0.000000
vt 0.554404 0.000000
vt 0.580311 0.000000
vt 0.585492 0.000000
vt 0.544041 0.000000
vt 0.538860 0.000000
vt 0.590674 0.000000
vt 0.595855 0.000000
vt 0.528497 0.000000
vt 0.533679 0.000000
vt 0.601036 0.000000
vt 0.606218 0.000000
vt 0.523316 0.000000
vt 0.518135 0.000000
vt 0.611399 0.000000
vt 0.616580 0.000000
vt 0.393782 0.000000
vt 0.269430 0.000000
vt 0.398964 0.000000
vt 0.512953 0.000000
vt 0.621762 0.000000
vt 0.507772 0.000000
vt 0.626943 0.000000
vt 0.388601 0.000000
vt 0.502591 0.000000
vt 0.632124 0.000000
vt 0.274611 0.000000
vt 0.383420 0.000000
vt 0.740933 0.000000
vt 0.751295 0.000000
vt 0.746114 0.000000
vt 0.497409 0.000000
vt 0.637306 0.000000
vt 0.279793 0.000000
vt 0.378238 0.000000
vt 0.756477 0.000000
vt 0.492228 0.000000
vt 0.735751 0.000000
vt 0.642487 0.000000
vt 0.761658 0.000000
vt 0.284974 0.000000
vt 0.730570 0.000000
vt 0.373057 0.000000
vt 0.487047 0.000000
vt 0.725389 0.000000
vt 0.647668 0.000000
vt 0.766839 0.000000
vt 0.720207 0.000000
vt 0.481865 0.000000
vt 0.290155 0.000000
vt 0.367876 0.000000
vt 0.715026 0.000000
vt 0.652850 0.000000
vt 0.709845 0.000000
vt 0.476684 0.000000
vt 0.772021 0.000000
vt 0.704663 0.000000
vt 0.295337 0.000000
vt 0.362694 0.000000
vt 0.471503 0.000000
vt 0.658031 0.000000
vt 0.699482 0.000000
vt 0.777202 0.000000
vt 0.466321 0.000000
vt 0.694301 0.000000
vt 0.300518 0.000000
vt 0.689119 0.000000
vt 0.461140 0.000000
vt 0.357513 0.000000
vt 0.663212 0.000000
vt 0.455959 0.000000
vt 0.782383 0.000000
vt 0.683938 0.000000
vt 0.678756 0.000000
vt 0.450777 0.000000
vt 0.673575 0.000000
vt 0.305699 0.000000
vt 0.668394 0.000000
vt 0.445596 0.000000
vt 0.352332 0.000000
vt 0.440415 0.000000
vt 0.787565 0.000000
vt 0.435233 0.000000
vt 0.430052 0.000000
vt 0.424870 0.000000
vt 0.310881 0.000000
vt 0.347150 0.000000
vt 0.419689 0.000000
vt 0.792746 0.000000
vt 0.414508 0.000000
vt 0.409326 0.000000
vt 0.404145 0.000000
vt 1.000000 0.000000
vt 0.994819 0.000000
vt 0.341969 0.000000
vt 0.316062 0.000000
vt 0.875648 0.000000
vt 0.797927 0.000000
vt 0.989637 0.000000
vt 0.984456 0.000000
vt 0.880829 0.000000
vt 0.870466 0.000000
vt 0.336788 0.000000
vt 0.979275 0.000000
vt 0.865285 0.000000
vt 0.321244 0.000000
vt 0.803109 0.000000
vt 0.974093 0.000000
vt 0.886010 0.000000
vt 0.860104 0.000000
vt 0.968912 0.000000
vt 0.891192 0.000000
vt 0.854922 0.000000
vt 0.963731 0.000000
vt 0.896373 0.000000
vt 0.331606 0.000000
vt 0.849741 0.000000
vt 0.958549 0.000000
vt 0.808290 0.000000
vt 0.326425 0.000000
vt 0.901554 0.000000
vt 0.953368 0.000000
vt 0.844560 0.000000
vt 0.906736 0.000000
vt 0.948187 0.000000
vt 0.911917 0.000000
vt 0.839378 0.000000
vt 0.943005 0.000000
vt 0.917098 0.000000
vt 0.922280 0.000000
vt 0.937824 0.000000
vt 0.932642 0.000000
vt 0.927461 0.000000
vt 0.834197 0.000000
vt 0.829016 0.000000
vt 0.823834 0.000000
vt 0.818653 0.000000
vt 0.813471 0.000000
vt 0.124352 0.000000
vt 0.000000 0.000000
vt 0.129534 0.000000
vt 0.005181 0.000000
vt 0.010363 0.000000
vt 0.015544 0.000000
vt 0.020725 0.000000
vt 0.025907 0.000000
vt 0.031088 0.000000
vt 0.036269 0.000000
vt 0.041451 0.000000
vt 0.119171 0.000000
vt 0.046632 0.000000
vt 0.113990 0.000000
vt 0.051813 0.000000
vt 0.108808 0.000000
vt 0.056995 0.000000
vt 0.103627 0.000000
vt 0.098446 0.000000
vt 0.093264 0.000000
vt 0.088083 0.000000
vt 0.082902 0.000000
vt 0.077720 0.000000
vt 0.072539 0.000000
vt 0.067358 0.000000
vt 0.062176 0.000000
vt 0.038462 1.000000
vt 0.000000 1.000000
vt 0.076923 1.000000
vt 0.038462 0.000000
vt 0.115385 1.000000
vt 0.076923 0.000000
vt 0.153846 1.000000
vt 0.115385 0.000000
vt 0.192308 1.000000
vt 0.153846 0.000000
vt 0.230769 1.000000
vt 0.192308 0.000000
vt 0.269231 1.000000
vt 0.230769 0.000000
vt 0.307692 1.000000
vt 0.269231 0.000000
vt 0.346154 1.000000
vt 0.307692 0.000000
vt 0.384615 1.000000
vt 0.346154 0.000000
vt 0.423077 1.000000
vt 0.384615 0.000000
vt 0.461538 1.000000
vt 0.423077 0.000000
vt 0.500000 1.000000
vt 0.461538 0.000000
vt 0.538462 1.000000
vt 0.500000 0.000000
vt 0.576923 1.000000
vt 0.538462 0.000000
vt 0.615385 1.000000
vt 0.576923 0.000000
vt 0.653846 1.000000
vt 0.615385 0.000000
vt 0.692308 1.000000
vt 0.653846 0.000000
vt 0.730769 1.000000
vt 0.692308 0.000000
vt 0.769231 1.000000
vt 0.730769 0.000000
vt 0.807692 1.000000
vt 0.769231 0.000000
vt 0.846154 1.000000
vt 0.807692 0.000000
vt 0.884615 1.000000
vt 0.846154 0.000000
vt 0.923077 1.000000
vt 0.884615 0.000000
vt 0.961538 1.000000
vt 0.923077 0.000000
vt 1.000000 1.000000
vt 0.961538 0.000000
vt 0.008621 1.000000
vt 0.017241 1.000000
vt 0.008621 0.000000
vt 0.025862 1.000000
vt 0.017241 0.000000
vt 0.034483 1.000000
vt 0.025862 0.000000
vt 0.043103 1.000000
vt 0.034483 0.000000
vt 0.051724 1.000000
vt 0.043103 0.000000
vt 0.060345 1.000000
vt 0.051724 0.000000
vt 0.068966 1.000000
vt 0.060345 0.000000
vt 0.077586 1.000000
vt 0.068966 0.000000
vt 0.086207 1.000000
vt 0.077586 0.000000
vt 0.094828 1.000000
vt 0.086207 0.000000
vt 0.103448 1.000000
vt 0.094828 0.000000
vt 0.112069 1.000000
vt 0.103448 0.000000
vt 0.120690 1.000000
vt 0.112069 0.000000
vt 0.129310 1.000000
vt 0.120690 0.000000
vt 0.137931 1.000000
vt 0.129310 0.000000
vt 0.146552 1.000000
vt 0.137931 0.000000
vt 0.155172 1.000000
vt 0.146552 0.000000
vt 0.163793 1.000000
vt 0.155172 0.000000
vt 0.172414 1.000000
vt 0.163793 0.000000
vt 0.181034 1.000000
vt 0.172414 0.000000
vt 0.189655 1.000000
vt 0.181034 0.000000
vt 0.198276 1.000000
vt 0.189655 0.000000
vt 0.206897 1.000000
vt 0.198276 0.000000
vt 0.215517 1.000000
vt 0.206897 0.000000
vt 0.224138 1.000000
vt 0.215517 0.000000
vt 0.232759 1.000000
vt 0.224138 0.000000
vt 0.241379 1.000000
vt 0.232759 0.000000
vt 0.250000 1.000000
vt 0.241379 0.000000
vt 0.258621 1.000000
vt 0.250000 0.000000
vt 0.267241 1.000000
vt 0.258621 0.000000
vt 0.275862 1.000000
vt 0.267241 0.000000
vt 0.284483 1.000000
vt 0.275862 0.000000
vt 0.293103 1.000000
vt 0.284483 0.000000
vt 0.301724 1.000000
vt 0.293103 0.000000
vt 0.310345 1.000000
vt 0.301724 0.000000
vt 0.318966 1.000000
vt 0.310345 0.000000
vt 0.327586 1.000000
vt 0.318966 0.000000
vt 0.336207 1.000000
vt 0.327586 0.000000
vt 0.344828 1.000000
vt 0.336207 0.000000
vt 0.353448 1.000000
vt 0.344828 0.000000
vt 0.362069 1.000000
vt 0.353448 0.000000
vt 0.370690 1.000000
vt 0.362069 0.000000
vt 0.379310 1.000000
vt 0.370690 0.000000
vt 0.387931 1.000000
vt 0.379310 0.000000
vt 0.396552 1.000000
vt 0.387931 0.000000
vt 0.405172 1.000000
vt 0.396552 0.000000
vt 0.413793 1.000000
vt 0.405172 0.000000
vt 0.422414 1.000000
vt 0.413793 0.000000
vt 0.431034 1.000000
vt 0.422414 0.000000
vt 0.439655 1.000000
vt 0.431034 0.000000
vt 0.448276 1.000000
vt 0.439655 0.000000
vt 0.456897 1.000000
vt 0.448276 0.000000
vt 0.465517 1.000000
vt 0.456897 0.000000
vt 0.474138 1.000000
vt 0.465517 0.000000
vt 0.482759 1.000000
vt 0.474138 0.000000
vt 0.491379 1.000000
vt 0.482759 0.000000
vt 0.491379 0.000000
vt 0.508621 1.000000
vt 0.517241 1.000000
vt 0.508621 0.000000
vt 0.525862 1.000000
vt 0.517241 0.000000
vt 0.534483 1.000000
vt 0.525862 0.000000
vt 0.543103 1.000000
vt 0.534483 0.000000
vt 0.551724 1.000000
vt 0.543103 0.000000
vt 0.560345 1.000000
vt 0.551724 0.000000
vt 0.568965 1.000000
vt 0.560345 0.000000
vt 0.577586 1.000000
vt 0.568965 0.000000
vt 0.586207 1.000000
vt 0.577586 0.000000
vt 0.594828 1.000000
vt 0.586207 0.000000
vt 0.603448 1.000000
vt 0.594828 0.000000
vt 0.612069 1.000000
vt 0.603448 0.000000
vt 0.620690 1.000000
vt 0.612069 0.000000
vt 0.629310 1.000000
vt 0.620690 0.000000
vt 0.637931 1.000000
vt 0.629310 0.000000
vt 0.646552 1.000000
vt 0.637931 0.000000
vt 0.655172 1.000000
vt 0.646552 0.000000
vt 0.663793 1.000000
vt 0.655172 0.000000
vt 0.672414 1.000000
vt 0.663793 0.000000
vt 0.681035 1.000000
vt 0.672414 0.000000
vt 0.689655 1.000000
vt 0.681035 0.000000
vt 0.698276 1.000000
vt 0.689655 0.000000
vt 0.706897 1.000000
vt 0.698276 0.000000
vt 0.715517 1.000000
vt 0.706897 0.000000
vt 0.724138 1.000000
vt 0.715517 0.000000
vt 0.732759 1.000000
vt 0.724138 0.000000
vt 0.741379 1.000000
vt 0.732759 0.000000
vt 0.750000 1.000000
vt 0.741379 0.000000
vt 0.758621 1.000000
vt 0.750000 0.000000
vt 0.767241 1.000000
vt 0.758621 0.000000
vt 0.775862 1.000000
vt 0.767241 0.000000
vt 0.784483 1.000000
vt 0.775862 0.000000
vt 0.793103 1.000000
vt 0.784483 0.000000
vt 0.801724 1.000000
vt 0.793103 0.000000
vt 0.810345 1.000000
vt 0.801724 0.000000
vt 0.818965 1.000000
vt 0.810345 0.000000
vt 0.827586 1.000000
vt 0.818965 0.000000
vt 0.836207 1.000000
vt 0.827586 0.000000
vt 0.844828 1.000000
vt 0.836207 0.000000
vt 0.853448 1.000000
vt 0.844828 0.000000
vt 0.862069 1.000000
vt 0.853448 0.000000
vt 0.870690 1.000000
vt 0.862069 0.000000
vt 0.879310 1.000000
vt 0.870690 0.000000
vt 0.887931 1.000000
vt 0.879310 0.000000
vt 0.896552 1.000000
vt 0.887931 0.000000
vt 0.905172 1.000000
vt 0.896552 0.000000
vt 0.913793 1.000000
vt 0.905172 0.000000
vt 0.922414 1.000000
vt 0.913793 0.000000
vt 0.931035 1.000000
vt 0.922414 0.000000
vt 0.939655 1.000000
vt 0.931035 0.000000
vt 0.948276 1.000000
vt 0.939655 0.000000
vt 0.956897 1.000000
vt 0.948276 0.000000
vt 0.965517 1.000000
vt 0.956897 0.000000
vt 0.974138 1.000000
vt 0.965517 0.000000
vt 0.982759 1.000000
vt 0.974138 0.000000
vt 0.991379 1.000000
vt 0.982759 0.000000
vt 0.991379 0.000000
s 0
f 2077/1433/482 2079/1434/482 2078/1435/482
f 2077/1433/482 2080/1436/482 2079/1434/482
f 2019/1437/482 1995/1438/482 2020/1439/482
f 2019/1437/482 1996/1440/482 1995/1438/482
f 2019/1437/482 1997/1441/482 1996/1440/482
f 2019/1437/482 1998/1442/482 1997/1441/482
f 2019/1437/482 1999/1443/482 1998/1442/482
f 2019/1437/482 2000/1444/482 1999/1443/482
f 2019/1437/482 2001/1445/482 2000/1444/482
f 2019/1437/482 2002/1446/482 2001/1445/482
f 2018/1447/482 2002/1446/482 2019/1437/482
f 2018/1447/482 2003/1448/482 2002/1446/482
f 2018/1447/482 2004/1449/482 2003/1448/482
f 2017/1450/482 2004/1449/482 2018/1447/482
f 2017/1450/482 2005/1451/482 2004/1449/482
f 2016/1452/482 2005/1451/482 2017/1450/482
f 2016/1452/482 2006/1453/482 2005/1451/482
f 2015/1454/482 2006/1453/482 2016/1452/482
f 2014/1455/482 2006/1453/482 2015/1454/482
f 2014/1455/482 2013/1456/482 2006/1453/482
f 2013/1456/482 2012/1457/482 2006/1453/482
f 2012/1457/482 2011/1458/482 2006/1453/482
f 2011/1458/482 2010/1459/482 2006/1453/482
f 2010/1459/482 2009/1460/482 2006/1453/482
f 2009/1460/482 2008/1461/482 2006/1453/482
f 2008/1461/482 2007/1462/482 2006/1453/482
f 2075/1463/482 2077/1433/482 2076/1464/482
f 2075/1463/482 2080/1436/482 2077/1433/482
f 2075/1463/482 2081/1465/482 2080/1436/482
f 2075/1463/482 2082/1466/482 2081/1465/482
f 2074/1467/482 2082/1466/482 2075/1463/482
f 2073/1468/482 2083/1469/482 2074/1467/482
f 2083/1469/482 2082/1466/482 2074/1467/482
f 2073/1468/482 2084/1470/482 2083/1469/482
f 2071/1471/482 2073/1468/482 2072/1472/482
f 2071/1471/482 2084/1470/482 2073/1468/482
f 2071/1471/482 2085/1473/482 2084/1470/482
f 2071/1471/482 2086/1474/482 2085/1473/482
f 2070/1475/482 2086/1474/482 2071/1471/482
f 2069/1476/482 2087/1477/482 2070/1475/482
f 2087/1477/482 2086/1474/482 2070/1475/482
f 2069/1476/482 2088/1478/482 2087/1477/482
f 2045/1479/482 2021/1480/482 2046/1481/482
f 2068/1482/482 2088/1478/482 2069/1476/482
f 2068/1482/482 2089/1483/482 2088/1478/482
f 2067/1484/482 2089/1483/482 2068/1482/482
f 2067/1484/482 2090/1485/482 2089/1483/482
f 2044/1486/482 2021/1480/482 2045/1479/482
f 2066/1487/482 2090/1485/482 2067/1484/482
f 2066/1487/482 2091/1488/482 2090/1485/482
f 2044/1486/482 2022/1489/482 2021/1480/482
f 2043/1490/482 2022/1489/482 2044/1486/482
f 2112/1491/482 2114/1492/482 2113/1493/482
f 2065/1494/482 2091/1488/482 2066/1487/482
f 2065/1494/482 2092/1495/482 2091/1488/482
f 2043/1490/482 2023/1496/482 2022/1489/482
f 2042/1497/482 2023/1496/482 2043/1490/482
f 2112/1491/482 2115/1498/482 2114/1492/482
f 2064/1499/482 2092/1495/482 2065/1494/482
f 2111/1500/482 2115/1498/482 2112/1491/482
f 2064/1499/482 2093/1501/482 2092/1495/482
f 2111/1500/482 2116/1502/482 2115/1498/482
f 2042/1497/482 2024/1503/482 2023/1496/482
f 2110/1504/482 2116/1502/482 2111/1500/482
f 2041/1505/482 2024/1503/482 2042/1497/482
f 2063/1506/482 2093/1501/482 2064/1499/482
f 2109/1507/482 2116/1502/482 2110/1504/482
f 2063/1506/482 2094/1508/482 2093/1501/482
f 2109/1507/482 2117/1509/482 2116/1502/482
f 2108/1510/482 2117/1509/482 2109/1507/482
f 2062/1511/482 2094/1508/482 2063/1506/482
f 2041/1505/482 2025/1512/482 2024/1503/482
f 2040/1513/482 2025/1512/482 2041/1505/482
f 2107/1514/482 2117/1509/482 2108/1510/482
f 2062/1511/482 2095/1515/482 2094/1508/482
f 2106/1516/482 2117/1509/482 2107/1514/482
f 2061/1517/482 2095/1515/482 2062/1511/482
f 2106/1516/482 2118/1518/482 2117/1509/482
f 2105/1519/482 2118/1518/482 2106/1516/482
f 2040/1513/482 2026/1520/482 2025/1512/482
f 2039/1521/482 2026/1520/482 2040/1513/482
f 2060/1522/482 2095/1515/482 2061/1517/482
f 2060/1522/482 2096/1523/482 2095/1515/482
f 2104/1524/482 2118/1518/482 2105/1519/482
f 2104/1524/482 2119/1525/482 2118/1518/482
f 2059/1526/482 2096/1523/482 2060/1522/482
f 2103/1527/482 2119/1525/482 2104/1524/482
f 2039/1521/482 2027/1528/482 2026/1520/482
f 2102/1529/482 2119/1525/482 2103/1527/482
f 2058/1530/482 2096/1523/482 2059/1526/482
f 2038/1531/482 2027/1528/482 2039/1521/482
f 2058/1530/482 2097/1532/482 2096/1523/482
f 2057/1533/482 2097/1532/482 2058/1530/482
f 2102/1529/482 2120/1534/482 2119/1525/482
f 2101/1535/483 2100/1536/483 2102/1529/483
f 2100/1536/482 2120/1534/482 2102/1529/482
f 2056/1537/482 2097/1532/482 2057/1533/482
f 2099/1538/482 2120/1534/482 2100/1536/482
f 2038/1531/482 2028/1539/482 2027/1528/482
f 2056/1537/482 2098/1540/482 2097/1532/482
f 2055/1541/482 2098/1540/482 2056/1537/482
f 2037/1542/482 2028/1539/482 2038/1531/482
f 2054/1543/482 2098/1540/482 2055/1541/482
f 2099/1538/482 2121/1544/482 2120/1534/482
f 2053/1545/482 2098/1540/482 2054/1543/482
f 2052/1546/482 2098/1540/482 2053/1545/482
f 2052/1546/482 2099/1538/482 2098/1540/482
f 2052/1546/482 2121/1544/482 2099/1538/482
f 2051/1547/482 2121/1544/482 2052/1546/482
f 2037/1542/482 2029/1548/482 2028/1539/482
f 2036/1549/482 2029/1548/482 2037/1542/482
f 2050/1550/482 2121/1544/482 2051/1547/482
f 2050/1550/482 2122/1551/482 2121/1544/482
f 2049/1552/482 2122/1551/482 2050/1550/482
f 2048/1553/482 2122/1551/482 2049/1552/482
f 2047/1554/482 2122/1551/482 2048/1553/482
f 2162/1555/482 2122/1551/482 2047/1554/482
f 2161/1556/482 2122/1551/482 2162/1555/482
f 2035/1557/482 2029/1548/482 2036/1549/482
f 2035/1557/482 2030/1558/482 2029/1548/482
f 2161/1556/482 2138/1559/482 2122/1551/482
f 2138/1559/482 2123/1560/482 2122/1551/482
f 2160/1561/482 2138/1559/482 2161/1556/482
f 2159/1562/482 2138/1559/482 2160/1561/482
f 2159/1562/482 2139/1563/482 2138/1559/482
f 2137/1564/482 2123/1560/482 2138/1559/482
f 2034/1565/482 2030/1558/482 2035/1557/482
f 2158/1566/482 2139/1563/482 2159/1562/482
f 2136/1567/482 2123/1560/482 2137/1564/482
f 2034/1565/482 2031/1568/482 2030/1558/482
f 2136/1567/482 2124/1569/482 2123/1560/482
f 2157/1570/482 2139/1563/482 2158/1566/482
f 2157/1570/482 2140/1571/482 2139/1563/482
f 2135/1572/482 2124/1569/482 2136/1567/482
f 2156/1573/482 2140/1571/482 2157/1570/482
f 2156/1573/482 2141/1574/482 2140/1571/482
f 2134/1575/482 2124/1569/482 2135/1572/482
f 2155/1576/482 2141/1574/482 2156/1573/482
f 2155/1576/482 2142/1577/482 2141/1574/482
f 2033/1578/482 2031/1568/482 2034/1565/482
f 2133/1579/482 2124/1569/482 2134/1575/482
f 2154/1580/482 2142/1577/482 2155/1576/482
f 2133/1579/482 2125/1581/482 2124/1569/482
f 2033/1578/482 2032/1582/482 2031/1568/482
f 2154/1580/482 2143/1583/482 2142/1577/482
f 2153/1584/482 2143/1583/482 2154/1580/482
f 2132/1585/482 2125/1581/482 2133/1579/482
f 2153/1584/482 2144/1586/482 2143/1583/482
f 2152/1587/482 2144/1586/482 2153/1584/482
f 2152/1587/482 2145/1588/482 2144/1586/482
f 2131/1589/482 2125/1581/482 2132/1585/482
f 2151/1590/482 2145/1588/482 2152/1587/482
f 2151/1590/482 2146/1591/482 2145/1588/482
f 2151/1590/482 2147/1592/482 2146/1591/482
f 2150/1593/482 2149/1594/482 2151/1590/482
f 2149/1594/482 2148/1595/482 2151/1590/482
f 2148/1595/482 2147/1592/482 2151/1590/482
f 2130/1596/482 2125/1581/482 2131/1589/482
f 2130/1596/482 2129/1597/482 2125/1581/482
f 2129/1597/482 2128/1598/482 2125/1581/482
f 2128/1598/482 2127/1599/482 2125/1581/482
f 2127/1599/482 2126/1600/482 2125/1581/482
f 1993/1601/482 1969/1602/482 1994/1603/482
f 1993/1601/482 1970/1604/482 1969/1602/482
f 1993/1601/482 1971/1605/482 1970/1604/482
f 1993/1601/482 1972/1606/482 1971/1605/482
f 1993/1601/482 1973/1607/482 1972/1606/482
f 1993/1601/482 1974/1608/482 1973/1607/482
f 1993/1601/482 1975/1609/482 1974/1608/482
f 1993/1601/482 1976/1610/482 1975/1609/482
f 1993/1601/482 1977/1611/482 1976/1610/482
f 1992/1612/482 1977/1611/482 1993/1601/482
f 1992/1612/482 1978/1613/482 1977/1611/482
f 1991/1614/482 1978/1613/482 1992/1612/482
f 1991/1614/482 1979/1615/482 1978/1613/482
f 1990/1616/482 1979/1615/482 1991/1614/482
f 1990/1616/482 1980/1617/482 1979/1615/482
f 1989/1618/482 1980/1617/482 1990/1616/482
f 1988/1619/482 1980/1617/482 1989/1618/482
f 1988/1619/482 1987/1620/482 1980/1617/482
f 1987/1620/482 1986/1621/482 1980/1617/482
f 1986/1621/482 1985/1622/482 1980/1617/482
f 1985/1622/482 1984/1623/482 1980/1617/482
f 1984/1623/482 1983/1624/482 1980/1617/482
f 1983/1624/482 1982/1625/482 1980/1617/482
f 1982/1625/482 1981/1626/482 1980/1617/482
f 2271/1433/484 2272/1435/484 2273/1434/484
f 2271/1433/484 2273/1434/484 2274/1436/484
f 2213/1437/484 2214/1439/484 2189/1438/484
f 2213/1437/484 2189/1438/484 2190/1440/484
f 2213/1437/484 2190/1440/484 2191/1441/484
f 2213/1437/484 2191/1441/484 2192/1442/484
f 2213/1437/484 2192/1442/484 2193/1443/484
f 2213/1437/484 2193/1443/484 2194/1444/484
f 2213/1437/484 2194/1444/484 2195/1445/484
f 2213/1437/484 2195/1445/484 2196/1446/484
f 2212/1447/484 2213/1437/484 2196/1446/484
f 2212/1447/484 2196/1446/484 2197/1448/484
f 2212/1447/484 2197/1448/484 2198/1449/484
f 2211/1450/484 2212/1447/484 2198/1449/484
f 2211/1450/484 2198/1449/484 2199/1451/484
f 2210/1452/484 2211/1450/484 2199/1451/484
f 2210/1452/484 2199/1451/484 2200/1453/484
f 2209/1454/484 2210/1452/484 2200/1453/484
f 2208/1455/484 2209/1454/484 2200/1453/484
f 2208/1455/484 2200/1453/484 2207/1456/484
f 2207/1456/484 2200/1453/484 2206/1457/484
f 2206/1457/484 2200/1453/484 2205/1458/484
f 2205/1458/484 2200/1453/484 2204/1459/484
f 2204/1459/484 2200/1453/484 2203/1460/484
f 2203/1460/484 2200/1453/484 2202/1461/484
f 2202/1461/484 2200/1453/484 2201/1462/484
f 2269/1463/484 2270/1464/484 2271/1433/484
f 2269/1463/484 2271/1433/484 2274/1436/484
f 2269/1463/484 2274/1436/484 2275/1465/484
f 2269/1463/484 2275/1465/484 2276/1466/484
f 2268/1467/482 2269/1463/482 2276/1466/482
f 2267/1468/484 2268/1467/484 2277/1469/484
f 2277/1469/482 2268/1467/482 2276/1466/482
f 2267/1468/484 2277/1469/484 2278/1470/484
f 2265/1471/484 2266/1472/484 2267/1468/484
f 2265/1471/484 2267/1468/484 2278/1470/484
f 2265/1471/484 2278/1470/484 2279/1473/484
f 2265/1471/484 2279/1473/484 2280/1474/484
f 2264/1475/482 2265/1471/482 2280/1474/482
f 2263/1476/484 2264/1475/484 2281/1477/484
f 2281/1477/482 2264/1475/482 2280/1474/482
f 2263/1476/484 2281/1477/484 2282/1478/484
f 2239/1479/484 2240/1481/484 2215/1480/484
f 2262/1482/484 2263/1476/484 2282/1478/484
f 2262/1482/484 2282/1478/484 2283/1483/484
f 2261/1484/484 2262/1482/484 2283/1483/484
f 2261/1484/484 2283/1483/484 2284/1485/484
f 2238/1486/484 2239/1479/484 2215/1480/484
f 2260/1487/484 2261/1484/484 2284/1485/484
f 2260/1487/484 2284/1485/484 2285/1488/484
f 2238/1486/484 2215/1480/484 2216/1489/484
f 2237/1490/484 2238/1486/484 2216/1489/484
f 2306/1491/484 2307/1493/484 2308/1492/484
f 2259/1494/484 2260/1487/484 2285/1488/484
f 2259/1494/484 2285/1488/484 2286/1495/484
f 2237/1490/484 2216/1489/484 2217/1496/484
f 2236/1497/484 2237/1490/484 2217/1496/484
f 2306/1491/484 2308/1492/484 2309/1498/484
f 2258/1499/484 2259/1494/484 2286/1495/484
f 2305/1500/484 2306/1491/484 2309/1498/484
f 2258/1499/484 2286/1495/484 2287/1501/484
f 2305/1500/484 2309/1498/484 2310/1502/484
f 2236/1497/484 2217/1496/484 2218/1503/484
f 2304/1504/484 2305/1500/484 2310/1502/484
f 2235/1505/484 2236/1497/484 2218/1503/484
f 2257/1506/484 2258/1499/484 2287/1501/484
f 2303/1507/484 2304/1504/484 2310/1502/484
f 2257/1506/484 2287/1501/484 2288/1508/484
f 2303/1507/484 2310/1502/484 2311/1509/484
f 2302/1510/484 2303/1507/484 2311/1509/484
f 2256/1511/484 2257/1506/484 2288/1508/484
f 2235/1505/484 2218/1503/484 2219/1512/484
f 2234/1513/484 2235/1505/484 2219/1512/484
f 2301/1514/484 2302/1510/484 2311/1509/484
f 2256/1511/484 2288/1508/484 2289/1515/484
f 2300/1516/484 2301/1514/484 2311/1509/484
f 2255/1517/484 2256/1511/484 2289/1515/484
f 2300/1516/484 2311/1509/484 2312/1518/484
f 2299/1519/484 2300/1516/484 2312/1518/484
f 2234/1513/484 2219/1512/484 2220/1520/484
f 2233/1521/484 2234/1513/484 2220/1520/484
f 2254/1522/484 2255/1517/484 2289/1515/484
f 2254/1522/484 2289/1515/484 2290/1523/484
f 2298/1524/484 2299/1519/484 2312/1518/484
f 2298/1524/484 2312/1518/484 2313/1525/484
f 2253/1526/484 2254/1522/484 2290/1523/484
f 2297/1527/484 2298/1524/484 2313/1525/484
f 2233/1521/484 2220/1520/484 2221/1528/484
f 2296/1529/484 2297/1527/484 2313/1525/484
f 2252/1530/484 2253/1526/484 2290/1523/484
f 2232/1531/484 2233/1521/484 2221/1528/484
f 2252/1530/484 2290/1523/484 2291/1532/484
f 2251/1533/484 2252/1530/484 2291/1532/484
f 2296/1529/484 2313/1525/484 2314/1534/484
f 2295/1535/485 2296/1529/485 2294/1536/485
f 2294/1536/484 2296/1529/484 2314/1534/484
f 2250/1537/484 2251/1533/484 2291/1532/484
f 2293/1538/484 2294/1536/484 2314/1534/484
f 2232/1531/484 2221/1528/484 2222/1539/484
f 2250/1537/484 2291/1532/484 2292/1540/484
f 2249/1541/484 2250/1537/484 2292/1540/484
f 2231/1542/484 2232/1531/484 2222/1539/484
f 2248/1543/484 2249/1541/484 2292/1540/484
f 2293/1538/484 2314/1534/484 2315/1544/484
f 2247/1545/484 2248/1543/484 2292/1540/484
f 2246/1546/484 2247/1545/484 2292/1540/484
f 2246/1546/484 2292/1540/484 2293/1538/484
f 2246/1546/484 2293/1538/484 2315/1544/484
f 2245/1547/484 2246/1546/484 2315/1544/484
f 2231/1542/484 2222/1539/484 2223/1548/484
f 2230/1549/484 2231/1542/484 2223/1548/484
f 2244/1550/484 2245/1547/484 2315/1544/484
f 2244/1550/484 2315/1544/484 2316/1551/484
f 2243/1552/484 2244/1550/484 2316/1551/484
f 2242/1553/484 2243/1552/484 2316/1551/484
f 2241/1554/484 2242/1553/484 2316/1551/484
f 2356/1555/484 2241/1554/484 2316/1551/484
f 2355/1556/484 2356/1555/484 2316/1551/484
f 2229/1557/484 2230/1549/484 2223/1548/484
f 2229/1557/484 2223/1548/484 2224/1558/484
f 2355/1556/484 2316/1551/484 2332/1559/484
f 2332/1559/484 2316/1551/484 2317/1560/484
f 2354/1561/484 2355/1556/484 2332/1559/484
f 2353/1562/484 2354/1561/484 2332/1559/484
f 2353/1562/484 2332/1559/484 2333/1563/484
f 2331/1564/484 2332/1559/484 2317/1560/484
f 2228/1565/484 2229/1557/484 2224/1558/484
f 2352/1566/484 2353/1562/484 2333/1563/484
f 2330/1567/484 2331/1564/484 2317/1560/484
f 2228/1565/484 2224/1558/484 2225/1568/484
f 2330/1567/484 2317/1560/484 2318/1569/484
f 2351/1570/484 2352/1566/484 2333/1563/484
f 2351/1570/484 2333/1563/484 2334/1571/484
f 2329/1572/484 2330/1567/484 2318/1569/484
f 2350/1573/484 2351/1570/484 2334/1571/484
f 2350/1573/484 2334/1571/484 2335/1574/484
f 2328/1575/484 2329/1572/484 2318/1569/484
f 2349/1576/484 2350/1573/484 2335/1574/484
f 2349/1576/484 2335/1574/484 2336/1577/484
f 2227/1578/484 2228/1565/484 2225/1568/484
f 2327/1579/484 2328/1575/484 2318/1569/484
f 2348/1580/484 2349/1576/484 2336/1577/484
f 2327/1579/484 2318/1569/484 2319/1581/484
f 2227/1578/484 2225/1568/484 2226/1582/484
f 2348/1580/484 2336/1577/484 2337/1583/484
f 2347/1584/484 2348/1580/484 2337/1583/484
f 2326/1585/484 2327/1579/484 2319/1581/484
f 2347/1584/484 2337/1583/484 2338/1586/484
f 2346/1587/484 2347/1584/484 2338/1586/484
f 2346/1587/484 2338/1586/484 2339/1588/484
f 2325/1589/484 2326/1585/484 2319/1581/484
f 2345/1590/484 2346/1587/484 2339/1588/484
f 2345/1590/484 2339/1588/484 2340/1591/484
f 2345/1590/484 2340/1591/484 2341/1592/484
f 2344/1593/484 2345/1590/484 2343/1594/484
f 2343/1594/484 2345/1590/484 2342/1595/484
f 2342/1595/484 2345/1590/484 2341/1592/484
f 2324/1596/484 2325/1589/484 2319/1581/484
f 2324/1596/484 2319/1581/484 2323/1597/484
f 2323/1597/484 2319/1581/484 2322/1598/484
f 2322/1598/484 2319/1581/484 2321/1599/484
f 2321/1599/484 2319/1581/484 2320/1600/484
f 2187/1601/484 2188/1603/484 2163/1602/484
f 2187/1601/484 2163/1602/484 2164/1604/484
f 2187/1601/484 2164/1604/484 2165/1605/484
f 2187/1601/484 2165/1605/484 2166/1606/484
f 2187/1601/484 2166/1606/484 2167/1607/484
f 2187/1601/484 2167/1607/484 2168/1608/484
f 2187/1601/484 2168/1608/484 2169/1609/484
f 2187/1601/484 2169/1609/484 2170/1610/484
f 2187/1601/484 2170/1610/484 2171/1611/484
f 2186/1612/484 2187/1601/484 2171/1611/484
f 2186/1612/484 2171/1611/484 2172/1613/484
f 2185/1614/484 2186/1612/484 2172/1613/484
f 2185/1614/484 2172/1613/484 2173/1615/484
f 2184/1616/484 2185/1614/484 2173/1615/484
f 2184/1616/484 2173/1615/484 2174/1617/484
f 2183/1618/484 2184/1616/484 2174/1617/484
f 2182/1619/484 2183/1618/484 2174/1617/484
f 2182/1619/484 2174/1617/484 2181/1620/484
f 2181/1620/484 2174/1617/484 2180/1621/484
f 2180/1621/484 2174/1617/484 2179/1622/484
f 2179/1622/484 2174/1617/484 2178/1623/484
f 2178/1623/484 2174/1617/484 2177/1624/484
f 2177/1624/484 2174/1617/484 2176/1625/484
f 2176/1625/484 2174/1617/484 2175/1626/484
s 1
f 2360/1627/486 2357/1602/487 2358/1628/487
f 2362/1629/488 2359/1630/486 2360/1627/486
f 2364/1631/489 2361/1632/488 2362/1629/488
f 2366/1633/490 2363/1634/489 2364/1631/489
f 2368/1635/491 2365/1636/490 2366/1633/490
f 2370/1637/492 2367/1638/491 2368/1635/491
f 2372/1639/493 2369/1640/492 2370/1637/492
f 2374/1641/494 2371/1642/493 2372/1639/493
f 2376/1643/495 2373/1644/494 2374/1641/494
f 2378/1645/496 2375/1646/495 2376/1643/495
f 2380/1647/497 2377/1648/496 2378/1645/496
f 2382/1649/498 2379/1650/499 2380/1647/497
f 2384/1651/500 2381/1652/498 2382/1649/498
f 2386/1653/501 2383/1654/500 2384/1651/500
f 2388/1655/502 2385/1656/501 2386/1653/501
f 2390/1657/503 2387/1658/502 2388/1655/502
f 2392/1659/504 2389/1660/503 2390/1657/503
f 2394/1661/505 2391/1662/504 2392/1659/504
f 2396/1663/506 2393/1664/505 2394/1661/505
f 2398/1665/507 2395/1666/506 2396/1663/506
f 2400/1667/508 2397/1668/507 2398/1665/507
f 2402/1669/509 2399/1670/508 2400/1667/508
f 2404/1671/510 2401/1672/509 2402/1669/509
f 2406/1673/511 2403/1674/510 2404/1671/510
f 2408/1675/512 2405/1676/511 2406/1673/511
f 2358/1677/487 2407/1678/512 2408/1675/512
f 2412/1627/513 2409/1602/514 2410/1628/514
f 2414/1629/515 2411/1630/513 2412/1627/513
f 2416/1631/516 2413/1632/515 2414/1629/515
f 2418/1633/517 2415/1634/516 2416/1631/516
f 2420/1635/518 2417/1636/517 2418/1633/517
f 2422/1637/519 2419/1638/518 2420/1635/518
f 2424/1639/520 2421/1640/519 2422/1637/519
f 2426/1641/521 2423/1642/520 2424/1639/520
f 2428/1643/522 2425/1644/521 2426/1641/521
f 2430/1645/523 2427/1646/522 2428/1643/522
f 2432/1647/524 2429/1648/523 2430/1645/523
f 2434/1649/525 2431/1650/524 2432/1647/524
f 2436/1651/526 2433/1652/525 2434/1649/525
f 2438/1653/527 2435/1654/526 2436/1651/526
f 2440/1655/528 2437/1656/527 2438/1653/527
f 2442/1657/529 2439/1658/528 2440/1655/528
f 2444/1659/530 2441/1660/529 2442/1657/529
f 2446/1661/531 2443/1662/530 2444/1659/530
f 2448/1663/532 2445/1664/531 2446/1661/531
f 2450/1665/533 2447/1666/532 2448/1663/532
f 2452/1667/534 2449/1668/533 2450/1665/533
f 2454/1669/535 2451/1670/534 2452/1667/534
f 2456/1671/536 2453/1672/535 2454/1669/535
f 2458/1673/537 2455/1674/536 2456/1671/536
f 2460/1675/538 2457/1676/537 2458/1673/537
f 2410/1677/514 2459/1678/538 2460/1675/538
f 2464/1627/539 2461/1602/540 2462/1628/540
f 2466/1629/541 2463/1630/539 2464/1627/539
f 2468/1631/542 2465/1632/541 2466/1629/541
f 2470/1633/543 2467/1634/542 2468/1631/542
f 2472/1635/544 2469/1636/545 2470/1633/543
f 2474/1637/546 2471/1638/544 2472/1635/544
f 2476/1639/547 2473/1640/546 2474/1637/546
f 2478/1641/548 2475/1642/547 2476/1639/547
f 2480/1643/549 2477/1644/548 2478/1641/548
f 2482/1645/550 2479/1646/549 2480/1643/549
f 2484/1647/551 2481/1648/550 2482/1645/550
f 2486/1649/552 2483/1650/551 2484/1647/551
f 2488/1651/553 2485/1652/552 2486/1649/552
f 2490/1653/554 2487/1654/553 2488/1651/553
f 2492/1655/555 2489/1656/554 2490/1653/554
f 2494/1657/556 2491/1658/555 2492/1655/555
f 2496/1659/557 2493/1660/556 2494/1657/556
f 2498/1661/558 2495/1662/557 2496/1659/557
f 2500/1663/559 2497/1664/558 2498/1661/558
f 2502/1665/560 2499/1666/561 2500/1663/559
f 2504/1667/562 2501/1668/560 2502/1665/560
f 2506/1669/563 2503/1670/562 2504/1667/562
f 2508/1671/564 2505/1672/563 2506/1669/563
f 2510/1673/565 2507/1674/564 2508/1671/564
f 2512/1675/566 2509/1676/565 2510/1673/565
f 2462/1677/540 2511/1678/566 2512/1675/566
f 2516/1679/567 2513/1602/568 2514/1628/568
f 2518/1680/569 2515/1681/567 2516/1679/567
f 2520/1682/570 2517/1683/569 2518/1680/569
f 2522/1684/571 2519/1685/570 2520/1682/570
f 2524/1686/572 2521/1687/571 2522/1684/571
f 2526/1688/573 2523/1689/574 2524/1686/572
f 2528/1690/575 2525/1691/573 2526/1688/573
f 2530/1692/576 2527/1693/575 2528/1690/575
f 2532/1694/577 2529/1695/576 2530/1692/576
f 2534/1696/578 2531/1697/579 2532/1694/577
f 2536/1698/580 2533/1699/578 2534/1696/578
f 2538/1700/581 2535/1701/580 2536/1698/580
f 2540/1702/582 2537/1703/581 2538/1700/581
f 2542/1704/583 2539/1705/582 2540/1702/582
f 2544/1706/584 2541/1707/583 2542/1704/583
f 2546/1708/585 2543/1709/584 2544/1706/584
f 2548/1710/586 2545/1711/585 2546/1708/585
f 2550/1712/587 2547/1713/586 2548/1710/586
f 2552/1714/588 2549/1715/587 2550/1712/587
f 2554/1716/589 2551/1717/588 2552/1714/588
f 2556/1718/590 2553/1719/589 2554/1716/589
f 2558/1720/591 2555/1721/590 2556/1718/590
f 2560/1722/592 2557/1723/591 2558/1720/591
f 2562/1724/593 2559/1725/592 2560/1722/592
f 2564/1726/594 2561/1727/593 2562/1724/593
f 2566/1728/594 2563/1729/594 2564/1726/594
f 2568/1730/593 2565/1731/594 2566/1728/594
f 2570/1732/593 2567/1733/593 2568/1730/593
f 2572/1734/594 2569/1735/593 2570/1732/593
f 2574/1736/594 2571/1737/594 2572/1734/594
f 2576/1738/594 2573/1739/594 2574/1736/594
f 2578/1740/595 2575/1741/594 2576/1738/594
f 2580/1742/595 2577/1743/595 2578/1740/595
f 2582/1744/595 2579/1745/595 2580/1742/595
f 2584/1746/596 2581/1747/595 2582/1744/595
f 2586/1748/596 2583/1749/596 2584/1746/596
f 2588/1750/595 2585/1751/596 2586/1748/596
f 2590/1752/595 2587/1753/595 2588/1750/595
f 2592/1754/596 2589/1755/595 2590/1752/595
f 2594/1756/597 2591/1757/596 2592/1754/596
f 2596/1758/598 2593/1759/597 2594/1756/597
f 2598/1760/599 2595/1761/598 2596/1758/598
f 2600/1762/600 2597/1763/599 2598/1760/599
f 2602/1764/601 2599/1765/600 2600/1762/600
f 2604/1766/602 2601/1767/601 2602/1764/601
f 2606/1768/603 2603/1769/602 2604/1766/602
f 2608/1770/604 2605/1771/603 2606/1768/603
f 2610/1772/605 2607/1773/604 2608/1770/604
f 2612/1774/606 2609/1775/605 2610/1772/605
f 2614/1776/607 2611/1777/606 2612/1774/606
f 2616/1778/608 2613/1779/607 2614/1776/607
f 2618/1780/609 2615/1781/608 2616/1778/608
f 2620/1782/610 2617/1783/609 2618/1780/609
f 2622/1784/611 2619/1785/610 2620/1782/610
f 2624/1786/612 2621/1787/613 2622/1784/611
f 2626/1788/614 2623/1789/612 2624/1786/612
f 2628/1790/615 2625/1791/616 2626/1788/614
f 2630/1651/617 2627/1792/615 2628/1790/615
f 2632/1793/618 2629/1654/617 2630/1651/617
f 2634/1794/619 2631/1795/620 2632/1793/618
f 2636/1796/621 2633/1797/619 2634/1794/619
f 2638/1798/622 2635/1799/621 2636/1796/621
f 2640/1800/623 2637/1801/622 2638/1798/622
f 2642/1802/624 2639/1803/625 2640/1800/623
f 2644/1804/626 2641/1805/624 2642/1802/624
f 2646/1806/627 2643/1807/626 2644/1804/626
f 2648/1808/628 2645/1809/627 2646/1806/627
f 2650/1810/629 2647/1811/628 2648/1808/628
f 2652/1812/630 2649/1813/629 2650/1810/629
f 2654/1814/631 2651/1815/630 2652/1812/630
f 2656/1816/632 2653/1817/631 2654/1814/631
f 2658/1818/633 2655/1819/632 2656/1816/632
f 2660/1820/634 2657/1821/633 2658/1818/633
f 2662/1822/635 2659/1823/634 2660/1820/634
f 2664/1824/636 2661/1825/635 2662/1822/635
f 2666/1826/637 2663/1827/636 2664/1824/636
f 2668/1828/638 2665/1829/637 2666/1826/637
f 2670/1830/639 2667/1831/638 2668/1828/638
f 2672/1832/640 2669/1833/639 2670/1830/639
f 2674/1834/641 2671/1835/640 2672/1832/640
f 2676/1836/642 2673/1837/641 2674/1834/641
f 2678/1838/643 2675/1839/642 2676/1836/642
f 2680/1840/644 2677/1841/643 2678/1838/643
f 2682/1842/645 2679/1843/644 2680/1840/644
f 2684/1844/646 2681/1845/645 2682/1842/645
f 2686/1846/647 2683/1847/646 2684/1844/646
f 2688/1848/648 2685/1849/647 2686/1846/647
f 2690/1850/649 2687/1851/650 2688/1848/648
f 2692/1852/651 2689/1853/649 2690/1850/649
f 2694/1854/652 2691/1855/651 2692/1852/651
f 2696/1856/653 2693/1857/652 2694/1854/652
f 2698/1858/654 2695/1859/653 2696/1856/653
f 2700/1860/655 2697/1861/654 2698/1858/654
f 2702/1862/656 2699/1863/655 2700/1860/655
f 2704/1864/657 2701/1865/656 2702/1862/656
f 2706/1866/658 2703/1867/657 2704/1864/657
f 2708/1868/659 2705/1869/658 2706/1866/658
f 2710/1870/660 2707/1871/659 2708/1868/659
f 2712/1872/661 2709/1873/660 2710/1870/660
f 2714/1874/662 2711/1875/661 2712/1872/661
f 2716/1876/663 2713/1877/662 2714/1874/662
f 2718/1878/664 2715/1879/663 2716/1876/663
f 2720/1880/665 2717/1881/664 2718/1878/664
f 2722/1882/666 2719/1883/665 2720/1880/665
f 2724/1884/667 2721/1885/666 2722/1882/666
f 2726/1886/668 2723/1887/669 2724/1884/667
f 2728/1888/670 2725/1889/671 2726/1886/668
f 2730/1890/672 2727/1891/670 2728/1888/670
f 2732/1892/673 2729/1893/672 2730/1890/672
f 2734/1894/674 2731/1895/673 2732/1892/673
f 2736/1896/675 2733/1897/674 2734/1894/674
f 2738/1898/676 2735/1899/675 2736/1896/675
f 2740/1900/677 2737/1901/676 2738/1898/676
f 2742/1902/678 2739/1903/677 2740/1900/677
f 2744/1904/679 2741/1905/678 2742/1902/678
f 2514/1677/568 2743/1906/679 2744/1904/679
f 2360/1627/486 2359/1630/486 2357/1602/487
f 2362/1629/488 2361/1632/488 2359/1630/486
f 2364/1631/489 2363/1634/489 2361/1632/488
f 2366/1633/490 2365/1636/490 2363/1634/489
f 2368/1635/491 2367/1638/491 2365/1636/490
f 2370/1637/492 2369/1640/492 2367/1638/491
f 2372/1639/493 2371/1642/493 2369/1640/492
f 2374/1641/494 2373/1644/494 2371/1642/493
f 2376/1643/495 2375/1646/495 2373/1644/494
f 2378/1645/496 2377/1648/496 2375/1646/495
f 2380/1647/497 2379/1650/499 2377/1648/496
f 2382/1649/498 2381/1652/498 2379/1650/499
f 2384/1651/500 2383/1654/500 2381/1652/498
f 2386/1653/501 2385/1656/501 2383/1654/500
f 2388/1655/502 2387/1658/502 2385/1656/501
f 2390/1657/503 2389/1660/503 2387/1658/502
f 2392/1659/504 2391/1662/504 2389/1660/503
f 2394/1661/505 2393/1664/505 2391/1662/504
f 2396/1663/506 2395/1666/506 2393/1664/505
f 2398/1665/507 2397/1668/507 2395/1666/506
f 2400/1667/508 2399/1670/508 2397/1668/507
f 2402/1669/509 2401/1672/509 2399/1670/508
f 2404/1671/510 2403/1674/510 2401/1672/509
f 2406/1673/511 2405/1676/511 2403/1674/510
f 2408/1675/512 2407/1678/512 2405/1676/511
f 2358/1677/487 2357/1555/487 2407/1678/512
f 2412/1627/513 2411/1630/513 2409/1602/514
f 2414/1629/515 2413/1632/515 2411/1630/513
f 2416/1631/516 2415/1634/516 2413/1632/515
f 2418/1633/517 2417/1636/517 2415/1634/516
f 2420/1635/518 2419/1638/518 2417/1636/517
f 2422/1637/519 2421/1640/519 2419/1638/518
f 2424/1639/520 2423/1642/520 2421/1640/519
f 2426/1641/521 2425/1644/521 2423/1642/520
f 2428/1643/522 2427/1646/522 2425/1644/521
f 2430/1645/523 2429/1648/523 2427/1646/522
f 2432/1647/524 2431/1650/524 2429/1648/523
f 2434/1649/525 2433/1652/525 2431/1650/524
f 2436/1651/526 2435/1654/526 2433/1652/525
f 2438/1653/527 2437/1656/527 2435/1654/526
f 2440/1655/528 2439/1658/528 2437/1656/527
f 2442/1657/529 2441/1660/529 2439/1658/528
f 2444/1659/530 2443/1662/530 2441/1660/529
f 2446/1661/531 2445/1664/531 2443/1662/530
f 2448/1663/532 2447/1666/532 2445/1664/531
f 2450/1665/533 2449/1668/533 2447/1666/532
f 2452/1667/534 2451/1670/534 2449/1668/533
f 2454/1669/535 2453/1672/535 2451/1670/534
f 2456/1671/536 2455/1674/536 2453/1672/535
f 2458/1673/537 2457/1676/537 2455/1674/536
f 2460/1675/538 2459/1678/538 2457/1676/537
f 2410/1677/514 2409/1555/514 2459/1678/538
f 2464/1627/539 2463/1630/539 2461/1602/540
f 2466/1629/541 2465/1632/541 2463/1630/539
f 2468/1631/542 2467/1634/542 2465/1632/541
f 2470/1633/543 2469/1636/545 2467/1634/542
f 2472/1635/544 2471/1638/544 2469/1636/545
f 2474/1637/546 2473/1640/546 2471/1638/544
f 2476/1639/547 2475/1642/547 2473/1640/546
f 2478/1641/548 2477/1644/548 2475/1642/547
f 2480/1643/549 2479/1646/549 2477/1644/548
f 2482/1645/550 2481/1648/550 2479/1646/549
f 2484/1647/551 2483/1650/551 2481/1648/550
f 2486/1649/552 2485/1652/552 2483/1650/551
f 2488/1651/553 2487/1654/553 2485/1652/552
f 2490/1653/554 2489/1656/554 2487/1654/553
f 2492/1655/555 2491/1658/555 2489/1656/554
f 2494/1657/556 2493/1660/556 2491/1658/555
f 2496/1659/557 2495/1662/557 2493/1660/556
f 2498/1661/558 2497/1664/558 2495/1662/557
f 2500/1663/559 2499/1666/561 2497/1664/558
f 2502/1665/560 2501/1668/560 2499/1666/561
f 2504/1667/562 2503/1670/562 2501/1668/560
f 2506/1669/563 2505/1672/563 2503/1670/562
f 2508/1671/564 2507/1674/564 2505/1672/563
f 2510/1673/565 2509/1676/565 2507/1674/564
f 2512/1675/566 2511/1678/566 2509/1676/565
f 2462/1677/540 2461/1555/540 2511/1678/566
f 2516/1679/567 2515/1681/567 2513/1602/568
f 2518/1680/569 2517/1683/569 2515/1681/567
f 2520/1682/570 2519/1685/570 2517/1683/569
f 2522/1684/571 2521/1687/571 2519/1685/570
f 2524/1686/572 2523/1689/574 2521/1687/571
f 2526/1688/573 2525/1691/573 2523/1689/574
f 2528/1690/575 2527/1693/575 2525/1691/573
f 2530/1692/576 2529/1695/576 2527/1693/575
f 2532/1694/577 2531/1697/579 2529/1695/576
f 2534/1696/578 2533/1699/578 2531/1697/579
f 2536/1698/580 2535/1701/580 2533/1699/578
f 2538/1700/581 2537/1703/581 2535/1701/580
f 2540/1702/582 2539/1705/582 2537/1703/581
f 2542/1704/583 2541/1707/583 2539/1705/582
f 2544/1706/584 2543/1709/584 2541/1707/583
f 2546/1708/585 2545/1711/585 2543/1709/584
f 2548/1710/586 2547/1713/586 2545/1711/585
f 2550/1712/587 2549/1715/587 2547/1713/586
f 2552/1714/588 2551/1717/588 2549/1715/587
f 2554/1716/589 2553/1719/589 2551/1717/588
f 2556/1718/590 2555/1721/590 2553/1719/589
f 2558/1720/591 2557/1723/591 2555/1721/590
f 2560/1722/592 2559/1725/592 2557/1723/591
f 2562/1724/593 2561/1727/593 2559/1725/592
f 2564/1726/594 2563/1729/594 2561/1727/593
f 2566/1728/594 2565/1731/594 2563/1729/594
f 2568/1730/593 2567/1733/593 2565/1731/594
f 2570/1732/593 2569/1735/593 2567/1733/593
f 2572/1734/594 2571/1737/594 2569/1735/593
f 2574/1736/594 2573/1739/594 2571/1737/594
f 2576/1738/594 2575/1741/594 2573/1739/594
f 2578/1740/595 2577/1743/595 2575/1741/594
f 2580/1742/595 2579/1745/595 2577/1743/595
f 2582/1744/595 2581/1747/595 2579/1745/595
f 2584/1746/596 2583/1749/596 2581/1747/595
f 2586/1748/596 2585/1751/596 2583/1749/596
f 2588/1750/595 2587/1753/595 2585/1751/596
f 2590/1752/595 2589/1755/595 2587/1753/595
f 2592/1754/596 2591/1757/596 2589/1755/595
f 2594/1756/597 2593/1759/597 2591/1757/596
f 2596/1758/598 2595/1761/598 2593/1759/597
f 2598/1760/599 2597/1763/599 2595/1761/598
f 2600/1762/600 2599/1765/600 2597/1763/599
f 2602/1764/601 2601/1767/601 2599/1765/600
f 2604/1766/602 2603/1769/602 2601/1767/601
f 2606/1768/603 2605/1771/603 2603/1769/602
f 2608/1770/604 2607/1773/604 2605/1771/603
f 2610/1772/605 2609/1775/605 2607/1773/604
f 2612/1774/606 2611/1777/606 2609/1775/605
f 2614/1776/607 2613/1779/607 2611/1777/606
f 2616/1778/608 2615/1781/608 2613/1779/607
f 2618/1780/609 2617/1783/609 2615/1781/608
f 2620/1782/610 2619/1785/610 2617/1783/609
f 2622/1784/611 2621/1787/613 2619/1785/610
f 2624/1786/612 2623/1789/612 2621/1787/613
f 2626/1788/614 2625/1791/616 2623/1789/612
f 2628/1790/615 2627/1792/615 2625/1791/616
f 2630/1651/617 2629/1654/617 2627/1792/615
f 2632/1793/618 2631/1795/620 2629/1654/617
f 2634/1794/619 2633/1797/619 2631/1795/620
f 2636/1796/621 2635/1799/621 2633/1797/619
f 2638/1798/622 2637/1801/622 2635/1799/621
f 2640/1800/623 2639/1803/625 2637/1801/622
f 2642/1802/624 2641/1805/624 2639/1803/625
f 2644/1804/626 2643/1807/626 2641/1805/624
f 2646/1806/627 2645/1809/627 2643/1807/626
f 2648/1808/628 2647/1811/628 2645/1809/627
f 2650/1810/629 2649/1813/629 2647/1811/628
f 2652/1812/630 2651/1815/630 2649/1813/629
f 2654/1814/631 2653/1817/631 2651/1815/630
f 2656/1816/632 2655/1819/632 2653/1817/631
f 2658/1818/633 2657/1821/633 2655/1819/632
f 2660/1820/634 2659/1823/634 2657/1821/633
f 2662/1822/635 2661/1825/635 2659/1823/634
f 2664/1824/636 2663/1827/636 2661/1825/635
f 2666/1826/637 2665/1829/637 2663/1827/636
f 2668/1828/638 2667/1831/638 2665/1829/637
f 2670/1830/639 2669/1833/639 2667/1831/638
f 2672/1832/640 2671/1835/640 2669/1833/639
f 2674/1834/641 2673/1837/641 2671/1835/640
f 2676/1836/642 2675/1839/642 2673/1837/641
f 2678/1838/643 2677/1841/643 2675/1839/642
f 2680/1840/644 2679/1843/644 2677/1841/643
f 2682/1842/645 2681/1845/645 2679/1843/644
f 2684/1844/646 2683/1847/646 2681/1845/645
f 2686/1846/647 2685/1849/647 2683/1847/646
f 2688/1848/648 2687/1851/650 2685/1849/647
f 2690/1850/649 2689/1853/649 2687/1851/650
f 2692/1852/651 2691/1855/651 2689/1853/649
f 2694/1854/652 2693/1857/652 2691/1855/651
f 2696/1856/653 2695/1859/653 2693/1857/652
f 2698/1858/654 2697/1861/654 2695/1859/653
f 2700/1860/655 2699/1863/655 2697/1861/654
f 2702/1862/656 2701/1865/656 2699/1863/655
f 2704/1864/657 2703/1867/657 2701/1865/656
f 2706/1866/658 2705/1869/658 2703/1867/657
f 2708/1868/659 2707/1871/659 2705/1869/658
f 2710/1870/660 2709/1873/660 2707/1871/659
f 2712/1872/661 2711/1875/661 2709/1873/660
f 2714/1874/662 2713/1877/662 2711/1875/661
f 2716/1876/663 2715/1879/663 2713/1877/662
f 2718/1878/664 2717/1881/664 2715/1879/663
f 2720/1880/665 2719/1883/665 2717/1881/664
f 2722/1882/666 2721/1885/666 2719/1883/665
f 2724/1884/667 2723/1887/669 2721/1885/666
f 2726/1886/668 2725/1889/671 2723/1887/669
f 2728/1888/670 2727/1891/670 2725/1889/671
f 2730/1890/672 2729/1893/672 2727/1891/670
f 2732/1892/673 2731/1895/673 2729/1893/672
f 2734/1894/674 2733/1897/674 2731/1895/673
f 2736/1896/675 2735/1899/675 2733/1897/674
f 2738/1898/676 2737/1901/676 2735/1899/675
f 2740/1900/677 2739/1903/677 2737/1901/676
f 2742/1902/678 2741/1905/678 2739/1903/677
f 2744/1904/679 2743/1906/679 2741/1905/678
f 2514/1677/568 2513/1555/568 2743/1906/679
