# Blender 4.1.1
# www.blender.org
mtllib gamecleartext1.mtl
o Text
v -0.214000 0.325000 -0.070000
v -0.396000 0.325000 -0.070000
v -0.396000 0.392000 -0.070000
v -0.214000 0.392000 -0.070000
v -0.145000 0.392000 -0.070000
v -0.049000 0.392000 -0.070000
v -0.049000 0.455000 -0.070000
v -0.949000 0.455000 -0.070000
v -0.949000 0.392000 -0.070000
v -0.468000 0.392000 -0.070000
v -0.468000 0.088000 -0.070000
v -0.522000 0.094000 -0.070000
v -0.522000 0.033000 -0.070000
v -0.468000 0.026000 -0.070000
v -0.468000 -0.080000 -0.070000
v -0.396000 -0.080000 -0.070000
v -0.396000 0.017000 -0.070000
v -0.054000 -0.024000 -0.070000
v -0.047000 0.043000 -0.070000
v -0.145000 0.052000 -0.070000
v -0.877000 0.333000 -0.070000
v -0.920000 0.314000 -0.070000
v -0.911817 0.289644 -0.070000
v -0.902782 0.266069 -0.070000
v -0.892922 0.243266 -0.070000
v -0.882259 0.221222 -0.070000
v -0.870819 0.199929 -0.070000
v -0.858625 0.179375 -0.070000
v -0.845702 0.159550 -0.070000
v -0.832074 0.140444 -0.070000
v -0.817766 0.122047 -0.070000
v -0.802801 0.104347 -0.070000
v -0.787204 0.087335 -0.070000
v -0.771000 0.071000 -0.070000
v -0.784957 0.061190 -0.070000
v -0.799324 0.051769 -0.070000
v -0.814094 0.042750 -0.070000
v -0.829259 0.034148 -0.070000
v -0.844814 0.025977 -0.070000
v -0.860750 0.018250 -0.070000
v -0.877061 0.010981 -0.070000
v -0.893741 0.004185 -0.070000
v -0.910781 -0.002125 -0.070000
v -0.928176 -0.007935 -0.070000
v -0.945918 -0.013231 -0.070000
v -0.964000 -0.018000 -0.070000
v -0.959944 -0.021758 -0.070000
v -0.955806 -0.025981 -0.070000
v -0.951625 -0.030594 -0.070000
v -0.947444 -0.035519 -0.070000
v -0.943306 -0.040679 -0.070000
v -0.939250 -0.046000 -0.070000
v -0.935319 -0.051404 -0.070000
v -0.931556 -0.056815 -0.070000
v -0.928000 -0.062156 -0.070000
v -0.924694 -0.067352 -0.070000
v -0.921681 -0.072325 -0.070000
v -0.919000 -0.077000 -0.070000
v -0.900189 -0.071230 -0.070000
v -0.881759 -0.064926 -0.070000
v -0.863719 -0.058094 -0.070000
v -0.846074 -0.050741 -0.070000
v -0.828832 -0.042874 -0.070000
v -0.812000 -0.034500 -0.070000
v -0.795584 -0.025626 -0.070000
v -0.779593 -0.016259 -0.070000
v -0.764031 -0.006406 -0.070000
v -0.748907 0.003926 -0.070000
v -0.734228 0.014730 -0.070000
v -0.720000 0.026000 -0.070000
v -0.705337 0.014979 -0.070000
v -0.690366 0.004412 -0.070000
v -0.675109 -0.005703 -0.070000
v -0.659593 -0.015370 -0.070000
v -0.643840 -0.024593 -0.070000
v -0.627875 -0.033375 -0.070000
v -0.611723 -0.041719 -0.070000
v -0.595407 -0.049630 -0.070000
v -0.578953 -0.057109 -0.070000
v -0.562384 -0.064162 -0.070000
v -0.545725 -0.070791 -0.070000
v -0.529000 -0.077000 -0.070000
v -0.527030 -0.072805 -0.070000
v -0.524658 -0.068273 -0.070000
v -0.521938 -0.063484 -0.070000
v -0.518926 -0.058519 -0.070000
v -0.515678 -0.053455 -0.070000
v -0.512250 -0.048375 -0.070000
v -0.508697 -0.043357 -0.070000
v -0.505074 -0.038481 -0.070000
v -0.501438 -0.033828 -0.070000
v -0.497843 -0.029477 -0.070000
v -0.494345 -0.025508 -0.070000
v -0.491000 -0.022000 -0.070000
v -0.506726 -0.016771 -0.070000
v -0.522389 -0.011088 -0.070000
v -0.537969 -0.004953 -0.070000
v -0.553445 0.001630 -0.070000
v -0.568795 0.008657 -0.070000
v -0.584000 0.016125 -0.070000
v -0.599038 0.024031 -0.070000
v -0.613889 0.032370 -0.070000
v -0.628531 0.041141 -0.070000
v -0.642944 0.050338 -0.070000
v -0.657108 0.059959 -0.070000
v -0.671000 0.070000 -0.070000
v -0.657999 0.083727 -0.070000
v -0.645495 0.097903 -0.070000
v -0.633484 0.112516 -0.070000
v -0.621963 0.127556 -0.070000
v -0.610928 0.143012 -0.070000
v -0.600375 0.158875 -0.070000
v -0.590302 0.175134 -0.070000
v -0.580704 0.191778 -0.070000
v -0.571578 0.208797 -0.070000
v -0.562921 0.226181 -0.070000
v -0.554730 0.243918 -0.070000
v -0.547000 0.262000 -0.070000
v -0.567000 0.268000 -0.070000
v -0.507000 0.268000 -0.070000
v -0.507000 0.330000 -0.070000
v -0.863000 0.330000 -0.070000
v -0.732351 0.124166 -0.070000
v -0.743389 0.135662 -0.070000
v -0.754094 0.147484 -0.070000
v -0.764445 0.159630 -0.070000
v -0.774420 0.172094 -0.070000
v -0.784000 0.184875 -0.070000
v -0.793163 0.197968 -0.070000
v -0.801889 0.211370 -0.070000
v -0.810156 0.225078 -0.070000
v -0.817944 0.239088 -0.070000
v -0.825233 0.253396 -0.070000
v -0.832000 0.268000 -0.070000
v -0.613000 0.268000 -0.070000
v -0.619708 0.253396 -0.070000
v -0.626833 0.239088 -0.070000
v -0.634375 0.225078 -0.070000
v -0.642333 0.211370 -0.070000
v -0.650708 0.197968 -0.070000
v -0.659500 0.184875 -0.070000
v -0.668708 0.172094 -0.070000
v -0.678333 0.159630 -0.070000
v -0.688375 0.147484 -0.070000
v -0.698833 0.135662 -0.070000
v -0.709708 0.124166 -0.070000
v -0.721000 0.113000 -0.070000
v -0.214000 0.198000 -0.070000
v -0.396000 0.198000 -0.070000
v -0.396000 0.269000 -0.070000
v -0.214000 0.269000 -0.070000
v -0.214000 0.059000 -0.070000
v -0.396000 0.080000 -0.070000
v -0.396000 0.142000 -0.070000
v -0.214000 0.142000 -0.070000
v -0.753000 0.564000 -0.070000
v -0.753000 0.635000 -0.070000
v -0.248000 0.635000 -0.070000
v -0.248000 0.564000 -0.070000
v -0.753000 0.685000 -0.070000
v -0.753000 0.755000 -0.070000
v -0.248000 0.755000 -0.070000
v -0.248000 0.685000 -0.070000
v -0.828000 0.511000 -0.070000
v -0.176000 0.511000 -0.070000
v -0.176000 0.808000 -0.070000
v -0.828000 0.808000 -0.070000
v -0.214000 0.325000 0.070000
v -0.396000 0.325000 0.070000
v -0.396000 0.392000 0.070000
v -0.214000 0.392000 0.070000
v -0.145000 0.392000 0.070000
v -0.049000 0.392000 0.070000
v -0.049000 0.455000 0.070000
v -0.949000 0.455000 0.070000
v -0.949000 0.392000 0.070000
v -0.468000 0.392000 0.070000
v -0.468000 0.088000 0.070000
v -0.522000 0.094000 0.070000
v -0.522000 0.033000 0.070000
v -0.468000 0.026000 0.070000
v -0.468000 -0.080000 0.070000
v -0.396000 -0.080000 0.070000
v -0.396000 0.017000 0.070000
v -0.054000 -0.024000 0.070000
v -0.047000 0.043000 0.070000
v -0.145000 0.052000 0.070000
v -0.877000 0.333000 0.070000
v -0.920000 0.314000 0.070000
v -0.911817 0.289644 0.070000
v -0.902782 0.266069 0.070000
v -0.892922 0.243266 0.070000
v -0.882259 0.221222 0.070000
v -0.870819 0.199929 0.070000
v -0.858625 0.179375 0.070000
v -0.845702 0.159550 0.070000
v -0.832074 0.140444 0.070000
v -0.817766 0.122047 0.070000
v -0.802801 0.104347 0.070000
v -0.787204 0.087335 0.070000
v -0.771000 0.071000 0.070000
v -0.784957 0.061190 0.070000
v -0.799324 0.051769 0.070000
v -0.814094 0.042750 0.070000
v -0.829259 0.034148 0.070000
v -0.844814 0.025977 0.070000
v -0.860750 0.018250 0.070000
v -0.877061 0.010981 0.070000
v -0.893741 0.004185 0.070000
v -0.910781 -0.002125 0.070000
v -0.928176 -0.007935 0.070000
v -0.945918 -0.013231 0.070000
v -0.964000 -0.018000 0.070000
v -0.959944 -0.021758 0.070000
v -0.955806 -0.025981 0.070000
v -0.951625 -0.030594 0.070000
v -0.947444 -0.035519 0.070000
v -0.943306 -0.040679 0.070000
v -0.939250 -0.046000 0.070000
v -0.935319 -0.051404 0.070000
v -0.931556 -0.056815 0.070000
v -0.928000 -0.062156 0.070000
v -0.924694 -0.067352 0.070000
v -0.921681 -0.072325 0.070000
v -0.919000 -0.077000 0.070000
v -0.900189 -0.071230 0.070000
v -0.881759 -0.064926 0.070000
v -0.863719 -0.058094 0.070000
v -0.846074 -0.050741 0.070000
v -0.828832 -0.042874 0.070000
v -0.812000 -0.034500 0.070000
v -0.795584 -0.025626 0.070000
v -0.779593 -0.016259 0.070000
v -0.764031 -0.006406 0.070000
v -0.748907 0.003926 0.070000
v -0.734228 0.014730 0.070000
v -0.720000 0.026000 0.070000
v -0.705337 0.014979 0.070000
v -0.690366 0.004412 0.070000
v -0.675109 -0.005703 0.070000
v -0.659593 -0.015370 0.070000
v -0.643840 -0.024593 0.070000
v -0.627875 -0.033375 0.070000
v -0.611723 -0.041719 0.070000
v -0.595407 -0.049630 0.070000
v -0.578953 -0.057109 0.070000
v -0.562384 -0.064162 0.070000
v -0.545725 -0.070791 0.070000
v -0.529000 -0.077000 0.070000
v -0.527030 -0.072805 0.070000
v -0.524658 -0.068273 0.070000
v -0.521938 -0.063484 0.070000
v -0.518926 -0.058519 0.070000
v -0.515678 -0.053455 0.070000
v -0.512250 -0.048375 0.070000
v -0.508697 -0.043357 0.070000
v -0.505074 -0.038481 0.070000
v -0.501438 -0.033828 0.070000
v -0.497843 -0.029477 0.070000
v -0.494345 -0.025508 0.070000
v -0.491000 -0.022000 0.070000
v -0.506726 -0.016771 0.070000
v -0.522389 -0.011088 0.070000
v -0.537969 -0.004953 0.070000
v -0.553445 0.001630 0.070000
v -0.568795 0.008657 0.070000
v -0.584000 0.016125 0.070000
v -0.599038 0.024031 0.070000
v -0.613889 0.032370 0.070000
v -0.628531 0.041141 0.070000
v -0.642944 0.050338 0.070000
v -0.657108 0.059959 0.070000
v -0.671000 0.070000 0.070000
v -0.657999 0.083727 0.070000
v -0.645495 0.097903 0.070000
v -0.633484 0.112516 0.070000
v -0.621963 0.127556 0.070000
v -0.610928 0.143012 0.070000
v -0.600375 0.158875 0.070000
v -0.590302 0.175134 0.070000
v -0.580704 0.191778 0.070000
v -0.571578 0.208797 0.070000
v -0.562921 0.226181 0.070000
v -0.554730 0.243918 0.070000
v -0.547000 0.262000 0.070000
v -0.567000 0.268000 0.070000
v -0.507000 0.268000 0.070000
v -0.507000 0.330000 0.070000
v -0.863000 0.330000 0.070000
v -0.732351 0.124166 0.070000
v -0.743389 0.135662 0.070000
v -0.754094 0.147484 0.070000
v -0.764445 0.159630 0.070000
v -0.774420 0.172094 0.070000
v -0.784000 0.184875 0.070000
v -0.793163 0.197968 0.070000
v -0.801889 0.211370 0.070000
v -0.810156 0.225078 0.070000
v -0.817944 0.239088 0.070000
v -0.825233 0.253396 0.070000
v -0.832000 0.268000 0.070000
v -0.613000 0.268000 0.070000
v -0.619708 0.253396 0.070000
v -0.626833 0.239088 0.070000
v -0.634375 0.225078 0.070000
v -0.642333 0.211370 0.070000
v -0.650708 0.197968 0.070000
v -0.659500 0.184875 0.070000
v -0.668708 0.172094 0.070000
v -0.678333 0.159630 0.070000
v -0.688375 0.147484 0.070000
v -0.698833 0.135662 0.070000
v -0.709708 0.124166 0.070000
v -0.721000 0.113000 0.070000
v -0.214000 0.198000 0.070000
v -0.396000 0.198000 0.070000
v -0.396000 0.269000 0.070000
v -0.214000 0.269000 0.070000
v -0.214000 0.059000 0.070000
v -0.396000 0.080000 0.070000
v -0.396000 0.142000 0.070000
v -0.214000 0.142000 0.070000
v -0.753000 0.564000 0.070000
v -0.753000 0.635000 0.070000
v -0.248000 0.635000 0.070000
v -0.248000 0.564000 0.070000
v -0.753000 0.685000 0.070000
v -0.753000 0.755000 0.070000
v -0.248000 0.755000 0.070000
v -0.248000 0.685000 0.070000
v -0.828000 0.511000 0.070000
v -0.176000 0.511000 0.070000
v -0.176000 0.808000 0.070000
v -0.828000 0.808000 0.070000
v -0.753000 0.564000 0.070000
v -0.753000 0.564000 -0.070000
v -0.753000 0.635000 0.070000
v -0.753000 0.635000 -0.070000
v -0.248000 0.635000 0.070000
v -0.248000 0.635000 -0.070000
v -0.248000 0.564000 0.070000
v -0.248000 0.564000 -0.070000
v -0.753000 0.685000 0.070000
v -0.753000 0.685000 -0.070000
v -0.753000 0.755000 0.070000
v -0.753000 0.755000 -0.070000
v -0.248000 0.755000 0.070000
v -0.248000 0.755000 -0.070000
v -0.248000 0.685000 0.070000
v -0.248000 0.685000 -0.070000
v -0.828000 0.511000 0.070000
v -0.828000 0.511000 -0.070000
v -0.176000 0.511000 0.070000
v -0.176000 0.511000 -0.070000
v -0.176000 0.808000 0.070000
v -0.176000 0.808000 -0.070000
v -0.828000 0.808000 0.070000
v -0.828000 0.808000 -0.070000
v -0.214000 0.325000 0.070000
v -0.214000 0.325000 -0.070000
v -0.396000 0.325000 0.070000
v -0.396000 0.325000 -0.070000
v -0.396000 0.392000 0.070000
v -0.396000 0.392000 -0.070000
v -0.214000 0.392000 0.070000
v -0.214000 0.392000 -0.070000
v -0.145000 0.392000 0.070000
v -0.145000 0.392000 -0.070000
v -0.049000 0.392000 0.070000
v -0.049000 0.392000 -0.070000
v -0.049000 0.455000 0.070000
v -0.049000 0.455000 -0.070000
v -0.949000 0.455000 0.070000
v -0.949000 0.455000 -0.070000
v -0.949000 0.392000 0.070000
v -0.949000 0.392000 -0.070000
v -0.468000 0.392000 0.070000
v -0.468000 0.392000 -0.070000
v -0.468000 0.088000 0.070000
v -0.468000 0.088000 -0.070000
v -0.522000 0.094000 0.070000
v -0.522000 0.094000 -0.070000
v -0.522000 0.033000 0.070000
v -0.522000 0.033000 -0.070000
v -0.468000 0.026000 0.070000
v -0.468000 0.026000 -0.070000
v -0.468000 -0.080000 0.070000
v -0.468000 -0.080000 -0.070000
v -0.396000 -0.080000 0.070000
v -0.396000 -0.080000 -0.070000
v -0.396000 0.017000 0.070000
v -0.396000 0.017000 -0.070000
v -0.054000 -0.024000 0.070000
v -0.054000 -0.024000 -0.070000
v -0.047000 0.043000 0.070000
v -0.047000 0.043000 -0.070000
v -0.145000 0.052000 0.070000
v -0.145000 0.052000 -0.070000
v -0.877000 0.333000 0.070000
v -0.877000 0.333000 -0.070000
v -0.920000 0.314000 0.070000
v -0.920000 0.314000 -0.070000
v -0.911817 0.289644 0.070000
v -0.911817 0.289644 -0.070000
v -0.902782 0.266069 0.070000
v -0.902782 0.266069 -0.070000
v -0.892922 0.243266 0.070000
v -0.892922 0.243266 -0.070000
v -0.882259 0.221222 0.070000
v -0.882259 0.221222 -0.070000
v -0.870819 0.199929 0.070000
v -0.870819 0.199929 -0.070000
v -0.858625 0.179375 0.070000
v -0.858625 0.179375 -0.070000
v -0.845702 0.159550 0.070000
v -0.845702 0.159550 -0.070000
v -0.832074 0.140444 0.070000
v -0.832074 0.140444 -0.070000
v -0.817766 0.122047 0.070000
v -0.817766 0.122047 -0.070000
v -0.802801 0.104347 0.070000
v -0.802801 0.104347 -0.070000
v -0.787204 0.087335 0.070000
v -0.787204 0.087335 -0.070000
v -0.771000 0.071000 0.070000
v -0.771000 0.071000 -0.070000
v -0.784957 0.061190 0.070000
v -0.784957 0.061190 -0.070000
v -0.799324 0.051769 0.070000
v -0.799324 0.051769 -0.070000
v -0.814094 0.042750 0.070000
v -0.814094 0.042750 -0.070000
v -0.829259 0.034148 0.070000
v -0.829259 0.034148 -0.070000
v -0.844814 0.025977 0.070000
v -0.844814 0.025977 -0.070000
v -0.860750 0.018250 0.070000
v -0.860750 0.018250 -0.070000
v -0.877061 0.010981 0.070000
v -0.877061 0.010981 -0.070000
v -0.893741 0.004185 0.070000
v -0.893741 0.004185 -0.070000
v -0.910781 -0.002125 0.070000
v -0.910781 -0.002125 -0.070000
v -0.928176 -0.007935 0.070000
v -0.928176 -0.007935 -0.070000
v -0.945918 -0.013231 0.070000
v -0.945918 -0.013231 -0.070000
v -0.964000 -0.018000 0.070000
v -0.964000 -0.018000 -0.070000
v -0.959944 -0.021758 0.070000
v -0.959944 -0.021758 -0.070000
v -0.955806 -0.025981 0.070000
v -0.955806 -0.025981 -0.070000
v -0.951625 -0.030594 0.070000
v -0.951625 -0.030594 -0.070000
v -0.947444 -0.035519 0.070000
v -0.947444 -0.035519 -0.070000
v -0.943306 -0.040679 0.070000
v -0.943306 -0.040679 -0.070000
v -0.939250 -0.046000 0.070000
v -0.939250 -0.046000 -0.070000
v -0.935319 -0.051404 0.070000
v -0.935319 -0.051404 -0.070000
v -0.931556 -0.056815 0.070000
v -0.931556 -0.056815 -0.070000
v -0.928000 -0.062156 0.070000
v -0.928000 -0.062156 -0.070000
v -0.924694 -0.067352 0.070000
v -0.924694 -0.067352 -0.070000
v -0.921681 -0.072325 0.070000
v -0.921681 -0.072325 -0.070000
v -0.919000 -0.077000 0.070000
v -0.919000 -0.077000 -0.070000
v -0.900189 -0.071230 0.070000
v -0.900189 -0.071230 -0.070000
v -0.881759 -0.064926 0.070000
v -0.881759 -0.064926 -0.070000
v -0.863719 -0.058094 0.070000
v -0.863719 -0.058094 -0.070000
v -0.846074 -0.050741 0.070000
v -0.846074 -0.050741 -0.070000
v -0.828832 -0.042874 0.070000
v -0.828832 -0.042874 -0.070000
v -0.812000 -0.034500 0.070000
v -0.812000 -0.034500 -0.070000
v -0.795584 -0.025626 0.070000
v -0.795584 -0.025626 -0.070000
v -0.779593 -0.016259 0.070000
v -0.779593 -0.016259 -0.070000
v -0.764031 -0.006406 0.070000
v -0.764031 -0.006406 -0.070000
v -0.748907 0.003926 0.070000
v -0.748907 0.003926 -0.070000
v -0.734228 0.014730 0.070000
v -0.734228 0.014730 -0.070000
v -0.720000 0.026000 0.070000
v -0.720000 0.026000 -0.070000
v -0.705337 0.014979 0.070000
v -0.705337 0.014979 -0.070000
v -0.690366 0.004412 0.070000
v -0.690366 0.004412 -0.070000
v -0.675109 -0.005703 0.070000
v -0.675109 -0.005703 -0.070000
v -0.659593 -0.015370 0.070000
v -0.659593 -0.015370 -0.070000
v -0.643840 -0.024593 0.070000
v -0.643840 -0.024593 -0.070000
v -0.627875 -0.033375 0.070000
v -0.627875 -0.033375 -0.070000
v -0.611723 -0.041719 0.070000
v -0.611723 -0.041719 -0.070000
v -0.595407 -0.049630 0.070000
v -0.595407 -0.049630 -0.070000
v -0.578953 -0.057109 0.070000
v -0.578953 -0.057109 -0.070000
v -0.562384 -0.064162 0.070000
v -0.562384 -0.064162 -0.070000
v -0.545725 -0.070791 0.070000
v -0.545725 -0.070791 -0.070000
v -0.529000 -0.077000 0.070000
v -0.529000 -0.077000 -0.070000
v -0.527030 -0.072805 0.070000
v -0.527030 -0.072805 -0.070000
v -0.524658 -0.068273 0.070000
v -0.524658 -0.068273 -0.070000
v -0.521938 -0.063484 0.070000
v -0.521938 -0.063484 -0.070000
v -0.518926 -0.058519 0.070000
v -0.518926 -0.058519 -0.070000
v -0.515678 -0.053455 0.070000
v -0.515678 -0.053455 -0.070000
v -0.512250 -0.048375 0.070000
v -0.512250 -0.048375 -0.070000
v -0.508697 -0.043357 0.070000
v -0.508697 -0.043357 -0.070000
v -0.505074 -0.038481 0.070000
v -0.505074 -0.038481 -0.070000
v -0.501438 -0.033828 0.070000
v -0.501438 -0.033828 -0.070000
v -0.497843 -0.029477 0.070000
v -0.497843 -0.029477 -0.070000
v -0.494345 -0.025508 0.070000
v -0.494345 -0.025508 -0.070000
v -0.491000 -0.022000 0.070000
v -0.491000 -0.022000 -0.070000
v -0.506726 -0.016771 0.070000
v -0.506726 -0.016771 -0.070000
v -0.522389 -0.011088 0.070000
v -0.522389 -0.011088 -0.070000
v -0.537969 -0.004953 0.070000
v -0.537969 -0.004953 -0.070000
v -0.553445 0.001630 0.070000
v -0.553445 0.001630 -0.070000
v -0.568795 0.008657 0.070000
v -0.568795 0.008657 -0.070000
v -0.584000 0.016125 0.070000
v -0.584000 0.016125 -0.070000
v -0.599038 0.024031 0.070000
v -0.599038 0.024031 -0.070000
v -0.613889 0.032370 0.070000
v -0.613889 0.032370 -0.070000
v -0.628531 0.041141 0.070000
v -0.628531 0.041141 -0.070000
v -0.642944 0.050338 0.070000
v -0.642944 0.050338 -0.070000
v -0.657108 0.059959 0.070000
v -0.657108 0.059959 -0.070000
v -0.671000 0.070000 0.070000
v -0.671000 0.070000 -0.070000
v -0.657999 0.083727 0.070000
v -0.657999 0.083727 -0.070000
v -0.645495 0.097903 0.070000
v -0.645495 0.097903 -0.070000
v -0.633484 0.112516 0.070000
v -0.633484 0.112516 -0.070000
v -0.621963 0.127556 0.070000
v -0.621963 0.127556 -0.070000
v -0.610928 0.143012 0.070000
v -0.610928 0.143012 -0.070000
v -0.600375 0.158875 0.070000
v -0.600375 0.158875 -0.070000
v -0.590302 0.175134 0.070000
v -0.590302 0.175134 -0.070000
v -0.580704 0.191778 0.070000
v -0.580704 0.191778 -0.070000
v -0.571578 0.208797 0.070000
v -0.571578 0.208797 -0.070000
v -0.562921 0.226181 0.070000
v -0.562921 0.226181 -0.070000
v -0.554730 0.243918 0.070000
v -0.554730 0.243918 -0.070000
v -0.547000 0.262000 0.070000
v -0.547000 0.262000 -0.070000
v -0.567000 0.268000 0.070000
v -0.567000 0.268000 -0.070000
v -0.507000 0.268000 0.070000
v -0.507000 0.268000 -0.070000
v -0.507000 0.330000 0.070000
v -0.507000 0.330000 -0.070000
v -0.863000 0.330000 0.070000
v -0.863000 0.330000 -0.070000
v -0.732351 0.124166 0.070000
v -0.732351 0.124166 -0.070000
v -0.743389 0.135662 0.070000
v -0.743389 0.135662 -0.070000
v -0.754094 0.147484 0.070000
v -0.754094 0.147484 -0.070000
v -0.764445 0.159630 0.070000
v -0.764445 0.159630 -0.070000
v -0.774420 0.172094 0.070000
v -0.774420 0.172094 -0.070000
v -0.784000 0.184875 0.070000
v -0.784000 0.184875 -0.070000
v -0.793163 0.197968 0.070000
v -0.793163 0.197968 -0.070000
v -0.801889 0.211370 0.070000
v -0.801889 0.211370 -0.070000
v -0.810156 0.225078 0.070000
v -0.810156 0.225078 -0.070000
v -0.817944 0.239088 0.070000
v -0.817944 0.239088 -0.070000
v -0.825233 0.253396 0.070000
v -0.825233 0.253396 -0.070000
v -0.832000 0.268000 0.070000
v -0.832000 0.268000 -0.070000
v -0.613000 0.268000 0.070000
v -0.613000 0.268000 -0.070000
v -0.619708 0.253396 0.070000
v -0.619708 0.253396 -0.070000
v -0.626833 0.239088 0.070000
v -0.626833 0.239088 -0.070000
v -0.634375 0.225078 0.070000
v -0.634375 0.225078 -0.070000
v -0.642333 0.211370 0.070000
v -0.642333 0.211370 -0.070000
v -0.650708 0.197968 0.070000
v -0.650708 0.197968 -0.070000
v -0.659500 0.184875 0.070000
v -0.659500 0.184875 -0.070000
v -0.668708 0.172094 0.070000
v -0.668708 0.172094 -0.070000
v -0.678333 0.159630 0.070000
v -0.678333 0.159630 -0.070000
v -0.688375 0.147484 0.070000
v -0.688375 0.147484 -0.070000
v -0.698833 0.135662 0.070000
v -0.698833 0.135662 -0.070000
v -0.709708 0.124166 0.070000
v -0.709708 0.124166 -0.070000
v -0.721000 0.113000 0.070000
v -0.721000 0.113000 -0.070000
v -0.214000 0.198000 0.070000
v -0.214000 0.198000 -0.070000
v -0.396000 0.198000 0.070000
v -0.396000 0.198000 -0.070000
v -0.396000 0.269000 0.070000
v -0.396000 0.269000 -0.070000
v -0.214000 0.269000 0.070000
v -0.214000 0.269000 -0.070000
v -0.214000 0.059000 0.070000
v -0.214000 0.059000 -0.070000
v -0.396000 0.080000 0.070000
v -0.396000 0.080000 -0.070000
v -0.396000 0.142000 0.070000
v -0.396000 0.142000 -0.070000
v -0.214000 0.142000 0.070000
v -0.214000 0.142000 -0.070000
vn -0.0000 -0.0000 -1.0000
vn -0.0000 -0.0000 1.0000
vn 0.7071 -0.7071 -0.0000
vn 0.7071 0.7071 -0.0000
vn -0.7071 -0.7071 -0.0000
vn -0.7071 0.7071 -0.0000
vn -0.6669 0.7451 -0.0000
vn -0.7512 -0.6601 -0.0000
vn 0.6637 -0.7480 -0.0000
vn 0.6239 -0.7815 -0.0000
vn 0.7728 0.6347 -0.0000
vn 0.7387 0.6740 -0.0000
vn -0.9150 0.4034 -0.0000
vn -0.1023 0.9948 -0.0000
vn -0.9411 -0.3382 -0.0000
vn -0.9150 0.4035 -0.0000
vn -0.9260 -0.3774 -0.0000
vn -0.9092 -0.4163 -0.0000
vn -0.8908 -0.4545 -0.0000
vn -0.8707 -0.4919 -0.0000
vn -0.8491 -0.5283 -0.0000
vn -0.8261 -0.5635 -0.0000
vn -0.8019 -0.5974 -0.0000
vn -0.7767 -0.6299 -0.0000
vn -0.7505 -0.6608 -0.0000
vn -0.7237 -0.6902 -0.0000
vn -0.9961 0.0883 -0.0000
vn -0.5618 0.8273 -0.0000
vn -0.5348 0.8450 -0.0000
vn -0.5073 0.8618 -0.0000
vn -0.4793 0.8777 -0.0000
vn -0.4507 0.8927 -0.0000
vn -0.4217 0.9067 -0.0000
vn -0.3922 0.9199 -0.0000
vn -0.3623 0.9320 -0.0000
vn -0.3321 0.9433 -0.0000
vn -0.3624 0.9320 -0.0000
vn -0.3015 0.9535 -0.0000
vn -0.2706 0.9627 -0.0000
vn -0.9702 0.2423 -0.0000
vn -0.6972 -0.7169 -0.0000
vn -0.7277 -0.6859 -0.0000
vn -0.7517 -0.6595 -0.0000
vn -0.7713 -0.6365 -0.0000
vn -0.7518 -0.6594 -0.0000
vn -0.7878 -0.6160 -0.0000
vn -0.8021 -0.5973 -0.0000
vn -0.8149 -0.5797 -0.0000
vn -0.8267 -0.5626 -0.0000
vn -0.8381 -0.5455 -0.0000
vn -0.8495 -0.5276 -0.0000
vn -0.8614 -0.5079 -0.0000
vn -0.3675 -0.9300 -0.0000
vn 0.3085 -0.9512 -0.0000
vn 0.3390 -0.9408 -0.0000
vn 0.3695 -0.9292 -0.0000
vn 0.3999 -0.9165 -0.0000
vn 0.4303 -0.9027 -0.0000
vn 0.4605 -0.8876 -0.0000
vn 0.4905 -0.8714 -0.0000
vn 0.5203 -0.8540 -0.0000
vn 0.5496 -0.8354 -0.0000
vn 0.5785 -0.8157 -0.0000
vn 0.6069 -0.7948 -0.0000
vn 0.0127 -0.9999 -0.0000
vn -0.5888 -0.8083 -0.0000
vn -0.5647 -0.8253 -0.0000
vn -0.5407 -0.8412 -0.0000
vn -0.5171 -0.8559 -0.0000
vn -0.4937 -0.8697 -0.0000
vn -0.4705 -0.8824 -0.0000
vn -0.4477 -0.8942 -0.0000
vn -0.4251 -0.9052 -0.0000
vn -0.4028 -0.9153 -0.0000
vn -0.3807 -0.9247 -0.0000
vn -0.3589 -0.9334 -0.0000
vn 0.3785 -0.9256 -0.0000
vn 0.8958 -0.4445 -0.0000
vn 0.8779 -0.4789 -0.0000
vn 0.8624 -0.5063 -0.0000
vn 0.8778 -0.4789 -0.0000
vn 0.8485 -0.5293 -0.0000
vn 0.8354 -0.5497 -0.0000
vn 0.8484 -0.5293 -0.0000
vn 0.8226 -0.5687 -0.0000
vn 0.8094 -0.5872 -0.0000
vn 0.7954 -0.6061 -0.0000
vn 0.7795 -0.6264 -0.0000
vn 0.7607 -0.6491 -0.0000
vn 0.7371 -0.6758 -0.0000
vn 0.9704 0.2416 -0.0000
vn 0.3283 0.9446 -0.0000
vn 0.9704 0.2417 -0.0000
vn 0.3538 0.9353 -0.0000
vn 0.3789 0.9254 -0.0000
vn 0.4039 0.9148 -0.0000
vn 0.4286 0.9035 -0.0000
vn 0.4531 0.8914 -0.0000
vn 0.4775 0.8786 -0.0000
vn 0.5018 0.8650 -0.0000
vn 0.5259 0.8505 -0.0000
vn 0.5500 0.8352 -0.0000
vn 0.5739 0.8189 -0.0000
vn 0.9956 0.0932 -0.0000
vn 0.7381 -0.6747 -0.0000
vn 0.7613 -0.6483 -0.0000
vn 0.7833 -0.6216 -0.0000
vn 0.8040 -0.5947 -0.0000
vn 0.8233 -0.5675 -0.0000
vn 0.8414 -0.5403 -0.0000
vn 0.8583 -0.5132 -0.0000
vn 0.8414 -0.5404 -0.0000
vn 0.8739 -0.4861 -0.0000
vn 0.8883 -0.4592 -0.0000
vn 0.9016 -0.4326 -0.0000
vn 0.9138 -0.4062 -0.0000
vn 0.9057 0.4238 -0.0000
vn 0.9894 -0.1452 -0.0000
vn 0.9894 -0.1451 -0.0000
vn 0.1054 0.9944 -0.0000
vn 0.7314 0.6820 -0.0000
vn 0.7114 0.7028 -0.0000
vn 0.7513 0.6600 -0.0000
vn 0.7710 0.6368 -0.0000
vn 0.7906 0.6124 -0.0000
vn 0.8098 0.5867 -0.0000
vn 0.8288 0.5596 -0.0000
vn 0.8473 0.5311 -0.0000
vn 0.8653 0.5012 -0.0000
vn 0.8827 0.4700 -0.0000
vn 0.8993 0.4372 -0.0000
vn 0.8428 -0.5383 -0.0000
vn -0.8418 -0.5397 -0.0000
vn 0.8427 -0.5383 -0.0000
vn -0.9020 0.4316 -0.0000
vn -0.8419 -0.5397 -0.0000
vn -0.8880 0.4599 -0.0000
vn -0.8728 0.4881 -0.0000
vn -0.8565 0.5161 -0.0000
vn -0.8392 0.5438 -0.0000
vn -0.8209 0.5711 -0.0000
vn -0.8015 0.5980 -0.0000
vn -0.7812 0.6243 -0.0000
vn -0.7599 0.6500 -0.0000
vn -0.7378 0.6750 -0.0000
vn -0.7149 0.6992 -0.0000
vn -0.0013 1.0000 -0.0000
vn 0.7465 0.6654 -0.0000
vn -0.6653 0.7465 -0.0000
vt 0.105076 0.891871
vt 0.103427 0.891871
vt 0.105626 0.891871
vt 0.106176 0.891871
vt 0.102877 0.891871
vt 0.104527 0.891871
vt 0.103977 0.891871
vt 0.102328 0.891871
vt 0.101228 0.891871
vt 0.100678 0.891871
vt 0.101778 0.891871
vt 0.100129 0.891871
vt 0.017667 0.891871
vt 0.018766 0.891871
vt 0.018217 0.891871
vt 0.019316 0.891871
vt 0.017117 0.891871
vt 0.025363 0.891871
vt 0.016567 0.891871
vt 0.014918 0.891871
vt 0.016018 0.891871
vt 0.015468 0.891871
vt 0.019866 0.891871
vt 0.020416 0.891871
vt 0.081437 0.891871
vt 0.026463 0.891871
vt 0.025913 0.891871
vt 0.080338 0.891871
vt 0.080888 0.891871
vt 0.097380 0.891871
vt 0.096830 0.891871
vt 0.027012 0.891871
vt 0.079788 0.891871
vt 0.088584 0.891871
vt 0.088034 0.891871
vt 0.027562 0.891871
vt 0.095731 0.891871
vt 0.096280 0.891871
vt 0.079238 0.891871
vt 0.089134 0.891871
vt 0.087484 0.891871
vt 0.028112 0.891871
vt 0.078689 0.891871
vt 0.089683 0.891871
vt 0.086935 0.891871
vt 0.078139 0.891871
vt 0.028662 0.891871
vt 0.090233 0.891871
vt 0.086385 0.891871
vt 0.077589 0.891871
vt 0.090783 0.891871
vt 0.085835 0.891871
vt 0.029211 0.891871
vt 0.091333 0.891871
vt 0.085285 0.891871
vt 0.077039 0.891871
vt 0.029761 0.891871
vt 0.099579 0.891871
vt 0.099029 0.891871
vt 0.091882 0.891871
vt 0.084736 0.891871
vt 0.076490 0.891871
vt 0.092432 0.891871
vt 0.084186 0.891871
vt 0.030311 0.891871
vt 0.075940 0.891871
vt 0.092982 0.891871
vt 0.083636 0.891871
vt 0.093532 0.891871
vt 0.083087 0.891871
vt 0.030861 0.891871
vt 0.075390 0.891871
vt 0.094081 0.891871
vt 0.082537 0.891871
vt 0.074840 0.891871
vt 0.097930 0.891871
vt 0.098479 0.891871
vt 0.031410 0.891871
vt 0.094631 0.891871
vt 0.081987 0.891871
vt 0.074291 0.891871
vt 0.095181 0.891871
vt 0.031960 0.891871
vt 0.073741 0.891871
vt 0.032510 0.891871
vt 0.073191 0.891871
vt 0.021515 0.891871
vt 0.020965 0.891871
vt 0.033060 0.891871
vt 0.072641 0.891871
vt 0.033609 0.891871
vt 0.072092 0.891871
vt 0.034159 0.891871
vt 0.071542 0.891871
vt 0.024813 0.891871
vt 0.034709 0.891871
vt 0.070992 0.891871
vt 0.024264 0.891871
vt 0.035259 0.891871
vt 0.070442 0.891871
vt 0.035808 0.891871
vt 0.022065 0.891871
vt 0.069893 0.891871
vt 0.052851 0.891871
vt 0.023714 0.891871
vt 0.022615 0.891871
vt 0.053400 0.891871
vt 0.052301 0.891871
vt 0.036358 0.891871
vt 0.069343 0.891871
vt 0.036908 0.891871
vt 0.023164 0.891871
vt 0.068793 0.891871
vt 0.053950 0.891871
vt 0.051751 0.891871
vt 0.037458 0.891871
vt 0.068243 0.891871
vt 0.054500 0.891871
vt 0.038007 0.891871
vt 0.051201 0.891871
vt 0.067694 0.891871
vt 0.038557 0.891871
vt 0.067144 0.891871
vt 0.055050 0.891871
vt 0.050652 0.891871
vt 0.039107 0.891871
vt 0.066594 0.891871
vt 0.039657 0.891871
vt 0.055599 0.891871
vt 0.050102 0.891871
vt 0.066044 0.891871
vt 0.040206 0.891871
vt 0.040756 0.891871
vt 0.065495 0.891871
vt 0.056149 0.891871
vt 0.064945 0.891871
vt 0.049552 0.891871
vt 0.041306 0.891871
vt 0.064395 0.891871
vt 0.041856 0.891871
vt 0.056699 0.891871
vt 0.063845 0.891871
vt 0.049002 0.891871
vt 0.042405 0.891871
vt 0.063296 0.891871
vt 0.042955 0.891871
vt 0.057248 0.891871
vt 0.048453 0.891871
vt 0.062746 0.891871
vt 0.043505 0.891871
vt 0.062196 0.891871
vt 0.057798 0.891871
vt 0.047903 0.891871
vt 0.044055 0.891871
vt 0.061646 0.891871
vt 0.044604 0.891871
vt 0.058348 0.891871
vt 0.047353 0.891871
vt 0.061097 0.891871
vt 0.045154 0.891871
vt 0.060547 0.891871
vt 0.058898 0.891871
vt 0.046803 0.891871
vt 0.045704 0.891871
vt 0.059997 0.891871
vt 0.059447 0.891871
vt 0.046254 0.891871
vt 0.037733 0.983129
vt 0.014918 0.983129
vt 0.060547 0.983129
vt 0.037733 0.891871
vt 0.083361 0.983129
vt 0.106176 0.983129
vt 0.083361 0.891871
vt 0.020622 0.983129
vt 0.026325 0.983129
vt 0.020622 0.891871
vt 0.032029 0.983129
vt 0.026325 0.891871
vt 0.032029 0.891871
vt 0.043436 0.983129
vt 0.049140 0.983129
vt 0.043436 0.891871
vt 0.054843 0.983129
vt 0.049140 0.891871
vt 0.054843 0.891871
vt 0.066251 0.983129
vt 0.071954 0.983129
vt 0.066251 0.891871
vt 0.077658 0.983129
vt 0.071954 0.891871
vt 0.077658 0.891871
vt 0.089065 0.983129
vt 0.094769 0.983129
vt 0.089065 0.891871
vt 0.100472 0.983129
vt 0.094769 0.891871
vt 0.100472 0.891871
vt 0.015813 0.983129
vt 0.016707 0.983129
vt 0.015813 0.891871
vt 0.017602 0.983129
vt 0.016707 0.891871
vt 0.018497 0.983129
vt 0.017602 0.891871
vt 0.019392 0.983129
vt 0.018497 0.891871
vt 0.020286 0.983129
vt 0.019392 0.891871
vt 0.021181 0.983129
vt 0.020286 0.891871
vt 0.022076 0.983129
vt 0.021181 0.891871
vt 0.022970 0.983129
vt 0.022076 0.891871
vt 0.023865 0.983129
vt 0.022970 0.891871
vt 0.024760 0.983129
vt 0.023865 0.891871
vt 0.025654 0.983129
vt 0.024760 0.891871
vt 0.026549 0.983129
vt 0.025654 0.891871
vt 0.027444 0.983129
vt 0.026549 0.891871
vt 0.028338 0.983129
vt 0.027444 0.891871
vt 0.029233 0.983129
vt 0.028338 0.891871
vt 0.030128 0.983129
vt 0.029233 0.891871
vt 0.031022 0.983129
vt 0.030128 0.891871
vt 0.031917 0.983129
vt 0.031022 0.891871
vt 0.032812 0.983129
vt 0.031917 0.891871
vt 0.033706 0.983129
vt 0.032812 0.891871
vt 0.034601 0.983129
vt 0.033706 0.891871
vt 0.035496 0.983129
vt 0.034601 0.891871
vt 0.036391 0.983129
vt 0.035496 0.891871
vt 0.037285 0.983129
vt 0.036391 0.891871
vt 0.038180 0.983129
vt 0.037285 0.891871
vt 0.039075 0.983129
vt 0.038180 0.891871
vt 0.039969 0.983129
vt 0.039075 0.891871
vt 0.040864 0.983129
vt 0.039969 0.891871
vt 0.041759 0.983129
vt 0.040864 0.891871
vt 0.042653 0.983129
vt 0.041759 0.891871
vt 0.043548 0.983129
vt 0.042653 0.891871
vt 0.044443 0.983129
vt 0.043548 0.891871
vt 0.045337 0.983129
vt 0.044443 0.891871
vt 0.046232 0.983129
vt 0.045337 0.891871
vt 0.047127 0.983129
vt 0.046232 0.891871
vt 0.048021 0.983129
vt 0.047127 0.891871
vt 0.048916 0.983129
vt 0.048021 0.891871
vt 0.049811 0.983129
vt 0.048916 0.891871
vt 0.050705 0.983129
vt 0.049811 0.891871
vt 0.051600 0.983129
vt 0.050705 0.891871
vt 0.052495 0.983129
vt 0.051600 0.891871
vt 0.053389 0.983129
vt 0.052495 0.891871
vt 0.054284 0.983129
vt 0.053389 0.891871
vt 0.055179 0.983129
vt 0.054284 0.891871
vt 0.056074 0.983129
vt 0.055179 0.891871
vt 0.056968 0.983129
vt 0.056074 0.891871
vt 0.057863 0.983129
vt 0.056968 0.891871
vt 0.058758 0.983129
vt 0.057863 0.891871
vt 0.059652 0.983129
vt 0.058758 0.891871
vt 0.059652 0.891871
vt 0.061442 0.983129
vt 0.062336 0.983129
vt 0.061442 0.891871
vt 0.063231 0.983129
vt 0.062336 0.891871
vt 0.064126 0.983129
vt 0.063231 0.891871
vt 0.065020 0.983129
vt 0.064126 0.891871
vt 0.065915 0.983129
vt 0.065020 0.891871
vt 0.066810 0.983129
vt 0.065915 0.891871
vt 0.067704 0.983129
vt 0.066810 0.891871
vt 0.068599 0.983129
vt 0.067704 0.891871
vt 0.069494 0.983129
vt 0.068599 0.891871
vt 0.070389 0.983129
vt 0.069494 0.891871
vt 0.071283 0.983129
vt 0.070389 0.891871
vt 0.072178 0.983129
vt 0.071283 0.891871
vt 0.073073 0.983129
vt 0.072178 0.891871
vt 0.073967 0.983129
vt 0.073073 0.891871
vt 0.074862 0.983129
vt 0.073967 0.891871
vt 0.075757 0.983129
vt 0.074862 0.891871
vt 0.076651 0.983129
vt 0.075757 0.891871
vt 0.077546 0.983129
vt 0.076651 0.891871
vt 0.078441 0.983129
vt 0.077546 0.891871
vt 0.079335 0.983129
vt 0.078441 0.891871
vt 0.080230 0.983129
vt 0.079335 0.891871
vt 0.081125 0.983129
vt 0.080230 0.891871
vt 0.082019 0.983129
vt 0.081125 0.891871
vt 0.082914 0.983129
vt 0.082019 0.891871
vt 0.083809 0.983129
vt 0.082914 0.891871
vt 0.084703 0.983129
vt 0.083809 0.891871
vt 0.085598 0.983129
vt 0.084703 0.891871
vt 0.086493 0.983129
vt 0.085598 0.891871
vt 0.087387 0.983129
vt 0.086493 0.891871
vt 0.088282 0.983129
vt 0.087387 0.891871
vt 0.089177 0.983129
vt 0.088282 0.891871
vt 0.090072 0.983129
vt 0.089177 0.891871
vt 0.090966 0.983129
vt 0.090072 0.891871
vt 0.091861 0.983129
vt 0.090966 0.891871
vt 0.092756 0.983129
vt 0.091861 0.891871
vt 0.093650 0.983129
vt 0.092756 0.891871
vt 0.094545 0.983129
vt 0.093650 0.891871
vt 0.095440 0.983129
vt 0.094545 0.891871
vt 0.096334 0.983129
vt 0.095440 0.891871
vt 0.097229 0.983129
vt 0.096334 0.891871
vt 0.098124 0.983129
vt 0.097229 0.891871
vt 0.099018 0.983129
vt 0.098124 0.891871
vt 0.099913 0.983129
vt 0.099018 0.891871
vt 0.100808 0.983129
vt 0.099913 0.891871
vt 0.101702 0.983129
vt 0.100808 0.891871
vt 0.102597 0.983129
vt 0.101702 0.891871
vt 0.103492 0.983129
vt 0.102597 0.891871
vt 0.104386 0.983129
vt 0.103492 0.891871
vt 0.105281 0.983129
vt 0.104386 0.891871
vt 0.105281 0.891871
vt 0.018568 0.983129
vt 0.022219 0.983129
vt 0.018568 0.891871
vt 0.025869 0.983129
vt 0.022219 0.891871
vt 0.029519 0.983129
vt 0.025869 0.891871
vt 0.033170 0.983129
vt 0.029519 0.891871
vt 0.036820 0.983129
vt 0.033170 0.891871
vt 0.040470 0.983129
vt 0.036820 0.891871
vt 0.044121 0.983129
vt 0.040470 0.891871
vt 0.047771 0.983129
vt 0.044121 0.891871
vt 0.051421 0.983129
vt 0.047771 0.891871
vt 0.055072 0.983129
vt 0.051421 0.891871
vt 0.058722 0.983129
vt 0.055072 0.891871
vt 0.062372 0.983129
vt 0.058722 0.891871
vt 0.066022 0.983129
vt 0.062372 0.891871
vt 0.069673 0.983129
vt 0.066022 0.891871
vt 0.073323 0.983129
vt 0.069673 0.891871
vt 0.076973 0.983129
vt 0.073323 0.891871
vt 0.080624 0.983129
vt 0.076973 0.891871
vt 0.084274 0.983129
vt 0.080624 0.891871
vt 0.087924 0.983129
vt 0.084274 0.891871
vt 0.091575 0.983129
vt 0.087924 0.891871
vt 0.095225 0.983129
vt 0.091575 0.891871
vt 0.098875 0.983129
vt 0.095225 0.891871
vt 0.102526 0.983129
vt 0.098875 0.891871
vt 0.102526 0.891871
s 0
usemtl Material.001
f 165/1/1 162/2/1 166/3/1
f 162/2/1 167/4/1 166/3/1
f 162/2/1 161/5/1 167/4/1
f 161/5/1 164/6/1 167/4/1
f 165/1/1 163/7/1 162/2/1
f 160/8/1 164/6/1 161/5/1
f 165/1/1 158/9/1 163/7/1
f 158/9/1 160/8/1 163/7/1
f 158/9/1 157/10/1 160/8/1
f 157/10/1 164/6/1 160/8/1
f 165/1/1 159/11/1 158/9/1
f 156/12/1 164/6/1 157/10/1
f 165/1/1 156/12/1 159/11/1
f 165/1/1 164/6/1 156/12/1
f 6/13/1 8/14/1 7/15/1
f 6/13/1 9/16/1 8/14/1
f 5/17/1 9/16/1 6/13/1
f 20/18/1 4/19/1 5/17/1
f 4/19/1 9/16/1 5/17/1
f 20/18/1 1/20/1 4/19/1
f 3/21/1 9/16/1 4/19/1
f 2/22/1 10/23/1 3/21/1
f 10/23/1 9/16/1 3/21/1
f 2/22/1 11/24/1 10/23/1
f 122/25/1 22/26/1 21/27/1
f 120/28/1 122/25/1 121/29/1
f 120/28/1 22/26/1 122/25/1
f 20/18/1 151/30/1 1/20/1
f 151/30/1 2/22/1 1/20/1
f 151/30/1 150/31/1 2/22/1
f 150/31/1 11/24/1 2/22/1
f 120/28/1 23/32/1 22/26/1
f 120/28/1 119/33/1 23/32/1
f 119/33/1 135/34/1 23/32/1
f 135/34/1 134/35/1 23/32/1
f 134/35/1 24/36/1 23/32/1
f 20/18/1 148/37/1 151/30/1
f 149/38/1 11/24/1 150/31/1
f 118/39/1 135/34/1 119/33/1
f 118/39/1 136/40/1 135/34/1
f 133/41/1 24/36/1 134/35/1
f 133/41/1 25/42/1 24/36/1
f 117/43/1 136/40/1 118/39/1
f 117/43/1 137/44/1 136/40/1
f 132/45/1 25/42/1 133/41/1
f 116/46/1 137/44/1 117/43/1
f 132/45/1 26/47/1 25/42/1
f 116/46/1 138/48/1 137/44/1
f 131/49/1 26/47/1 132/45/1
f 115/50/1 138/48/1 116/46/1
f 115/50/1 139/51/1 138/48/1
f 130/52/1 26/47/1 131/49/1
f 130/52/1 27/53/1 26/47/1
f 115/50/1 140/54/1 139/51/1
f 129/55/1 27/53/1 130/52/1
f 114/56/1 140/54/1 115/50/1
f 129/55/1 28/57/1 27/53/1
f 20/18/1 155/58/1 148/37/1
f 155/58/1 149/38/1 148/37/1
f 155/58/1 154/59/1 149/38/1
f 154/59/1 11/24/1 149/38/1
f 114/56/1 141/60/1 140/54/1
f 128/61/1 28/57/1 129/55/1
f 113/62/1 141/60/1 114/56/1
f 113/62/1 142/63/1 141/60/1
f 127/64/1 28/57/1 128/61/1
f 127/64/1 29/65/1 28/57/1
f 112/66/1 142/63/1 113/62/1
f 112/66/1 143/67/1 142/63/1
f 126/68/1 29/65/1 127/64/1
f 112/66/1 144/69/1 143/67/1
f 125/70/1 29/65/1 126/68/1
f 125/70/1 30/71/1 29/65/1
f 111/72/1 144/69/1 112/66/1
f 111/72/1 145/73/1 144/69/1
f 124/74/1 30/71/1 125/70/1
f 110/75/1 145/73/1 111/72/1
f 20/18/1 152/76/1 155/58/1
f 153/77/1 11/24/1 154/59/1
f 124/74/1 31/78/1 30/71/1
f 110/75/1 146/79/1 145/73/1
f 123/80/1 31/78/1 124/74/1
f 109/81/1 146/79/1 110/75/1
f 147/82/1 31/78/1 123/80/1
f 109/81/1 147/82/1 146/79/1
f 147/82/1 32/83/1 31/78/1
f 109/81/1 32/83/1 147/82/1
f 108/84/1 32/83/1 109/81/1
f 108/84/1 33/85/1 32/83/1
f 107/86/1 33/85/1 108/84/1
f 11/24/1 13/87/1 12/88/1
f 153/77/1 13/87/1 11/24/1
f 107/86/1 34/89/1 33/85/1
f 106/90/1 34/89/1 107/86/1
f 152/76/1 13/87/1 153/77/1
f 106/90/1 35/91/1 34/89/1
f 105/92/1 35/91/1 106/90/1
f 105/92/1 36/93/1 35/91/1
f 104/94/1 36/93/1 105/92/1
f 20/18/1 13/87/1 152/76/1
f 19/95/1 13/87/1 20/18/1
f 104/94/1 37/96/1 36/93/1
f 103/97/1 37/96/1 104/94/1
f 18/98/1 13/87/1 19/95/1
f 103/97/1 38/99/1 37/96/1
f 102/100/1 38/99/1 103/97/1
f 102/100/1 39/101/1 38/99/1
f 18/98/1 14/102/1 13/87/1
f 101/103/1 70/104/1 102/100/1
f 70/104/1 39/101/1 102/100/1
f 18/98/1 17/105/1 14/102/1
f 17/105/1 15/106/1 14/102/1
f 101/103/1 71/107/1 70/104/1
f 69/108/1 39/101/1 70/104/1
f 69/108/1 40/109/1 39/101/1
f 100/110/1 71/107/1 101/103/1
f 69/108/1 41/111/1 40/109/1
f 16/112/1 15/106/1 17/105/1
f 99/113/1 71/107/1 100/110/1
f 99/113/1 72/114/1 71/107/1
f 68/115/1 41/111/1 69/108/1
f 68/115/1 42/116/1 41/111/1
f 98/117/1 72/114/1 99/113/1
f 98/117/1 73/118/1 72/114/1
f 68/115/1 43/119/1 42/116/1
f 67/120/1 43/119/1 68/115/1
f 97/121/1 73/118/1 98/117/1
f 67/120/1 44/122/1 43/119/1
f 96/123/1 73/118/1 97/121/1
f 96/123/1 74/124/1 73/118/1
f 66/125/1 44/122/1 67/120/1
f 66/125/1 45/126/1 44/122/1
f 95/127/1 74/124/1 96/123/1
f 66/125/1 46/128/1 45/126/1
f 95/127/1 75/129/1 74/124/1
f 65/130/1 46/128/1 66/125/1
f 94/131/1 75/129/1 95/127/1
f 65/130/1 47/132/1 46/128/1
f 65/130/1 48/133/1 47/132/1
f 93/134/1 75/129/1 94/131/1
f 93/134/1 76/135/1 75/129/1
f 92/136/1 76/135/1 93/134/1
f 64/137/1 48/133/1 65/130/1
f 64/137/1 49/138/1 48/133/1
f 91/139/1 76/135/1 92/136/1
f 64/137/1 50/140/1 49/138/1
f 91/139/1 77/141/1 76/135/1
f 90/142/1 77/141/1 91/139/1
f 63/143/1 50/140/1 64/137/1
f 63/143/1 51/144/1 50/140/1
f 89/145/1 77/141/1 90/142/1
f 63/143/1 52/146/1 51/144/1
f 89/145/1 78/147/1 77/141/1
f 62/148/1 52/146/1 63/143/1
f 88/149/1 78/147/1 89/145/1
f 62/148/1 53/150/1 52/146/1
f 87/151/1 78/147/1 88/149/1
f 87/151/1 79/152/1 78/147/1
f 61/153/1 53/150/1 62/148/1
f 61/153/1 54/154/1 53/150/1
f 86/155/1 79/152/1 87/151/1
f 61/153/1 55/156/1 54/154/1
f 86/155/1 80/157/1 79/152/1
f 60/158/1 55/156/1 61/153/1
f 85/159/1 80/157/1 86/155/1
f 60/158/1 56/160/1 55/156/1
f 84/161/1 80/157/1 85/159/1
f 84/161/1 81/162/1 80/157/1
f 59/163/1 56/160/1 60/158/1
f 59/163/1 57/164/1 56/160/1
f 83/165/1 81/162/1 84/161/1
f 83/165/1 82/166/1 81/162/1
f 58/167/1 57/164/1 59/163/1
f 332/1/2 333/3/2 329/2/2
f 329/2/2 333/3/2 334/4/2
f 329/2/2 334/4/2 328/5/2
f 328/5/2 334/4/2 331/6/2
f 332/1/2 329/2/2 330/7/2
f 327/8/2 328/5/2 331/6/2
f 332/1/2 330/7/2 325/9/2
f 325/9/2 330/7/2 327/8/2
f 325/9/2 327/8/2 324/10/2
f 324/10/2 327/8/2 331/6/2
f 332/1/2 325/9/2 326/11/2
f 323/12/2 324/10/2 331/6/2
f 332/1/2 326/11/2 323/12/2
f 332/1/2 323/12/2 331/6/2
f 173/13/2 174/15/2 175/14/2
f 173/13/2 175/14/2 176/16/2
f 172/17/2 173/13/2 176/16/2
f 187/18/2 172/17/2 171/19/2
f 171/19/1 172/17/1 176/16/1
f 187/18/2 171/19/2 168/20/2
f 170/21/1 171/19/1 176/16/1
f 169/22/2 170/21/2 177/23/2
f 177/23/1 170/21/1 176/16/1
f 169/22/2 177/23/2 178/24/2
f 289/25/2 188/27/2 189/26/2
f 287/28/2 288/29/2 289/25/2
f 287/28/2 289/25/2 189/26/2
f 187/18/2 168/20/2 318/30/2
f 318/30/2 168/20/2 169/22/2
f 318/30/2 169/22/2 317/31/2
f 317/31/2 169/22/2 178/24/2
f 287/28/2 189/26/2 190/32/2
f 287/28/2 190/32/2 286/33/2
f 286/33/2 190/32/2 302/34/2
f 302/34/2 190/32/2 301/35/2
f 301/35/2 190/32/2 191/36/2
f 187/18/2 318/30/2 315/37/2
f 316/38/2 317/31/2 178/24/2
f 285/39/2 286/33/2 302/34/2
f 285/39/2 302/34/2 303/40/2
f 300/41/2 301/35/2 191/36/2
f 300/41/2 191/36/2 192/42/2
f 284/43/2 285/39/2 303/40/2
f 284/43/2 303/40/2 304/44/2
f 299/45/2 300/41/2 192/42/2
f 283/46/2 284/43/2 304/44/2
f 299/45/2 192/42/2 193/47/2
f 283/46/2 304/44/2 305/48/2
f 298/49/2 299/45/2 193/47/2
f 282/50/2 283/46/2 305/48/2
f 282/50/2 305/48/2 306/51/2
f 297/52/2 298/49/2 193/47/2
f 297/52/2 193/47/2 194/53/2
f 282/50/2 306/51/2 307/54/2
f 296/55/2 297/52/2 194/53/2
f 281/56/2 282/50/2 307/54/2
f 296/55/2 194/53/2 195/57/2
f 187/18/2 315/37/2 322/58/2
f 322/58/2 315/37/2 316/38/2
f 322/58/2 316/38/2 321/59/2
f 321/59/2 316/38/2 178/24/2
f 281/56/2 307/54/2 308/60/2
f 295/61/2 296/55/2 195/57/2
f 280/62/2 281/56/2 308/60/2
f 280/62/2 308/60/2 309/63/2
f 294/64/2 295/61/2 195/57/2
f 294/64/2 195/57/2 196/65/2
f 279/66/2 280/62/2 309/63/2
f 279/66/2 309/63/2 310/67/2
f 293/68/2 294/64/2 196/65/2
f 279/66/2 310/67/2 311/69/2
f 292/70/2 293/68/2 196/65/2
f 292/70/2 196/65/2 197/71/2
f 278/72/2 279/66/2 311/69/2
f 278/72/2 311/69/2 312/73/2
f 291/74/2 292/70/2 197/71/2
f 277/75/2 278/72/2 312/73/2
f 187/18/2 322/58/2 319/76/2
f 320/77/2 321/59/2 178/24/2
f 291/74/2 197/71/2 198/78/2
f 277/75/2 312/73/2 313/79/2
f 290/80/2 291/74/2 198/78/2
f 276/81/2 277/75/2 313/79/2
f 314/82/2 290/80/2 198/78/2
f 276/81/2 313/79/2 314/82/2
f 314/82/2 198/78/2 199/83/2
f 276/81/2 314/82/2 199/83/2
f 275/84/2 276/81/2 199/83/2
f 275/84/2 199/83/2 200/85/2
f 274/86/2 275/84/2 200/85/2
f 178/24/2 179/88/2 180/87/2
f 320/77/2 178/24/2 180/87/2
f 274/86/2 200/85/2 201/89/2
f 273/90/2 274/86/2 201/89/2
f 319/76/2 320/77/2 180/87/2
f 273/90/2 201/89/2 202/91/2
f 272/92/2 273/90/2 202/91/2
f 272/92/2 202/91/2 203/93/2
f 271/94/2 272/92/2 203/93/2
f 187/18/2 319/76/2 180/87/2
f 186/95/2 187/18/2 180/87/2
f 271/94/2 203/93/2 204/96/2
f 270/97/2 271/94/2 204/96/2
f 185/98/2 186/95/2 180/87/2
f 270/97/2 204/96/2 205/99/2
f 269/100/2 270/97/2 205/99/2
f 269/100/2 205/99/2 206/101/2
f 185/98/2 180/87/2 181/102/2
f 268/103/2 269/100/2 237/104/2
f 237/104/2 269/100/2 206/101/2
f 185/98/2 181/102/2 184/105/2
f 184/105/2 181/102/2 182/106/2
f 268/103/2 237/104/2 238/107/2
f 236/108/2 237/104/2 206/101/2
f 236/108/2 206/101/2 207/109/2
f 267/110/2 268/103/2 238/107/2
f 236/108/2 207/109/2 208/111/2
f 183/112/2 184/105/2 182/106/2
f 266/113/2 267/110/2 238/107/2
f 266/113/2 238/107/2 239/114/2
f 235/115/2 236/108/2 208/111/2
f 235/115/2 208/111/2 209/116/2
f 265/117/2 266/113/2 239/114/2
f 265/117/2 239/114/2 240/118/2
f 235/115/2 209/116/2 210/119/2
f 234/120/2 235/115/2 210/119/2
f 264/121/2 265/117/2 240/118/2
f 234/120/2 210/119/2 211/122/2
f 263/123/2 264/121/2 240/118/2
f 263/123/2 240/118/2 241/124/2
f 233/125/2 234/120/2 211/122/2
f 233/125/2 211/122/2 212/126/2
f 262/127/2 263/123/2 241/124/2
f 233/125/2 212/126/2 213/128/2
f 262/127/2 241/124/2 242/129/2
f 232/130/2 233/125/2 213/128/2
f 261/131/2 262/127/2 242/129/2
f 232/130/2 213/128/2 214/132/2
f 232/130/2 214/132/2 215/133/2
f 260/134/2 261/131/2 242/129/2
f 260/134/2 242/129/2 243/135/2
f 259/136/2 260/134/2 243/135/2
f 231/137/2 232/130/2 215/133/2
f 231/137/2 215/133/2 216/138/2
f 258/139/2 259/136/2 243/135/2
f 231/137/2 216/138/2 217/140/2
f 258/139/2 243/135/2 244/141/2
f 257/142/2 258/139/2 244/141/2
f 230/143/2 231/137/2 217/140/2
f 230/143/2 217/140/2 218/144/2
f 256/145/2 257/142/2 244/141/2
f 230/143/2 218/144/2 219/146/2
f 256/145/2 244/141/2 245/147/2
f 229/148/2 230/143/2 219/146/2
f 255/149/2 256/145/2 245/147/2
f 229/148/2 219/146/2 220/150/2
f 254/151/2 255/149/2 245/147/2
f 254/151/2 245/147/2 246/152/2
f 228/153/2 229/148/2 220/150/2
f 228/153/2 220/150/2 221/154/2
f 253/155/2 254/151/2 246/152/2
f 228/153/2 221/154/2 222/156/2
f 253/155/2 246/152/2 247/157/2
f 227/158/2 228/153/2 222/156/2
f 252/159/2 253/155/2 247/157/2
f 227/158/2 222/156/2 223/160/2
f 251/161/2 252/159/2 247/157/2
f 251/161/2 247/157/2 248/162/2
f 226/163/2 227/158/2 223/160/2
f 226/163/2 223/160/2 224/164/2
f 250/165/2 251/161/2 248/162/2
f 250/165/2 248/162/2 249/166/2
f 225/167/2 226/163/2 224/164/2
s 1
f 338/168/3 335/20/4 336/169/4
f 340/170/5 337/171/3 338/168/3
f 342/172/6 339/161/5 340/170/5
f 336/173/4 341/174/6 342/172/6
f 346/168/3 343/20/4 344/169/4
f 348/170/5 345/171/3 346/168/3
f 350/172/6 347/161/5 348/170/5
f 344/173/4 349/174/6 350/172/6
f 354/168/3 351/20/5 352/169/5
f 356/170/4 353/171/3 354/168/3
f 358/172/6 355/161/4 356/170/4
f 352/173/5 357/174/6 358/172/6
f 362/168/4 359/20/6 360/169/6
f 364/170/3 361/171/4 362/168/4
f 366/172/5 363/161/3 364/170/3
f 360/173/6 365/174/5 366/172/5
f 370/175/3 367/20/3 368/169/3
f 372/176/4 369/177/3 370/175/3
f 374/178/6 371/179/4 372/176/4
f 376/168/5 373/180/6 374/178/6
f 378/181/5 375/171/5 376/168/5
f 380/182/7 377/183/5 378/181/5
f 382/184/7 379/185/7 380/182/7
f 384/170/8 381/186/7 382/184/7
f 386/187/8 383/161/8 384/170/8
f 388/188/5 385/189/8 386/187/8
f 390/190/3 387/191/5 388/188/5
f 392/172/9 389/192/3 390/190/3
f 394/193/10 391/174/9 392/172/9
f 396/194/11 393/195/10 394/193/10
f 398/196/12 395/197/11 396/194/11
f 368/173/3 397/198/12 398/196/12
f 402/199/13 399/20/14 400/169/14
f 404/200/15 401/201/16 402/199/13
f 406/202/17 403/203/15 404/200/15
f 408/204/18 405/205/17 406/202/17
f 410/206/19 407/207/18 408/204/18
f 412/208/20 409/209/19 410/206/19
f 414/210/21 411/211/20 412/208/20
f 416/212/22 413/213/21 414/210/21
f 418/214/23 415/215/22 416/212/22
f 420/216/24 417/217/23 418/214/23
f 422/218/25 419/219/24 420/216/24
f 424/220/26 421/221/25 422/218/25
f 426/222/27 423/223/26 424/220/26
f 428/224/28 425/225/27 426/222/27
f 430/226/29 427/227/28 428/224/28
f 432/228/30 429/229/29 430/226/29
f 434/230/31 431/231/30 432/228/30
f 436/232/32 433/233/31 434/230/31
f 438/234/33 435/235/32 436/232/32
f 440/236/34 437/237/33 438/234/33
f 442/238/35 439/239/34 440/236/34
f 444/240/36 441/241/37 442/238/35
f 446/242/38 443/243/36 444/240/36
f 448/244/39 445/245/38 446/242/38
f 450/246/40 447/247/39 448/244/39
f 452/248/41 449/249/40 450/246/40
f 454/250/42 451/251/41 452/248/41
f 456/252/43 453/253/42 454/250/42
f 458/254/44 455/255/45 456/252/43
f 460/256/46 457/257/44 458/254/44
f 462/258/47 459/259/46 460/256/46
f 464/260/48 461/261/47 462/258/47
f 466/262/49 463/263/48 464/260/48
f 468/264/50 465/265/49 466/262/49
f 470/266/51 467/267/50 468/264/50
f 472/268/52 469/269/51 470/266/51
f 474/270/53 471/271/52 472/268/52
f 476/272/54 473/273/53 474/270/53
f 478/274/55 475/275/54 476/272/54
f 480/276/56 477/277/55 478/274/55
f 482/278/57 479/279/56 480/276/56
f 484/280/58 481/281/57 482/278/57
f 486/282/59 483/283/58 484/280/58
f 488/284/60 485/285/59 486/282/59
f 490/286/61 487/287/60 488/284/60
f 492/288/62 489/289/61 490/286/61
f 494/290/63 491/291/62 492/288/62
f 496/292/64 493/293/63 494/290/63
f 498/294/65 495/295/64 496/292/64
f 500/296/66 497/297/65 498/294/65
f 502/170/67 499/298/66 500/296/66
f 504/299/68 501/161/67 502/170/67
f 506/300/69 503/301/68 504/299/68
f 508/302/70 505/303/69 506/300/69
f 510/304/71 507/305/70 508/302/70
f 512/306/72 509/307/71 510/304/71
f 514/308/73 511/309/72 512/306/72
f 516/310/74 513/311/73 514/308/73
f 518/312/75 515/313/74 516/310/74
f 520/314/76 517/315/75 518/312/75
f 522/316/77 519/317/76 520/314/76
f 524/318/78 521/319/77 522/316/77
f 526/320/79 523/321/78 524/318/78
f 528/322/80 525/323/81 526/320/79
f 530/324/82 527/325/80 528/322/80
f 532/326/83 529/327/84 530/324/82
f 534/328/85 531/329/83 532/326/83
f 536/330/86 533/331/85 534/328/85
f 538/332/87 535/333/86 536/330/86
f 540/334/88 537/335/87 538/332/87
f 542/336/89 539/337/88 540/334/88
f 544/338/90 541/339/89 542/336/89
f 546/340/91 543/341/90 544/338/90
f 548/342/92 545/343/93 546/340/91
f 550/344/94 547/345/92 548/342/92
f 552/346/95 549/347/94 550/344/94
f 554/348/96 551/349/95 552/346/95
f 556/350/97 553/351/96 554/348/96
f 558/352/98 555/353/97 556/350/97
f 560/354/99 557/355/98 558/352/98
f 562/356/100 559/357/99 560/354/99
f 564/358/101 561/359/100 562/356/100
f 566/360/102 563/361/101 564/358/101
f 568/362/103 565/363/102 566/360/102
f 570/364/104 567/365/103 568/362/103
f 572/366/105 569/367/104 570/364/104
f 574/368/106 571/369/105 572/366/105
f 576/370/107 573/371/106 574/368/106
f 578/372/108 575/373/107 576/370/107
f 580/374/109 577/375/108 578/372/108
f 582/376/110 579/377/109 580/374/109
f 584/378/111 581/379/112 582/376/110
f 586/380/113 583/381/111 584/378/111
f 588/382/114 585/383/113 586/380/113
f 590/384/115 587/385/114 588/382/114
f 592/386/116 589/387/115 590/384/115
f 594/388/117 591/389/116 592/386/116
f 596/390/118 593/391/117 594/388/117
f 598/392/3 595/393/119 596/390/118
f 600/394/4 597/395/3 598/392/3
f 602/396/120 599/397/4 600/394/4
f 400/173/14 601/398/120 602/396/120
f 606/399/121 603/20/122 604/169/122
f 608/400/123 605/401/121 606/399/121
f 610/402/124 607/403/123 608/400/123
f 612/404/125 609/405/124 610/402/124
f 614/406/126 611/407/125 612/404/125
f 616/408/127 613/409/126 614/406/126
f 618/410/128 615/411/127 616/408/127
f 620/412/129 617/413/128 618/410/128
f 622/414/130 619/415/129 620/412/129
f 624/416/131 621/417/130 622/414/130
f 626/418/132 623/419/131 624/416/131
f 628/420/133 625/421/134 626/418/132
f 630/422/135 627/423/136 628/420/133
f 632/424/137 629/425/135 630/422/135
f 634/426/138 631/427/137 632/424/137
f 636/428/139 633/429/138 634/426/138
f 638/430/140 635/431/139 636/428/139
f 640/432/141 637/433/140 638/430/140
f 642/434/142 639/435/141 640/432/141
f 644/436/143 641/437/142 642/434/142
f 646/438/144 643/439/143 644/436/143
f 648/440/145 645/441/144 646/438/144
f 650/442/146 647/443/145 648/440/145
f 652/444/147 649/445/146 650/442/146
f 604/173/122 651/446/147 652/444/147
f 656/168/4 653/20/6 654/169/6
f 658/170/3 655/171/4 656/168/4
f 660/172/5 657/161/3 658/170/3
f 654/173/6 659/174/5 660/172/5
f 664/168/148 661/20/149 662/169/149
f 666/170/3 663/171/148 664/168/148
f 668/172/5 665/161/3 666/170/3
f 662/173/149 667/174/5 668/172/5
f 338/168/3 337/171/3 335/20/4
f 340/170/5 339/161/5 337/171/3
f 342/172/6 341/174/6 339/161/5
f 336/173/4 335/4/4 341/174/6
f 346/168/3 345/171/3 343/20/4
f 348/170/5 347/161/5 345/171/3
f 350/172/6 349/174/6 347/161/5
f 344/173/4 343/4/4 349/174/6
f 354/168/3 353/171/3 351/20/5
f 356/170/4 355/161/4 353/171/3
f 358/172/6 357/174/6 355/161/4
f 352/173/5 351/4/5 357/174/6
f 362/168/4 361/171/4 359/20/6
f 364/170/3 363/161/3 361/171/4
f 366/172/5 365/174/5 363/161/3
f 360/173/6 359/4/6 365/174/5
f 370/175/3 369/177/3 367/20/3
f 372/176/4 371/179/4 369/177/3
f 374/178/6 373/180/6 371/179/4
f 376/168/5 375/171/5 373/180/6
f 378/181/5 377/183/5 375/171/5
f 380/182/7 379/185/7 377/183/5
f 382/184/7 381/186/7 379/185/7
f 384/170/8 383/161/8 381/186/7
f 386/187/8 385/189/8 383/161/8
f 388/188/5 387/191/5 385/189/8
f 390/190/3 389/192/3 387/191/5
f 392/172/9 391/174/9 389/192/3
f 394/193/10 393/195/10 391/174/9
f 396/194/11 395/197/11 393/195/10
f 398/196/12 397/198/12 395/197/11
f 368/173/3 367/4/3 397/198/12
f 402/199/13 401/201/16 399/20/14
f 404/200/15 403/203/15 401/201/16
f 406/202/17 405/205/17 403/203/15
f 408/204/18 407/207/18 405/205/17
f 410/206/19 409/209/19 407/207/18
f 412/208/20 411/211/20 409/209/19
f 414/210/21 413/213/21 411/211/20
f 416/212/22 415/215/22 413/213/21
f 418/214/23 417/217/23 415/215/22
f 420/216/24 419/219/24 417/217/23
f 422/218/25 421/221/25 419/219/24
f 424/220/26 423/223/26 421/221/25
f 426/222/27 425/225/27 423/223/26
f 428/224/28 427/227/28 425/225/27
f 430/226/29 429/229/29 427/227/28
f 432/228/30 431/231/30 429/229/29
f 434/230/31 433/233/31 431/231/30
f 436/232/32 435/235/32 433/233/31
f 438/234/33 437/237/33 435/235/32
f 440/236/34 439/239/34 437/237/33
f 442/238/35 441/241/37 439/239/34
f 444/240/36 443/243/36 441/241/37
f 446/242/38 445/245/38 443/243/36
f 448/244/39 447/247/39 445/245/38
f 450/246/40 449/249/40 447/247/39
f 452/248/41 451/251/41 449/249/40
f 454/250/42 453/253/42 451/251/41
f 456/252/43 455/255/45 453/253/42
f 458/254/44 457/257/44 455/255/45
f 460/256/46 459/259/46 457/257/44
f 462/258/47 461/261/47 459/259/46
f 464/260/48 463/263/48 461/261/47
f 466/262/49 465/265/49 463/263/48
f 468/264/50 467/267/50 465/265/49
f 470/266/51 469/269/51 467/267/50
f 472/268/52 471/271/52 469/269/51
f 474/270/53 473/273/53 471/271/52
f 476/272/54 475/275/54 473/273/53
f 478/274/55 477/277/55 475/275/54
f 480/276/56 479/279/56 477/277/55
f 482/278/57 481/281/57 479/279/56
f 484/280/58 483/283/58 481/281/57
f 486/282/59 485/285/59 483/283/58
f 488/284/60 487/287/60 485/285/59
f 490/286/61 489/289/61 487/287/60
f 492/288/62 491/291/62 489/289/61
f 494/290/63 493/293/63 491/291/62
f 496/292/64 495/295/64 493/293/63
f 498/294/65 497/297/65 495/295/64
f 500/296/66 499/298/66 497/297/65
f 502/170/67 501/161/67 499/298/66
f 504/299/68 503/301/68 501/161/67
f 506/300/69 505/303/69 503/301/68
f 508/302/70 507/305/70 505/303/69
f 510/304/71 509/307/71 507/305/70
f 512/306/72 511/309/72 509/307/71
f 514/308/73 513/311/73 511/309/72
f 516/310/74 515/313/74 513/311/73
f 518/312/75 517/315/75 515/313/74
f 520/314/76 519/317/76 517/315/75
f 522/316/77 521/319/77 519/317/76
f 524/318/78 523/321/78 521/319/77
f 526/320/79 525/323/81 523/321/78
f 528/322/80 527/325/80 525/323/81
f 530/324/82 529/327/84 527/325/80
f 532/326/83 531/329/83 529/327/84
f 534/328/85 533/331/85 531/329/83
f 536/330/86 535/333/86 533/331/85
f 538/332/87 537/335/87 535/333/86
f 540/334/88 539/337/88 537/335/87
f 542/336/89 541/339/89 539/337/88
f 544/338/90 543/341/90 541/339/89
f 546/340/91 545/343/93 543/341/90
f 548/342/92 547/345/92 545/343/93
f 550/344/94 549/347/94 547/345/92
f 552/346/95 551/349/95 549/347/94
f 554/348/96 553/351/96 551/349/95
f 556/350/97 555/353/97 553/351/96
f 558/352/98 557/355/98 555/353/97
f 560/354/99 559/357/99 557/355/98
f 562/356/100 561/359/100 559/357/99
f 564/358/101 563/361/101 561/359/100
f 566/360/102 565/363/102 563/361/101
f 568/362/103 567/365/103 565/363/102
f 570/364/104 569/367/104 567/365/103
f 572/366/105 571/369/105 569/367/104
f 574/368/106 573/371/106 571/369/105
f 576/370/107 575/373/107 573/371/106
f 578/372/108 577/375/108 575/373/107
f 580/374/109 579/377/109 577/375/108
f 582/376/110 581/379/112 579/377/109
f 584/378/111 583/381/111 581/379/112
f 586/380/113 585/383/113 583/381/111
f 588/382/114 587/385/114 585/383/113
f 590/384/115 589/387/115 587/385/114
f 592/386/116 591/389/116 589/387/115
f 594/388/117 593/391/117 591/389/116
f 596/390/118 595/393/119 593/391/117
f 598/392/3 597/395/3 595/393/119
f 600/394/4 599/397/4 597/395/3
f 602/396/120 601/398/120 599/397/4
f 400/173/14 399/4/14 601/398/120
f 606/399/121 605/401/121 603/20/122
f 608/400/123 607/403/123 605/401/121
f 610/402/124 609/405/124 607/403/123
f 612/404/125 611/407/125 609/405/124
f 614/406/126 613/409/126 611/407/125
f 616/408/127 615/411/127 613/409/126
f 618/410/128 617/413/128 615/411/127
f 620/412/129 619/415/129 617/413/128
f 622/414/130 621/417/130 619/415/129
f 624/416/131 623/419/131 621/417/130
f 626/418/132 625/421/134 623/419/131
f 628/420/133 627/423/136 625/421/134
f 630/422/135 629/425/135 627/423/136
f 632/424/137 631/427/137 629/425/135
f 634/426/138 633/429/138 631/427/137
f 636/428/139 635/431/139 633/429/138
f 638/430/140 637/433/140 635/431/139
f 640/432/141 639/435/141 637/433/140
f 642/434/142 641/437/142 639/435/141
f 644/436/143 643/439/143 641/437/142
f 646/438/144 645/441/144 643/439/143
f 648/440/145 647/443/145 645/441/144
f 650/442/146 649/445/146 647/443/145
f 652/444/147 651/446/147 649/445/146
f 604/173/122 603/4/122 651/446/147
f 656/168/4 655/171/4 653/20/6
f 658/170/3 657/161/3 655/171/4
f 660/172/5 659/174/5 657/161/3
f 654/173/6 653/4/6 659/174/5
f 664/168/148 663/171/148 661/20/149
f 666/170/3 665/161/3 663/171/148
f 668/172/5 667/174/5 665/161/3
f 662/173/149 661/4/149 667/174/5
o Text.001
v -1.320495 0.792817 -0.070000
v -1.304544 0.771366 -0.070000
v -1.287476 0.749797 -0.070000
v -1.269438 0.728259 -0.070000
v -1.250581 0.706902 -0.070000
v -1.231054 0.685875 -0.070000
v -1.211006 0.665327 -0.070000
v -1.190586 0.645407 -0.070000
v -1.169944 0.626266 -0.070000
v -1.149230 0.608051 -0.070000
v -1.128591 0.590913 -0.070000
v -1.108179 0.575000 -0.070000
v -1.105481 0.578985 -0.070000
v -1.102429 0.583380 -0.070000
v -1.099085 0.588094 -0.070000
v -1.095512 0.593037 -0.070000
v -1.091772 0.598119 -0.070000
v -1.087929 0.603250 -0.070000
v -1.084043 0.608339 -0.070000
v -1.080179 0.613296 -0.070000
v -1.076397 0.618031 -0.070000
v -1.072762 0.622454 -0.070000
v -1.069335 0.626473 -0.070000
v -1.066179 0.630000 -0.070000
v -1.085087 0.644120 -0.070000
v -1.104193 0.659375 -0.070000
v -1.123319 0.675609 -0.070000
v -1.142290 0.692667 -0.070000
v -1.160927 0.710391 -0.070000
v -1.179054 0.728625 -0.070000
v -1.196493 0.747214 -0.070000
v -1.213068 0.766000 -0.070000
v -1.228601 0.784828 -0.070000
v -1.242915 0.803542 -0.070000
v -1.255833 0.821984 -0.070000
v -1.267179 0.840000 -0.070000
v -1.335179 0.814000 -0.070000
v -1.358098 0.447060 -0.070000
v -1.365364 0.448727 -0.070000
v -1.372991 0.450984 -0.070000
v -1.380994 0.453815 -0.070000
v -1.389385 0.457201 -0.070000
v -1.398179 0.461125 -0.070000
v -1.407389 0.465570 -0.070000
v -1.417031 0.470519 -0.070000
v -1.427116 0.475953 -0.070000
v -1.437660 0.481856 -0.070000
v -1.448676 0.488211 -0.070000
v -1.460179 0.495000 -0.070000
v -1.466440 0.498350 -0.070000
v -1.473683 0.502384 -0.070000
v -1.481851 0.507078 -0.070000
v -1.490882 0.512408 -0.070000
v -1.500720 0.518348 -0.070000
v -1.511304 0.524875 -0.070000
v -1.522575 0.531965 -0.070000
v -1.534475 0.539593 -0.070000
v -1.546944 0.547734 -0.070000
v -1.559924 0.556366 -0.070000
v -1.573355 0.565462 -0.070000
v -1.587179 0.575000 -0.070000
v -1.552176 0.573309 -0.070000
v -1.521910 0.571722 -0.070000
v -1.495991 0.570219 -0.070000
v -1.474030 0.568778 -0.070000
v -1.455639 0.567378 -0.070000
v -1.440429 0.566000 -0.070000
v -1.428010 0.564622 -0.070000
v -1.417994 0.563222 -0.070000
v -1.409991 0.561781 -0.070000
v -1.403614 0.560278 -0.070000
v -1.398473 0.558691 -0.070000
v -1.394179 0.557000 -0.070000
v -1.393268 0.561356 -0.070000
v -1.392058 0.566347 -0.070000
v -1.390585 0.571859 -0.070000
v -1.388882 0.577778 -0.070000
v -1.386985 0.583988 -0.070000
v -1.384929 0.590375 -0.070000
v -1.382747 0.596825 -0.070000
v -1.380475 0.603222 -0.070000
v -1.378147 0.609453 -0.070000
v -1.375799 0.615403 -0.070000
v -1.373465 0.620957 -0.070000
v -1.371179 0.626000 -0.070000
v -1.375741 0.626976 -0.070000
v -1.380429 0.628394 -0.070000
v -1.385241 0.630234 -0.070000
v -1.390179 0.632481 -0.070000
v -1.395241 0.635117 -0.070000
v -1.400429 0.638125 -0.070000
v -1.405741 0.641487 -0.070000
v -1.411179 0.645185 -0.070000
v -1.416741 0.649203 -0.070000
v -1.422429 0.653523 -0.070000
v -1.428241 0.658128 -0.070000
v -1.434179 0.663000 -0.070000
v -1.441628 0.669155 -0.070000
v -1.451271 0.677486 -0.070000
v -1.462804 0.687797 -0.070000
v -1.475919 0.699889 -0.070000
v -1.490313 0.713564 -0.070000
v -1.505679 0.728625 -0.070000
v -1.521711 0.744873 -0.070000
v -1.538105 0.762111 -0.070000
v -1.554554 0.780141 -0.070000
v -1.570753 0.798764 -0.070000
v -1.586396 0.817783 -0.070000
v -1.601179 0.837000 -0.070000
v -1.671179 0.806000 -0.070000
v -1.656787 0.789799 -0.070000
v -1.642132 0.773722 -0.070000
v -1.627241 0.757813 -0.070000
v -1.612142 0.742111 -0.070000
v -1.596862 0.726660 -0.070000
v -1.581429 0.711500 -0.070000
v -1.565871 0.696674 -0.070000
v -1.550216 0.682222 -0.070000
v -1.534491 0.668187 -0.070000
v -1.518725 0.654611 -0.070000
v -1.502945 0.641535 -0.070000
v -1.487179 0.629000 -0.070000
v -1.673179 0.635000 -0.070000
v -1.684426 0.643541 -0.070000
v -1.695660 0.652162 -0.070000
v -1.706866 0.660859 -0.070000
v -1.718031 0.669630 -0.070000
v -1.729139 0.678469 -0.070000
v -1.740179 0.687375 -0.070000
v -1.751135 0.696343 -0.070000
v -1.761994 0.705370 -0.070000
v -1.772741 0.714453 -0.070000
v -1.783364 0.723588 -0.070000
v -1.793848 0.732771 -0.070000
v -1.804179 0.742000 -0.070000
v -1.869179 0.706000 -0.070000
v -1.839539 0.681774 -0.070000
v -1.809642 0.658111 -0.070000
v -1.779522 0.635031 -0.070000
v -1.749216 0.612556 -0.070000
v -1.718756 0.590705 -0.070000
v -1.688179 0.569500 -0.070000
v -1.657518 0.548962 -0.070000
v -1.626808 0.529111 -0.070000
v -1.596085 0.509969 -0.070000
v -1.565382 0.491556 -0.070000
v -1.534735 0.473892 -0.070000
v -1.504179 0.457000 -0.070000
v -1.826179 0.475000 -0.070000
v -1.820408 0.482478 -0.070000
v -1.814600 0.489907 -0.070000
v -1.808757 0.497281 -0.070000
v -1.802882 0.504593 -0.070000
v -1.796980 0.511835 -0.070000
v -1.791054 0.519000 -0.070000
v -1.785106 0.526082 -0.070000
v -1.779142 0.533074 -0.070000
v -1.773163 0.539969 -0.070000
v -1.767174 0.546759 -0.070000
v -1.761178 0.553439 -0.070000
v -1.755179 0.560000 -0.070000
v -1.813179 0.590000 -0.070000
v -1.829068 0.573012 -0.070000
v -1.845128 0.555176 -0.070000
v -1.861194 0.536688 -0.070000
v -1.877105 0.517741 -0.070000
v -1.892695 0.498530 -0.070000
v -1.907804 0.479250 -0.070000
v -1.922266 0.460095 -0.070000
v -1.935920 0.441259 -0.070000
v -1.948601 0.422938 -0.070000
v -1.960146 0.405324 -0.070000
v -1.970393 0.388613 -0.070000
v -1.979179 0.373000 -0.070000
v -1.917179 0.336000 -0.070000
v -1.914285 0.342083 -0.070000
v -1.911114 0.348329 -0.070000
v -1.907679 0.354734 -0.070000
v -1.903994 0.361296 -0.070000
v -1.900072 0.368011 -0.070000
v -1.895929 0.374875 -0.070000
v -1.891577 0.381885 -0.070000
v -1.887031 0.389037 -0.070000
v -1.882304 0.396328 -0.070000
v -1.877410 0.403755 -0.070000
v -1.872364 0.411313 -0.070000
v -1.867179 0.419000 -0.070000
v -1.641179 0.405000 -0.070000
v -1.636867 0.397771 -0.070000
v -1.632438 0.390583 -0.070000
v -1.627898 0.383438 -0.070000
v -1.623253 0.376333 -0.070000
v -1.618511 0.369271 -0.070000
v -1.613679 0.362250 -0.070000
v -1.608763 0.355271 -0.070000
v -1.603771 0.348333 -0.070000
v -1.598710 0.341438 -0.070000
v -1.593586 0.334583 -0.070000
v -1.588407 0.327771 -0.070000
v -1.583179 0.321000 -0.070000
v -1.831179 0.321000 -0.070000
v -1.844179 0.324000 -0.070000
v -1.892179 0.301000 -0.070000
v -1.882226 0.279352 -0.070000
v -1.871387 0.258403 -0.070000
v -1.859694 0.238141 -0.070000
v -1.847179 0.218556 -0.070000
v -1.833871 0.199637 -0.070000
v -1.819804 0.181375 -0.070000
v -1.805007 0.163759 -0.070000
v -1.789512 0.146778 -0.070000
v -1.773351 0.130422 -0.070000
v -1.756554 0.114681 -0.070000
v -1.739153 0.099543 -0.070000
v -1.721179 0.085000 -0.070000
v -1.741467 0.073502 -0.070000
v -1.762318 0.062514 -0.070000
v -1.783710 0.052047 -0.070000
v -1.805623 0.042111 -0.070000
v -1.828036 0.032717 -0.070000
v -1.850929 0.023875 -0.070000
v -1.874279 0.015595 -0.070000
v -1.898068 0.007889 -0.070000
v -1.922272 0.000766 -0.070000
v -1.946873 -0.005764 -0.070000
v -1.971849 -0.011689 -0.070000
v -1.997179 -0.017000 -0.070000
v -1.992893 -0.021258 -0.070000
v -1.988563 -0.025977 -0.070000
v -1.984226 -0.031078 -0.070000
v -1.979919 -0.036481 -0.070000
v -1.975683 -0.042107 -0.070000
v -1.971554 -0.047875 -0.070000
v -1.967571 -0.053705 -0.070000
v -1.963771 -0.059519 -0.070000
v -1.960194 -0.065234 -0.070000
v -1.956878 -0.070773 -0.070000
v -1.953860 -0.076055 -0.070000
v -1.951179 -0.081000 -0.070000
v -1.924370 -0.074398 -0.070000
v -1.897961 -0.067097 -0.070000
v -1.871976 -0.059109 -0.070000
v -1.846438 -0.050444 -0.070000
v -1.821373 -0.041113 -0.070000
v -1.796804 -0.031125 -0.070000
v -1.772756 -0.020491 -0.070000
v -1.749253 -0.009222 -0.070000
v -1.726319 0.002672 -0.070000
v -1.703980 0.015181 -0.070000
v -1.682258 0.028293 -0.070000
v -1.661179 0.042000 -0.070000
v -1.637374 0.027643 -0.070000
v -1.612993 0.014060 -0.070000
v -1.588085 0.001234 -0.070000
v -1.562697 -0.010852 -0.070000
v -1.536879 -0.022216 -0.070000
v -1.510679 -0.032875 -0.070000
v -1.484145 -0.042847 -0.070000
v -1.457327 -0.052148 -0.070000
v -1.430272 -0.060797 -0.070000
v -1.403031 -0.068810 -0.070000
v -1.375650 -0.076205 -0.070000
v -1.348179 -0.083000 -0.070000
v -1.346248 -0.078035 -0.070000
v -1.343980 -0.072699 -0.070000
v -1.341413 -0.067078 -0.070000
v -1.338586 -0.061259 -0.070000
v -1.335537 -0.055329 -0.070000
v -1.332304 -0.049375 -0.070000
v -1.328925 -0.043483 -0.070000
v -1.325438 -0.037741 -0.070000
v -1.321882 -0.032234 -0.070000
v -1.318295 -0.027051 -0.070000
v -1.314714 -0.022277 -0.070000
v -1.311179 -0.018000 -0.070000
v -1.336440 -0.012707 -0.070000
v -1.361688 -0.006819 -0.070000
v -1.386866 -0.000328 -0.070000
v -1.411919 0.006778 -0.070000
v -1.436792 0.014509 -0.070000
v -1.461429 0.022875 -0.070000
v -1.485774 0.031887 -0.070000
v -1.509771 0.041556 -0.070000
v -1.533366 0.051891 -0.070000
v -1.556503 0.062903 -0.070000
v -1.579125 0.074602 -0.070000
v -1.601179 0.087000 -0.070000
v -1.589804 0.096624 -0.070000
v -1.578683 0.106491 -0.070000
v -1.567819 0.116594 -0.070000
v -1.557216 0.126926 -0.070000
v -1.546876 0.137480 -0.070000
v -1.536804 0.148250 -0.070000
v -1.527002 0.159228 -0.070000
v -1.517475 0.170407 -0.070000
v -1.508226 0.181781 -0.070000
v -1.499257 0.193343 -0.070000
v -1.490574 0.205085 -0.070000
v -1.482179 0.217000 -0.070000
v -1.472869 0.208814 -0.070000
v -1.463447 0.200764 -0.070000
v -1.453929 0.192859 -0.070000
v -1.444327 0.185111 -0.070000
v -1.434656 0.177530 -0.070000
v -1.424929 0.170125 -0.070000
v -1.415160 0.162908 -0.070000
v -1.405364 0.155889 -0.070000
v -1.395554 0.149078 -0.070000
v -1.385743 0.142486 -0.070000
v -1.375947 0.136123 -0.070000
v -1.366179 0.130000 -0.070000
v -1.363380 0.133795 -0.070000
v -1.360040 0.138106 -0.070000
v -1.356241 0.142828 -0.070000
v -1.352068 0.147852 -0.070000
v -1.347602 0.153070 -0.070000
v -1.342929 0.158375 -0.070000
v -1.338130 0.163659 -0.070000
v -1.333290 0.168815 -0.070000
v -1.328491 0.173734 -0.070000
v -1.323818 0.178310 -0.070000
v -1.319352 0.182435 -0.070000
v -1.315179 0.186000 -0.070000
v -1.337891 0.199033 -0.070000
v -1.360456 0.213097 -0.070000
v -1.382772 0.228141 -0.070000
v -1.404734 0.244111 -0.070000
v -1.426238 0.260957 -0.070000
v -1.447179 0.278625 -0.070000
v -1.467453 0.297064 -0.070000
v -1.486956 0.316222 -0.070000
v -1.505585 0.336047 -0.070000
v -1.523234 0.356486 -0.070000
v -1.539800 0.377488 -0.070000
v -1.555179 0.399000 -0.070000
v -1.522741 0.396850 -0.070000
v -1.494674 0.394880 -0.070000
v -1.470601 0.393062 -0.070000
v -1.450142 0.391370 -0.070000
v -1.432919 0.389775 -0.070000
v -1.418554 0.388250 -0.070000
v -1.406668 0.386766 -0.070000
v -1.396882 0.385296 -0.070000
v -1.388819 0.383812 -0.070000
v -1.382100 0.382287 -0.070000
v -1.376346 0.380692 -0.070000
v -1.371179 0.379000 -0.070000
v -1.370499 0.382915 -0.070000
v -1.369489 0.387574 -0.070000
v -1.368194 0.392844 -0.070000
v -1.366660 0.398593 -0.070000
v -1.364932 0.404689 -0.070000
v -1.363054 0.411000 -0.070000
v -1.361072 0.417395 -0.070000
v -1.359031 0.423741 -0.070000
v -1.356976 0.429906 -0.070000
v -1.354952 0.435759 -0.070000
v -1.353004 0.441168 -0.070000
v -1.351179 0.446000 -0.070000
v -1.673260 0.134666 -0.070000
v -1.685994 0.144657 -0.070000
v -1.698366 0.154969 -0.070000
v -1.710364 0.165593 -0.070000
v -1.721973 0.176522 -0.070000
v -1.733179 0.187750 -0.070000
v -1.743968 0.199270 -0.070000
v -1.754327 0.211074 -0.070000
v -1.764241 0.223156 -0.070000
v -1.773697 0.235509 -0.070000
v -1.782681 0.248126 -0.070000
v -1.791179 0.261000 -0.070000
v -1.529179 0.261000 -0.070000
v -1.537657 0.248355 -0.070000
v -1.546591 0.235926 -0.070000
v -1.555976 0.223719 -0.070000
v -1.565808 0.211741 -0.070000
v -1.576086 0.199999 -0.070000
v -1.586804 0.188500 -0.070000
v -1.597959 0.177251 -0.070000
v -1.609549 0.166259 -0.070000
v -1.621569 0.155531 -0.070000
v -1.634017 0.145074 -0.070000
v -1.646888 0.134895 -0.070000
v -1.660179 0.125000 -0.070000
v -1.351826 0.600482 -0.070000
v -1.345271 0.588935 -0.070000
v -1.338522 0.577375 -0.070000
v -1.331586 0.565815 -0.070000
v -1.324469 0.554269 -0.070000
v -1.317179 0.542750 -0.070000
v -1.309721 0.531273 -0.070000
v -1.302105 0.519852 -0.070000
v -1.294335 0.508500 -0.070000
v -1.286419 0.497232 -0.070000
v -1.278365 0.486060 -0.070000
v -1.270179 0.475000 -0.070000
v -1.270179 -0.083000 -0.070000
v -1.198179 -0.083000 -0.070000
v -1.198179 0.387000 -0.070000
v -1.190158 0.378064 -0.070000
v -1.182100 0.369264 -0.070000
v -1.174007 0.360609 -0.070000
v -1.165882 0.352111 -0.070000
v -1.157730 0.343780 -0.070000
v -1.149554 0.335625 -0.070000
v -1.141356 0.327658 -0.070000
v -1.133142 0.319889 -0.070000
v -1.124913 0.312328 -0.070000
v -1.116674 0.304986 -0.070000
v -1.108428 0.297873 -0.070000
v -1.100179 0.291000 -0.070000
v -1.097900 0.295163 -0.070000
v -1.095114 0.300056 -0.070000
v -1.091897 0.305531 -0.070000
v -1.088327 0.311444 -0.070000
v -1.084478 0.317649 -0.070000
v -1.080429 0.324000 -0.070000
v -1.076254 0.330351 -0.070000
v -1.072031 0.336556 -0.070000
v -1.067835 0.342469 -0.070000
v -1.063743 0.347944 -0.070000
v -1.059833 0.352837 -0.070000
v -1.056179 0.357000 -0.070000
v -1.078219 0.374960 -0.070000
v -1.100253 0.394264 -0.070000
v -1.122147 0.414797 -0.070000
v -1.143771 0.436445 -0.070000
v -1.164992 0.459092 -0.070000
v -1.185679 0.482625 -0.070000
v -1.205698 0.506929 -0.070000
v -1.224919 0.531889 -0.070000
v -1.243210 0.557391 -0.070000
v -1.260438 0.583319 -0.070000
v -1.276471 0.609561 -0.070000
v -1.291179 0.636000 -0.070000
v -1.358179 0.612000 -0.070000
v -1.320495 0.792817 0.070000
v -1.304544 0.771366 0.070000
v -1.287476 0.749797 0.070000
v -1.269438 0.728259 0.070000
v -1.250581 0.706902 0.070000
v -1.231054 0.685875 0.070000
v -1.211006 0.665327 0.070000
v -1.190586 0.645407 0.070000
v -1.169944 0.626266 0.070000
v -1.149230 0.608051 0.070000
v -1.128591 0.590913 0.070000
v -1.108179 0.575000 0.070000
v -1.105481 0.578985 0.070000
v -1.102429 0.583380 0.070000
v -1.099085 0.588094 0.070000
v -1.095512 0.593037 0.070000
v -1.091772 0.598119 0.070000
v -1.087929 0.603250 0.070000
v -1.084043 0.608339 0.070000
v -1.080179 0.613296 0.070000
v -1.076397 0.618031 0.070000
v -1.072762 0.622454 0.070000
v -1.069335 0.626473 0.070000
v -1.066179 0.630000 0.070000
v -1.085087 0.644120 0.070000
v -1.104193 0.659375 0.070000
v -1.123319 0.675609 0.070000
v -1.142290 0.692667 0.070000
v -1.160927 0.710391 0.070000
v -1.179054 0.728625 0.070000
v -1.196493 0.747214 0.070000
v -1.213068 0.766000 0.070000
v -1.228601 0.784828 0.070000
v -1.242915 0.803542 0.070000
v -1.255833 0.821984 0.070000
v -1.267179 0.840000 0.070000
v -1.335179 0.814000 0.070000
v -1.358098 0.447060 0.070000
v -1.365364 0.448727 0.070000
v -1.372991 0.450984 0.070000
v -1.380994 0.453815 0.070000
v -1.389385 0.457201 0.070000
v -1.398179 0.461125 0.070000
v -1.407389 0.465570 0.070000
v -1.417031 0.470519 0.070000
v -1.427116 0.475953 0.070000
v -1.437660 0.481856 0.070000
v -1.448676 0.488211 0.070000
v -1.460179 0.495000 0.070000
v -1.466440 0.498350 0.070000
v -1.473683 0.502384 0.070000
v -1.481851 0.507078 0.070000
v -1.490882 0.512408 0.070000
v -1.500720 0.518348 0.070000
v -1.511304 0.524875 0.070000
v -1.522575 0.531965 0.070000
v -1.534475 0.539593 0.070000
v -1.546944 0.547734 0.070000
v -1.559924 0.556366 0.070000
v -1.573355 0.565462 0.070000
v -1.587179 0.575000 0.070000
v -1.552176 0.573309 0.070000
v -1.521910 0.571722 0.070000
v -1.495991 0.570219 0.070000
v -1.474030 0.568778 0.070000
v -1.455639 0.567378 0.070000
v -1.440429 0.566000 0.070000
v -1.428010 0.564622 0.070000
v -1.417994 0.563222 0.070000
v -1.409991 0.561781 0.070000
v -1.403614 0.560278 0.070000
v -1.398473 0.558691 0.070000
v -1.394179 0.557000 0.070000
v -1.393268 0.561356 0.070000
v -1.392058 0.566347 0.070000
v -1.390585 0.571859 0.070000
v -1.388882 0.577778 0.070000
v -1.386985 0.583988 0.070000
v -1.384929 0.590375 0.070000
v -1.382747 0.596825 0.070000
v -1.380475 0.603222 0.070000
v -1.378147 0.609453 0.070000
v -1.375799 0.615403 0.070000
v -1.373465 0.620957 0.070000
v -1.371179 0.626000 0.070000
v -1.375741 0.626976 0.070000
v -1.380429 0.628394 0.070000
v -1.385241 0.630234 0.070000
v -1.390179 0.632481 0.070000
v -1.395241 0.635117 0.070000
v -1.400429 0.638125 0.070000
v -1.405741 0.641487 0.070000
v -1.411179 0.645185 0.070000
v -1.416741 0.649203 0.070000
v -1.422429 0.653523 0.070000
v -1.428241 0.658128 0.070000
v -1.434179 0.663000 0.070000
v -1.441628 0.669155 0.070000
v -1.451271 0.677486 0.070000
v -1.462804 0.687797 0.070000
v -1.475919 0.699889 0.070000
v -1.490313 0.713564 0.070000
v -1.505679 0.728625 0.070000
v -1.521711 0.744873 0.070000
v -1.538105 0.762111 0.070000
v -1.554554 0.780141 0.070000
v -1.570753 0.798764 0.070000
v -1.586396 0.817783 0.070000
v -1.601179 0.837000 0.070000
v -1.671179 0.806000 0.070000
v -1.656787 0.789799 0.070000
v -1.642132 0.773722 0.070000
v -1.627241 0.757813 0.070000
v -1.612142 0.742111 0.070000
v -1.596862 0.726660 0.070000
v -1.581429 0.711500 0.070000
v -1.565871 0.696674 0.070000
v -1.550216 0.682222 0.070000
v -1.534491 0.668187 0.070000
v -1.518725 0.654611 0.070000
v -1.502945 0.641535 0.070000
v -1.487179 0.629000 0.070000
v -1.673179 0.635000 0.070000
v -1.684426 0.643541 0.070000
v -1.695660 0.652162 0.070000
v -1.706866 0.660859 0.070000
v -1.718031 0.669630 0.070000
v -1.729139 0.678469 0.070000
v -1.740179 0.687375 0.070000
v -1.751135 0.696343 0.070000
v -1.761994 0.705370 0.070000
v -1.772741 0.714453 0.070000
v -1.783364 0.723588 0.070000
v -1.793848 0.732771 0.070000
v -1.804179 0.742000 0.070000
v -1.869179 0.706000 0.070000
v -1.839539 0.681774 0.070000
v -1.809642 0.658111 0.070000
v -1.779522 0.635031 0.070000
v -1.749216 0.612556 0.070000
v -1.718756 0.590705 0.070000
v -1.688179 0.569500 0.070000
v -1.657518 0.548962 0.070000
v -1.626808 0.529111 0.070000
v -1.596085 0.509969 0.070000
v -1.565382 0.491556 0.070000
v -1.534735 0.473892 0.070000
v -1.504179 0.457000 0.070000
v -1.826179 0.475000 0.070000
v -1.820408 0.482478 0.070000
v -1.814600 0.489907 0.070000
v -1.808757 0.497281 0.070000
v -1.802882 0.504593 0.070000
v -1.796980 0.511835 0.070000
v -1.791054 0.519000 0.070000
v -1.785106 0.526082 0.070000
v -1.779142 0.533074 0.070000
v -1.773163 0.539969 0.070000
v -1.767174 0.546759 0.070000
v -1.761178 0.553439 0.070000
v -1.755179 0.560000 0.070000
v -1.813179 0.590000 0.070000
v -1.829068 0.573012 0.070000
v -1.845128 0.555176 0.070000
v -1.861194 0.536688 0.070000
v -1.877105 0.517741 0.070000
v -1.892695 0.498530 0.070000
v -1.907804 0.479250 0.070000
v -1.922266 0.460095 0.070000
v -1.935920 0.441259 0.070000
v -1.948601 0.422938 0.070000
v -1.960146 0.405324 0.070000
v -1.970393 0.388613 0.070000
v -1.979179 0.373000 0.070000
v -1.917179 0.336000 0.070000
v -1.914285 0.342083 0.070000
v -1.911114 0.348329 0.070000
v -1.907679 0.354734 0.070000
v -1.903994 0.361296 0.070000
v -1.900072 0.368011 0.070000
v -1.895929 0.374875 0.070000
v -1.891577 0.381885 0.070000
v -1.887031 0.389037 0.070000
v -1.882304 0.396328 0.070000
v -1.877410 0.403755 0.070000
v -1.872364 0.411313 0.070000
v -1.867179 0.419000 0.070000
v -1.641179 0.405000 0.070000
v -1.636867 0.397771 0.070000
v -1.632438 0.390583 0.070000
v -1.627898 0.383438 0.070000
v -1.623253 0.376333 0.070000
v -1.618511 0.369271 0.070000
v -1.613679 0.362250 0.070000
v -1.608763 0.355271 0.070000
v -1.603771 0.348333 0.070000
v -1.598710 0.341438 0.070000
v -1.593586 0.334583 0.070000
v -1.588407 0.327771 0.070000
v -1.583179 0.321000 0.070000
v -1.831179 0.321000 0.070000
v -1.844179 0.324000 0.070000
v -1.892179 0.301000 0.070000
v -1.882226 0.279352 0.070000
v -1.871387 0.258403 0.070000
v -1.859694 0.238141 0.070000
v -1.847179 0.218556 0.070000
v -1.833871 0.199637 0.070000
v -1.819804 0.181375 0.070000
v -1.805007 0.163759 0.070000
v -1.789512 0.146778 0.070000
v -1.773351 0.130422 0.070000
v -1.756554 0.114681 0.070000
v -1.739153 0.099543 0.070000
v -1.721179 0.085000 0.070000
v -1.741467 0.073502 0.070000
v -1.762318 0.062514 0.070000
v -1.783710 0.052047 0.070000
v -1.805623 0.042111 0.070000
v -1.828036 0.032717 0.070000
v -1.850929 0.023875 0.070000
v -1.874279 0.015595 0.070000
v -1.898068 0.007889 0.070000
v -1.922272 0.000766 0.070000
v -1.946873 -0.005764 0.070000
v -1.971849 -0.011689 0.070000
v -1.997179 -0.017000 0.070000
v -1.992893 -0.021258 0.070000
v -1.988563 -0.025977 0.070000
v -1.984226 -0.031078 0.070000
v -1.979919 -0.036481 0.070000
v -1.975683 -0.042107 0.070000
v -1.971554 -0.047875 0.070000
v -1.967571 -0.053705 0.070000
v -1.963771 -0.059519 0.070000
v -1.960194 -0.065234 0.070000
v -1.956878 -0.070773 0.070000
v -1.953860 -0.076055 0.070000
v -1.951179 -0.081000 0.070000
v -1.924370 -0.074398 0.070000
v -1.897961 -0.067097 0.070000
v -1.871976 -0.059109 0.070000
v -1.846438 -0.050444 0.070000
v -1.821373 -0.041113 0.070000
v -1.796804 -0.031125 0.070000
v -1.772756 -0.020491 0.070000
v -1.749253 -0.009222 0.070000
v -1.726319 0.002672 0.070000
v -1.703980 0.015181 0.070000
v -1.682258 0.028293 0.070000
v -1.661179 0.042000 0.070000
v -1.637374 0.027643 0.070000
v -1.612993 0.014060 0.070000
v -1.588085 0.001234 0.070000
v -1.562697 -0.010852 0.070000
v -1.536879 -0.022216 0.070000
v -1.510679 -0.032875 0.070000
v -1.484145 -0.042847 0.070000
v -1.457327 -0.052148 0.070000
v -1.430272 -0.060797 0.070000
v -1.403031 -0.068810 0.070000
v -1.375650 -0.076205 0.070000
v -1.348179 -0.083000 0.070000
v -1.346248 -0.078035 0.070000
v -1.343980 -0.072699 0.070000
v -1.341413 -0.067078 0.070000
v -1.338586 -0.061259 0.070000
v -1.335537 -0.055329 0.070000
v -1.332304 -0.049375 0.070000
v -1.328925 -0.043483 0.070000
v -1.325438 -0.037741 0.070000
v -1.321882 -0.032234 0.070000
v -1.318295 -0.027051 0.070000
v -1.314714 -0.022277 0.070000
v -1.311179 -0.018000 0.070000
v -1.336440 -0.012707 0.070000
v -1.361688 -0.006819 0.070000
v -1.386866 -0.000328 0.070000
v -1.411919 0.006778 0.070000
v -1.436792 0.014509 0.070000
v -1.461429 0.022875 0.070000
v -1.485774 0.031887 0.070000
v -1.509771 0.041556 0.070000
v -1.533366 0.051891 0.070000
v -1.556503 0.062903 0.070000
v -1.579125 0.074602 0.070000
v -1.601179 0.087000 0.070000
v -1.589804 0.096624 0.070000
v -1.578683 0.106491 0.070000
v -1.567819 0.116594 0.070000
v -1.557216 0.126926 0.070000
v -1.546876 0.137480 0.070000
v -1.536804 0.148250 0.070000
v -1.527002 0.159228 0.070000
v -1.517475 0.170407 0.070000
v -1.508226 0.181781 0.070000
v -1.499257 0.193343 0.070000
v -1.490574 0.205085 0.070000
v -1.482179 0.217000 0.070000
v -1.472869 0.208814 0.070000
v -1.463447 0.200764 0.070000
v -1.453929 0.192859 0.070000
v -1.444327 0.185111 0.070000
v -1.434656 0.177530 0.070000
v -1.424929 0.170125 0.070000
v -1.415160 0.162908 0.070000
v -1.405364 0.155889 0.070000
v -1.395554 0.149078 0.070000
v -1.385743 0.142486 0.070000
v -1.375947 0.136123 0.070000
v -1.366179 0.130000 0.070000
v -1.363380 0.133795 0.070000
v -1.360040 0.138106 0.070000
v -1.356241 0.142828 0.070000
v -1.352068 0.147852 0.070000
v -1.347602 0.153070 0.070000
v -1.342929 0.158375 0.070000
v -1.338130 0.163659 0.070000
v -1.333290 0.168815 0.070000
v -1.328491 0.173734 0.070000
v -1.323818 0.178310 0.070000
v -1.319352 0.182435 0.070000
v -1.315179 0.186000 0.070000
v -1.337891 0.199033 0.070000
v -1.360456 0.213097 0.070000
v -1.382772 0.228141 0.070000
v -1.404734 0.244111 0.070000
v -1.426238 0.260957 0.070000
v -1.447179 0.278625 0.070000
v -1.467453 0.297064 0.070000
v -1.486956 0.316222 0.070000
v -1.505585 0.336047 0.070000
v -1.523234 0.356486 0.070000
v -1.539800 0.377488 0.070000
v -1.555179 0.399000 0.070000
v -1.522741 0.396850 0.070000
v -1.494674 0.394880 0.070000
v -1.470601 0.393062 0.070000
v -1.450142 0.391370 0.070000
v -1.432919 0.389775 0.070000
v -1.418554 0.388250 0.070000
v -1.406668 0.386766 0.070000
v -1.396882 0.385296 0.070000
v -1.388819 0.383812 0.070000
v -1.382100 0.382287 0.070000
v -1.376346 0.380692 0.070000
v -1.371179 0.379000 0.070000
v -1.370499 0.382915 0.070000
v -1.369489 0.387574 0.070000
v -1.368194 0.392844 0.070000
v -1.366660 0.398593 0.070000
v -1.364932 0.404689 0.070000
v -1.363054 0.411000 0.070000
v -1.361072 0.417395 0.070000
v -1.359031 0.423741 0.070000
v -1.356976 0.429906 0.070000
v -1.354952 0.435759 0.070000
v -1.353004 0.441168 0.070000
v -1.351179 0.446000 0.070000
v -1.673260 0.134666 0.070000
v -1.685994 0.144657 0.070000
v -1.698366 0.154969 0.070000
v -1.710364 0.165593 0.070000
v -1.721973 0.176522 0.070000
v -1.733179 0.187750 0.070000
v -1.743968 0.199270 0.070000
v -1.754327 0.211074 0.070000
v -1.764241 0.223156 0.070000
v -1.773697 0.235509 0.070000
v -1.782681 0.248126 0.070000
v -1.791179 0.261000 0.070000
v -1.529179 0.261000 0.070000
v -1.537657 0.248355 0.070000
v -1.546591 0.235926 0.070000
v -1.555976 0.223719 0.070000
v -1.565808 0.211741 0.070000
v -1.576086 0.199999 0.070000
v -1.586804 0.188500 0.070000
v -1.597959 0.177251 0.070000
v -1.609549 0.166259 0.070000
v -1.621569 0.155531 0.070000
v -1.634017 0.145074 0.070000
v -1.646888 0.134895 0.070000
v -1.660179 0.125000 0.070000
v -1.351826 0.600482 0.070000
v -1.345271 0.588935 0.070000
v -1.338522 0.577375 0.070000
v -1.331586 0.565815 0.070000
v -1.324469 0.554269 0.070000
v -1.317179 0.542750 0.070000
v -1.309721 0.531273 0.070000
v -1.302105 0.519852 0.070000
v -1.294335 0.508500 0.070000
v -1.286419 0.497232 0.070000
v -1.278365 0.486060 0.070000
v -1.270179 0.475000 0.070000
v -1.270179 -0.083000 0.070000
v -1.198179 -0.083000 0.070000
v -1.198179 0.387000 0.070000
v -1.190158 0.378064 0.070000
v -1.182100 0.369264 0.070000
v -1.174007 0.360609 0.070000
v -1.165882 0.352111 0.070000
v -1.157730 0.343780 0.070000
v -1.149554 0.335625 0.070000
v -1.141356 0.327658 0.070000
v -1.133142 0.319889 0.070000
v -1.124913 0.312328 0.070000
v -1.116674 0.304986 0.070000
v -1.108428 0.297873 0.070000
v -1.100179 0.291000 0.070000
v -1.097900 0.295163 0.070000
v -1.095114 0.300056 0.070000
v -1.091897 0.305531 0.070000
v -1.088327 0.311444 0.070000
v -1.084478 0.317649 0.070000
v -1.080429 0.324000 0.070000
v -1.076254 0.330351 0.070000
v -1.072031 0.336556 0.070000
v -1.067835 0.342469 0.070000
v -1.063743 0.347944 0.070000
v -1.059833 0.352837 0.070000
v -1.056179 0.357000 0.070000
v -1.078219 0.374960 0.070000
v -1.100253 0.394264 0.070000
v -1.122147 0.414797 0.070000
v -1.143771 0.436445 0.070000
v -1.164992 0.459092 0.070000
v -1.185679 0.482625 0.070000
v -1.205698 0.506929 0.070000
v -1.224919 0.531889 0.070000
v -1.243210 0.557391 0.070000
v -1.260438 0.583319 0.070000
v -1.276471 0.609561 0.070000
v -1.291179 0.636000 0.070000
v -1.358179 0.612000 0.070000
v -1.320495 0.792817 0.070000
v -1.320495 0.792817 -0.070000
v -1.304544 0.771366 0.070000
v -1.304544 0.771366 -0.070000
v -1.287476 0.749797 0.070000
v -1.287476 0.749797 -0.070000
v -1.269438 0.728259 0.070000
v -1.269438 0.728259 -0.070000
v -1.250581 0.706902 0.070000
v -1.250581 0.706902 -0.070000
v -1.231054 0.685875 0.070000
v -1.231054 0.685875 -0.070000
v -1.211006 0.665327 0.070000
v -1.211006 0.665327 -0.070000
v -1.190586 0.645407 0.070000
v -1.190586 0.645407 -0.070000
v -1.169944 0.626266 0.070000
v -1.169944 0.626266 -0.070000
v -1.149230 0.608051 0.070000
v -1.149230 0.608051 -0.070000
v -1.128591 0.590913 0.070000
v -1.128591 0.590913 -0.070000
v -1.108179 0.575000 0.070000
v -1.108179 0.575000 -0.070000
v -1.105481 0.578985 0.070000
v -1.105481 0.578985 -0.070000
v -1.102429 0.583380 0.070000
v -1.102429 0.583380 -0.070000
v -1.099085 0.588094 0.070000
v -1.099085 0.588094 -0.070000
v -1.095512 0.593037 0.070000
v -1.095512 0.593037 -0.070000
v -1.091772 0.598119 0.070000
v -1.091772 0.598119 -0.070000
v -1.087929 0.603250 0.070000
v -1.087929 0.603250 -0.070000
v -1.084043 0.608339 0.070000
v -1.084043 0.608339 -0.070000
v -1.080179 0.613296 0.070000
v -1.080179 0.613296 -0.070000
v -1.076397 0.618031 0.070000
v -1.076397 0.618031 -0.070000
v -1.072762 0.622454 0.070000
v -1.072762 0.622454 -0.070000
v -1.069335 0.626473 0.070000
v -1.069335 0.626473 -0.070000
v -1.066179 0.630000 0.070000
v -1.066179 0.630000 -0.070000
v -1.085087 0.644120 0.070000
v -1.085087 0.644120 -0.070000
v -1.104193 0.659375 0.070000
v -1.104193 0.659375 -0.070000
v -1.123319 0.675609 0.070000
v -1.123319 0.675609 -0.070000
v -1.142290 0.692667 0.070000
v -1.142290 0.692667 -0.070000
v -1.160927 0.710391 0.070000
v -1.160927 0.710391 -0.070000
v -1.179054 0.728625 0.070000
v -1.179054 0.728625 -0.070000
v -1.196493 0.747214 0.070000
v -1.196493 0.747214 -0.070000
v -1.213068 0.766000 0.070000
v -1.213068 0.766000 -0.070000
v -1.228601 0.784828 0.070000
v -1.228601 0.784828 -0.070000
v -1.242915 0.803542 0.070000
v -1.242915 0.803542 -0.070000
v -1.255833 0.821984 0.070000
v -1.255833 0.821984 -0.070000
v -1.267179 0.840000 0.070000
v -1.267179 0.840000 -0.070000
v -1.335179 0.814000 0.070000
v -1.335179 0.814000 -0.070000
v -1.358098 0.447060 0.070000
v -1.358098 0.447060 -0.070000
v -1.365364 0.448727 0.070000
v -1.365364 0.448727 -0.070000
v -1.372991 0.450984 0.070000
v -1.372991 0.450984 -0.070000
v -1.380994 0.453815 0.070000
v -1.380994 0.453815 -0.070000
v -1.389385 0.457201 0.070000
v -1.389385 0.457201 -0.070000
v -1.398179 0.461125 0.070000
v -1.398179 0.461125 -0.070000
v -1.407389 0.465570 0.070000
v -1.407389 0.465570 -0.070000
v -1.417031 0.470519 0.070000
v -1.417031 0.470519 -0.070000
v -1.427116 0.475953 0.070000
v -1.427116 0.475953 -0.070000
v -1.437660 0.481856 0.070000
v -1.437660 0.481856 -0.070000
v -1.448676 0.488211 0.070000
v -1.448676 0.488211 -0.070000
v -1.460179 0.495000 0.070000
v -1.460179 0.495000 -0.070000
v -1.466440 0.498350 0.070000
v -1.466440 0.498350 -0.070000
v -1.473683 0.502384 0.070000
v -1.473683 0.502384 -0.070000
v -1.481851 0.507078 0.070000
v -1.481851 0.507078 -0.070000
v -1.490882 0.512408 0.070000
v -1.490882 0.512408 -0.070000
v -1.500720 0.518348 0.070000
v -1.500720 0.518348 -0.070000
v -1.511304 0.524875 0.070000
v -1.511304 0.524875 -0.070000
v -1.522575 0.531965 0.070000
v -1.522575 0.531965 -0.070000
v -1.534475 0.539593 0.070000
v -1.534475 0.539593 -0.070000
v -1.546944 0.547734 0.070000
v -1.546944 0.547734 -0.070000
v -1.559924 0.556366 0.070000
v -1.559924 0.556366 -0.070000
v -1.573355 0.565462 0.070000
v -1.573355 0.565462 -0.070000
v -1.587179 0.575000 0.070000
v -1.587179 0.575000 -0.070000
v -1.552176 0.573309 0.070000
v -1.552176 0.573309 -0.070000
v -1.521910 0.571722 0.070000
v -1.521910 0.571722 -0.070000
v -1.495991 0.570219 0.070000
v -1.495991 0.570219 -0.070000
v -1.474030 0.568778 0.070000
v -1.474030 0.568778 -0.070000
v -1.455639 0.567378 0.070000
v -1.455639 0.567378 -0.070000
v -1.440429 0.566000 0.070000
v -1.440429 0.566000 -0.070000
v -1.428010 0.564622 0.070000
v -1.428010 0.564622 -0.070000
v -1.417994 0.563222 0.070000
v -1.417994 0.563222 -0.070000
v -1.409991 0.561781 0.070000
v -1.409991 0.561781 -0.070000
v -1.403614 0.560278 0.070000
v -1.403614 0.560278 -0.070000
v -1.398473 0.558691 0.070000
v -1.398473 0.558691 -0.070000
v -1.394179 0.557000 0.070000
v -1.394179 0.557000 -0.070000
v -1.393268 0.561356 0.070000
v -1.393268 0.561356 -0.070000
v -1.392058 0.566347 0.070000
v -1.392058 0.566347 -0.070000
v -1.390585 0.571859 0.070000
v -1.390585 0.571859 -0.070000
v -1.388882 0.577778 0.070000
v -1.388882 0.577778 -0.070000
v -1.386985 0.583988 0.070000
v -1.386985 0.583988 -0.070000
v -1.384929 0.590375 0.070000
v -1.384929 0.590375 -0.070000
v -1.382747 0.596825 0.070000
v -1.382747 0.596825 -0.070000
v -1.380475 0.603222 0.070000
v -1.380475 0.603222 -0.070000
v -1.378147 0.609453 0.070000
v -1.378147 0.609453 -0.070000
v -1.375799 0.615403 0.070000
v -1.375799 0.615403 -0.070000
v -1.373465 0.620957 0.070000
v -1.373465 0.620957 -0.070000
v -1.371179 0.626000 0.070000
v -1.371179 0.626000 -0.070000
v -1.375741 0.626976 0.070000
v -1.375741 0.626976 -0.070000
v -1.380429 0.628394 0.070000
v -1.380429 0.628394 -0.070000
v -1.385241 0.630234 0.070000
v -1.385241 0.630234 -0.070000
v -1.390179 0.632481 0.070000
v -1.390179 0.632481 -0.070000
v -1.395241 0.635117 0.070000
v -1.395241 0.635117 -0.070000
v -1.400429 0.638125 0.070000
v -1.400429 0.638125 -0.070000
v -1.405741 0.641487 0.070000
v -1.405741 0.641487 -0.070000
v -1.411179 0.645185 0.070000
v -1.411179 0.645185 -0.070000
v -1.416741 0.649203 0.070000
v -1.416741 0.649203 -0.070000
v -1.422429 0.653523 0.070000
v -1.422429 0.653523 -0.070000
v -1.428241 0.658128 0.070000
v -1.428241 0.658128 -0.070000
v -1.434179 0.663000 0.070000
v -1.434179 0.663000 -0.070000
v -1.441628 0.669155 0.070000
v -1.441628 0.669155 -0.070000
v -1.451271 0.677486 0.070000
v -1.451271 0.677486 -0.070000
v -1.462804 0.687797 0.070000
v -1.462804 0.687797 -0.070000
v -1.475919 0.699889 0.070000
v -1.475919 0.699889 -0.070000
v -1.490313 0.713564 0.070000
v -1.490313 0.713564 -0.070000
v -1.505679 0.728625 0.070000
v -1.505679 0.728625 -0.070000
v -1.521711 0.744873 0.070000
v -1.521711 0.744873 -0.070000
v -1.538105 0.762111 0.070000
v -1.538105 0.762111 -0.070000
v -1.554554 0.780141 0.070000
v -1.554554 0.780141 -0.070000
v -1.570753 0.798764 0.070000
v -1.570753 0.798764 -0.070000
v -1.586396 0.817783 0.070000
v -1.586396 0.817783 -0.070000
v -1.601179 0.837000 0.070000
v -1.601179 0.837000 -0.070000
v -1.671179 0.806000 0.070000
v -1.671179 0.806000 -0.070000
v -1.656787 0.789799 0.070000
v -1.656787 0.789799 -0.070000
v -1.642132 0.773722 0.070000
v -1.642132 0.773722 -0.070000
v -1.627241 0.757813 0.070000
v -1.627241 0.757813 -0.070000
v -1.612142 0.742111 0.070000
v -1.612142 0.742111 -0.070000
v -1.596862 0.726660 0.070000
v -1.596862 0.726660 -0.070000
v -1.581429 0.711500 0.070000
v -1.581429 0.711500 -0.070000
v -1.565871 0.696674 0.070000
v -1.565871 0.696674 -0.070000
v -1.550216 0.682222 0.070000
v -1.550216 0.682222 -0.070000
v -1.534491 0.668187 0.070000
v -1.534491 0.668187 -0.070000
v -1.518725 0.654611 0.070000
v -1.518725 0.654611 -0.070000
v -1.502945 0.641535 0.070000
v -1.502945 0.641535 -0.070000
v -1.487179 0.629000 0.070000
v -1.487179 0.629000 -0.070000
v -1.673179 0.635000 0.070000
v -1.673179 0.635000 -0.070000
v -1.684426 0.643541 0.070000
v -1.684426 0.643541 -0.070000
v -1.695660 0.652162 0.070000
v -1.695660 0.652162 -0.070000
v -1.706866 0.660859 0.070000
v -1.706866 0.660859 -0.070000
v -1.718031 0.669630 0.070000
v -1.718031 0.669630 -0.070000
v -1.729139 0.678469 0.070000
v -1.729139 0.678469 -0.070000
v -1.740179 0.687375 0.070000
v -1.740179 0.687375 -0.070000
v -1.751135 0.696343 0.070000
v -1.751135 0.696343 -0.070000
v -1.761994 0.705370 0.070000
v -1.761994 0.705370 -0.070000
v -1.772741 0.714453 0.070000
v -1.772741 0.714453 -0.070000
v -1.783364 0.723588 0.070000
v -1.783364 0.723588 -0.070000
v -1.793848 0.732771 0.070000
v -1.793848 0.732771 -0.070000
v -1.804179 0.742000 0.070000
v -1.804179 0.742000 -0.070000
v -1.869179 0.706000 0.070000
v -1.869179 0.706000 -0.070000
v -1.839539 0.681774 0.070000
v -1.839539 0.681774 -0.070000
v -1.809642 0.658111 0.070000
v -1.809642 0.658111 -0.070000
v -1.779522 0.635031 0.070000
v -1.779522 0.635031 -0.070000
v -1.749216 0.612556 0.070000
v -1.749216 0.612556 -0.070000
v -1.718756 0.590705 0.070000
v -1.718756 0.590705 -0.070000
v -1.688179 0.569500 0.070000
v -1.688179 0.569500 -0.070000
v -1.657518 0.548962 0.070000
v -1.657518 0.548962 -0.070000
v -1.626808 0.529111 0.070000
v -1.626808 0.529111 -0.070000
v -1.596085 0.509969 0.070000
v -1.596085 0.509969 -0.070000
v -1.565382 0.491556 0.070000
v -1.565382 0.491556 -0.070000
v -1.534735 0.473892 0.070000
v -1.534735 0.473892 -0.070000
v -1.504179 0.457000 0.070000
v -1.504179 0.457000 -0.070000
v -1.826179 0.475000 0.070000
v -1.826179 0.475000 -0.070000
v -1.820408 0.482478 0.070000
v -1.820408 0.482478 -0.070000
v -1.814600 0.489907 0.070000
v -1.814600 0.489907 -0.070000
v -1.808757 0.497281 0.070000
v -1.808757 0.497281 -0.070000
v -1.802882 0.504593 0.070000
v -1.802882 0.504593 -0.070000
v -1.796980 0.511835 0.070000
v -1.796980 0.511835 -0.070000
v -1.791054 0.519000 0.070000
v -1.791054 0.519000 -0.070000
v -1.785106 0.526082 0.070000
v -1.785106 0.526082 -0.070000
v -1.779142 0.533074 0.070000
v -1.779142 0.533074 -0.070000
v -1.773163 0.539969 0.070000
v -1.773163 0.539969 -0.070000
v -1.767174 0.546759 0.070000
v -1.767174 0.546759 -0.070000
v -1.761178 0.553439 0.070000
v -1.761178 0.553439 -0.070000
v -1.755179 0.560000 0.070000
v -1.755179 0.560000 -0.070000
v -1.813179 0.590000 0.070000
v -1.813179 0.590000 -0.070000
v -1.829068 0.573012 0.070000
v -1.829068 0.573012 -0.070000
v -1.845128 0.555176 0.070000
v -1.845128 0.555176 -0.070000
v -1.861194 0.536688 0.070000
v -1.861194 0.536688 -0.070000
v -1.877105 0.517741 0.070000
v -1.877105 0.517741 -0.070000
v -1.892695 0.498530 0.070000
v -1.892695 0.498530 -0.070000
v -1.907804 0.479250 0.070000
v -1.907804 0.479250 -0.070000
v -1.922266 0.460095 0.070000
v -1.922266 0.460095 -0.070000
v -1.935920 0.441259 0.070000
v -1.935920 0.441259 -0.070000
v -1.948601 0.422938 0.070000
v -1.948601 0.422938 -0.070000
v -1.960146 0.405324 0.070000
v -1.960146 0.405324 -0.070000
v -1.970393 0.388613 0.070000
v -1.970393 0.388613 -0.070000
v -1.979179 0.373000 0.070000
v -1.979179 0.373000 -0.070000
v -1.917179 0.336000 0.070000
v -1.917179 0.336000 -0.070000
v -1.914285 0.342083 0.070000
v -1.914285 0.342083 -0.070000
v -1.911114 0.348329 0.070000
v -1.911114 0.348329 -0.070000
v -1.907679 0.354734 0.070000
v -1.907679 0.354734 -0.070000
v -1.903994 0.361296 0.070000
v -1.903994 0.361296 -0.070000
v -1.900072 0.368011 0.070000
v -1.900072 0.368011 -0.070000
v -1.895929 0.374875 0.070000
v -1.895929 0.374875 -0.070000
v -1.891577 0.381885 0.070000
v -1.891577 0.381885 -0.070000
v -1.887031 0.389037 0.070000
v -1.887031 0.389037 -0.070000
v -1.882304 0.396328 0.070000
v -1.882304 0.396328 -0.070000
v -1.877410 0.403755 0.070000
v -1.877410 0.403755 -0.070000
v -1.872364 0.411313 0.070000
v -1.872364 0.411313 -0.070000
v -1.867179 0.419000 0.070000
v -1.867179 0.419000 -0.070000
v -1.641179 0.405000 0.070000
v -1.641179 0.405000 -0.070000
v -1.636867 0.397771 0.070000
v -1.636867 0.397771 -0.070000
v -1.632438 0.390583 0.070000
v -1.632438 0.390583 -0.070000
v -1.627898 0.383438 0.070000
v -1.627898 0.383438 -0.070000
v -1.623253 0.376333 0.070000
v -1.623253 0.376333 -0.070000
v -1.618511 0.369271 0.070000
v -1.618511 0.369271 -0.070000
v -1.613679 0.362250 0.070000
v -1.613679 0.362250 -0.070000
v -1.608763 0.355271 0.070000
v -1.608763 0.355271 -0.070000
v -1.603771 0.348333 0.070000
v -1.603771 0.348333 -0.070000
v -1.598710 0.341438 0.070000
v -1.598710 0.341438 -0.070000
v -1.593586 0.334583 0.070000
v -1.593586 0.334583 -0.070000
v -1.588407 0.327771 0.070000
v -1.588407 0.327771 -0.070000
v -1.583179 0.321000 0.070000
v -1.583179 0.321000 -0.070000
v -1.831179 0.321000 0.070000
v -1.831179 0.321000 -0.070000
v -1.844179 0.324000 0.070000
v -1.844179 0.324000 -0.070000
v -1.892179 0.301000 0.070000
v -1.892179 0.301000 -0.070000
v -1.882226 0.279352 0.070000
v -1.882226 0.279352 -0.070000
v -1.871387 0.258403 0.070000
v -1.871387 0.258403 -0.070000
v -1.859694 0.238141 0.070000
v -1.859694 0.238141 -0.070000
v -1.847179 0.218556 0.070000
v -1.847179 0.218556 -0.070000
v -1.833871 0.199637 0.070000
v -1.833871 0.199637 -0.070000
v -1.819804 0.181375 0.070000
v -1.819804 0.181375 -0.070000
v -1.805007 0.163759 0.070000
v -1.805007 0.163759 -0.070000
v -1.789512 0.146778 0.070000
v -1.789512 0.146778 -0.070000
v -1.773351 0.130422 0.070000
v -1.773351 0.130422 -0.070000
v -1.756554 0.114681 0.070000
v -1.756554 0.114681 -0.070000
v -1.739153 0.099543 0.070000
v -1.739153 0.099543 -0.070000
v -1.721179 0.085000 0.070000
v -1.721179 0.085000 -0.070000
v -1.741467 0.073502 0.070000
v -1.741467 0.073502 -0.070000
v -1.762318 0.062514 0.070000
v -1.762318 0.062514 -0.070000
v -1.783710 0.052047 0.070000
v -1.783710 0.052047 -0.070000
v -1.805623 0.042111 0.070000
v -1.805623 0.042111 -0.070000
v -1.828036 0.032717 0.070000
v -1.828036 0.032717 -0.070000
v -1.850929 0.023875 0.070000
v -1.850929 0.023875 -0.070000
v -1.874279 0.015595 0.070000
v -1.874279 0.015595 -0.070000
v -1.898068 0.007889 0.070000
v -1.898068 0.007889 -0.070000
v -1.922272 0.000766 0.070000
v -1.922272 0.000766 -0.070000
v -1.946873 -0.005764 0.070000
v -1.946873 -0.005764 -0.070000
v -1.971849 -0.011689 0.070000
v -1.971849 -0.011689 -0.070000
v -1.997179 -0.017000 0.070000
v -1.997179 -0.017000 -0.070000
v -1.992893 -0.021258 0.070000
v -1.992893 -0.021258 -0.070000
v -1.988563 -0.025977 0.070000
v -1.988563 -0.025977 -0.070000
v -1.984226 -0.031078 0.070000
v -1.984226 -0.031078 -0.070000
v -1.979919 -0.036481 0.070000
v -1.979919 -0.036481 -0.070000
v -1.975683 -0.042107 0.070000
v -1.975683 -0.042107 -0.070000
v -1.971554 -0.047875 0.070000
v -1.971554 -0.047875 -0.070000
v -1.967571 -0.053705 0.070000
v -1.967571 -0.053705 -0.070000
v -1.963771 -0.059519 0.070000
v -1.963771 -0.059519 -0.070000
v -1.960194 -0.065234 0.070000
v -1.960194 -0.065234 -0.070000
v -1.956878 -0.070773 0.070000
v -1.956878 -0.070773 -0.070000
v -1.953860 -0.076055 0.070000
v -1.953860 -0.076055 -0.070000
v -1.951179 -0.081000 0.070000
v -1.951179 -0.081000 -0.070000
v -1.924370 -0.074398 0.070000
v -1.924370 -0.074398 -0.070000
v -1.897961 -0.067097 0.070000
v -1.897961 -0.067097 -0.070000
v -1.871976 -0.059109 0.070000
v -1.871976 -0.059109 -0.070000
v -1.846438 -0.050444 0.070000
v -1.846438 -0.050444 -0.070000
v -1.821373 -0.041113 0.070000
v -1.821373 -0.041113 -0.070000
v -1.796804 -0.031125 0.070000
v -1.796804 -0.031125 -0.070000
v -1.772756 -0.020491 0.070000
v -1.772756 -0.020491 -0.070000
v -1.749253 -0.009222 0.070000
v -1.749253 -0.009222 -0.070000
v -1.726319 0.002672 0.070000
v -1.726319 0.002672 -0.070000
v -1.703980 0.015181 0.070000
v -1.703980 0.015181 -0.070000
v -1.682258 0.028293 0.070000
v -1.682258 0.028293 -0.070000
v -1.661179 0.042000 0.070000
v -1.661179 0.042000 -0.070000
v -1.637374 0.027643 0.070000
v -1.637374 0.027643 -0.070000
v -1.612993 0.014060 0.070000
v -1.612993 0.014060 -0.070000
v -1.588085 0.001234 0.070000
v -1.588085 0.001234 -0.070000
v -1.562697 -0.010852 0.070000
v -1.562697 -0.010852 -0.070000
v -1.536879 -0.022216 0.070000
v -1.536879 -0.022216 -0.070000
v -1.510679 -0.032875 0.070000
v -1.510679 -0.032875 -0.070000
v -1.484145 -0.042847 0.070000
v -1.484145 -0.042847 -0.070000
v -1.457327 -0.052148 0.070000
v -1.457327 -0.052148 -0.070000
v -1.430272 -0.060797 0.070000
v -1.430272 -0.060797 -0.070000
v -1.403031 -0.068810 0.070000
v -1.403031 -0.068810 -0.070000
v -1.375650 -0.076205 0.070000
v -1.375650 -0.076205 -0.070000
v -1.348179 -0.083000 0.070000
v -1.348179 -0.083000 -0.070000
v -1.346248 -0.078035 0.070000
v -1.346248 -0.078035 -0.070000
v -1.343980 -0.072699 0.070000
v -1.343980 -0.072699 -0.070000
v -1.341413 -0.067078 0.070000
v -1.341413 -0.067078 -0.070000
v -1.338586 -0.061259 0.070000
v -1.338586 -0.061259 -0.070000
v -1.335537 -0.055329 0.070000
v -1.335537 -0.055329 -0.070000
v -1.332304 -0.049375 0.070000
v -1.332304 -0.049375 -0.070000
v -1.328925 -0.043483 0.070000
v -1.328925 -0.043483 -0.070000
v -1.325438 -0.037741 0.070000
v -1.325438 -0.037741 -0.070000
v -1.321882 -0.032234 0.070000
v -1.321882 -0.032234 -0.070000
v -1.318295 -0.027051 0.070000
v -1.318295 -0.027051 -0.070000
v -1.314714 -0.022277 0.070000
v -1.314714 -0.022277 -0.070000
v -1.311179 -0.018000 0.070000
v -1.311179 -0.018000 -0.070000
v -1.336440 -0.012707 0.070000
v -1.336440 -0.012707 -0.070000
v -1.361688 -0.006819 0.070000
v -1.361688 -0.006819 -0.070000
v -1.386866 -0.000328 0.070000
v -1.386866 -0.000328 -0.070000
v -1.411919 0.006778 0.070000
v -1.411919 0.006778 -0.070000
v -1.436792 0.014509 0.070000
v -1.436792 0.014509 -0.070000
v -1.461429 0.022875 0.070000
v -1.461429 0.022875 -0.070000
v -1.485774 0.031887 0.070000
v -1.485774 0.031887 -0.070000
v -1.509771 0.041556 0.070000
v -1.509771 0.041556 -0.070000
v -1.533366 0.051891 0.070000
v -1.533366 0.051891 -0.070000
v -1.556503 0.062903 0.070000
v -1.556503 0.062903 -0.070000
v -1.579125 0.074602 0.070000
v -1.579125 0.074602 -0.070000
v -1.601179 0.087000 0.070000
v -1.601179 0.087000 -0.070000
v -1.589804 0.096624 0.070000
v -1.589804 0.096624 -0.070000
v -1.578683 0.106491 0.070000
v -1.578683 0.106491 -0.070000
v -1.567819 0.116594 0.070000
v -1.567819 0.116594 -0.070000
v -1.557216 0.126926 0.070000
v -1.557216 0.126926 -0.070000
v -1.546876 0.137480 0.070000
v -1.546876 0.137480 -0.070000
v -1.536804 0.148250 0.070000
v -1.536804 0.148250 -0.070000
v -1.527002 0.159228 0.070000
v -1.527002 0.159228 -0.070000
v -1.517475 0.170407 0.070000
v -1.517475 0.170407 -0.070000
v -1.508226 0.181781 0.070000
v -1.508226 0.181781 -0.070000
v -1.499257 0.193343 0.070000
v -1.499257 0.193343 -0.070000
v -1.490574 0.205085 0.070000
v -1.490574 0.205085 -0.070000
v -1.482179 0.217000 0.070000
v -1.482179 0.217000 -0.070000
v -1.472869 0.208814 0.070000
v -1.472869 0.208814 -0.070000
v -1.463447 0.200764 0.070000
v -1.463447 0.200764 -0.070000
v -1.453929 0.192859 0.070000
v -1.453929 0.192859 -0.070000
v -1.444327 0.185111 0.070000
v -1.444327 0.185111 -0.070000
v -1.434656 0.177530 0.070000
v -1.434656 0.177530 -0.070000
v -1.424929 0.170125 0.070000
v -1.424929 0.170125 -0.070000
v -1.415160 0.162908 0.070000
v -1.415160 0.162908 -0.070000
v -1.405364 0.155889 0.070000
v -1.405364 0.155889 -0.070000
v -1.395554 0.149078 0.070000
v -1.395554 0.149078 -0.070000
v -1.385743 0.142486 0.070000
v -1.385743 0.142486 -0.070000
v -1.375947 0.136123 0.070000
v -1.375947 0.136123 -0.070000
v -1.366179 0.130000 0.070000
v -1.366179 0.130000 -0.070000
v -1.363380 0.133795 0.070000
v -1.363380 0.133795 -0.070000
v -1.360040 0.138106 0.070000
v -1.360040 0.138106 -0.070000
v -1.356241 0.142828 0.070000
v -1.356241 0.142828 -0.070000
v -1.352068 0.147852 0.070000
v -1.352068 0.147852 -0.070000
v -1.347602 0.153070 0.070000
v -1.347602 0.153070 -0.070000
v -1.342929 0.158375 0.070000
v -1.342929 0.158375 -0.070000
v -1.338130 0.163659 0.070000
v -1.338130 0.163659 -0.070000
v -1.333290 0.168815 0.070000
v -1.333290 0.168815 -0.070000
v -1.328491 0.173734 0.070000
v -1.328491 0.173734 -0.070000
v -1.323818 0.178310 0.070000
v -1.323818 0.178310 -0.070000
v -1.319352 0.182435 0.070000
v -1.319352 0.182435 -0.070000
v -1.315179 0.186000 0.070000
v -1.315179 0.186000 -0.070000
v -1.337891 0.199033 0.070000
v -1.337891 0.199033 -0.070000
v -1.360456 0.213097 0.070000
v -1.360456 0.213097 -0.070000
v -1.382772 0.228141 0.070000
v -1.382772 0.228141 -0.070000
v -1.404734 0.244111 0.070000
v -1.404734 0.244111 -0.070000
v -1.426238 0.260957 0.070000
v -1.426238 0.260957 -0.070000
v -1.447179 0.278625 0.070000
v -1.447179 0.278625 -0.070000
v -1.467453 0.297064 0.070000
v -1.467453 0.297064 -0.070000
v -1.486956 0.316222 0.070000
v -1.486956 0.316222 -0.070000
v -1.505585 0.336047 0.070000
v -1.505585 0.336047 -0.070000
v -1.523234 0.356486 0.070000
v -1.523234 0.356486 -0.070000
v -1.539800 0.377488 0.070000
v -1.539800 0.377488 -0.070000
v -1.555179 0.399000 0.070000
v -1.555179 0.399000 -0.070000
v -1.522741 0.396850 0.070000
v -1.522741 0.396850 -0.070000
v -1.494674 0.394880 0.070000
v -1.494674 0.394880 -0.070000
v -1.470601 0.393062 0.070000
v -1.470601 0.393062 -0.070000
v -1.450142 0.391370 0.070000
v -1.450142 0.391370 -0.070000
v -1.432919 0.389775 0.070000
v -1.432919 0.389775 -0.070000
v -1.418554 0.388250 0.070000
v -1.418554 0.388250 -0.070000
v -1.406668 0.386766 0.070000
v -1.406668 0.386766 -0.070000
v -1.396882 0.385296 0.070000
v -1.396882 0.385296 -0.070000
v -1.388819 0.383812 0.070000
v -1.388819 0.383812 -0.070000
v -1.382100 0.382287 0.070000
v -1.382100 0.382287 -0.070000
v -1.376346 0.380692 0.070000
v -1.376346 0.380692 -0.070000
v -1.371179 0.379000 0.070000
v -1.371179 0.379000 -0.070000
v -1.370499 0.382915 0.070000
v -1.370499 0.382915 -0.070000
v -1.369489 0.387574 0.070000
v -1.369489 0.387574 -0.070000
v -1.368194 0.392844 0.070000
v -1.368194 0.392844 -0.070000
v -1.366660 0.398593 0.070000
v -1.366660 0.398593 -0.070000
v -1.364932 0.404689 0.070000
v -1.364932 0.404689 -0.070000
v -1.363054 0.411000 0.070000
v -1.363054 0.411000 -0.070000
v -1.361072 0.417395 0.070000
v -1.361072 0.417395 -0.070000
v -1.359031 0.423741 0.070000
v -1.359031 0.423741 -0.070000
v -1.356976 0.429906 0.070000
v -1.356976 0.429906 -0.070000
v -1.354952 0.435759 0.070000
v -1.354952 0.435759 -0.070000
v -1.353004 0.441168 0.070000
v -1.353004 0.441168 -0.070000
v -1.351179 0.446000 0.070000
v -1.351179 0.446000 -0.070000
v -1.673260 0.134666 0.070000
v -1.673260 0.134666 -0.070000
v -1.685994 0.144657 0.070000
v -1.685994 0.144657 -0.070000
v -1.698366 0.154969 0.070000
v -1.698366 0.154969 -0.070000
v -1.710364 0.165593 0.070000
v -1.710364 0.165593 -0.070000
v -1.721973 0.176522 0.070000
v -1.721973 0.176522 -0.070000
v -1.733179 0.187750 0.070000
v -1.733179 0.187750 -0.070000
v -1.743968 0.199270 0.070000
v -1.743968 0.199270 -0.070000
v -1.754327 0.211074 0.070000
v -1.754327 0.211074 -0.070000
v -1.764241 0.223156 0.070000
v -1.764241 0.223156 -0.070000
v -1.773697 0.235509 0.070000
v -1.773697 0.235509 -0.070000
v -1.782681 0.248126 0.070000
v -1.782681 0.248126 -0.070000
v -1.791179 0.261000 0.070000
v -1.791179 0.261000 -0.070000
v -1.529179 0.261000 0.070000
v -1.529179 0.261000 -0.070000
v -1.537657 0.248355 0.070000
v -1.537657 0.248355 -0.070000
v -1.546591 0.235926 0.070000
v -1.546591 0.235926 -0.070000
v -1.555976 0.223719 0.070000
v -1.555976 0.223719 -0.070000
v -1.565808 0.211741 0.070000
v -1.565808 0.211741 -0.070000
v -1.576086 0.199999 0.070000
v -1.576086 0.199999 -0.070000
v -1.586804 0.188500 0.070000
v -1.586804 0.188500 -0.070000
v -1.597959 0.177251 0.070000
v -1.597959 0.177251 -0.070000
v -1.609549 0.166259 0.070000
v -1.609549 0.166259 -0.070000
v -1.621569 0.155531 0.070000
v -1.621569 0.155531 -0.070000
v -1.634017 0.145074 0.070000
v -1.634017 0.145074 -0.070000
v -1.646888 0.134895 0.070000
v -1.646888 0.134895 -0.070000
v -1.660179 0.125000 0.070000
v -1.660179 0.125000 -0.070000
v -1.351826 0.600482 0.070000
v -1.351826 0.600482 -0.070000
v -1.345271 0.588935 0.070000
v -1.345271 0.588935 -0.070000
v -1.338522 0.577375 0.070000
v -1.338522 0.577375 -0.070000
v -1.331586 0.565815 0.070000
v -1.331586 0.565815 -0.070000
v -1.324469 0.554269 0.070000
v -1.324469 0.554269 -0.070000
v -1.317179 0.542750 0.070000
v -1.317179 0.542750 -0.070000
v -1.309721 0.531273 0.070000
v -1.309721 0.531273 -0.070000
v -1.302105 0.519852 0.070000
v -1.302105 0.519852 -0.070000
v -1.294335 0.508500 0.070000
v -1.294335 0.508500 -0.070000
v -1.286419 0.497232 0.070000
v -1.286419 0.497232 -0.070000
v -1.278365 0.486060 0.070000
v -1.278365 0.486060 -0.070000
v -1.270179 0.475000 0.070000
v -1.270179 0.475000 -0.070000
v -1.270179 -0.083000 0.070000
v -1.270179 -0.083000 -0.070000
v -1.198179 -0.083000 0.070000
v -1.198179 -0.083000 -0.070000
v -1.198179 0.387000 0.070000
v -1.198179 0.387000 -0.070000
v -1.190158 0.378064 0.070000
v -1.190158 0.378064 -0.070000
v -1.182100 0.369264 0.070000
v -1.182100 0.369264 -0.070000
v -1.174007 0.360609 0.070000
v -1.174007 0.360609 -0.070000
v -1.165882 0.352111 0.070000
v -1.165882 0.352111 -0.070000
v -1.157730 0.343780 0.070000
v -1.157730 0.343780 -0.070000
v -1.149554 0.335625 0.070000
v -1.149554 0.335625 -0.070000
v -1.141356 0.327658 0.070000
v -1.141356 0.327658 -0.070000
v -1.133142 0.319889 0.070000
v -1.133142 0.319889 -0.070000
v -1.124913 0.312328 0.070000
v -1.124913 0.312328 -0.070000
v -1.116674 0.304986 0.070000
v -1.116674 0.304986 -0.070000
v -1.108428 0.297873 0.070000
v -1.108428 0.297873 -0.070000
v -1.100179 0.291000 0.070000
v -1.100179 0.291000 -0.070000
v -1.097900 0.295163 0.070000
v -1.097900 0.295163 -0.070000
v -1.095114 0.300056 0.070000
v -1.095114 0.300056 -0.070000
v -1.091897 0.305531 0.070000
v -1.091897 0.305531 -0.070000
v -1.088327 0.311444 0.070000
v -1.088327 0.311444 -0.070000
v -1.084478 0.317649 0.070000
v -1.084478 0.317649 -0.070000
v -1.080429 0.324000 0.070000
v -1.080429 0.324000 -0.070000
v -1.076254 0.330351 0.070000
v -1.076254 0.330351 -0.070000
v -1.072031 0.336556 0.070000
v -1.072031 0.336556 -0.070000
v -1.067835 0.342469 0.070000
v -1.067835 0.342469 -0.070000
v -1.063743 0.347944 0.070000
v -1.063743 0.347944 -0.070000
v -1.059833 0.352837 0.070000
v -1.059833 0.352837 -0.070000
v -1.056179 0.357000 0.070000
v -1.056179 0.357000 -0.070000
v -1.078219 0.374960 0.070000
v -1.078219 0.374960 -0.070000
v -1.100253 0.394264 0.070000
v -1.100253 0.394264 -0.070000
v -1.122147 0.414797 0.070000
v -1.122147 0.414797 -0.070000
v -1.143771 0.436445 0.070000
v -1.143771 0.436445 -0.070000
v -1.164992 0.459092 0.070000
v -1.164992 0.459092 -0.070000
v -1.185679 0.482625 0.070000
v -1.185679 0.482625 -0.070000
v -1.205698 0.506929 0.070000
v -1.205698 0.506929 -0.070000
v -1.224919 0.531889 0.070000
v -1.224919 0.531889 -0.070000
v -1.243210 0.557391 0.070000
v -1.243210 0.557391 -0.070000
v -1.260438 0.583319 0.070000
v -1.260438 0.583319 -0.070000
v -1.276471 0.609561 0.070000
v -1.276471 0.609561 -0.070000
v -1.291179 0.636000 0.070000
v -1.291179 0.636000 -0.070000
v -1.358179 0.612000 0.070000
v -1.358179 0.612000 -0.070000
vn -0.0000 -0.0000 -1.0000
vn -0.0000 -0.0000 1.0000
vn -0.7934 -0.6087 -0.0000
vn -0.8123 -0.5833 -0.0000
vn -0.7755 -0.6314 -0.0000
vn -0.7582 -0.6520 -0.0000
vn -0.7412 -0.6712 -0.0000
vn -0.7243 -0.6895 -0.0000
vn -0.7071 -0.7071 -0.0000
vn -0.6892 -0.7246 -0.0000
vn -0.6702 -0.7422 -0.0000
vn -0.6497 -0.7602 -0.0000
vn -0.6269 -0.7791 -0.0000
vn 0.1561 -0.9877 -0.0000
vn 0.8247 -0.5655 -0.0000
vn 0.8185 -0.5745 -0.0000
vn 0.8131 -0.5822 -0.0000
vn 0.8080 -0.5892 -0.0000
vn 0.8029 -0.5961 -0.0000
vn 0.7976 -0.6032 -0.0000
vn 0.7918 -0.6108 -0.0000
vn 0.7850 -0.6194 -0.0000
vn 0.7770 -0.6295 -0.0000
vn 0.7668 -0.6419 -0.0000
vn 0.7531 -0.6579 -0.0000
vn 0.9950 0.0995 -0.0000
vn 0.6112 0.7915 -0.0000
vn 0.6356 0.7720 -0.0000
vn 0.6579 0.7531 -0.0000
vn 0.6789 0.7342 -0.0000
vn 0.6992 0.7149 -0.0000
vn 0.7193 0.6947 -0.0000
vn 0.7397 0.6730 -0.0000
vn 0.7607 0.6491 -0.0000
vn 0.7830 0.6221 -0.0000
vn 0.8068 0.5908 -0.0000
vn 0.8329 0.5535 -0.0000
vn 0.3163 0.9487 -0.0000
vn -0.9554 0.2953 -0.0000
vn 0.2538 0.9672 -0.0000
vn 0.1876 0.9822 -0.0000
vn 0.3087 0.9511 -0.0000
vn 0.3539 0.9353 -0.0000
vn 0.3909 0.9204 -0.0000
vn 0.4211 0.9070 -0.0000
vn 0.4457 0.8952 -0.0000
vn 0.4655 0.8850 -0.0000
vn 0.4815 0.8765 -0.0000
vn 0.4941 0.8694 -0.0000
vn 0.5040 0.8637 -0.0000
vn 0.4902 0.8716 -0.0000
vn 0.4792 0.8777 -0.0000
vn 0.4901 0.8716 -0.0000
vn 0.4924 0.8704 -0.0000
vn 0.5032 0.8641 -0.0000
vn 0.5126 0.8587 -0.0000
vn 0.5209 0.8536 -0.0000
vn 0.5287 0.8488 -0.0000
vn 0.5360 0.8442 -0.0000
vn 0.5432 0.8396 -0.0000
vn 0.5502 0.8350 -0.0000
vn 0.5573 0.8303 -0.0000
vn 0.5643 0.8255 -0.0000
vn 0.9473 -0.3204 -0.0000
vn -0.0503 -0.9987 -0.0000
vn 0.9473 -0.3203 -0.0000
vn -0.0551 -0.9985 -0.0000
vn -0.0617 -0.9981 -0.0000
vn -0.0707 -0.9975 -0.0000
vn -0.0831 -0.9965 -0.0000
vn -0.1003 -0.9950 -0.0000
vn -0.1244 -0.9922 -0.0000
vn -0.1578 -0.9875 -0.0000
vn -0.2034 -0.9791 -0.0000
vn -0.2623 -0.9650 -0.0000
vn -0.3309 -0.9437 -0.0000
vn 0.4748 -0.8801 -0.0000
vn 0.9755 -0.2201 -0.0000
vn 0.9690 -0.2469 -0.0000
vn 0.9636 -0.2674 -0.0000
vn 0.9587 -0.2843 -0.0000
vn 0.9541 -0.2993 -0.0000
vn 0.9496 -0.3135 -0.0000
vn 0.9448 -0.3276 -0.0000
vn 0.9396 -0.3423 -0.0000
vn 0.9335 -0.3586 -0.0000
vn 0.9261 -0.3773 -0.0000
vn 0.9164 -0.4002 -0.0000
vn 0.8928 0.4504 -0.0000
vn 0.2495 0.9684 -0.0000
vn 0.3235 0.9462 -0.0000
vn 0.3859 0.9225 -0.0000
vn 0.4382 0.8989 -0.0000
vn 0.4818 0.8763 -0.0000
vn 0.5182 0.8552 -0.0000
vn 0.5486 0.8361 -0.0000
vn 0.5740 0.8188 -0.0000
vn 0.5952 0.8035 -0.0000
vn 0.6129 0.7901 -0.0000
vn 0.5953 0.8035 -0.0000
vn 0.6277 0.7785 -0.0000
vn 0.6130 0.7901 -0.0000
vn 0.6454 0.7639 -0.0000
vn 0.6602 0.7511 -0.0000
vn 0.6722 0.7404 -0.0000
vn 0.6833 0.7301 -0.0000
vn 0.6944 0.7196 -0.0000
vn 0.7059 0.7083 -0.0000
vn 0.7183 0.6958 -0.0000
vn 0.7317 0.6816 -0.0000
vn 0.7467 0.6652 -0.0000
vn 0.7635 0.6458 -0.0000
vn 0.7826 0.6226 -0.0000
vn 0.2465 0.9691 -0.0000
vn -0.9772 0.2122 -0.0000
vn -0.7433 -0.6689 -0.0000
vn -0.7346 -0.6785 -0.0000
vn -0.7255 -0.6883 -0.0000
vn -0.7159 -0.6982 -0.0000
vn -0.7059 -0.7083 -0.0000
vn -0.6953 -0.7187 -0.0000
vn -0.6841 -0.7294 -0.0000
vn -0.6721 -0.7405 -0.0000
vn -0.6592 -0.7519 -0.0000
vn -0.6721 -0.7404 -0.0000
vn -0.6453 -0.7639 -0.0000
vn -0.6302 -0.7764 -0.0000
vn -0.9387 0.3448 -0.0000
vn 0.3343 0.9425 -0.0000
vn 0.6068 0.7949 -0.0000
vn 0.6110 0.7917 -0.0000
vn 0.6154 0.7882 -0.0000
vn 0.6202 0.7844 -0.0000
vn 0.6253 0.7804 -0.0000
vn 0.6307 0.7761 -0.0000
vn 0.6363 0.7714 -0.0000
vn 0.6306 0.7761 -0.0000
vn 0.6424 0.7664 -0.0000
vn 0.6487 0.7610 -0.0000
vn 0.6555 0.7552 -0.0000
vn 0.6626 0.7490 -0.0000
vn 0.1114 0.9938 -0.0000
vn -0.9960 0.0896 -0.0000
vn -0.6267 -0.7792 -0.0000
vn -0.6144 -0.7890 -0.0000
vn -0.6268 -0.7792 -0.0000
vn -0.6020 -0.7985 -0.0000
vn -0.5893 -0.8079 -0.0000
vn -0.5764 -0.8172 -0.0000
vn -0.5632 -0.8263 -0.0000
vn -0.5497 -0.8354 -0.0000
vn -0.5359 -0.8443 -0.0000
vn -0.5216 -0.8532 -0.0000
vn -0.5069 -0.8620 -0.0000
vn -0.4916 -0.8708 -0.0000
vn -0.9609 0.2768 -0.0000
vn 0.9095 0.4158 -0.0000
vn -0.9610 0.2767 -0.0000
vn 0.7898 -0.6134 -0.0000
vn 0.9094 0.4158 -0.0000
vn 0.7858 -0.6185 -0.0000
vn 0.7817 -0.6237 -0.0000
vn 0.7774 -0.6291 -0.0000
vn 0.7729 -0.6346 -0.0000
vn 0.7682 -0.6402 -0.0000
vn 0.7633 -0.6461 -0.0000
vn 0.7582 -0.6521 -0.0000
vn 0.7633 -0.6460 -0.0000
vn 0.7528 -0.6583 -0.0000
vn 0.7471 -0.6647 -0.0000
vn 0.7411 -0.6714 -0.0000
vn 0.9845 0.1755 -0.0000
vn -0.1699 0.9855 -0.0000
vn 0.9845 0.1754 -0.0000
vn -0.7368 0.6761 -0.0000
vn -0.7490 0.6626 -0.0000
vn -0.7603 0.6495 -0.0000
vn -0.7712 0.6366 -0.0000
vn -0.7818 0.6235 -0.0000
vn -0.7926 0.6097 -0.0000
vn -0.8039 0.5948 -0.0000
vn -0.8160 0.5780 -0.0000
vn -0.8294 0.5587 -0.0000
vn -0.8445 0.5355 -0.0000
vn -0.8621 0.5067 -0.0000
vn -0.9664 -0.2572 -0.0000
vn 0.2902 -0.9570 -0.0000
vn 0.8974 -0.4412 -0.0000
vn 0.2901 -0.9570 -0.0000
vn 0.8865 -0.4627 -0.0000
vn 0.8766 -0.4812 -0.0000
vn 0.8678 -0.4970 -0.0000
vn 0.8766 -0.4811 -0.0000
vn 0.8598 -0.5106 -0.0000
vn 0.8529 -0.5221 -0.0000
vn 0.8468 -0.5320 -0.0000
vn 0.8415 -0.5402 -0.0000
vn 0.8371 -0.5471 -0.0000
vn 0.8334 -0.5527 -0.0000
vn 0.8304 -0.5572 -0.0000
vn 0.4419 -0.8970 -0.0000
vn -0.5205 -0.8539 -0.0000
vn 0.4419 -0.8971 -0.0000
vn -0.8551 -0.5184 -0.0000
vn -0.5205 -0.8538 -0.0000
vn -0.8477 -0.5305 -0.0000
vn -0.8405 -0.5418 -0.0000
vn -0.8336 -0.5523 -0.0000
vn -0.8270 -0.5622 -0.0000
vn -0.8207 -0.5714 -0.0000
vn -0.8146 -0.5800 -0.0000
vn -0.8089 -0.5879 -0.0000
vn -0.8147 -0.5800 -0.0000
vn -0.8036 -0.5952 -0.0000
vn -0.7985 -0.6020 -0.0000
vn -0.7938 -0.6082 -0.0000
vn -0.8975 0.4409 -0.0000
vn 0.1132 0.9936 -0.0000
vn -0.1098 0.9940 -0.0000
vn -0.9406 0.3396 -0.0000
vn -0.8986 -0.4387 -0.0000
vn -0.8774 -0.4798 -0.0000
vn -0.8546 -0.5193 -0.0000
vn -0.8305 -0.5570 -0.0000
vn -0.8053 -0.5929 -0.0000
vn -0.7791 -0.6269 -0.0000
vn -0.7524 -0.6587 -0.0000
vn -0.7252 -0.6886 -0.0000
vn -0.6977 -0.7164 -0.0000
vn -0.7251 -0.6886 -0.0000
vn -0.6428 -0.7661 -0.0000
vn -0.9966 0.0823 -0.0000
vn -0.4797 0.8774 -0.0000
vn -0.9966 0.0822 -0.0000
vn -0.4529 0.8916 -0.0000
vn -0.4263 0.9046 -0.0000
vn -0.3998 0.9166 -0.0000
vn -0.3735 0.9276 -0.0000
vn -0.3473 0.9378 -0.0000
vn -0.3212 0.9470 -0.0000
vn -0.2953 0.9554 -0.0000
vn -0.2695 0.9630 -0.0000
vn -0.2437 0.9698 -0.0000
vn -0.2180 0.9759 -0.0000
vn -0.9589 0.2838 -0.0000
vn -0.7210 -0.6929 -0.0000
vn -0.7495 -0.6620 -0.0000
vn -0.7720 -0.6356 -0.0000
vn -0.7905 -0.6125 -0.0000
vn -0.8060 -0.5919 -0.0000
vn -0.8195 -0.5731 -0.0000
vn -0.8314 -0.5556 -0.0000
vn -0.8424 -0.5388 -0.0000
vn -0.8529 -0.5221 -0.0000
vn -0.8632 -0.5049 -0.0000
vn -0.8737 -0.4864 -0.0000
vn -0.4043 -0.9146 -0.0000
vn 0.2528 -0.9675 -0.0000
vn 0.2802 -0.9600 -0.0000
vn 0.3076 -0.9515 -0.0000
vn 0.3351 -0.9422 -0.0000
vn 0.3628 -0.9319 -0.0000
vn 0.3905 -0.9206 -0.0000
vn 0.4184 -0.9082 -0.0000
vn 0.4464 -0.8948 -0.0000
vn 0.4745 -0.8802 -0.0000
vn 0.5027 -0.8644 -0.0000
vn 0.5310 -0.8473 -0.0000
vn 0.0169 -0.9999 -0.0000
vn -0.5016 -0.8651 -0.0000
vn -0.4723 -0.8814 -0.0000
vn -0.4439 -0.8961 -0.0000
vn -0.4164 -0.9092 -0.0000
vn -0.3899 -0.9209 -0.0000
vn -0.3643 -0.9313 -0.0000
vn -0.3398 -0.9405 -0.0000
vn -0.3161 -0.9487 -0.0000
vn -0.2934 -0.9560 -0.0000
vn -0.2715 -0.9624 -0.0000
vn -0.2504 -0.9681 -0.0000
vn 0.4606 -0.8876 -0.0000
vn 0.9263 -0.3769 -0.0000
vn 0.9151 -0.4033 -0.0000
vn 0.9046 -0.4262 -0.0000
vn 0.8945 -0.4472 -0.0000
vn 0.8841 -0.4673 -0.0000
vn 0.8732 -0.4874 -0.0000
vn 0.8612 -0.5083 -0.0000
vn 0.8475 -0.5308 -0.0000
vn 0.8313 -0.5559 -0.0000
vn 0.8113 -0.5847 -0.0000
vn 0.7856 -0.6187 -0.0000
vn 0.9438 0.3304 -0.0000
vn 0.2161 0.9764 -0.0000
vn 0.2384 0.9712 -0.0000
vn 0.2613 0.9653 -0.0000
vn 0.2849 0.9586 -0.0000
vn 0.3092 0.9510 -0.0000
vn 0.3344 0.9424 -0.0000
vn 0.3605 0.9328 -0.0000
vn 0.3875 0.9219 -0.0000
vn 0.4155 0.9096 -0.0000
vn 0.4446 0.8957 -0.0000
vn 0.4748 0.8801 -0.0000
vn 0.9955 0.0949 -0.0000
vn 0.6548 -0.7558 -0.0000
vn 0.6724 -0.7402 -0.0000
vn 0.6895 -0.7243 -0.0000
vn 0.7062 -0.7081 -0.0000
vn 0.7224 -0.6915 -0.0000
vn 0.7382 -0.6746 -0.0000
vn 0.7536 -0.6574 -0.0000
vn 0.7685 -0.6398 -0.0000
vn 0.7830 -0.6220 -0.0000
vn 0.7971 -0.6038 -0.0000
vn 0.8108 -0.5853 -0.0000
vn 0.1176 -0.9931 -0.0000
vn -0.6550 -0.7556 -0.0000
vn -0.6443 -0.7648 -0.0000
vn -0.6334 -0.7738 -0.0000
vn -0.6225 -0.7826 -0.0000
vn -0.6113 -0.7914 -0.0000
vn -0.6000 -0.8000 -0.0000
vn -0.5883 -0.8086 -0.0000
vn -0.5640 -0.8258 -0.0000
vn -0.5512 -0.8343 -0.0000
vn -0.5379 -0.8430 -0.0000
vn 0.1866 -0.9824 -0.0000
vn 0.7977 -0.6030 -0.0000
vn 0.7849 -0.6196 -0.0000
vn 0.7742 -0.6329 -0.0000
vn 0.7645 -0.6446 -0.0000
vn 0.7551 -0.6556 -0.0000
vn 0.7453 -0.6667 -0.0000
vn 0.7347 -0.6784 -0.0000
vn 0.7225 -0.6914 -0.0000
vn 0.7078 -0.7064 -0.0000
vn 0.6891 -0.7246 -0.0000
vn 0.6641 -0.7476 -0.0000
vn 0.9957 0.0929 -0.0000
vn 0.5134 0.8581 -0.0000
vn 0.5440 0.8391 -0.0000
vn 0.5736 0.8191 -0.0000
vn 0.6025 0.7981 -0.0000
vn 0.6309 0.7759 -0.0000
vn 0.6590 0.7522 -0.0000
vn 0.6869 0.7267 -0.0000
vn 0.7149 0.6992 -0.0000
vn 0.7430 0.6693 -0.0000
vn 0.7712 0.6366 -0.0000
vn 0.7995 0.6006 -0.0000
vn 0.8736 -0.4866 -0.0000
vn -0.0681 -0.9977 -0.0000
vn -0.0726 -0.9974 -0.0000
vn -0.0788 -0.9969 -0.0000
vn -0.0873 -0.9962 -0.0000
vn -0.0989 -0.9951 -0.0000
vn -0.1147 -0.9934 -0.0000
vn -0.1362 -0.9907 -0.0000
vn -0.1648 -0.9863 -0.0000
vn -0.2012 -0.9795 -0.0000
vn -0.2443 -0.9697 -0.0000
vn -0.2892 -0.9573 -0.0000
vn 0.5152 -0.8571 -0.0000
vn 0.9815 -0.1915 -0.0000
vn 0.9743 -0.2252 -0.0000
vn 0.9687 -0.2482 -0.0000
vn 0.9642 -0.2653 -0.0000
vn 0.9603 -0.2790 -0.0000
vn 0.9568 -0.2906 -0.0000
vn 0.9536 -0.3011 -0.0000
vn 0.9503 -0.3112 -0.0000
vn 0.9469 -0.3215 -0.0000
vn 0.9430 -0.3328 -0.0000
vn 0.9382 -0.3461 -0.0000
vn 0.8634 0.5045 -0.0000
vn 0.6288 0.7775 -0.0000
vn 0.6059 0.7956 -0.0000
vn 0.6517 0.7585 -0.0000
vn 0.6743 0.7385 -0.0000
vn 0.6516 0.7585 -0.0000
vn 0.6967 0.7173 -0.0000
vn 0.7189 0.6951 -0.0000
vn 0.7408 0.6717 -0.0000
vn 0.7624 0.6471 -0.0000
vn 0.7837 0.6212 -0.0000
vn 0.8044 0.5940 -0.0000
vn 0.8247 0.5655 -0.0000
vn 0.8806 -0.4739 -0.0000
vn -0.8823 -0.4707 -0.0000
vn -0.8214 0.5703 -0.0000
vn -0.8025 0.5966 -0.0000
vn -0.7830 0.6221 -0.0000
vn -0.7628 0.6466 -0.0000
vn -0.7421 0.6703 -0.0000
vn -0.7209 0.6931 -0.0000
vn -0.6992 0.7149 -0.0000
vn -0.6771 0.7359 -0.0000
vn -0.6992 0.7150 -0.0000
vn -0.6546 0.7560 -0.0000
vn -0.6319 0.7751 -0.0000
vn -0.6088 0.7933 -0.0000
vn -0.0018 1.0000 -0.0000
vn -0.8666 -0.4989 -0.0000
vn -0.8727 -0.4883 -0.0000
vn -0.8606 -0.5093 -0.0000
vn -0.8544 -0.5196 -0.0000
vn -0.8481 -0.5298 -0.0000
vn -0.8418 -0.5398 -0.0000
vn -0.8353 -0.5498 -0.0000
vn -0.8286 -0.5598 -0.0000
vn -0.8353 -0.5499 -0.0000
vn -0.8218 -0.5698 -0.0000
vn -0.8147 -0.5798 -0.0000
vn -0.8075 -0.5899 -0.0000
vn -0.9497 -0.3132 -0.0000
vn 0.7071 -0.7071 -0.0000
vn 0.3576 -0.9339 -0.0000
vn -0.7409 -0.6717 -0.0000
vn -0.7340 -0.6792 -0.0000
vn -0.7266 -0.6870 -0.0000
vn -0.7188 -0.6952 -0.0000
vn -0.7105 -0.7037 -0.0000
vn -0.7016 -0.7126 -0.0000
vn -0.6921 -0.7218 -0.0000
vn -0.6819 -0.7315 -0.0000
vn -0.6710 -0.7415 -0.0000
vn -0.6593 -0.7519 -0.0000
vn -0.6467 -0.7628 -0.0000
vn 0.1865 -0.9824 -0.0000
vn 0.8731 -0.4875 -0.0000
vn 0.8656 -0.5007 -0.0000
vn 0.8592 -0.5117 -0.0000
vn 0.8529 -0.5220 -0.0000
vn 0.8465 -0.5324 -0.0000
vn 0.8394 -0.5435 -0.0000
vn 0.8312 -0.5560 -0.0000
vn 0.8212 -0.5707 -0.0000
vn 0.8084 -0.5887 -0.0000
vn 0.7912 -0.6116 -0.0000
vn 0.7665 -0.6422 -0.0000
vn 0.9965 0.0833 -0.0000
vn 0.6454 0.7638 -0.0000
vn 0.9965 0.0832 -0.0000
vn 0.6716 0.7409 -0.0000
vn 0.6959 0.7182 -0.0000
vn 0.7187 0.6953 -0.0000
vn 0.7405 0.6721 -0.0000
vn 0.7616 0.6481 -0.0000
vn 0.7822 0.6230 -0.0000
vn 0.8026 0.5966 -0.0000
vn 0.8229 0.5682 -0.0000
vn 0.8433 0.5375 -0.0000
vn 0.8638 0.5039 -0.0000
vn 0.3519 0.9360 -0.0000
vn -0.9354 0.3536 -0.0000
vt 0.151728 0.902407
vt 0.152033 0.902407
vt 0.151880 0.902407
vt 0.162851 0.902407
vt 0.163156 0.902407
vt 0.163003 0.902407
vt 0.151576 0.902407
vt 0.162698 0.902407
vt 0.146547 0.902407
vt 0.163308 0.902407
vt 0.151423 0.902407
vt 0.162546 0.902407
vt 0.146700 0.902407
vt 0.163460 0.902407
vt 0.151271 0.902407
vt 0.162394 0.902407
vt 0.163613 0.902407
vt 0.146852 0.902407
vt 0.151118 0.902407
vt 0.162241 0.902407
vt 0.163765 0.902407
vt 0.147004 0.902407
vt 0.150966 0.902407
vt 0.162089 0.902407
vt 0.163917 0.902407
vt 0.166812 0.902407
vt 0.167117 0.902407
vt 0.166965 0.902407
vt 0.166660 0.902407
vt 0.150814 0.902407
vt 0.161937 0.902407
vt 0.147157 0.902407
vt 0.164070 0.902407
vt 0.166508 0.902407
vt 0.166355 0.902407
vt 0.161784 0.902407
vt 0.164222 0.902407
vt 0.150661 0.902407
vt 0.147309 0.902407
vt 0.167269 0.902407
vt 0.166203 0.902407
vt 0.161632 0.902407
vt 0.164375 0.902407
vt 0.166051 0.902407
vt 0.150509 0.902407
vt 0.161480 0.902407
vt 0.165898 0.902407
vt 0.147462 0.902407
vt 0.164527 0.902407
vt 0.167422 0.902407
vt 0.165746 0.902407
vt 0.161327 0.902407
vt 0.150357 0.902407
vt 0.165593 0.902407
vt 0.161175 0.902407
vt 0.164679 0.902407
vt 0.147614 0.902407
vt 0.161022 0.902407
vt 0.165441 0.902407
vt 0.150204 0.902407
vt 0.160870 0.902407
vt 0.167574 0.902407
vt 0.164832 0.902407
vt 0.160718 0.902407
vt 0.165289 0.902407
vt 0.160565 0.902407
vt 0.147766 0.902407
vt 0.160413 0.902407
vt 0.150052 0.902407
vt 0.165136 0.902407
vt 0.164984 0.902407
vt 0.160261 0.902407
vt 0.160108 0.902407
vt 0.212523 0.902407
vt 0.212828 0.902407
vt 0.212675 0.902407
vt 0.159956 0.902407
vt 0.167727 0.902407
vt 0.159803 0.902407
vt 0.159651 0.902407
vt 0.149899 0.902407
vt 0.159499 0.902407
vt 0.159346 0.902407
vt 0.149747 0.902407
vt 0.147919 0.902407
vt 0.159194 0.902407
vt 0.149595 0.902407
vt 0.159042 0.902407
vt 0.149442 0.902407
vt 0.158889 0.902407
vt 0.149290 0.902407
vt 0.167879 0.902407
vt 0.205057 0.902407
vt 0.212371 0.902407
vt 0.158737 0.902407
vt 0.149138 0.902407
vt 0.148071 0.902407
vt 0.148985 0.902407
vt 0.158585 0.902407
vt 0.205209 0.902407
vt 0.148833 0.902407
vt 0.158432 0.902407
vt 0.148681 0.902407
vt 0.148528 0.902407
vt 0.148376 0.902407
vt 0.148223 0.902407
vt 0.168031 0.902407
vt 0.158280 0.902407
vt 0.155690 0.902407
vt 0.170926 0.902407
vt 0.171231 0.902407
vt 0.171079 0.902407
vt 0.205362 0.902407
vt 0.158127 0.902407
vt 0.212218 0.902407
vt 0.157975 0.902407
vt 0.205514 0.902407
vt 0.155842 0.902407
vt 0.155537 0.902407
vt 0.155994 0.902407
vt 0.171383 0.902407
vt 0.157823 0.902407
vt 0.156147 0.902407
vt 0.156299 0.902407
vt 0.168184 0.902407
vt 0.156451 0.902407
vt 0.156604 0.902407
vt 0.157670 0.902407
vt 0.156756 0.902407
vt 0.205666 0.902407
vt 0.155385 0.902407
vt 0.156908 0.902407
vt 0.157061 0.902407
vt 0.157213 0.902407
vt 0.157518 0.902407
vt 0.157366 0.902407
vt 0.170774 0.902407
vt 0.212066 0.902407
vt 0.155232 0.902407
vt 0.171536 0.902407
vt 0.205819 0.902407
vt 0.170622 0.902407
vt 0.168336 0.902407
vt 0.155080 0.902407
vt 0.170469 0.902407
vt 0.205971 0.902407
vt 0.170317 0.902407
vt 0.154928 0.902407
vt 0.171688 0.902407
vt 0.170164 0.902407
vt 0.154775 0.902407
vt 0.211913 0.902407
vt 0.206123 0.902407
vt 0.168488 0.902407
vt 0.170012 0.902407
vt 0.154623 0.902407
vt 0.206276 0.902407
vt 0.169860 0.902407
vt 0.154471 0.902407
vt 0.171841 0.902407
vt 0.154318 0.902407
vt 0.169707 0.902407
vt 0.168641 0.902407
vt 0.206428 0.902407
vt 0.154166 0.902407
vt 0.211761 0.902407
vt 0.169555 0.902407
vt 0.154013 0.902407
vt 0.171993 0.902407
vt 0.153861 0.902407
vt 0.169403 0.902407
vt 0.206581 0.902407
vt 0.153709 0.902407
vt 0.168793 0.902407
vt 0.169250 0.902407
vt 0.153556 0.902407
vt 0.206733 0.902407
vt 0.211609 0.902407
vt 0.169098 0.902407
vt 0.153404 0.902407
vt 0.172145 0.902407
vt 0.153252 0.902407
vt 0.207190 0.902407
vt 0.206885 0.902407
vt 0.168946 0.902407
vt 0.153099 0.902407
vt 0.152947 0.902407
vt 0.152794 0.902407
vt 0.172298 0.902407
vt 0.211456 0.902407
vt 0.152642 0.902407
vt 0.152490 0.902407
vt 0.152337 0.902407
vt 0.152185 0.902407
vt 0.201095 0.902407
vt 0.200943 0.902407
vt 0.172450 0.902407
vt 0.200791 0.902407
vt 0.211304 0.902407
vt 0.200638 0.902407
vt 0.200486 0.902407
vt 0.200333 0.902407
vt 0.174888 0.902407
vt 0.172602 0.902407
vt 0.175040 0.902407
vt 0.174736 0.902407
vt 0.200181 0.902407
vt 0.211152 0.902407
vt 0.174583 0.902407
vt 0.200029 0.902407
vt 0.172755 0.902407
vt 0.175193 0.902407
vt 0.199876 0.902407
vt 0.197438 0.902407
vt 0.174431 0.902407
vt 0.197591 0.902407
vt 0.197286 0.902407
vt 0.199724 0.902407
vt 0.175345 0.902407
vt 0.197743 0.902407
vt 0.174278 0.902407
vt 0.197896 0.902407
vt 0.210999 0.902407
vt 0.198048 0.902407
vt 0.199572 0.902407
vt 0.198200 0.902407
vt 0.175497 0.902407
vt 0.198353 0.902407
vt 0.174126 0.902407
vt 0.172907 0.902407
vt 0.198505 0.902407
vt 0.199419 0.902407
vt 0.207342 0.902407
vt 0.207038 0.902407
vt 0.198657 0.902407
vt 0.198810 0.902407
vt 0.198962 0.902407
vt 0.175650 0.902407
vt 0.199267 0.902407
vt 0.199115 0.902407
vt 0.173974 0.902407
vt 0.207495 0.902407
vt 0.197134 0.902407
vt 0.175802 0.902407
vt 0.210847 0.902407
vt 0.173821 0.902407
vt 0.173669 0.902407
vt 0.173517 0.902407
vt 0.173364 0.902407
vt 0.173212 0.902407
vt 0.173059 0.902407
vt 0.175954 0.902407
vt 0.207647 0.902407
vt 0.176107 0.902407
vt 0.207800 0.902407
vt 0.210695 0.902407
vt 0.196981 0.902407
vt 0.176259 0.902407
vt 0.210542 0.902407
vt 0.207952 0.902407
vt 0.176412 0.902407
vt 0.210390 0.902407
vt 0.208104 0.902407
vt 0.210237 0.902407
vt 0.176564 0.902407
vt 0.210085 0.902407
vt 0.196829 0.902407
vt 0.208257 0.902407
vt 0.176716 0.902407
vt 0.209933 0.902407
vt 0.176869 0.902407
vt 0.208409 0.902407
vt 0.209780 0.902407
vt 0.177021 0.902407
vt 0.177326 0.902407
vt 0.177173 0.902407
vt 0.208561 0.902407
vt 0.209628 0.902407
vt 0.196677 0.902407
vt 0.208714 0.902407
vt 0.209476 0.902407
vt 0.209323 0.902407
vt 0.208866 0.902407
vt 0.177478 0.902407
vt 0.209171 0.902407
vt 0.209018 0.902407
vt 0.196524 0.902407
vt 0.177631 0.902407
vt 0.196372 0.902407
vt 0.203076 0.902407
vt 0.202924 0.902407
vt 0.203228 0.902407
vt 0.202771 0.902407
vt 0.196220 0.902407
vt 0.177783 0.902407
vt 0.203381 0.902407
vt 0.202619 0.902407
vt 0.196067 0.902407
vt 0.177935 0.902407
vt 0.203533 0.902407
vt 0.202467 0.902407
vt 0.195915 0.902407
vt 0.191953 0.902407
vt 0.203686 0.902407
vt 0.202314 0.902407
vt 0.178088 0.902407
vt 0.192106 0.902407
vt 0.191801 0.902407
vt 0.195762 0.902407
vt 0.203838 0.902407
vt 0.202162 0.902407
vt 0.192258 0.902407
vt 0.191648 0.902407
vt 0.192410 0.902407
vt 0.203990 0.902407
vt 0.178240 0.902407
vt 0.202010 0.902407
vt 0.195610 0.902407
vt 0.191496 0.902407
vt 0.192563 0.902407
vt 0.204143 0.902407
vt 0.201857 0.902407
vt 0.195458 0.902407
vt 0.192715 0.902407
vt 0.195305 0.902407
vt 0.191344 0.902407
vt 0.178392 0.902407
vt 0.195153 0.902407
vt 0.192867 0.902407
vt 0.204295 0.902407
vt 0.201705 0.902407
vt 0.195001 0.902407
vt 0.191191 0.902407
vt 0.193020 0.902407
vt 0.194848 0.902407
vt 0.204447 0.902407
vt 0.201552 0.902407
vt 0.178545 0.902407
vt 0.194696 0.902407
vt 0.193172 0.902407
vt 0.191039 0.902407
vt 0.194543 0.902407
vt 0.193325 0.902407
vt 0.204600 0.902407
vt 0.201400 0.902407
vt 0.194391 0.902407
vt 0.193477 0.902407
vt 0.190887 0.902407
vt 0.194239 0.902407
vt 0.178697 0.902407
vt 0.204752 0.902407
vt 0.201248 0.902407
vt 0.194086 0.902407
vt 0.193629 0.902407
vt 0.193934 0.902407
vt 0.190734 0.902407
vt 0.193782 0.902407
vt 0.204905 0.902407
vt 0.178850 0.902407
vt 0.190582 0.902407
vt 0.190429 0.902407
vt 0.179002 0.902407
vt 0.190277 0.902407
vt 0.179154 0.902407
vt 0.190125 0.902407
vt 0.189972 0.902407
vt 0.179307 0.902407
vt 0.189820 0.902407
vt 0.179459 0.902407
vt 0.189668 0.902407
vt 0.179611 0.902407
vt 0.179764 0.902407
vt 0.189515 0.902407
vt 0.184639 0.902407
vt 0.179916 0.902407
vt 0.184792 0.902407
vt 0.184487 0.902407
vt 0.189363 0.902407
vt 0.180068 0.902407
vt 0.189211 0.902407
vt 0.184335 0.902407
vt 0.184944 0.902407
vt 0.180221 0.902407
vt 0.189058 0.902407
vt 0.180373 0.902407
vt 0.184182 0.902407
vt 0.188906 0.902407
vt 0.185097 0.902407
vt 0.180526 0.902407
vt 0.188753 0.902407
vt 0.184030 0.902407
vt 0.185249 0.902407
vt 0.180678 0.902407
vt 0.188601 0.902407
vt 0.180830 0.902407
vt 0.188449 0.902407
vt 0.183878 0.902407
vt 0.185401 0.902407
vt 0.180983 0.902407
vt 0.188296 0.902407
vt 0.181135 0.902407
vt 0.188144 0.902407
vt 0.183725 0.902407
vt 0.181287 0.902407
vt 0.185554 0.902407
vt 0.187992 0.902407
vt 0.181440 0.902407
vt 0.187839 0.902407
vt 0.181592 0.902407
vt 0.183573 0.902407
vt 0.187687 0.902407
vt 0.185706 0.902407
vt 0.181744 0.902407
vt 0.187534 0.902407
vt 0.183421 0.902407
vt 0.181897 0.902407
vt 0.185858 0.902407
vt 0.187382 0.902407
vt 0.182049 0.902407
vt 0.187230 0.902407
vt 0.183268 0.902407
vt 0.186011 0.902407
vt 0.182202 0.902407
vt 0.187077 0.902407
vt 0.183116 0.902407
vt 0.182354 0.902407
vt 0.186163 0.902407
vt 0.186925 0.902407
vt 0.182506 0.902407
vt 0.186773 0.902407
vt 0.182963 0.902407
vt 0.186316 0.902407
vt 0.182659 0.902407
vt 0.186620 0.902407
vt 0.182811 0.902407
vt 0.186468 0.902407
vt 0.148339 0.968687
vt 0.146547 0.968687
vt 0.150130 0.968687
vt 0.148339 0.902407
vt 0.151921 0.968687
vt 0.150130 0.902407
vt 0.153713 0.968687
vt 0.151921 0.902407
vt 0.155504 0.968687
vt 0.153713 0.902407
vt 0.157296 0.968687
vt 0.155504 0.902407
vt 0.159087 0.968687
vt 0.157296 0.902407
vt 0.160878 0.968687
vt 0.159087 0.902407
vt 0.162670 0.968687
vt 0.160878 0.902407
vt 0.164461 0.968687
vt 0.162670 0.902407
vt 0.166252 0.968687
vt 0.164461 0.902407
vt 0.168044 0.968687
vt 0.166252 0.902407
vt 0.169835 0.968687
vt 0.168044 0.902407
vt 0.171626 0.968687
vt 0.169835 0.902407
vt 0.173418 0.968687
vt 0.171626 0.902407
vt 0.175209 0.968687
vt 0.173418 0.902407
vt 0.177000 0.968687
vt 0.175209 0.902407
vt 0.178792 0.968687
vt 0.177000 0.902407
vt 0.180583 0.968687
vt 0.178792 0.902407
vt 0.182375 0.968687
vt 0.180583 0.902407
vt 0.184166 0.968687
vt 0.182375 0.902407
vt 0.185957 0.968687
vt 0.184166 0.902407
vt 0.187749 0.968687
vt 0.185957 0.902407
vt 0.189540 0.968687
vt 0.187749 0.902407
vt 0.191331 0.968687
vt 0.189540 0.902407
vt 0.193123 0.968687
vt 0.191331 0.902407
vt 0.194914 0.968687
vt 0.193123 0.902407
vt 0.196705 0.968687
vt 0.194914 0.902407
vt 0.198497 0.968687
vt 0.196705 0.902407
vt 0.200288 0.968687
vt 0.198497 0.902407
vt 0.202080 0.968687
vt 0.200288 0.902407
vt 0.203871 0.968687
vt 0.202080 0.902407
vt 0.205662 0.968687
vt 0.203871 0.902407
vt 0.207454 0.968687
vt 0.205662 0.902407
vt 0.209245 0.968687
vt 0.207454 0.902407
vt 0.211036 0.968687
vt 0.209245 0.902407
vt 0.212828 0.968687
vt 0.211036 0.902407
vt 0.146753 0.968687
vt 0.146959 0.968687
vt 0.146753 0.902407
vt 0.147165 0.968687
vt 0.146959 0.902407
vt 0.147371 0.968687
vt 0.147165 0.902407
vt 0.147577 0.968687
vt 0.147371 0.902407
vt 0.147782 0.968687
vt 0.147577 0.902407
vt 0.147988 0.968687
vt 0.147782 0.902407
vt 0.148194 0.968687
vt 0.147988 0.902407
vt 0.148400 0.968687
vt 0.148194 0.902407
vt 0.148606 0.968687
vt 0.148400 0.902407
vt 0.148812 0.968687
vt 0.148606 0.902407
vt 0.149017 0.968687
vt 0.148812 0.902407
vt 0.149223 0.968687
vt 0.149017 0.902407
vt 0.149429 0.968687
vt 0.149223 0.902407
vt 0.149635 0.968687
vt 0.149429 0.902407
vt 0.149841 0.968687
vt 0.149635 0.902407
vt 0.150047 0.968687
vt 0.149841 0.902407
vt 0.150252 0.968687
vt 0.150047 0.902407
vt 0.150458 0.968687
vt 0.150252 0.902407
vt 0.150664 0.968687
vt 0.150458 0.902407
vt 0.150870 0.968687
vt 0.150664 0.902407
vt 0.151076 0.968687
vt 0.150870 0.902407
vt 0.151282 0.968687
vt 0.151076 0.902407
vt 0.151488 0.968687
vt 0.151282 0.902407
vt 0.151693 0.968687
vt 0.151488 0.902407
vt 0.151899 0.968687
vt 0.151693 0.902407
vt 0.152105 0.968687
vt 0.151899 0.902407
vt 0.152311 0.968687
vt 0.152105 0.902407
vt 0.152517 0.968687
vt 0.152311 0.902407
vt 0.152723 0.968687
vt 0.152517 0.902407
vt 0.152928 0.968687
vt 0.152723 0.902407
vt 0.153134 0.968687
vt 0.152928 0.902407
vt 0.153340 0.968687
vt 0.153134 0.902407
vt 0.153546 0.968687
vt 0.153340 0.902407
vt 0.153752 0.968687
vt 0.153546 0.902407
vt 0.153958 0.968687
vt 0.153752 0.902407
vt 0.154163 0.968687
vt 0.153958 0.902407
vt 0.154369 0.968687
vt 0.154163 0.902407
vt 0.154575 0.968687
vt 0.154369 0.902407
vt 0.154781 0.968687
vt 0.154575 0.902407
vt 0.154987 0.968687
vt 0.154781 0.902407
vt 0.155193 0.968687
vt 0.154987 0.902407
vt 0.155399 0.968687
vt 0.155193 0.902407
vt 0.155604 0.968687
vt 0.155399 0.902407
vt 0.155810 0.968687
vt 0.155604 0.902407
vt 0.156016 0.968687
vt 0.155810 0.902407
vt 0.156222 0.968687
vt 0.156016 0.902407
vt 0.156428 0.968687
vt 0.156222 0.902407
vt 0.156634 0.968687
vt 0.156428 0.902407
vt 0.156839 0.968687
vt 0.156634 0.902407
vt 0.157045 0.968687
vt 0.156839 0.902407
vt 0.157251 0.968687
vt 0.157045 0.902407
vt 0.157457 0.968687
vt 0.157251 0.902407
vt 0.157663 0.968687
vt 0.157457 0.902407
vt 0.157869 0.968687
vt 0.157663 0.902407
vt 0.158074 0.968687
vt 0.157869 0.902407
vt 0.158280 0.968687
vt 0.158074 0.902407
vt 0.158486 0.968687
vt 0.158280 0.902407
vt 0.158692 0.968687
vt 0.158486 0.902407
vt 0.158898 0.968687
vt 0.158692 0.902407
vt 0.159104 0.968687
vt 0.158898 0.902407
vt 0.159309 0.968687
vt 0.159104 0.902407
vt 0.159515 0.968687
vt 0.159309 0.902407
vt 0.159721 0.968687
vt 0.159515 0.902407
vt 0.159927 0.968687
vt 0.159721 0.902407
vt 0.160133 0.968687
vt 0.159927 0.902407
vt 0.160339 0.968687
vt 0.160133 0.902407
vt 0.160544 0.968687
vt 0.160339 0.902407
vt 0.160750 0.968687
vt 0.160544 0.902407
vt 0.160956 0.968687
vt 0.160750 0.902407
vt 0.161162 0.968687
vt 0.160956 0.902407
vt 0.161368 0.968687
vt 0.161162 0.902407
vt 0.161574 0.968687
vt 0.161368 0.902407
vt 0.161779 0.968687
vt 0.161574 0.902407
vt 0.161985 0.968687
vt 0.161779 0.902407
vt 0.162191 0.968687
vt 0.161985 0.902407
vt 0.162397 0.968687
vt 0.162191 0.902407
vt 0.162603 0.968687
vt 0.162397 0.902407
vt 0.162809 0.968687
vt 0.162603 0.902407
vt 0.163015 0.968687
vt 0.162809 0.902407
vt 0.163220 0.968687
vt 0.163015 0.902407
vt 0.163426 0.968687
vt 0.163220 0.902407
vt 0.163632 0.968687
vt 0.163426 0.902407
vt 0.163838 0.968687
vt 0.163632 0.902407
vt 0.164044 0.968687
vt 0.163838 0.902407
vt 0.164250 0.968687
vt 0.164044 0.902407
vt 0.164455 0.968687
vt 0.164250 0.902407
vt 0.164661 0.968687
vt 0.164455 0.902407
vt 0.164867 0.968687
vt 0.164661 0.902407
vt 0.165073 0.968687
vt 0.164867 0.902407
vt 0.165279 0.968687
vt 0.165073 0.902407
vt 0.165485 0.968687
vt 0.165279 0.902407
vt 0.165690 0.968687
vt 0.165485 0.902407
vt 0.165896 0.968687
vt 0.165690 0.902407
vt 0.166102 0.968687
vt 0.165896 0.902407
vt 0.166308 0.968687
vt 0.166102 0.902407
vt 0.166514 0.968687
vt 0.166308 0.902407
vt 0.166720 0.968687
vt 0.166514 0.902407
vt 0.166925 0.968687
vt 0.166720 0.902407
vt 0.167131 0.968687
vt 0.166925 0.902407
vt 0.167337 0.968687
vt 0.167131 0.902407
vt 0.167543 0.968687
vt 0.167337 0.902407
vt 0.167749 0.968687
vt 0.167543 0.902407
vt 0.167955 0.968687
vt 0.167749 0.902407
vt 0.168161 0.968687
vt 0.167955 0.902407
vt 0.168366 0.968687
vt 0.168161 0.902407
vt 0.168572 0.968687
vt 0.168366 0.902407
vt 0.168778 0.968687
vt 0.168572 0.902407
vt 0.168984 0.968687
vt 0.168778 0.902407
vt 0.169190 0.968687
vt 0.168984 0.902407
vt 0.169396 0.968687
vt 0.169190 0.902407
vt 0.169601 0.968687
vt 0.169396 0.902407
vt 0.169807 0.968687
vt 0.169601 0.902407
vt 0.170013 0.968687
vt 0.169807 0.902407
vt 0.170219 0.968687
vt 0.170013 0.902407
vt 0.170425 0.968687
vt 0.170219 0.902407
vt 0.170631 0.968687
vt 0.170425 0.902407
vt 0.170836 0.968687
vt 0.170631 0.902407
vt 0.171042 0.968687
vt 0.170836 0.902407
vt 0.171248 0.968687
vt 0.171042 0.902407
vt 0.171454 0.968687
vt 0.171248 0.902407
vt 0.171660 0.968687
vt 0.171454 0.902407
vt 0.171866 0.968687
vt 0.171660 0.902407
vt 0.172071 0.968687
vt 0.171866 0.902407
vt 0.172277 0.968687
vt 0.172071 0.902407
vt 0.172483 0.968687
vt 0.172277 0.902407
vt 0.172689 0.968687
vt 0.172483 0.902407
vt 0.172895 0.968687
vt 0.172689 0.902407
vt 0.173101 0.968687
vt 0.172895 0.902407
vt 0.173306 0.968687
vt 0.173101 0.902407
vt 0.173512 0.968687
vt 0.173306 0.902407
vt 0.173718 0.968687
vt 0.173512 0.902407
vt 0.173924 0.968687
vt 0.173718 0.902407
vt 0.174130 0.968687
vt 0.173924 0.902407
vt 0.174336 0.968687
vt 0.174130 0.902407
vt 0.174542 0.968687
vt 0.174336 0.902407
vt 0.174747 0.968687
vt 0.174542 0.902407
vt 0.174953 0.968687
vt 0.174747 0.902407
vt 0.175159 0.968687
vt 0.174953 0.902407
vt 0.175365 0.968687
vt 0.175159 0.902407
vt 0.175571 0.968687
vt 0.175365 0.902407
vt 0.175777 0.968687
vt 0.175571 0.902407
vt 0.175982 0.968687
vt 0.175777 0.902407
vt 0.176188 0.968687
vt 0.175982 0.902407
vt 0.176394 0.968687
vt 0.176188 0.902407
vt 0.176600 0.968687
vt 0.176394 0.902407
vt 0.176806 0.968687
vt 0.176600 0.902407
vt 0.177012 0.968687
vt 0.176806 0.902407
vt 0.177217 0.968687
vt 0.177012 0.902407
vt 0.177423 0.968687
vt 0.177217 0.902407
vt 0.177629 0.968687
vt 0.177423 0.902407
vt 0.177835 0.968687
vt 0.177629 0.902407
vt 0.178041 0.968687
vt 0.177835 0.902407
vt 0.178247 0.968687
vt 0.178041 0.902407
vt 0.178452 0.968687
vt 0.178247 0.902407
vt 0.178658 0.968687
vt 0.178452 0.902407
vt 0.178864 0.968687
vt 0.178658 0.902407
vt 0.179070 0.968687
vt 0.178864 0.902407
vt 0.179276 0.968687
vt 0.179070 0.902407
vt 0.179482 0.968687
vt 0.179276 0.902407
vt 0.179688 0.968687
vt 0.179482 0.902407
vt 0.179893 0.968687
vt 0.179688 0.902407
vt 0.180099 0.968687
vt 0.179893 0.902407
vt 0.180305 0.968687
vt 0.180099 0.902407
vt 0.180511 0.968687
vt 0.180305 0.902407
vt 0.180717 0.968687
vt 0.180511 0.902407
vt 0.180923 0.968687
vt 0.180717 0.902407
vt 0.181128 0.968687
vt 0.180923 0.902407
vt 0.181334 0.968687
vt 0.181128 0.902407
vt 0.181540 0.968687
vt 0.181334 0.902407
vt 0.181746 0.968687
vt 0.181540 0.902407
vt 0.181952 0.968687
vt 0.181746 0.902407
vt 0.182158 0.968687
vt 0.181952 0.902407
vt 0.182363 0.968687
vt 0.182158 0.902407
vt 0.182569 0.968687
vt 0.182363 0.902407
vt 0.182775 0.968687
vt 0.182569 0.902407
vt 0.182981 0.968687
vt 0.182775 0.902407
vt 0.183187 0.968687
vt 0.182981 0.902407
vt 0.183393 0.968687
vt 0.183187 0.902407
vt 0.183598 0.968687
vt 0.183393 0.902407
vt 0.183804 0.968687
vt 0.183598 0.902407
vt 0.184010 0.968687
vt 0.183804 0.902407
vt 0.184216 0.968687
vt 0.184010 0.902407
vt 0.184422 0.968687
vt 0.184216 0.902407
vt 0.184628 0.968687
vt 0.184422 0.902407
vt 0.184833 0.968687
vt 0.184628 0.902407
vt 0.185039 0.968687
vt 0.184833 0.902407
vt 0.185245 0.968687
vt 0.185039 0.902407
vt 0.185451 0.968687
vt 0.185245 0.902407
vt 0.185657 0.968687
vt 0.185451 0.902407
vt 0.185863 0.968687
vt 0.185657 0.902407
vt 0.186069 0.968687
vt 0.185863 0.902407
vt 0.186274 0.968687
vt 0.186069 0.902407
vt 0.186480 0.968687
vt 0.186274 0.902407
vt 0.186686 0.968687
vt 0.186480 0.902407
vt 0.186892 0.968687
vt 0.186686 0.902407
vt 0.187098 0.968687
vt 0.186892 0.902407
vt 0.187304 0.968687
vt 0.187098 0.902407
vt 0.187509 0.968687
vt 0.187304 0.902407
vt 0.187715 0.968687
vt 0.187509 0.902407
vt 0.187921 0.968687
vt 0.187715 0.902407
vt 0.188127 0.968687
vt 0.187921 0.902407
vt 0.188333 0.968687
vt 0.188127 0.902407
vt 0.188539 0.968687
vt 0.188333 0.902407
vt 0.188744 0.968687
vt 0.188539 0.902407
vt 0.188950 0.968687
vt 0.188744 0.902407
vt 0.189156 0.968687
vt 0.188950 0.902407
vt 0.189362 0.968687
vt 0.189156 0.902407
vt 0.189568 0.968687
vt 0.189362 0.902407
vt 0.189774 0.968687
vt 0.189568 0.902407
vt 0.189980 0.968687
vt 0.189774 0.902407
vt 0.190185 0.968687
vt 0.189980 0.902407
vt 0.190391 0.968687
vt 0.190185 0.902407
vt 0.190597 0.968687
vt 0.190391 0.902407
vt 0.190803 0.968687
vt 0.190597 0.902407
vt 0.191009 0.968687
vt 0.190803 0.902407
vt 0.191215 0.968687
vt 0.191009 0.902407
vt 0.191420 0.968687
vt 0.191215 0.902407
vt 0.191626 0.968687
vt 0.191420 0.902407
vt 0.191832 0.968687
vt 0.191626 0.902407
vt 0.192038 0.968687
vt 0.191832 0.902407
vt 0.192244 0.968687
vt 0.192038 0.902407
vt 0.192450 0.968687
vt 0.192244 0.902407
vt 0.192655 0.968687
vt 0.192450 0.902407
vt 0.192861 0.968687
vt 0.192655 0.902407
vt 0.193067 0.968687
vt 0.192861 0.902407
vt 0.193273 0.968687
vt 0.193067 0.902407
vt 0.193479 0.968687
vt 0.193273 0.902407
vt 0.193685 0.968687
vt 0.193479 0.902407
vt 0.193890 0.968687
vt 0.193685 0.902407
vt 0.194096 0.968687
vt 0.193890 0.902407
vt 0.194302 0.968687
vt 0.194096 0.902407
vt 0.194508 0.968687
vt 0.194302 0.902407
vt 0.194714 0.968687
vt 0.194508 0.902407
vt 0.194920 0.968687
vt 0.194714 0.902407
vt 0.195125 0.968687
vt 0.194920 0.902407
vt 0.195331 0.968687
vt 0.195125 0.902407
vt 0.195537 0.968687
vt 0.195331 0.902407
vt 0.195743 0.968687
vt 0.195537 0.902407
vt 0.195949 0.968687
vt 0.195743 0.902407
vt 0.196155 0.968687
vt 0.195949 0.902407
vt 0.196360 0.968687
vt 0.196155 0.902407
vt 0.196566 0.968687
vt 0.196360 0.902407
vt 0.196772 0.968687
vt 0.196566 0.902407
vt 0.196978 0.968687
vt 0.196772 0.902407
vt 0.197184 0.968687
vt 0.196978 0.902407
vt 0.197390 0.968687
vt 0.197184 0.902407
vt 0.197596 0.968687
vt 0.197390 0.902407
vt 0.197801 0.968687
vt 0.197596 0.902407
vt 0.198007 0.968687
vt 0.197801 0.902407
vt 0.198213 0.968687
vt 0.198007 0.902407
vt 0.198419 0.968687
vt 0.198213 0.902407
vt 0.198625 0.968687
vt 0.198419 0.902407
vt 0.198831 0.968687
vt 0.198625 0.902407
vt 0.199036 0.968687
vt 0.198831 0.902407
vt 0.199242 0.968687
vt 0.199036 0.902407
vt 0.199448 0.968687
vt 0.199242 0.902407
vt 0.199654 0.968687
vt 0.199448 0.902407
vt 0.199860 0.968687
vt 0.199654 0.902407
vt 0.200066 0.968687
vt 0.199860 0.902407
vt 0.200271 0.968687
vt 0.200066 0.902407
vt 0.200477 0.968687
vt 0.200271 0.902407
vt 0.200683 0.968687
vt 0.200477 0.902407
vt 0.200889 0.968687
vt 0.200683 0.902407
vt 0.201095 0.968687
vt 0.200889 0.902407
vt 0.201301 0.968687
vt 0.201095 0.902407
vt 0.201507 0.968687
vt 0.201301 0.902407
vt 0.201712 0.968687
vt 0.201507 0.902407
vt 0.201918 0.968687
vt 0.201712 0.902407
vt 0.202124 0.968687
vt 0.201918 0.902407
vt 0.202330 0.968687
vt 0.202124 0.902407
vt 0.202536 0.968687
vt 0.202330 0.902407
vt 0.202742 0.968687
vt 0.202536 0.902407
vt 0.202947 0.968687
vt 0.202742 0.902407
vt 0.203153 0.968687
vt 0.202947 0.902407
vt 0.203359 0.968687
vt 0.203153 0.902407
vt 0.203565 0.968687
vt 0.203359 0.902407
vt 0.203771 0.968687
vt 0.203565 0.902407
vt 0.203977 0.968687
vt 0.203771 0.902407
vt 0.204182 0.968687
vt 0.203977 0.902407
vt 0.204388 0.968687
vt 0.204182 0.902407
vt 0.204594 0.968687
vt 0.204388 0.902407
vt 0.204800 0.968687
vt 0.204594 0.902407
vt 0.205006 0.968687
vt 0.204800 0.902407
vt 0.205212 0.968687
vt 0.205006 0.902407
vt 0.205417 0.968687
vt 0.205212 0.902407
vt 0.205623 0.968687
vt 0.205417 0.902407
vt 0.205829 0.968687
vt 0.205623 0.902407
vt 0.206035 0.968687
vt 0.205829 0.902407
vt 0.206241 0.968687
vt 0.206035 0.902407
vt 0.206447 0.968687
vt 0.206241 0.902407
vt 0.206652 0.968687
vt 0.206447 0.902407
vt 0.206858 0.968687
vt 0.206652 0.902407
vt 0.207064 0.968687
vt 0.206858 0.902407
vt 0.207270 0.968687
vt 0.207064 0.902407
vt 0.207476 0.968687
vt 0.207270 0.902407
vt 0.207682 0.968687
vt 0.207476 0.902407
vt 0.207888 0.968687
vt 0.207682 0.902407
vt 0.208093 0.968687
vt 0.207888 0.902407
vt 0.208299 0.968687
vt 0.208093 0.902407
vt 0.208505 0.968687
vt 0.208299 0.902407
vt 0.208711 0.968687
vt 0.208505 0.902407
vt 0.208917 0.968687
vt 0.208711 0.902407
vt 0.209123 0.968687
vt 0.208917 0.902407
vt 0.209328 0.968687
vt 0.209123 0.902407
vt 0.209534 0.968687
vt 0.209328 0.902407
vt 0.209740 0.968687
vt 0.209534 0.902407
vt 0.209946 0.968687
vt 0.209740 0.902407
vt 0.210152 0.968687
vt 0.209946 0.902407
vt 0.210358 0.968687
vt 0.210152 0.902407
vt 0.210563 0.968687
vt 0.210358 0.902407
vt 0.210769 0.968687
vt 0.210563 0.902407
vt 0.210975 0.968687
vt 0.210769 0.902407
vt 0.211181 0.968687
vt 0.210975 0.902407
vt 0.211387 0.968687
vt 0.211181 0.902407
vt 0.211593 0.968687
vt 0.211387 0.902407
vt 0.211798 0.968687
vt 0.211593 0.902407
vt 0.212004 0.968687
vt 0.211798 0.902407
vt 0.212210 0.968687
vt 0.212004 0.902407
vt 0.212416 0.968687
vt 0.212210 0.902407
vt 0.212622 0.968687
vt 0.212416 0.902407
vt 0.212622 0.902407
vt 0.149199 0.968687
vt 0.151850 0.968687
vt 0.149199 0.902407
vt 0.154501 0.968687
vt 0.151850 0.902407
vt 0.157152 0.968687
vt 0.154501 0.902407
vt 0.159803 0.968687
vt 0.157152 0.902407
vt 0.162455 0.968687
vt 0.165106 0.968687
vt 0.162455 0.902407
vt 0.167757 0.968687
vt 0.165106 0.902407
vt 0.170408 0.968687
vt 0.167757 0.902407
vt 0.173059 0.968687
vt 0.170408 0.902407
vt 0.175711 0.968687
vt 0.178362 0.968687
vt 0.175711 0.902407
vt 0.181013 0.968687
vt 0.178362 0.902407
vt 0.183664 0.968687
vt 0.181013 0.902407
vt 0.186316 0.968687
vt 0.183664 0.902407
vt 0.188967 0.968687
vt 0.191618 0.968687
vt 0.188967 0.902407
vt 0.194269 0.968687
vt 0.191618 0.902407
vt 0.196920 0.968687
vt 0.194269 0.902407
vt 0.199572 0.968687
vt 0.196920 0.902407
vt 0.202223 0.968687
vt 0.204874 0.968687
vt 0.202223 0.902407
vt 0.207525 0.968687
vt 0.204874 0.902407
vt 0.210176 0.968687
vt 0.207525 0.902407
vt 0.210176 0.902407
vt 0.147822 0.968687
vt 0.149097 0.968687
vt 0.147822 0.902407
vt 0.150371 0.968687
vt 0.149097 0.902407
vt 0.151646 0.968687
vt 0.150371 0.902407
vt 0.152920 0.968687
vt 0.151646 0.902407
vt 0.154195 0.968687
vt 0.152920 0.902407
vt 0.155470 0.968687
vt 0.154195 0.902407
vt 0.156744 0.968687
vt 0.155470 0.902407
vt 0.158019 0.968687
vt 0.156744 0.902407
vt 0.159294 0.968687
vt 0.158019 0.902407
vt 0.160568 0.968687
vt 0.159294 0.902407
vt 0.161843 0.968687
vt 0.160568 0.902407
vt 0.163117 0.968687
vt 0.161843 0.902407
vt 0.164392 0.968687
vt 0.163117 0.902407
vt 0.165667 0.968687
vt 0.164392 0.902407
vt 0.166941 0.968687
vt 0.165667 0.902407
vt 0.168216 0.968687
vt 0.166941 0.902407
vt 0.169491 0.968687
vt 0.168216 0.902407
vt 0.170765 0.968687
vt 0.169491 0.902407
vt 0.172040 0.968687
vt 0.170765 0.902407
vt 0.173314 0.968687
vt 0.172040 0.902407
vt 0.174589 0.968687
vt 0.173314 0.902407
vt 0.175864 0.968687
vt 0.174589 0.902407
vt 0.177138 0.968687
vt 0.175864 0.902407
vt 0.178413 0.968687
vt 0.177138 0.902407
vt 0.178413 0.902407
vt 0.180962 0.968687
vt 0.182237 0.968687
vt 0.180962 0.902407
vt 0.183511 0.968687
vt 0.182237 0.902407
vt 0.184786 0.968687
vt 0.183511 0.902407
vt 0.186061 0.968687
vt 0.184786 0.902407
vt 0.187335 0.968687
vt 0.186061 0.902407
vt 0.188610 0.968687
vt 0.187335 0.902407
vt 0.189885 0.968687
vt 0.188610 0.902407
vt 0.191159 0.968687
vt 0.189885 0.902407
vt 0.192434 0.968687
vt 0.191159 0.902407
vt 0.193708 0.968687
vt 0.192434 0.902407
vt 0.194983 0.968687
vt 0.193708 0.902407
vt 0.196258 0.968687
vt 0.194983 0.902407
vt 0.197532 0.968687
vt 0.196258 0.902407
vt 0.198807 0.968687
vt 0.197532 0.902407
vt 0.200081 0.968687
vt 0.198807 0.902407
vt 0.201356 0.968687
vt 0.200081 0.902407
vt 0.202631 0.968687
vt 0.201356 0.902407
vt 0.203905 0.968687
vt 0.202631 0.902407
vt 0.205180 0.968687
vt 0.203905 0.902407
vt 0.206455 0.968687
vt 0.205180 0.902407
vt 0.207729 0.968687
vt 0.206455 0.902407
vt 0.209004 0.968687
vt 0.207729 0.902407
vt 0.210278 0.968687
vt 0.209004 0.902407
vt 0.211553 0.968687
vt 0.210278 0.902407
vt 0.211553 0.902407
s 0
usemtl Material.001
f 703/447/150 705/448/150 704/449/150
f 776/450/150 778/451/150 777/452/150
f 702/453/150 705/448/150 703/447/150
f 775/454/150 778/451/150 776/450/150
f 702/453/150 669/455/150 705/448/150
f 775/454/150 779/456/150 778/451/150
f 701/457/150 669/455/150 702/453/150
f 774/458/150 779/456/150 775/454/150
f 701/457/150 670/459/150 669/455/150
f 774/458/150 780/460/150 779/456/150
f 700/461/150 670/459/150 701/457/150
f 773/462/150 780/460/150 774/458/150
f 773/462/150 781/463/150 780/460/150
f 700/461/150 671/464/150 670/459/150
f 699/465/150 671/464/150 700/461/150
f 772/466/150 781/463/150 773/462/150
f 772/466/150 782/467/150 781/463/150
f 699/465/150 672/468/150 671/464/150
f 698/469/150 672/468/150 699/465/150
f 771/470/150 782/467/150 772/466/150
f 771/470/150 783/471/150 782/467/150
f 802/472/150 804/473/150 803/474/150
f 801/475/150 804/473/150 802/472/150
f 697/476/150 672/468/150 698/469/150
f 770/477/150 783/471/150 771/470/150
f 697/476/150 673/478/150 672/468/150
f 770/477/150 784/479/150 783/471/150
f 800/480/150 804/473/150 801/475/150
f 799/481/150 804/473/150 800/480/150
f 769/482/150 784/479/150 770/477/150
f 769/482/150 785/483/150 784/479/150
f 696/484/150 673/478/150 697/476/150
f 696/484/150 674/485/150 673/478/150
f 799/481/150 805/486/150 804/473/150
f 798/487/150 805/486/150 799/481/150
f 768/488/150 785/483/150 769/482/150
f 768/488/150 786/489/150 785/483/150
f 797/490/150 805/486/150 798/487/150
f 695/491/150 674/485/150 696/484/150
f 767/492/150 786/489/150 768/488/150
f 796/493/150 805/486/150 797/490/150
f 695/491/150 675/494/150 674/485/150
f 767/492/150 787/495/150 786/489/150
f 796/493/150 806/496/150 805/486/150
f 795/497/150 806/496/150 796/493/150
f 766/498/150 787/495/150 767/492/150
f 694/499/150 675/494/150 695/491/150
f 794/500/150 806/496/150 795/497/150
f 765/501/150 787/495/150 766/498/150
f 765/501/150 788/502/150 787/495/150
f 694/499/150 676/503/150 675/494/150
f 764/504/150 788/502/150 765/501/150
f 793/505/150 806/496/150 794/500/150
f 693/506/150 676/503/150 694/499/150
f 763/507/150 788/502/150 764/504/150
f 793/505/150 807/508/150 806/496/150
f 763/507/150 789/509/150 788/502/150
f 762/510/150 789/509/150 763/507/150
f 792/511/150 807/508/150 793/505/150
f 761/512/150 789/509/150 762/510/150
f 693/506/150 677/513/150 676/503/150
f 760/514/150 789/509/150 761/512/150
f 692/515/150 677/513/150 693/506/150
f 791/516/150 807/508/150 792/511/150
f 760/514/150 790/517/150 789/509/150
f 759/518/150 790/517/150 760/514/150
f 758/519/150 790/517/150 759/518/150
f 1102/520/150 1104/521/150 1103/522/150
f 757/523/150 790/517/150 758/519/150
f 791/516/150 808/524/150 807/508/150
f 790/517/150 808/524/150 791/516/150
f 756/525/150 790/517/150 757/523/150
f 755/526/150 790/517/150 756/525/150
f 691/527/150 677/513/150 692/515/150
f 755/526/150 808/524/150 790/517/150
f 754/528/150 808/524/150 755/526/150
f 753/529/150 808/524/150 754/528/150
f 690/530/150 677/513/150 691/527/150
f 690/530/150 678/531/150 677/513/150
f 752/532/150 808/524/150 753/529/150
f 689/533/150 678/531/150 690/530/150
f 751/534/150 808/524/150 752/532/150
f 688/535/150 678/531/150 689/533/150
f 750/536/150 808/524/150 751/534/150
f 687/537/150 678/531/150 688/535/150
f 750/536/150 809/538/150 808/524/150
f 1102/520/150 1053/539/150 1104/521/150
f 1101/540/150 1053/539/150 1102/520/150
f 749/541/150 809/538/150 750/536/150
f 686/542/150 678/531/150 687/537/150
f 686/542/150 679/543/150 678/531/150
f 685/544/150 679/543/150 686/542/150
f 748/545/150 809/538/150 749/541/150
f 1101/540/150 1054/546/150 1053/539/150
f 684/547/150 679/543/150 685/544/150
f 747/548/150 809/538/150 748/545/150
f 683/549/150 679/543/150 684/547/150
f 683/549/150 682/550/150 679/543/150
f 682/550/150 681/551/150 679/543/150
f 681/551/150 680/552/150 679/543/150
f 747/548/150 810/553/150 809/538/150
f 746/554/150 729/555/150 747/548/150
f 729/555/150 810/553/150 747/548/150
f 829/556/150 831/557/150 830/558/150
f 1101/540/150 1055/559/150 1054/546/150
f 745/560/150 729/555/150 746/554/150
f 1100/561/150 1055/559/150 1101/540/150
f 744/562/150 729/555/150 745/560/150
f 1100/561/150 1056/563/150 1055/559/150
f 744/562/150 730/564/150 729/555/150
f 728/565/150 810/553/150 729/555/150
f 744/562/150 731/566/150 730/564/150
f 829/556/150 832/567/150 831/557/150
f 743/568/150 731/566/150 744/562/150
f 743/568/150 732/569/150 731/566/150
f 743/568/150 733/570/150 732/569/150
f 728/565/150 811/571/150 810/553/150
f 743/568/150 734/572/150 733/570/150
f 743/568/150 735/573/150 734/572/150
f 742/574/150 735/573/150 743/568/150
f 742/574/150 736/575/150 735/573/150
f 1100/561/150 1057/576/150 1056/563/150
f 727/577/150 811/571/150 728/565/150
f 742/574/150 737/578/150 736/575/150
f 742/574/150 738/579/150 737/578/150
f 742/574/150 739/580/150 738/579/150
f 741/581/150 740/582/150 742/574/150
f 740/582/150 739/580/150 742/574/150
f 828/583/150 832/567/150 829/556/150
f 1099/584/150 1057/576/150 1100/561/150
f 726/585/150 811/571/150 727/577/150
f 828/583/150 833/586/150 832/567/150
f 1099/584/150 1058/587/150 1057/576/150
f 827/588/150 833/586/150 828/583/150
f 726/585/150 812/589/150 811/571/150
f 725/590/150 812/589/150 726/585/150
f 826/591/150 833/586/150 827/588/150
f 1099/584/150 1059/592/150 1058/587/150
f 825/593/150 833/586/150 826/591/150
f 724/594/150 812/589/150 725/590/150
f 825/593/150 834/595/150 833/586/150
f 824/596/150 834/595/150 825/593/150
f 723/597/150 812/589/150 724/594/150
f 1098/598/150 1059/592/150 1099/584/150
f 1098/598/150 1060/599/150 1059/592/150
f 723/597/150 813/600/150 812/589/150
f 823/601/150 834/595/150 824/596/150
f 722/602/150 813/600/150 723/597/150
f 1098/598/150 1061/603/150 1060/599/150
f 822/604/150 834/595/150 823/601/150
f 721/605/150 813/600/150 722/602/150
f 822/604/150 835/606/150 834/595/150
f 720/607/150 813/600/150 721/605/150
f 821/608/150 835/606/150 822/604/150
f 720/607/150 814/609/150 813/600/150
f 1098/598/150 1062/610/150 1061/603/150
f 719/611/150 814/609/150 720/607/150
f 1097/612/150 1062/610/150 1098/598/150
f 820/613/150 835/606/150 821/608/150
f 718/614/150 814/609/150 719/611/150
f 820/613/150 836/615/150 835/606/150
f 717/616/150 814/609/150 718/614/150
f 819/617/150 836/615/150 820/613/150
f 1097/612/150 1063/618/150 1062/610/150
f 716/619/150 814/609/150 717/616/150
f 716/619/150 815/620/150 814/609/150
f 818/621/150 836/615/150 819/617/150
f 715/622/150 815/620/150 716/619/150
f 1097/612/150 1064/623/150 1063/618/150
f 1096/624/150 1064/623/150 1097/612/150
f 817/625/150 836/615/150 818/621/150
f 714/626/150 815/620/150 715/622/150
f 817/625/150 837/627/150 836/615/150
f 713/628/150 815/620/150 714/626/150
f 1096/624/150 1067/629/150 1064/623/150
f 1067/629/150 1065/630/150 1064/623/150
f 816/631/150 837/627/150 817/625/150
f 713/628/150 816/631/150 815/620/150
f 712/632/150 816/631/150 713/628/150
f 711/633/150 816/631/150 712/632/150
f 710/634/150 816/631/150 711/633/150
f 816/631/150 838/635/150 837/627/150
f 1095/636/150 1067/629/150 1096/624/150
f 709/637/150 816/631/150 710/634/150
f 709/637/150 838/635/150 816/631/150
f 708/638/150 838/635/150 709/637/150
f 707/639/150 838/635/150 708/638/150
f 706/640/150 838/635/150 707/639/150
f 1027/641/150 838/635/150 706/640/150
f 1026/642/150 838/635/150 1027/641/150
f 1026/642/150 839/643/150 838/635/150
f 1025/644/150 839/643/150 1026/642/150
f 1094/645/150 1067/629/150 1095/636/150
f 1024/646/150 839/643/150 1025/644/150
f 1023/647/150 839/643/150 1024/646/150
f 1022/648/150 839/643/150 1023/647/150
f 1022/648/150 855/649/150 839/643/150
f 855/649/150 840/650/150 839/643/150
f 1022/648/150 856/651/150 855/649/150
f 854/652/150 840/650/150 855/649/150
f 1021/653/150 856/651/150 1022/648/150
f 1093/654/150 1067/629/150 1094/645/150
f 853/655/150 840/650/150 854/652/150
f 1020/656/150 856/651/150 1021/653/150
f 853/655/150 841/657/150 840/650/150
f 1020/656/150 857/658/150 856/651/150
f 1019/659/150 1003/660/150 1020/656/150
f 1003/660/150 857/658/150 1020/656/150
f 852/661/150 841/657/150 853/655/150
f 1019/659/150 1004/662/150 1003/660/150
f 1002/663/150 857/658/150 1003/660/150
f 1018/664/150 1004/662/150 1019/659/150
f 1002/663/150 858/665/150 857/658/150
f 1018/664/150 1005/666/150 1004/662/150
f 851/667/150 841/657/150 852/661/150
f 1018/664/150 1006/668/150 1005/666/150
f 1092/669/150 1067/629/150 1093/654/150
f 1018/664/150 1007/670/150 1006/668/150
f 1017/671/150 1007/670/150 1018/664/150
f 1017/671/150 1008/672/150 1007/670/150
f 1002/663/150 859/673/150 858/665/150
f 1017/671/150 1009/674/150 1008/672/150
f 850/675/150 841/657/150 851/667/150
f 850/675/150 842/676/150 841/657/150
f 1017/671/150 1010/677/150 1009/674/150
f 1016/678/150 1010/677/150 1017/671/150
f 1092/669/150 1068/679/150 1067/629/150
f 1066/680/150 1065/630/150 1067/629/150
f 1016/678/150 1011/681/150 1010/677/150
f 1016/678/150 1012/682/150 1011/681/150
f 1016/678/150 1013/683/150 1012/682/150
f 1002/663/150 860/684/150 859/673/150
f 1015/685/150 1014/686/150 1016/678/150
f 1014/686/150 1013/683/150 1016/678/150
f 849/687/150 842/676/150 850/675/150
f 1092/669/150 1069/688/150 1068/679/150
f 1001/689/150 860/684/150 1002/663/150
f 1001/689/150 861/690/150 860/684/150
f 1091/691/150 1069/688/150 1092/669/150
f 848/692/150 842/676/150 849/687/150
f 848/692/150 847/693/150 842/676/150
f 847/693/150 846/694/150 842/676/150
f 846/694/150 845/695/150 842/676/150
f 845/695/150 844/696/150 842/676/150
f 844/696/150 843/697/150 842/676/150
f 1001/689/150 862/698/150 861/690/150
f 1091/691/150 1070/699/150 1069/688/150
f 1001/689/150 863/700/150 862/698/150
f 1091/691/150 1071/701/150 1070/699/150
f 1090/702/150 1071/701/150 1091/691/150
f 1000/703/150 863/700/150 1001/689/150
f 1000/703/150 864/704/150 863/700/150
f 1089/705/150 1071/701/150 1090/702/150
f 1089/705/150 1072/706/150 1071/701/150
f 1000/703/150 865/707/150 864/704/150
f 1088/708/150 1072/706/150 1089/705/150
f 1088/708/150 1073/709/150 1072/706/150
f 1087/710/150 1073/709/150 1088/708/150
f 1000/703/150 866/711/150 865/707/150
f 1086/712/150 1073/709/150 1087/710/150
f 999/713/150 866/711/150 1000/703/150
f 1086/712/150 1074/714/150 1073/709/150
f 999/713/150 867/715/150 866/711/150
f 1085/716/150 1074/714/150 1086/712/150
f 999/713/150 868/717/150 867/715/150
f 1085/716/150 1075/718/150 1074/714/150
f 1084/719/150 1075/718/150 1085/716/150
f 869/720/150 871/721/150 870/722/150
f 999/713/150 869/720/150 868/717/150
f 999/713/150 871/721/150 869/720/150
f 1084/719/150 1076/723/150 1075/718/150
f 1083/724/150 1076/723/150 1084/719/150
f 998/725/150 871/721/150 999/713/150
f 1083/724/150 1077/726/150 1076/723/150
f 1082/727/150 1077/726/150 1083/724/150
f 1081/728/150 1077/726/150 1082/727/150
f 1081/728/150 1078/729/150 1077/726/150
f 998/725/150 872/730/150 871/721/150
f 1080/731/150 1078/729/150 1081/728/150
f 1080/731/150 1079/732/150 1078/729/150
f 997/733/150 872/730/150 998/725/150
f 997/733/150 873/734/150 872/730/150
f 996/735/150 1040/736/150 997/733/150
f 1040/736/150 1039/737/150 997/733/150
f 1039/737/150 873/734/150 997/733/150
f 996/735/150 1041/738/150 1040/736/150
f 1038/739/150 873/734/150 1039/737/150
f 995/740/150 1041/738/150 996/735/150
f 1038/739/150 874/741/150 873/734/150
f 995/740/150 1042/742/150 1041/738/150
f 1037/743/150 874/741/150 1038/739/150
f 994/744/150 1042/742/150 995/740/150
f 1037/743/150 875/745/150 874/741/150
f 994/744/150 1043/746/150 1042/742/150
f 1036/747/150 875/745/150 1037/743/150
f 993/748/150 1043/746/150 994/744/150
f 993/748/150 967/749/150 1043/746/150
f 967/749/150 1044/750/150 1043/746/150
f 1035/751/150 875/745/150 1036/747/150
f 1035/751/150 876/752/150 875/745/150
f 993/748/150 968/753/150 967/749/150
f 966/754/150 1044/750/150 967/749/150
f 992/755/150 968/753/150 993/748/150
f 966/754/150 1045/756/150 1044/750/150
f 1034/757/150 876/752/150 1035/751/150
f 992/755/150 969/758/150 968/753/150
f 965/759/150 1045/756/150 966/754/150
f 992/755/150 970/760/150 969/758/150
f 965/759/150 1046/761/150 1045/756/150
f 1034/757/150 877/762/150 876/752/150
f 1033/763/150 877/762/150 1034/757/150
f 991/764/150 970/760/150 992/755/150
f 964/765/150 1046/761/150 965/759/150
f 991/764/150 971/766/150 970/760/150
f 964/765/150 1047/767/150 1046/761/150
f 1032/768/150 877/762/150 1033/763/150
f 990/769/150 971/766/150 991/764/150
f 990/769/150 972/770/150 971/766/150
f 989/771/150 972/770/150 990/769/150
f 963/772/150 1047/767/150 964/765/150
f 1032/768/150 878/773/150 877/762/150
f 988/774/150 972/770/150 989/771/150
f 988/774/150 973/775/150 972/770/150
f 963/772/150 1048/776/150 1047/767/150
f 1031/777/150 878/773/150 1032/768/150
f 987/778/150 973/775/150 988/774/150
f 962/779/150 1048/776/150 963/772/150
f 987/778/150 974/780/150 973/775/150
f 986/781/150 974/780/150 987/778/150
f 962/779/150 1049/782/150 1048/776/150
f 1030/783/150 878/773/150 1031/777/150
f 1030/783/150 879/784/150 878/773/150
f 985/785/150 974/780/150 986/781/150
f 985/785/150 975/786/150 974/780/150
f 961/787/150 1049/782/150 962/779/150
f 984/788/150 975/786/150 985/785/150
f 984/788/150 976/789/150 975/786/150
f 961/787/150 1050/790/150 1049/782/150
f 1029/791/150 879/784/150 1030/783/150
f 983/792/150 976/789/150 984/788/150
f 983/792/150 977/793/150 976/789/150
f 960/794/150 1050/790/150 961/787/150
f 982/795/150 977/793/150 983/792/150
f 1029/791/150 880/796/150 879/784/150
f 960/794/150 1051/797/150 1050/790/150
f 1028/798/150 880/796/150 1029/791/150
f 981/799/150 977/793/150 982/795/150
f 981/799/150 978/800/150 977/793/150
f 980/801/150 978/800/150 981/799/150
f 959/802/150 1051/797/150 960/794/150
f 980/801/150 979/803/150 978/800/150
f 959/802/150 1052/804/150 1051/797/150
f 1052/804/150 880/796/150 1028/798/150
f 1052/804/150 881/805/150 880/796/150
f 958/806/150 1052/804/150 959/802/150
f 958/806/150 881/805/150 1052/804/150
f 957/807/150 881/805/150 958/806/150
f 957/807/150 882/808/150 881/805/150
f 956/809/150 882/808/150 957/807/150
f 956/809/150 883/810/150 882/808/150
f 955/811/150 883/810/150 956/809/150
f 954/812/150 883/810/150 955/811/150
f 954/812/150 884/813/150 883/810/150
f 953/814/150 884/813/150 954/812/150
f 953/814/150 885/815/150 884/813/150
f 952/816/150 885/815/150 953/814/150
f 952/816/150 886/817/150 885/815/150
f 952/816/150 887/818/150 886/817/150
f 951/819/150 919/820/150 952/816/150
f 919/820/150 887/818/150 952/816/150
f 919/820/150 888/821/150 887/818/150
f 951/819/150 920/822/150 919/820/150
f 918/823/150 888/821/150 919/820/150
f 950/824/150 920/822/150 951/819/150
f 918/823/150 889/825/150 888/821/150
f 949/826/150 920/822/150 950/824/150
f 917/827/150 889/825/150 918/823/150
f 949/826/150 921/828/150 920/822/150
f 917/827/150 890/829/150 889/825/150
f 948/830/150 921/828/150 949/826/150
f 917/827/150 891/831/150 890/829/150
f 916/832/150 891/831/150 917/827/150
f 947/833/150 921/828/150 948/830/150
f 947/833/150 922/834/150 921/828/150
f 916/832/150 892/835/150 891/831/150
f 946/836/150 922/834/150 947/833/150
f 915/837/150 892/835/150 916/832/150
f 946/836/150 923/838/150 922/834/150
f 915/837/150 893/839/150 892/835/150
f 945/840/150 923/838/150 946/836/150
f 915/837/150 894/841/150 893/839/150
f 944/842/150 923/838/150 945/840/150
f 914/843/150 894/841/150 915/837/150
f 944/842/150 924/844/150 923/838/150
f 914/843/150 895/845/150 894/841/150
f 943/846/150 924/844/150 944/842/150
f 914/843/150 896/847/150 895/845/150
f 942/848/150 924/844/150 943/846/150
f 913/849/150 896/847/150 914/843/150
f 913/849/150 897/850/150 896/847/150
f 942/848/150 925/851/150 924/844/150
f 941/852/150 925/851/150 942/848/150
f 913/849/150 898/853/150 897/850/150
f 940/854/150 925/851/150 941/852/150
f 913/849/150 899/855/150 898/853/150
f 912/856/150 899/855/150 913/849/150
f 939/857/150 925/851/150 940/854/150
f 939/857/150 926/858/150 925/851/150
f 912/856/150 900/859/150 899/855/150
f 938/860/150 926/858/150 939/857/150
f 911/861/150 900/859/150 912/856/150
f 911/861/150 901/862/150 900/859/150
f 938/860/150 927/863/150 926/858/150
f 937/864/150 927/863/150 938/860/150
f 911/861/150 902/865/150 901/862/150
f 936/866/150 927/863/150 937/864/150
f 910/867/150 902/865/150 911/861/150
f 936/866/150 928/868/150 927/863/150
f 910/867/150 903/869/150 902/865/150
f 935/870/150 928/868/150 936/866/150
f 909/871/150 903/869/150 910/867/150
f 909/871/150 904/872/150 903/869/150
f 935/870/150 929/873/150 928/868/150
f 934/874/150 929/873/150 935/870/150
f 909/871/150 905/875/150 904/872/150
f 933/876/150 929/873/150 934/874/150
f 908/877/150 905/875/150 909/871/150
f 933/876/150 930/878/150 929/873/150
f 908/877/150 906/879/150 905/875/150
f 932/880/150 930/878/150 933/876/150
f 907/881/150 906/879/150 908/877/150
f 932/880/150 931/882/150 930/878/150
f 1139/447/151 1140/449/151 1141/448/151
f 1212/450/151 1213/452/151 1214/451/151
f 1138/453/151 1139/447/151 1141/448/151
f 1211/454/151 1212/450/151 1214/451/151
f 1138/453/151 1141/448/151 1105/455/151
f 1211/454/151 1214/451/151 1215/456/151
f 1137/457/151 1138/453/151 1105/455/151
f 1210/458/151 1211/454/151 1215/456/151
f 1137/457/151 1105/455/151 1106/459/151
f 1210/458/151 1215/456/151 1216/460/151
f 1136/461/151 1137/457/151 1106/459/151
f 1209/462/151 1210/458/151 1216/460/151
f 1209/462/151 1216/460/151 1217/463/151
f 1136/461/151 1106/459/151 1107/464/151
f 1135/465/151 1136/461/151 1107/464/151
f 1208/466/151 1209/462/151 1217/463/151
f 1208/466/151 1217/463/151 1218/467/151
f 1135/465/151 1107/464/151 1108/468/151
f 1134/469/151 1135/465/151 1108/468/151
f 1207/470/151 1208/466/151 1218/467/151
f 1207/470/151 1218/467/151 1219/471/151
f 1238/472/151 1239/474/151 1240/473/151
f 1237/475/151 1238/472/151 1240/473/151
f 1133/476/151 1134/469/151 1108/468/151
f 1206/477/151 1207/470/151 1219/471/151
f 1133/476/151 1108/468/151 1109/478/151
f 1206/477/151 1219/471/151 1220/479/151
f 1236/480/151 1237/475/151 1240/473/151
f 1235/481/151 1236/480/151 1240/473/151
f 1205/482/151 1206/477/151 1220/479/151
f 1205/482/151 1220/479/151 1221/483/151
f 1132/484/151 1133/476/151 1109/478/151
f 1132/484/151 1109/478/151 1110/485/151
f 1235/481/151 1240/473/151 1241/486/151
f 1234/487/151 1235/481/151 1241/486/151
f 1204/488/151 1205/482/151 1221/483/151
f 1204/488/151 1221/483/151 1222/489/151
f 1233/490/151 1234/487/151 1241/486/151
f 1131/491/151 1132/484/151 1110/485/151
f 1203/492/151 1204/488/151 1222/489/151
f 1232/493/151 1233/490/151 1241/486/151
f 1131/491/151 1110/485/151 1111/494/151
f 1203/492/151 1222/489/151 1223/495/151
f 1232/493/151 1241/486/151 1242/496/151
f 1231/497/151 1232/493/151 1242/496/151
f 1202/498/151 1203/492/151 1223/495/151
f 1130/499/151 1131/491/151 1111/494/151
f 1230/500/151 1231/497/151 1242/496/151
f 1201/501/151 1202/498/151 1223/495/151
f 1201/501/151 1223/495/151 1224/502/151
f 1130/499/151 1111/494/151 1112/503/151
f 1200/504/151 1201/501/151 1224/502/151
f 1229/505/151 1230/500/151 1242/496/151
f 1129/506/151 1130/499/151 1112/503/151
f 1199/507/151 1200/504/151 1224/502/151
f 1229/505/151 1242/496/151 1243/508/151
f 1199/507/151 1224/502/151 1225/509/151
f 1198/510/151 1199/507/151 1225/509/151
f 1228/511/151 1229/505/151 1243/508/151
f 1197/512/151 1198/510/151 1225/509/151
f 1129/506/151 1112/503/151 1113/513/151
f 1196/514/151 1197/512/151 1225/509/151
f 1128/515/151 1129/506/151 1113/513/151
f 1227/516/151 1228/511/151 1243/508/151
f 1196/514/151 1225/509/151 1226/517/151
f 1195/518/151 1196/514/151 1226/517/151
f 1194/519/151 1195/518/151 1226/517/151
f 1538/520/151 1539/522/151 1540/521/151
f 1193/523/151 1194/519/151 1226/517/151
f 1227/516/151 1243/508/151 1244/524/151
f 1226/517/151 1227/516/151 1244/524/151
f 1192/525/151 1193/523/151 1226/517/151
f 1191/526/151 1192/525/151 1226/517/151
f 1127/527/151 1128/515/151 1113/513/151
f 1191/526/151 1226/517/151 1244/524/151
f 1190/528/151 1191/526/151 1244/524/151
f 1189/529/151 1190/528/151 1244/524/151
f 1126/530/151 1127/527/151 1113/513/151
f 1126/530/151 1113/513/151 1114/531/151
f 1188/532/151 1189/529/151 1244/524/151
f 1125/533/151 1126/530/151 1114/531/151
f 1187/534/151 1188/532/151 1244/524/151
f 1124/535/151 1125/533/151 1114/531/151
f 1186/536/151 1187/534/151 1244/524/151
f 1123/537/151 1124/535/151 1114/531/151
f 1186/536/151 1244/524/151 1245/538/151
f 1538/520/151 1540/521/151 1489/539/151
f 1537/540/151 1538/520/151 1489/539/151
f 1185/541/151 1186/536/151 1245/538/151
f 1122/542/151 1123/537/151 1114/531/151
f 1122/542/151 1114/531/151 1115/543/151
f 1121/544/151 1122/542/151 1115/543/151
f 1184/545/151 1185/541/151 1245/538/151
f 1537/540/151 1489/539/151 1490/546/151
f 1120/547/151 1121/544/151 1115/543/151
f 1183/548/151 1184/545/151 1245/538/151
f 1119/549/151 1120/547/151 1115/543/151
f 1119/549/151 1115/543/151 1118/550/151
f 1118/550/151 1115/543/151 1117/551/151
f 1117/551/151 1115/543/151 1116/552/151
f 1183/548/151 1245/538/151 1246/553/151
f 1182/554/151 1183/548/151 1165/555/151
f 1165/555/151 1183/548/151 1246/553/151
f 1265/556/151 1266/558/151 1267/557/151
f 1537/540/151 1490/546/151 1491/559/151
f 1181/560/151 1182/554/151 1165/555/151
f 1536/561/151 1537/540/151 1491/559/151
f 1180/562/151 1181/560/151 1165/555/151
f 1536/561/151 1491/559/151 1492/563/151
f 1180/562/151 1165/555/151 1166/564/151
f 1164/565/151 1165/555/151 1246/553/151
f 1180/562/151 1166/564/151 1167/566/151
f 1265/556/151 1267/557/151 1268/567/151
f 1179/568/151 1180/562/151 1167/566/151
f 1179/568/151 1167/566/151 1168/569/151
f 1179/568/151 1168/569/151 1169/570/151
f 1164/565/151 1246/553/151 1247/571/151
f 1179/568/151 1169/570/151 1170/572/151
f 1179/568/151 1170/572/151 1171/573/151
f 1178/574/151 1179/568/151 1171/573/151
f 1178/574/151 1171/573/151 1172/575/151
f 1536/561/151 1492/563/151 1493/576/151
f 1163/577/151 1164/565/151 1247/571/151
f 1178/574/151 1172/575/151 1173/578/151
f 1178/574/151 1173/578/151 1174/579/151
f 1178/574/151 1174/579/151 1175/580/151
f 1177/581/151 1178/574/151 1176/582/151
f 1176/582/151 1178/574/151 1175/580/151
f 1264/583/151 1265/556/151 1268/567/151
f 1535/584/151 1536/561/151 1493/576/151
f 1162/585/151 1163/577/151 1247/571/151
f 1264/583/151 1268/567/151 1269/586/151
f 1535/584/151 1493/576/151 1494/587/151
f 1263/588/151 1264/583/151 1269/586/151
f 1162/585/151 1247/571/151 1248/589/151
f 1161/590/151 1162/585/151 1248/589/151
f 1262/591/151 1263/588/151 1269/586/151
f 1535/584/151 1494/587/151 1495/592/151
f 1261/593/151 1262/591/151 1269/586/151
f 1160/594/151 1161/590/151 1248/589/151
f 1261/593/151 1269/586/151 1270/595/151
f 1260/596/151 1261/593/151 1270/595/151
f 1159/597/151 1160/594/151 1248/589/151
f 1534/598/151 1535/584/151 1495/592/151
f 1534/598/151 1495/592/151 1496/599/151
f 1159/597/151 1248/589/151 1249/600/151
f 1259/601/151 1260/596/151 1270/595/151
f 1158/602/151 1159/597/151 1249/600/151
f 1534/598/151 1496/599/151 1497/603/151
f 1258/604/151 1259/601/151 1270/595/151
f 1157/605/151 1158/602/151 1249/600/151
f 1258/604/151 1270/595/151 1271/606/151
f 1156/607/151 1157/605/151 1249/600/151
f 1257/608/151 1258/604/151 1271/606/151
f 1156/607/151 1249/600/151 1250/609/151
f 1534/598/151 1497/603/151 1498/610/151
f 1155/611/151 1156/607/151 1250/609/151
f 1533/612/151 1534/598/151 1498/610/151
f 1256/613/151 1257/608/151 1271/606/151
f 1154/614/151 1155/611/151 1250/609/151
f 1256/613/151 1271/606/151 1272/615/151
f 1153/616/151 1154/614/151 1250/609/151
f 1255/617/151 1256/613/151 1272/615/151
f 1533/612/151 1498/610/151 1499/618/151
f 1152/619/151 1153/616/151 1250/609/151
f 1152/619/151 1250/609/151 1251/620/151
f 1254/621/151 1255/617/151 1272/615/151
f 1151/622/151 1152/619/151 1251/620/151
f 1533/612/151 1499/618/151 1500/623/151
f 1532/624/151 1533/612/151 1500/623/151
f 1253/625/151 1254/621/151 1272/615/151
f 1150/626/151 1151/622/151 1251/620/151
f 1253/625/151 1272/615/151 1273/627/151
f 1149/628/151 1150/626/151 1251/620/151
f 1532/624/151 1500/623/151 1503/629/151
f 1503/629/151 1500/623/151 1501/630/151
f 1252/631/151 1253/625/151 1273/627/151
f 1149/628/151 1251/620/151 1252/631/151
f 1148/632/151 1149/628/151 1252/631/151
f 1147/633/151 1148/632/151 1252/631/151
f 1146/634/151 1147/633/151 1252/631/151
f 1252/631/151 1273/627/151 1274/635/151
f 1531/636/151 1532/624/151 1503/629/151
f 1145/637/151 1146/634/151 1252/631/151
f 1145/637/151 1252/631/151 1274/635/151
f 1144/638/151 1145/637/151 1274/635/151
f 1143/639/151 1144/638/151 1274/635/151
f 1142/640/151 1143/639/151 1274/635/151
f 1463/641/151 1142/640/151 1274/635/151
f 1462/642/151 1463/641/151 1274/635/151
f 1462/642/151 1274/635/151 1275/643/151
f 1461/644/151 1462/642/151 1275/643/151
f 1530/645/151 1531/636/151 1503/629/151
f 1460/646/151 1461/644/151 1275/643/151
f 1459/647/151 1460/646/151 1275/643/151
f 1458/648/151 1459/647/151 1275/643/151
f 1458/648/151 1275/643/151 1291/649/151
f 1291/649/151 1275/643/151 1276/650/151
f 1458/648/151 1291/649/151 1292/651/151
f 1290/652/151 1291/649/151 1276/650/151
f 1457/653/151 1458/648/151 1292/651/151
f 1529/654/151 1530/645/151 1503/629/151
f 1289/655/151 1290/652/151 1276/650/151
f 1456/656/151 1457/653/151 1292/651/151
f 1289/655/151 1276/650/151 1277/657/151
f 1456/656/151 1292/651/151 1293/658/151
f 1455/659/151 1456/656/151 1439/660/151
f 1439/660/151 1456/656/151 1293/658/151
f 1288/661/151 1289/655/151 1277/657/151
f 1455/659/151 1439/660/151 1440/662/151
f 1438/663/151 1439/660/151 1293/658/151
f 1454/664/151 1455/659/151 1440/662/151
f 1438/663/151 1293/658/151 1294/665/151
f 1454/664/151 1440/662/151 1441/666/151
f 1287/667/151 1288/661/151 1277/657/151
f 1454/664/151 1441/666/151 1442/668/151
f 1528/669/151 1529/654/151 1503/629/151
f 1454/664/151 1442/668/151 1443/670/151
f 1453/671/151 1454/664/151 1443/670/151
f 1453/671/151 1443/670/151 1444/672/151
f 1438/663/151 1294/665/151 1295/673/151
f 1453/671/151 1444/672/151 1445/674/151
f 1286/675/151 1287/667/151 1277/657/151
f 1286/675/151 1277/657/151 1278/676/151
f 1453/671/151 1445/674/151 1446/677/151
f 1452/678/151 1453/671/151 1446/677/151
f 1528/669/151 1503/629/151 1504/679/151
f 1502/680/151 1503/629/151 1501/630/151
f 1452/678/151 1446/677/151 1447/681/151
f 1452/678/151 1447/681/151 1448/682/151
f 1452/678/151 1448/682/151 1449/683/151
f 1438/663/151 1295/673/151 1296/684/151
f 1451/685/151 1452/678/151 1450/686/151
f 1450/686/151 1452/678/151 1449/683/151
f 1285/687/151 1286/675/151 1278/676/151
f 1528/669/151 1504/679/151 1505/688/151
f 1437/689/151 1438/663/151 1296/684/151
f 1437/689/151 1296/684/151 1297/690/151
f 1527/691/151 1528/669/151 1505/688/151
f 1284/692/151 1285/687/151 1278/676/151
f 1284/692/151 1278/676/151 1283/693/151
f 1283/693/151 1278/676/151 1282/694/151
f 1282/694/151 1278/676/151 1281/695/151
f 1281/695/151 1278/676/151 1280/696/151
f 1280/696/151 1278/676/151 1279/697/151
f 1437/689/151 1297/690/151 1298/698/151
f 1527/691/151 1505/688/151 1506/699/151
f 1437/689/151 1298/698/151 1299/700/151
f 1527/691/151 1506/699/151 1507/701/151
f 1526/702/151 1527/691/151 1507/701/151
f 1436/703/151 1437/689/151 1299/700/151
f 1436/703/151 1299/700/151 1300/704/151
f 1525/705/151 1526/702/151 1507/701/151
f 1525/705/151 1507/701/151 1508/706/151
f 1436/703/151 1300/704/151 1301/707/151
f 1524/708/151 1525/705/151 1508/706/151
f 1524/708/151 1508/706/151 1509/709/151
f 1523/710/151 1524/708/151 1509/709/151
f 1436/703/151 1301/707/151 1302/711/151
f 1522/712/151 1523/710/151 1509/709/151
f 1435/713/151 1436/703/151 1302/711/151
f 1522/712/151 1509/709/151 1510/714/151
f 1435/713/151 1302/711/151 1303/715/151
f 1521/716/151 1522/712/151 1510/714/151
f 1435/713/151 1303/715/151 1304/717/151
f 1521/716/151 1510/714/151 1511/718/151
f 1520/719/151 1521/716/151 1511/718/151
f 1305/720/151 1306/722/151 1307/721/151
f 1435/713/151 1304/717/151 1305/720/151
f 1435/713/151 1305/720/151 1307/721/151
f 1520/719/151 1511/718/151 1512/723/151
f 1519/724/151 1520/719/151 1512/723/151
f 1434/725/151 1435/713/151 1307/721/151
f 1519/724/151 1512/723/151 1513/726/151
f 1518/727/151 1519/724/151 1513/726/151
f 1517/728/151 1518/727/151 1513/726/151
f 1517/728/151 1513/726/151 1514/729/151
f 1434/725/151 1307/721/151 1308/730/151
f 1516/731/151 1517/728/151 1514/729/151
f 1516/731/151 1514/729/151 1515/732/151
f 1433/733/151 1434/725/151 1308/730/151
f 1433/733/151 1308/730/151 1309/734/151
f 1432/735/151 1433/733/151 1476/736/151
f 1476/736/151 1433/733/151 1475/737/151
f 1475/737/151 1433/733/151 1309/734/151
f 1432/735/151 1476/736/151 1477/738/151
f 1474/739/151 1475/737/151 1309/734/151
f 1431/740/151 1432/735/151 1477/738/151
f 1474/739/151 1309/734/151 1310/741/151
f 1431/740/151 1477/738/151 1478/742/151
f 1473/743/151 1474/739/151 1310/741/151
f 1430/744/151 1431/740/151 1478/742/151
f 1473/743/151 1310/741/151 1311/745/151
f 1430/744/151 1478/742/151 1479/746/151
f 1472/747/151 1473/743/151 1311/745/151
f 1429/748/151 1430/744/151 1479/746/151
f 1429/748/151 1479/746/151 1403/749/151
f 1403/749/151 1479/746/151 1480/750/151
f 1471/751/151 1472/747/151 1311/745/151
f 1471/751/151 1311/745/151 1312/752/151
f 1429/748/151 1403/749/151 1404/753/151
f 1402/754/151 1403/749/151 1480/750/151
f 1428/755/151 1429/748/151 1404/753/151
f 1402/754/151 1480/750/151 1481/756/151
f 1470/757/151 1471/751/151 1312/752/151
f 1428/755/151 1404/753/151 1405/758/151
f 1401/759/151 1402/754/151 1481/756/151
f 1428/755/151 1405/758/151 1406/760/151
f 1401/759/151 1481/756/151 1482/761/151
f 1470/757/151 1312/752/151 1313/762/151
f 1469/763/151 1470/757/151 1313/762/151
f 1427/764/151 1428/755/151 1406/760/151
f 1400/765/151 1401/759/151 1482/761/151
f 1427/764/151 1406/760/151 1407/766/151
f 1400/765/151 1482/761/151 1483/767/151
f 1468/768/151 1469/763/151 1313/762/151
f 1426/769/151 1427/764/151 1407/766/151
f 1426/769/151 1407/766/151 1408/770/151
f 1425/771/151 1426/769/151 1408/770/151
f 1399/772/151 1400/765/151 1483/767/151
f 1468/768/151 1313/762/151 1314/773/151
f 1424/774/151 1425/771/151 1408/770/151
f 1424/774/151 1408/770/151 1409/775/151
f 1399/772/151 1483/767/151 1484/776/151
f 1467/777/151 1468/768/151 1314/773/151
f 1423/778/151 1424/774/151 1409/775/151
f 1398/779/151 1399/772/151 1484/776/151
f 1423/778/151 1409/775/151 1410/780/151
f 1422/781/151 1423/778/151 1410/780/151
f 1398/779/151 1484/776/151 1485/782/151
f 1466/783/151 1467/777/151 1314/773/151
f 1466/783/151 1314/773/151 1315/784/151
f 1421/785/151 1422/781/151 1410/780/151
f 1421/785/151 1410/780/151 1411/786/151
f 1397/787/151 1398/779/151 1485/782/151
f 1420/788/151 1421/785/151 1411/786/151
f 1420/788/151 1411/786/151 1412/789/151
f 1397/787/151 1485/782/151 1486/790/151
f 1465/791/151 1466/783/151 1315/784/151
f 1419/792/151 1420/788/151 1412/789/151
f 1419/792/151 1412/789/151 1413/793/151
f 1396/794/151 1397/787/151 1486/790/151
f 1418/795/151 1419/792/151 1413/793/151
f 1465/791/151 1315/784/151 1316/796/151
f 1396/794/151 1486/790/151 1487/797/151
f 1464/798/151 1465/791/151 1316/796/151
f 1417/799/151 1418/795/151 1413/793/151
f 1417/799/151 1413/793/151 1414/800/151
f 1416/801/151 1417/799/151 1414/800/151
f 1395/802/151 1396/794/151 1487/797/151
f 1416/801/151 1414/800/151 1415/803/151
f 1395/802/151 1487/797/151 1488/804/151
f 1488/804/151 1464/798/151 1316/796/151
f 1488/804/151 1316/796/151 1317/805/151
f 1394/806/151 1395/802/151 1488/804/151
f 1394/806/151 1488/804/151 1317/805/151
f 1393/807/151 1394/806/151 1317/805/151
f 1393/807/151 1317/805/151 1318/808/151
f 1392/809/151 1393/807/151 1318/808/151
f 1392/809/151 1318/808/151 1319/810/151
f 1391/811/151 1392/809/151 1319/810/151
f 1390/812/151 1391/811/151 1319/810/151
f 1390/812/151 1319/810/151 1320/813/151
f 1389/814/151 1390/812/151 1320/813/151
f 1389/814/151 1320/813/151 1321/815/151
f 1388/816/151 1389/814/151 1321/815/151
f 1388/816/151 1321/815/151 1322/817/151
f 1388/816/151 1322/817/151 1323/818/151
f 1387/819/151 1388/816/151 1355/820/151
f 1355/820/151 1388/816/151 1323/818/151
f 1355/820/151 1323/818/151 1324/821/151
f 1387/819/151 1355/820/151 1356/822/151
f 1354/823/151 1355/820/151 1324/821/151
f 1386/824/151 1387/819/151 1356/822/151
f 1354/823/151 1324/821/151 1325/825/151
f 1385/826/151 1386/824/151 1356/822/151
f 1353/827/151 1354/823/151 1325/825/151
f 1385/826/151 1356/822/151 1357/828/151
f 1353/827/151 1325/825/151 1326/829/151
f 1384/830/151 1385/826/151 1357/828/151
f 1353/827/151 1326/829/151 1327/831/151
f 1352/832/151 1353/827/151 1327/831/151
f 1383/833/151 1384/830/151 1357/828/151
f 1383/833/151 1357/828/151 1358/834/151
f 1352/832/151 1327/831/151 1328/835/151
f 1382/836/151 1383/833/151 1358/834/151
f 1351/837/151 1352/832/151 1328/835/151
f 1382/836/151 1358/834/151 1359/838/151
f 1351/837/151 1328/835/151 1329/839/151
f 1381/840/151 1382/836/151 1359/838/151
f 1351/837/151 1329/839/151 1330/841/151
f 1380/842/151 1381/840/151 1359/838/151
f 1350/843/151 1351/837/151 1330/841/151
f 1380/842/151 1359/838/151 1360/844/151
f 1350/843/151 1330/841/151 1331/845/151
f 1379/846/151 1380/842/151 1360/844/151
f 1350/843/151 1331/845/151 1332/847/151
f 1378/848/151 1379/846/151 1360/844/151
f 1349/849/151 1350/843/151 1332/847/151
f 1349/849/151 1332/847/151 1333/850/151
f 1378/848/151 1360/844/151 1361/851/151
f 1377/852/151 1378/848/151 1361/851/151
f 1349/849/151 1333/850/151 1334/853/151
f 1376/854/151 1377/852/151 1361/851/151
f 1349/849/151 1334/853/151 1335/855/151
f 1348/856/151 1349/849/151 1335/855/151
f 1375/857/151 1376/854/151 1361/851/151
f 1375/857/151 1361/851/151 1362/858/151
f 1348/856/151 1335/855/151 1336/859/151
f 1374/860/151 1375/857/151 1362/858/151
f 1347/861/151 1348/856/151 1336/859/151
f 1347/861/151 1336/859/151 1337/862/151
f 1374/860/151 1362/858/151 1363/863/151
f 1373/864/151 1374/860/151 1363/863/151
f 1347/861/151 1337/862/151 1338/865/151
f 1372/866/151 1373/864/151 1363/863/151
f 1346/867/151 1347/861/151 1338/865/151
f 1372/866/151 1363/863/151 1364/868/151
f 1346/867/151 1338/865/151 1339/869/151
f 1371/870/151 1372/866/151 1364/868/151
f 1345/871/151 1346/867/151 1339/869/151
f 1345/871/151 1339/869/151 1340/872/151
f 1371/870/151 1364/868/151 1365/873/151
f 1370/874/151 1371/870/151 1365/873/151
f 1345/871/151 1340/872/151 1341/875/151
f 1369/876/151 1370/874/151 1365/873/151
f 1344/877/151 1345/871/151 1341/875/151
f 1369/876/151 1365/873/151 1366/878/151
f 1344/877/151 1341/875/151 1342/879/151
f 1368/880/151 1369/876/151 1366/878/151
f 1343/881/151 1344/877/151 1342/879/151
f 1368/880/151 1366/878/151 1367/882/151
s 1
f 1544/883/152 1541/455/153 1542/884/153
f 1546/885/154 1543/886/152 1544/883/152
f 1548/887/155 1545/888/154 1546/885/154
f 1550/889/156 1547/890/155 1548/887/155
f 1552/891/157 1549/892/156 1550/889/156
f 1554/893/158 1551/894/157 1552/891/157
f 1556/895/159 1553/896/158 1554/893/158
f 1558/897/160 1555/898/159 1556/895/159
f 1560/899/161 1557/900/160 1558/897/160
f 1562/901/162 1559/902/161 1560/899/161
f 1564/903/163 1561/904/162 1562/901/162
f 1566/905/164 1563/906/163 1564/903/163
f 1568/907/165 1565/908/164 1566/905/164
f 1570/909/166 1567/910/165 1568/907/165
f 1572/911/167 1569/912/166 1570/909/166
f 1574/913/168 1571/914/167 1572/911/167
f 1576/915/169 1573/916/168 1574/913/168
f 1578/917/170 1575/918/169 1576/915/169
f 1580/919/171 1577/920/170 1578/917/170
f 1582/921/172 1579/922/171 1580/919/171
f 1584/923/173 1581/924/172 1582/921/172
f 1586/925/174 1583/926/173 1584/923/173
f 1588/927/175 1585/928/174 1586/925/174
f 1590/929/176 1587/930/175 1588/927/175
f 1592/931/177 1589/932/176 1590/929/176
f 1594/933/178 1591/934/177 1592/931/177
f 1596/935/179 1593/936/178 1594/933/178
f 1598/937/180 1595/938/179 1596/935/179
f 1600/939/181 1597/940/180 1598/937/180
f 1602/941/182 1599/942/181 1600/939/181
f 1604/943/183 1601/944/182 1602/941/182
f 1606/945/184 1603/946/183 1604/943/183
f 1608/947/185 1605/948/184 1606/945/184
f 1610/949/186 1607/950/185 1608/947/185
f 1612/951/187 1609/952/186 1610/949/186
f 1614/953/188 1611/954/187 1612/951/187
f 1542/955/153 1613/956/188 1614/953/188
f 1618/957/189 1615/455/190 1616/884/190
f 1620/958/191 1617/959/189 1618/957/189
f 1622/960/192 1619/961/191 1620/958/191
f 1624/962/193 1621/963/192 1622/960/192
f 1626/964/194 1623/965/193 1624/962/193
f 1628/966/195 1625/967/194 1626/964/194
f 1630/968/196 1627/969/195 1628/966/195
f 1632/970/197 1629/971/196 1630/968/196
f 1634/972/198 1631/973/197 1632/970/197
f 1636/974/199 1633/975/198 1634/972/198
f 1638/976/200 1635/977/199 1636/974/199
f 1640/978/201 1637/979/202 1638/976/200
f 1642/980/203 1639/981/201 1640/978/201
f 1644/982/204 1641/983/203 1642/980/203
f 1646/984/205 1643/985/204 1644/982/204
f 1648/986/206 1645/987/205 1646/984/205
f 1650/988/207 1647/989/206 1648/986/206
f 1652/990/208 1649/991/207 1650/988/207
f 1654/992/209 1651/993/208 1652/990/208
f 1656/994/210 1653/995/209 1654/992/209
f 1658/996/211 1655/997/210 1656/994/210
f 1660/998/212 1657/999/211 1658/996/211
f 1662/1000/213 1659/1001/212 1660/998/212
f 1664/1002/214 1661/1003/215 1662/1000/213
f 1666/1004/216 1663/1005/214 1664/1002/214
f 1668/1006/217 1665/1007/216 1666/1004/216
f 1670/1008/218 1667/1009/217 1668/1006/217
f 1672/1010/219 1669/1011/218 1670/1008/218
f 1674/1012/220 1671/1013/219 1672/1010/219
f 1676/1014/221 1673/1015/220 1674/1012/220
f 1678/1016/222 1675/1017/221 1676/1014/221
f 1680/1018/223 1677/1019/222 1678/1016/222
f 1682/1020/224 1679/1021/223 1680/1018/223
f 1684/1022/225 1681/1023/224 1682/1020/224
f 1686/1024/226 1683/1025/225 1684/1022/225
f 1688/1026/227 1685/1027/226 1686/1024/226
f 1690/1028/228 1687/1029/227 1688/1026/227
f 1692/1030/229 1689/1031/228 1690/1028/228
f 1694/1032/230 1691/1033/229 1692/1030/229
f 1696/1034/231 1693/1035/230 1694/1032/230
f 1698/1036/232 1695/1037/231 1696/1034/231
f 1700/1038/233 1697/1039/232 1698/1036/232
f 1702/1040/234 1699/1041/233 1700/1038/233
f 1704/1042/235 1701/1043/234 1702/1040/234
f 1706/1044/236 1703/1045/235 1704/1042/235
f 1708/1046/237 1705/1047/236 1706/1044/236
f 1710/1048/238 1707/1049/237 1708/1046/237
f 1712/1050/239 1709/1051/238 1710/1048/238
f 1714/1052/240 1711/1053/239 1712/1050/239
f 1716/1054/241 1713/1055/240 1714/1052/240
f 1718/1056/242 1715/1057/241 1716/1054/241
f 1720/1058/243 1717/1059/242 1718/1056/242
f 1722/1060/244 1719/1061/243 1720/1058/243
f 1724/1062/245 1721/1063/244 1722/1060/244
f 1726/1064/246 1723/1065/245 1724/1062/245
f 1728/1066/247 1725/1067/246 1726/1064/246
f 1730/1068/248 1727/1069/249 1728/1066/247
f 1732/1070/250 1729/1071/251 1730/1068/248
f 1734/1072/177 1731/1073/250 1732/1070/250
f 1736/1074/252 1733/1075/177 1734/1072/177
f 1738/1076/253 1735/1077/252 1736/1074/252
f 1740/1078/254 1737/1079/253 1738/1076/253
f 1742/1080/255 1739/1081/254 1740/1078/254
f 1744/1082/256 1741/1083/255 1742/1080/255
f 1746/1084/257 1743/1085/256 1744/1082/256
f 1748/1086/258 1745/1087/257 1746/1084/257
f 1750/1088/259 1747/1089/258 1748/1086/258
f 1752/1090/260 1749/1091/259 1750/1088/259
f 1754/1092/261 1751/1093/260 1752/1090/260
f 1756/1094/262 1753/1095/261 1754/1092/261
f 1758/1096/263 1755/1097/262 1756/1094/262
f 1760/1098/264 1757/1099/263 1758/1096/263
f 1762/1100/265 1759/1101/264 1760/1098/264
f 1764/1102/266 1761/1103/265 1762/1100/265
f 1766/1104/267 1763/1105/266 1764/1102/266
f 1768/1106/268 1765/1107/267 1766/1104/267
f 1770/1108/269 1767/1109/268 1768/1106/268
f 1772/1110/270 1769/1111/269 1770/1108/269
f 1774/1112/271 1771/1113/270 1772/1110/270
f 1776/1114/272 1773/1115/271 1774/1112/271
f 1778/1116/273 1775/1117/274 1776/1114/272
f 1780/1118/275 1777/1119/273 1778/1116/273
f 1782/1120/276 1779/1121/275 1780/1118/275
f 1784/1122/277 1781/1123/276 1782/1120/276
f 1786/1124/278 1783/1125/277 1784/1122/277
f 1788/1126/279 1785/1127/278 1786/1124/278
f 1790/1128/280 1787/1129/279 1788/1126/279
f 1792/1130/281 1789/1131/280 1790/1128/280
f 1794/1132/282 1791/1133/281 1792/1130/281
f 1796/1134/283 1793/1135/282 1794/1132/282
f 1798/1136/284 1795/1137/283 1796/1134/283
f 1800/1138/285 1797/1139/286 1798/1136/284
f 1802/1140/287 1799/1141/285 1800/1138/285
f 1804/1142/288 1801/1143/287 1802/1140/287
f 1806/1144/289 1803/1145/288 1804/1142/288
f 1808/1146/290 1805/1147/289 1806/1144/289
f 1810/1148/291 1807/1149/290 1808/1146/290
f 1812/1150/292 1809/1151/291 1810/1148/291
f 1814/1152/293 1811/1153/292 1812/1150/292
f 1816/1154/294 1813/1155/295 1814/1152/293
f 1818/1156/296 1815/1157/294 1816/1154/294
f 1820/1158/297 1817/1159/296 1818/1156/296
f 1822/1160/298 1819/1161/297 1820/1158/297
f 1824/1162/299 1821/1163/298 1822/1160/298
f 1826/1164/300 1823/1165/299 1824/1162/299
f 1828/1166/301 1825/1167/300 1826/1164/300
f 1830/1168/302 1827/1169/301 1828/1166/301
f 1832/1170/303 1829/1171/302 1830/1168/302
f 1834/1172/304 1831/1173/303 1832/1170/303
f 1836/1174/305 1833/1175/304 1834/1172/304
f 1838/1176/306 1835/1177/307 1836/1174/305
f 1840/1178/308 1837/1179/309 1838/1176/306
f 1842/1180/310 1839/1181/308 1840/1178/308
f 1844/1182/311 1841/1183/310 1842/1180/310
f 1846/1184/312 1843/1185/311 1844/1182/311
f 1848/1186/313 1845/1187/312 1846/1184/312
f 1850/1188/314 1847/1189/313 1848/1186/313
f 1852/1190/315 1849/1191/314 1850/1188/314
f 1854/1192/316 1851/1193/317 1852/1190/315
f 1856/1194/318 1853/1195/316 1854/1192/316
f 1858/1196/319 1855/1197/318 1856/1194/318
f 1860/1198/320 1857/1199/319 1858/1196/319
f 1862/1200/321 1859/1201/320 1860/1198/320
f 1864/1202/322 1861/1203/323 1862/1200/321
f 1866/1204/324 1863/1205/322 1864/1202/322
f 1868/1206/325 1865/1207/324 1866/1204/324
f 1870/1208/326 1867/1209/325 1868/1206/325
f 1872/1210/327 1869/1211/326 1870/1208/326
f 1874/1212/328 1871/1213/327 1872/1210/327
f 1876/1214/329 1873/1215/328 1874/1212/328
f 1878/1216/330 1875/1217/329 1876/1214/329
f 1880/1218/331 1877/1219/330 1878/1216/330
f 1882/1220/332 1879/1221/331 1880/1218/331
f 1884/1222/333 1881/1223/332 1882/1220/332
f 1886/1224/334 1883/1225/333 1884/1222/333
f 1888/1226/335 1885/1227/334 1886/1224/334
f 1890/1228/336 1887/1229/335 1888/1226/335
f 1892/1230/337 1889/1231/338 1890/1228/336
f 1894/1232/339 1891/1233/337 1892/1230/337
f 1896/1234/340 1893/1235/339 1894/1232/339
f 1898/1236/341 1895/1237/342 1896/1234/340
f 1900/1238/343 1897/1239/341 1898/1236/341
f 1902/1240/344 1899/1241/343 1900/1238/343
f 1904/1242/345 1901/1243/344 1902/1240/344
f 1906/1244/346 1903/1245/345 1904/1242/345
f 1908/1246/347 1905/1247/346 1906/1244/346
f 1910/1248/348 1907/1249/347 1908/1246/347
f 1912/1250/349 1909/1251/348 1910/1248/348
f 1914/1252/350 1911/1253/349 1912/1250/349
f 1916/1254/351 1913/1255/352 1914/1252/350
f 1918/1256/353 1915/1257/354 1916/1254/351
f 1920/1258/355 1917/1259/353 1918/1256/353
f 1922/1260/356 1919/1261/355 1920/1258/355
f 1924/1262/357 1921/1263/356 1922/1260/356
f 1926/1264/358 1923/1265/357 1924/1262/357
f 1928/1266/359 1925/1267/358 1926/1264/358
f 1930/1268/360 1927/1269/359 1928/1266/359
f 1932/1270/361 1929/1271/362 1930/1268/360
f 1934/1272/363 1931/1273/361 1932/1270/361
f 1936/1274/364 1933/1275/363 1934/1272/363
f 1938/1276/365 1935/1277/364 1936/1274/364
f 1940/1278/366 1937/1279/365 1938/1276/365
f 1942/1280/367 1939/1281/366 1940/1278/366
f 1944/1282/368 1941/1283/367 1942/1280/367
f 1946/1284/369 1943/1285/368 1944/1282/368
f 1948/1286/370 1945/1287/369 1946/1284/369
f 1950/1288/371 1947/1289/370 1948/1286/370
f 1952/1290/372 1949/1291/371 1950/1288/371
f 1954/1292/373 1951/1293/372 1952/1290/372
f 1956/1294/374 1953/1295/373 1954/1292/373
f 1958/1296/375 1955/1297/374 1956/1294/374
f 1960/1298/376 1957/1299/375 1958/1296/375
f 1962/1300/377 1959/1301/376 1960/1298/376
f 1964/1302/378 1961/1303/379 1962/1300/377
f 1966/1304/160 1963/1305/378 1964/1302/378
f 1968/1306/380 1965/1307/160 1966/1304/160
f 1970/1308/381 1967/1309/380 1968/1306/380
f 1972/1310/382 1969/1311/383 1970/1308/381
f 1974/1312/384 1971/1313/382 1972/1310/382
f 1976/1314/385 1973/1315/384 1974/1312/384
f 1978/1316/386 1975/1317/385 1976/1314/385
f 1980/1318/387 1977/1319/386 1978/1316/386
f 1982/1320/388 1979/1321/387 1980/1318/387
f 1984/1322/389 1981/1323/388 1982/1320/388
f 1986/1324/390 1983/1325/389 1984/1322/389
f 1988/1326/391 1985/1327/390 1986/1324/390
f 1990/1328/392 1987/1329/391 1988/1326/391
f 1992/1330/393 1989/1331/392 1990/1328/392
f 1994/1332/394 1991/1333/393 1992/1330/393
f 1996/1334/395 1993/1335/394 1994/1332/394
f 1998/1336/396 1995/1337/395 1996/1334/395
f 2000/1338/397 1997/1339/396 1998/1336/396
f 2002/1340/398 1999/1341/397 2000/1338/397
f 2004/1342/399 2001/1343/398 2002/1340/398
f 2006/1344/400 2003/1345/399 2004/1342/399
f 2008/1346/401 2005/1347/400 2006/1344/400
f 2010/1348/402 2007/1349/401 2008/1346/401
f 2012/1350/403 2009/1351/402 2010/1348/402
f 2014/1352/404 2011/1353/403 2012/1350/403
f 2016/1354/405 2013/1355/404 2014/1352/404
f 2018/1356/406 2015/1357/405 2016/1354/405
f 2020/1358/407 2017/1359/406 2018/1356/406
f 2022/1360/408 2019/1361/407 2020/1358/407
f 2024/1362/409 2021/1363/408 2022/1360/408
f 2026/1364/410 2023/1365/409 2024/1362/409
f 2028/1366/411 2025/1367/410 2026/1364/410
f 2030/1368/412 2027/1369/411 2028/1366/411
f 2032/1370/413 2029/1371/412 2030/1368/412
f 2034/1372/414 2031/1373/413 2032/1370/413
f 2036/1374/415 2033/1375/414 2034/1372/414
f 2038/1376/416 2035/1377/415 2036/1374/415
f 2040/1378/417 2037/1379/416 2038/1376/416
f 2042/1380/418 2039/1381/417 2040/1378/417
f 2044/1382/419 2041/1383/418 2042/1380/418
f 2046/1384/420 2043/1385/419 2044/1382/419
f 2048/1386/421 2045/1387/420 2046/1384/420
f 2050/1388/422 2047/1389/421 2048/1386/421
f 2052/1390/423 2049/1391/422 2050/1388/422
f 2054/1392/424 2051/1393/423 2052/1390/423
f 2056/1394/425 2053/1395/424 2054/1392/424
f 2058/1396/426 2055/1397/425 2056/1394/425
f 2060/1398/427 2057/1399/426 2058/1396/426
f 2062/1400/428 2059/1401/427 2060/1398/427
f 2064/1402/429 2061/1403/428 2062/1400/428
f 2066/1404/430 2063/1405/429 2064/1402/429
f 2068/1406/431 2065/1407/430 2066/1404/430
f 2070/1408/432 2067/1409/431 2068/1406/431
f 2072/1410/433 2069/1411/432 2070/1408/432
f 2074/1412/434 2071/1413/433 2072/1410/433
f 2076/1414/435 2073/1415/434 2074/1412/434
f 2078/1416/436 2075/1417/435 2076/1414/435
f 2080/1418/437 2077/1419/436 2078/1416/436
f 2082/1420/438 2079/1421/437 2080/1418/437
f 2084/1422/439 2081/1423/438 2082/1420/438
f 2086/1424/440 2083/1425/439 2084/1422/439
f 2088/1426/441 2085/1427/440 2086/1424/440
f 2090/1428/442 2087/1429/441 2088/1426/441
f 2092/1430/443 2089/1431/442 2090/1428/442
f 2094/1432/444 2091/1433/443 2092/1430/443
f 2096/1434/445 2093/1435/444 2094/1432/444
f 2098/1436/446 2095/1437/445 2096/1434/445
f 2100/1438/447 2097/1439/446 2098/1436/446
f 2102/1440/448 2099/1441/447 2100/1438/447
f 2104/1442/449 2101/1443/448 2102/1440/448
f 2106/1444/450 2103/1445/449 2104/1442/449
f 2108/1446/451 2105/1447/450 2106/1444/450
f 2110/1448/452 2107/1449/451 2108/1446/451
f 2112/1450/453 2109/1451/452 2110/1448/452
f 2114/1452/454 2111/1453/453 2112/1450/453
f 2116/1454/455 2113/1455/454 2114/1452/454
f 2118/1456/456 2115/1457/455 2116/1454/455
f 2120/1458/457 2117/1459/456 2118/1456/456
f 2122/1460/458 2119/1461/457 2120/1458/457
f 2124/1462/459 2121/1463/458 2122/1460/458
f 2126/1464/460 2123/1465/459 2124/1462/459
f 2128/1466/461 2125/1467/460 2126/1464/460
f 2130/1468/462 2127/1469/461 2128/1466/461
f 2132/1470/463 2129/1471/462 2130/1468/462
f 2134/1472/464 2131/1473/463 2132/1470/463
f 2136/1474/465 2133/1475/464 2134/1472/464
f 2138/1476/466 2135/1477/465 2136/1474/465
f 2140/1478/467 2137/1479/466 2138/1476/466
f 2142/1480/468 2139/1481/467 2140/1478/467
f 2144/1482/469 2141/1483/468 2142/1480/468
f 2146/1484/470 2143/1485/469 2144/1482/469
f 2148/1486/471 2145/1487/470 2146/1484/470
f 2150/1488/472 2147/1489/471 2148/1486/471
f 2152/1490/473 2149/1491/472 2150/1488/472
f 2154/1492/298 2151/1493/473 2152/1490/473
f 2156/1494/474 2153/1495/298 2154/1492/298
f 2158/1496/475 2155/1497/474 2156/1494/474
f 2160/1498/476 2157/1499/475 2158/1496/475
f 2162/1500/477 2159/1501/476 2160/1498/476
f 2164/1502/478 2161/1503/477 2162/1500/477
f 2166/1504/479 2163/1505/478 2164/1502/478
f 2168/1506/480 2165/1507/479 2166/1504/479
f 2170/1508/481 2167/1509/480 2168/1506/480
f 2172/1510/482 2169/1511/481 2170/1508/481
f 2174/1512/483 2171/1513/482 2172/1510/482
f 2176/1514/484 2173/1515/483 2174/1512/483
f 2178/1516/485 2175/1517/484 2176/1514/484
f 2180/1518/486 2177/1519/485 2178/1516/485
f 2182/1520/487 2179/1521/486 2180/1518/486
f 2184/1522/488 2181/1523/487 2182/1520/487
f 2186/1524/489 2183/1525/488 2184/1522/488
f 2188/1526/490 2185/1527/489 2186/1524/489
f 2190/1528/491 2187/1529/490 2188/1526/490
f 2192/1530/492 2189/1531/491 2190/1528/491
f 2194/1532/493 2191/1533/492 2192/1530/492
f 2196/1534/494 2193/1535/493 2194/1532/493
f 2198/1536/495 2195/1537/494 2196/1534/494
f 2200/1538/496 2197/1539/495 2198/1536/495
f 2202/1540/497 2199/1541/496 2200/1538/496
f 2204/1542/498 2201/1543/497 2202/1540/497
f 2206/1544/499 2203/1545/498 2204/1542/498
f 2208/1546/500 2205/1547/499 2206/1544/499
f 2210/1548/501 2207/1549/500 2208/1546/500
f 2212/1550/502 2209/1551/501 2210/1548/501
f 2214/1552/503 2211/1553/502 2212/1550/502
f 2216/1554/504 2213/1555/503 2214/1552/503
f 2218/1556/505 2215/1557/504 2216/1554/504
f 2220/1558/506 2217/1559/505 2218/1556/505
f 2222/1560/507 2219/1561/506 2220/1558/506
f 2224/1562/508 2221/1563/507 2222/1560/507
f 2226/1564/509 2223/1565/508 2224/1562/508
f 2228/1566/510 2225/1567/509 2226/1564/509
f 2230/1568/511 2227/1569/510 2228/1566/510
f 2232/1570/512 2229/1571/511 2230/1568/511
f 2234/1572/513 2231/1573/512 2232/1570/512
f 2236/1574/514 2233/1575/513 2234/1572/513
f 2238/1576/515 2235/1577/514 2236/1574/514
f 2240/1578/516 2237/1579/515 2238/1576/515
f 2242/1580/517 2239/1581/516 2240/1578/516
f 2244/1582/518 2241/1583/517 2242/1580/517
f 2246/1584/519 2243/1585/518 2244/1582/518
f 2248/1586/520 2245/1587/519 2246/1584/519
f 2250/1588/521 2247/1589/520 2248/1586/520
f 2252/1590/522 2249/1591/521 2250/1588/521
f 2254/1592/523 2251/1593/522 2252/1590/522
f 2256/1594/524 2253/1595/523 2254/1592/523
f 2258/1596/525 2255/1597/524 2256/1594/524
f 1616/955/190 2257/1598/525 2258/1596/525
f 2262/1599/526 2259/455/527 2260/884/527
f 2264/1600/528 2261/1601/526 2262/1599/526
f 2266/1602/529 2263/1603/530 2264/1600/528
f 2268/1604/531 2265/1605/529 2266/1602/529
f 2270/1606/532 2267/1607/531 2268/1604/531
f 2272/1608/533 2269/525/532 2270/1606/532
f 2274/1609/534 2271/1610/533 2272/1608/533
f 2276/1611/535 2273/1612/534 2274/1609/534
f 2278/1613/536 2275/1614/535 2276/1611/535
f 2280/1615/537 2277/1616/536 2278/1613/536
f 2282/1617/538 2279/697/537 2280/1615/537
f 2284/1618/539 2281/1619/538 2282/1617/538
f 2286/1620/540 2283/1621/539 2284/1618/539
f 2288/1622/541 2285/1623/540 2286/1620/540
f 2290/1624/542 2287/1625/541 2288/1622/541
f 2292/1626/543 2289/878/542 2290/1624/542
f 2294/1627/544 2291/1628/543 2292/1626/543
f 2296/1629/545 2293/1630/544 2294/1627/544
f 2298/1631/546 2295/1632/545 2296/1629/545
f 2300/1633/547 2297/1634/548 2298/1631/546
f 2302/1635/549 2299/671/547 2300/1633/547
f 2304/1636/550 2301/1637/549 2302/1635/549
f 2306/1638/551 2303/1639/550 2304/1636/550
f 2308/1640/552 2305/1641/551 2306/1638/551
f 2260/955/527 2307/1642/552 2308/1640/552
f 2312/1643/553 2309/455/554 2310/884/554
f 2314/1644/555 2311/1645/553 2312/1643/553
f 2316/1646/556 2313/1647/555 2314/1644/555
f 2318/1648/557 2315/1649/556 2316/1646/556
f 2320/1650/558 2317/1651/557 2318/1648/557
f 2322/1652/559 2319/1653/558 2320/1650/558
f 2324/1654/560 2321/1655/561 2322/1652/559
f 2326/1656/562 2323/1657/560 2324/1654/560
f 2328/1658/563 2325/1659/562 2326/1656/562
f 2330/1660/564 2327/1661/563 2328/1658/563
f 2332/1662/565 2329/1663/564 2330/1660/564
f 2334/1664/158 2331/1665/565 2332/1662/565
f 2336/1666/566 2333/1667/158 2334/1664/158
f 2338/1668/567 2335/1669/566 2336/1666/566
f 2340/1670/568 2337/1671/567 2338/1668/567
f 2342/1672/569 2339/1673/568 2340/1670/568
f 2344/1674/570 2341/1675/569 2342/1672/569
f 2346/1676/571 2343/1677/570 2344/1674/570
f 2348/1678/572 2345/1679/571 2346/1676/571
f 2350/1680/573 2347/1681/572 2348/1678/572
f 2352/1682/574 2349/1683/573 2350/1680/573
f 2354/1684/575 2351/1685/574 2352/1682/574
f 2356/1686/576 2353/1687/575 2354/1684/575
f 2358/1688/577 2355/1689/576 2356/1686/576
f 2360/1690/578 2357/1691/577 2358/1688/577
f 2362/1276/579 2359/1692/578 2360/1690/578
f 2364/1693/580 2361/1279/477 2362/1276/579
f 2366/1694/581 2363/1695/580 2364/1693/580
f 2368/1696/582 2365/1697/581 2366/1694/581
f 2370/1698/583 2367/1699/582 2368/1696/582
f 2372/1700/584 2369/1701/583 2370/1698/583
f 2374/1702/585 2371/1703/584 2372/1700/584
f 2376/1704/586 2373/1705/585 2374/1702/585
f 2378/1706/587 2375/1707/586 2376/1704/586
f 2380/1708/588 2377/1709/587 2378/1706/587
f 2382/1710/589 2379/1711/588 2380/1708/588
f 2384/1712/590 2381/1713/589 2382/1710/589
f 2386/1714/591 2383/1715/590 2384/1712/590
f 2388/1716/592 2385/1717/593 2386/1714/591
f 2390/1718/594 2387/1719/592 2388/1716/592
f 2392/1720/595 2389/1721/594 2390/1718/594
f 2394/1722/596 2391/1723/595 2392/1720/595
f 2396/1724/597 2393/1725/596 2394/1722/596
f 2398/1726/598 2395/1727/597 2396/1724/597
f 2400/1728/599 2397/1729/598 2398/1726/598
f 2402/1730/600 2399/1731/599 2400/1728/599
f 2404/1732/601 2401/1733/600 2402/1730/600
f 2406/1734/602 2403/1735/601 2404/1732/601
f 2408/1736/603 2405/1737/602 2406/1734/602
f 2410/1738/604 2407/1739/603 2408/1736/603
f 2412/1740/605 2409/1741/604 2410/1738/604
f 2310/955/554 2411/1742/605 2412/1740/605
f 1544/883/152 1543/886/152 1541/455/153
f 1546/885/154 1545/888/154 1543/886/152
f 1548/887/155 1547/890/155 1545/888/154
f 1550/889/156 1549/892/156 1547/890/155
f 1552/891/157 1551/894/157 1549/892/156
f 1554/893/158 1553/896/158 1551/894/157
f 1556/895/159 1555/898/159 1553/896/158
f 1558/897/160 1557/900/160 1555/898/159
f 1560/899/161 1559/902/161 1557/900/160
f 1562/901/162 1561/904/162 1559/902/161
f 1564/903/163 1563/906/163 1561/904/162
f 1566/905/164 1565/908/164 1563/906/163
f 1568/907/165 1567/910/165 1565/908/164
f 1570/909/166 1569/912/166 1567/910/165
f 1572/911/167 1571/914/167 1569/912/166
f 1574/913/168 1573/916/168 1571/914/167
f 1576/915/169 1575/918/169 1573/916/168
f 1578/917/170 1577/920/170 1575/918/169
f 1580/919/171 1579/922/171 1577/920/170
f 1582/921/172 1581/924/172 1579/922/171
f 1584/923/173 1583/926/173 1581/924/172
f 1586/925/174 1585/928/174 1583/926/173
f 1588/927/175 1587/930/175 1585/928/174
f 1590/929/176 1589/932/176 1587/930/175
f 1592/931/177 1591/934/177 1589/932/176
f 1594/933/178 1593/936/178 1591/934/177
f 1596/935/179 1595/938/179 1593/936/178
f 1598/937/180 1597/940/180 1595/938/179
f 1600/939/181 1599/942/181 1597/940/180
f 1602/941/182 1601/944/182 1599/942/181
f 1604/943/183 1603/946/183 1601/944/182
f 1606/945/184 1605/948/184 1603/946/183
f 1608/947/185 1607/950/185 1605/948/184
f 1610/949/186 1609/952/186 1607/950/185
f 1612/951/187 1611/954/187 1609/952/186
f 1614/953/188 1613/956/188 1611/954/187
f 1542/955/153 1541/521/153 1613/956/188
f 1618/957/189 1617/959/189 1615/455/190
f 1620/958/191 1619/961/191 1617/959/189
f 1622/960/192 1621/963/192 1619/961/191
f 1624/962/193 1623/965/193 1621/963/192
f 1626/964/194 1625/967/194 1623/965/193
f 1628/966/195 1627/969/195 1625/967/194
f 1630/968/196 1629/971/196 1627/969/195
f 1632/970/197 1631/973/197 1629/971/196
f 1634/972/198 1633/975/198 1631/973/197
f 1636/974/199 1635/977/199 1633/975/198
f 1638/976/200 1637/979/202 1635/977/199
f 1640/978/201 1639/981/201 1637/979/202
f 1642/980/203 1641/983/203 1639/981/201
f 1644/982/204 1643/985/204 1641/983/203
f 1646/984/205 1645/987/205 1643/985/204
f 1648/986/206 1647/989/206 1645/987/205
f 1650/988/207 1649/991/207 1647/989/206
f 1652/990/208 1651/993/208 1649/991/207
f 1654/992/209 1653/995/209 1651/993/208
f 1656/994/210 1655/997/210 1653/995/209
f 1658/996/211 1657/999/211 1655/997/210
f 1660/998/212 1659/1001/212 1657/999/211
f 1662/1000/213 1661/1003/215 1659/1001/212
f 1664/1002/214 1663/1005/214 1661/1003/215
f 1666/1004/216 1665/1007/216 1663/1005/214
f 1668/1006/217 1667/1009/217 1665/1007/216
f 1670/1008/218 1669/1011/218 1667/1009/217
f 1672/1010/219 1671/1013/219 1669/1011/218
f 1674/1012/220 1673/1015/220 1671/1013/219
f 1676/1014/221 1675/1017/221 1673/1015/220
f 1678/1016/222 1677/1019/222 1675/1017/221
f 1680/1018/223 1679/1021/223 1677/1019/222
f 1682/1020/224 1681/1023/224 1679/1021/223
f 1684/1022/225 1683/1025/225 1681/1023/224
f 1686/1024/226 1685/1027/226 1683/1025/225
f 1688/1026/227 1687/1029/227 1685/1027/226
f 1690/1028/228 1689/1031/228 1687/1029/227
f 1692/1030/229 1691/1033/229 1689/1031/228
f 1694/1032/230 1693/1035/230 1691/1033/229
f 1696/1034/231 1695/1037/231 1693/1035/230
f 1698/1036/232 1697/1039/232 1695/1037/231
f 1700/1038/233 1699/1041/233 1697/1039/232
f 1702/1040/234 1701/1043/234 1699/1041/233
f 1704/1042/235 1703/1045/235 1701/1043/234
f 1706/1044/236 1705/1047/236 1703/1045/235
f 1708/1046/237 1707/1049/237 1705/1047/236
f 1710/1048/238 1709/1051/238 1707/1049/237
f 1712/1050/239 1711/1053/239 1709/1051/238
f 1714/1052/240 1713/1055/240 1711/1053/239
f 1716/1054/241 1715/1057/241 1713/1055/240
f 1718/1056/242 1717/1059/242 1715/1057/241
f 1720/1058/243 1719/1061/243 1717/1059/242
f 1722/1060/244 1721/1063/244 1719/1061/243
f 1724/1062/245 1723/1065/245 1721/1063/244
f 1726/1064/246 1725/1067/246 1723/1065/245
f 1728/1066/247 1727/1069/249 1725/1067/246
f 1730/1068/248 1729/1071/251 1727/1069/249
f 1732/1070/250 1731/1073/250 1729/1071/251
f 1734/1072/177 1733/1075/177 1731/1073/250
f 1736/1074/252 1735/1077/252 1733/1075/177
f 1738/1076/253 1737/1079/253 1735/1077/252
f 1740/1078/254 1739/1081/254 1737/1079/253
f 1742/1080/255 1741/1083/255 1739/1081/254
f 1744/1082/256 1743/1085/256 1741/1083/255
f 1746/1084/257 1745/1087/257 1743/1085/256
f 1748/1086/258 1747/1089/258 1745/1087/257
f 1750/1088/259 1749/1091/259 1747/1089/258
f 1752/1090/260 1751/1093/260 1749/1091/259
f 1754/1092/261 1753/1095/261 1751/1093/260
f 1756/1094/262 1755/1097/262 1753/1095/261
f 1758/1096/263 1757/1099/263 1755/1097/262
f 1760/1098/264 1759/1101/264 1757/1099/263
f 1762/1100/265 1761/1103/265 1759/1101/264
f 1764/1102/266 1763/1105/266 1761/1103/265
f 1766/1104/267 1765/1107/267 1763/1105/266
f 1768/1106/268 1767/1109/268 1765/1107/267
f 1770/1108/269 1769/1111/269 1767/1109/268
f 1772/1110/270 1771/1113/270 1769/1111/269
f 1774/1112/271 1773/1115/271 1771/1113/270
f 1776/1114/272 1775/1117/274 1773/1115/271
f 1778/1116/273 1777/1119/273 1775/1117/274
f 1780/1118/275 1779/1121/275 1777/1119/273
f 1782/1120/276 1781/1123/276 1779/1121/275
f 1784/1122/277 1783/1125/277 1781/1123/276
f 1786/1124/278 1785/1127/278 1783/1125/277
f 1788/1126/279 1787/1129/279 1785/1127/278
f 1790/1128/280 1789/1131/280 1787/1129/279
f 1792/1130/281 1791/1133/281 1789/1131/280
f 1794/1132/282 1793/1135/282 1791/1133/281
f 1796/1134/283 1795/1137/283 1793/1135/282
f 1798/1136/284 1797/1139/286 1795/1137/283
f 1800/1138/285 1799/1141/285 1797/1139/286
f 1802/1140/287 1801/1143/287 1799/1141/285
f 1804/1142/288 1803/1145/288 1801/1143/287
f 1806/1144/289 1805/1147/289 1803/1145/288
f 1808/1146/290 1807/1149/290 1805/1147/289
f 1810/1148/291 1809/1151/291 1807/1149/290
f 1812/1150/292 1811/1153/292 1809/1151/291
f 1814/1152/293 1813/1155/295 1811/1153/292
f 1816/1154/294 1815/1157/294 1813/1155/295
f 1818/1156/296 1817/1159/296 1815/1157/294
f 1820/1158/297 1819/1161/297 1817/1159/296
f 1822/1160/298 1821/1163/298 1819/1161/297
f 1824/1162/299 1823/1165/299 1821/1163/298
f 1826/1164/300 1825/1167/300 1823/1165/299
f 1828/1166/301 1827/1169/301 1825/1167/300
f 1830/1168/302 1829/1171/302 1827/1169/301
f 1832/1170/303 1831/1173/303 1829/1171/302
f 1834/1172/304 1833/1175/304 1831/1173/303
f 1836/1174/305 1835/1177/307 1833/1175/304
f 1838/1176/306 1837/1179/309 1835/1177/307
f 1840/1178/308 1839/1181/308 1837/1179/309
f 1842/1180/310 1841/1183/310 1839/1181/308
f 1844/1182/311 1843/1185/311 1841/1183/310
f 1846/1184/312 1845/1187/312 1843/1185/311
f 1848/1186/313 1847/1189/313 1845/1187/312
f 1850/1188/314 1849/1191/314 1847/1189/313
f 1852/1190/315 1851/1193/317 1849/1191/314
f 1854/1192/316 1853/1195/316 1851/1193/317
f 1856/1194/318 1855/1197/318 1853/1195/316
f 1858/1196/319 1857/1199/319 1855/1197/318
f 1860/1198/320 1859/1201/320 1857/1199/319
f 1862/1200/321 1861/1203/323 1859/1201/320
f 1864/1202/322 1863/1205/322 1861/1203/323
f 1866/1204/324 1865/1207/324 1863/1205/322
f 1868/1206/325 1867/1209/325 1865/1207/324
f 1870/1208/326 1869/1211/326 1867/1209/325
f 1872/1210/327 1871/1213/327 1869/1211/326
f 1874/1212/328 1873/1215/328 1871/1213/327
f 1876/1214/329 1875/1217/329 1873/1215/328
f 1878/1216/330 1877/1219/330 1875/1217/329
f 1880/1218/331 1879/1221/331 1877/1219/330
f 1882/1220/332 1881/1223/332 1879/1221/331
f 1884/1222/333 1883/1225/333 1881/1223/332
f 1886/1224/334 1885/1227/334 1883/1225/333
f 1888/1226/335 1887/1229/335 1885/1227/334
f 1890/1228/336 1889/1231/338 1887/1229/335
f 1892/1230/337 1891/1233/337 1889/1231/338
f 1894/1232/339 1893/1235/339 1891/1233/337
f 1896/1234/340 1895/1237/342 1893/1235/339
f 1898/1236/341 1897/1239/341 1895/1237/342
f 1900/1238/343 1899/1241/343 1897/1239/341
f 1902/1240/344 1901/1243/344 1899/1241/343
f 1904/1242/345 1903/1245/345 1901/1243/344
f 1906/1244/346 1905/1247/346 1903/1245/345
f 1908/1246/347 1907/1249/347 1905/1247/346
f 1910/1248/348 1909/1251/348 1907/1249/347
f 1912/1250/349 1911/1253/349 1909/1251/348
f 1914/1252/350 1913/1255/352 1911/1253/349
f 1916/1254/351 1915/1257/354 1913/1255/352
f 1918/1256/353 1917/1259/353 1915/1257/354
f 1920/1258/355 1919/1261/355 1917/1259/353
f 1922/1260/356 1921/1263/356 1919/1261/355
f 1924/1262/357 1923/1265/357 1921/1263/356
f 1926/1264/358 1925/1267/358 1923/1265/357
f 1928/1266/359 1927/1269/359 1925/1267/358
f 1930/1268/360 1929/1271/362 1927/1269/359
f 1932/1270/361 1931/1273/361 1929/1271/362
f 1934/1272/363 1933/1275/363 1931/1273/361
f 1936/1274/364 1935/1277/364 1933/1275/363
f 1938/1276/365 1937/1279/365 1935/1277/364
f 1940/1278/366 1939/1281/366 1937/1279/365
f 1942/1280/367 1941/1283/367 1939/1281/366
f 1944/1282/368 1943/1285/368 1941/1283/367
f 1946/1284/369 1945/1287/369 1943/1285/368
f 1948/1286/370 1947/1289/370 1945/1287/369
f 1950/1288/371 1949/1291/371 1947/1289/370
f 1952/1290/372 1951/1293/372 1949/1291/371
f 1954/1292/373 1953/1295/373 1951/1293/372
f 1956/1294/374 1955/1297/374 1953/1295/373
f 1958/1296/375 1957/1299/375 1955/1297/374
f 1960/1298/376 1959/1301/376 1957/1299/375
f 1962/1300/377 1961/1303/379 1959/1301/376
f 1964/1302/378 1963/1305/378 1961/1303/379
f 1966/1304/160 1965/1307/160 1963/1305/378
f 1968/1306/380 1967/1309/380 1965/1307/160
f 1970/1308/381 1969/1311/383 1967/1309/380
f 1972/1310/382 1971/1313/382 1969/1311/383
f 1974/1312/384 1973/1315/384 1971/1313/382
f 1976/1314/385 1975/1317/385 1973/1315/384
f 1978/1316/386 1977/1319/386 1975/1317/385
f 1980/1318/387 1979/1321/387 1977/1319/386
f 1982/1320/388 1981/1323/388 1979/1321/387
f 1984/1322/389 1983/1325/389 1981/1323/388
f 1986/1324/390 1985/1327/390 1983/1325/389
f 1988/1326/391 1987/1329/391 1985/1327/390
f 1990/1328/392 1989/1331/392 1987/1329/391
f 1992/1330/393 1991/1333/393 1989/1331/392
f 1994/1332/394 1993/1335/394 1991/1333/393
f 1996/1334/395 1995/1337/395 1993/1335/394
f 1998/1336/396 1997/1339/396 1995/1337/395
f 2000/1338/397 1999/1341/397 1997/1339/396
f 2002/1340/398 2001/1343/398 1999/1341/397
f 2004/1342/399 2003/1345/399 2001/1343/398
f 2006/1344/400 2005/1347/400 2003/1345/399
f 2008/1346/401 2007/1349/401 2005/1347/400
f 2010/1348/402 2009/1351/402 2007/1349/401
f 2012/1350/403 2011/1353/403 2009/1351/402
f 2014/1352/404 2013/1355/404 2011/1353/403
f 2016/1354/405 2015/1357/405 2013/1355/404
f 2018/1356/406 2017/1359/406 2015/1357/405
f 2020/1358/407 2019/1361/407 2017/1359/406
f 2022/1360/408 2021/1363/408 2019/1361/407
f 2024/1362/409 2023/1365/409 2021/1363/408
f 2026/1364/410 2025/1367/410 2023/1365/409
f 2028/1366/411 2027/1369/411 2025/1367/410
f 2030/1368/412 2029/1371/412 2027/1369/411
f 2032/1370/413 2031/1373/413 2029/1371/412
f 2034/1372/414 2033/1375/414 2031/1373/413
f 2036/1374/415 2035/1377/415 2033/1375/414
f 2038/1376/416 2037/1379/416 2035/1377/415
f 2040/1378/417 2039/1381/417 2037/1379/416
f 2042/1380/418 2041/1383/418 2039/1381/417
f 2044/1382/419 2043/1385/419 2041/1383/418
f 2046/1384/420 2045/1387/420 2043/1385/419
f 2048/1386/421 2047/1389/421 2045/1387/420
f 2050/1388/422 2049/1391/422 2047/1389/421
f 2052/1390/423 2051/1393/423 2049/1391/422
f 2054/1392/424 2053/1395/424 2051/1393/423
f 2056/1394/425 2055/1397/425 2053/1395/424
f 2058/1396/426 2057/1399/426 2055/1397/425
f 2060/1398/427 2059/1401/427 2057/1399/426
f 2062/1400/428 2061/1403/428 2059/1401/427
f 2064/1402/429 2063/1405/429 2061/1403/428
f 2066/1404/430 2065/1407/430 2063/1405/429
f 2068/1406/431 2067/1409/431 2065/1407/430
f 2070/1408/432 2069/1411/432 2067/1409/431
f 2072/1410/433 2071/1413/433 2069/1411/432
f 2074/1412/434 2073/1415/434 2071/1413/433
f 2076/1414/435 2075/1417/435 2073/1415/434
f 2078/1416/436 2077/1419/436 2075/1417/435
f 2080/1418/437 2079/1421/437 2077/1419/436
f 2082/1420/438 2081/1423/438 2079/1421/437
f 2084/1422/439 2083/1425/439 2081/1423/438
f 2086/1424/440 2085/1427/440 2083/1425/439
f 2088/1426/441 2087/1429/441 2085/1427/440
f 2090/1428/442 2089/1431/442 2087/1429/441
f 2092/1430/443 2091/1433/443 2089/1431/442
f 2094/1432/444 2093/1435/444 2091/1433/443
f 2096/1434/445 2095/1437/445 2093/1435/444
f 2098/1436/446 2097/1439/446 2095/1437/445
f 2100/1438/447 2099/1441/447 2097/1439/446
f 2102/1440/448 2101/1443/448 2099/1441/447
f 2104/1442/449 2103/1445/449 2101/1443/448
f 2106/1444/450 2105/1447/450 2103/1445/449
f 2108/1446/451 2107/1449/451 2105/1447/450
f 2110/1448/452 2109/1451/452 2107/1449/451
f 2112/1450/453 2111/1453/453 2109/1451/452
f 2114/1452/454 2113/1455/454 2111/1453/453
f 2116/1454/455 2115/1457/455 2113/1455/454
f 2118/1456/456 2117/1459/456 2115/1457/455
f 2120/1458/457 2119/1461/457 2117/1459/456
f 2122/1460/458 2121/1463/458 2119/1461/457
f 2124/1462/459 2123/1465/459 2121/1463/458
f 2126/1464/460 2125/1467/460 2123/1465/459
f 2128/1466/461 2127/1469/461 2125/1467/460
f 2130/1468/462 2129/1471/462 2127/1469/461
f 2132/1470/463 2131/1473/463 2129/1471/462
f 2134/1472/464 2133/1475/464 2131/1473/463
f 2136/1474/465 2135/1477/465 2133/1475/464
f 2138/1476/466 2137/1479/466 2135/1477/465
f 2140/1478/467 2139/1481/467 2137/1479/466
f 2142/1480/468 2141/1483/468 2139/1481/467
f 2144/1482/469 2143/1485/469 2141/1483/468
f 2146/1484/470 2145/1487/470 2143/1485/469
f 2148/1486/471 2147/1489/471 2145/1487/470
f 2150/1488/472 2149/1491/472 2147/1489/471
f 2152/1490/473 2151/1493/473 2149/1491/472
f 2154/1492/298 2153/1495/298 2151/1493/473
f 2156/1494/474 2155/1497/474 2153/1495/298
f 2158/1496/475 2157/1499/475 2155/1497/474
f 2160/1498/476 2159/1501/476 2157/1499/475
f 2162/1500/477 2161/1503/477 2159/1501/476
f 2164/1502/478 2163/1505/478 2161/1503/477
f 2166/1504/479 2165/1507/479 2163/1505/478
f 2168/1506/480 2167/1509/480 2165/1507/479
f 2170/1508/481 2169/1511/481 2167/1509/480
f 2172/1510/482 2171/1513/482 2169/1511/481
f 2174/1512/483 2173/1515/483 2171/1513/482
f 2176/1514/484 2175/1517/484 2173/1515/483
f 2178/1516/485 2177/1519/485 2175/1517/484
f 2180/1518/486 2179/1521/486 2177/1519/485
f 2182/1520/487 2181/1523/487 2179/1521/486
f 2184/1522/488 2183/1525/488 2181/1523/487
f 2186/1524/489 2185/1527/489 2183/1525/488
f 2188/1526/490 2187/1529/490 2185/1527/489
f 2190/1528/491 2189/1531/491 2187/1529/490
f 2192/1530/492 2191/1533/492 2189/1531/491
f 2194/1532/493 2193/1535/493 2191/1533/492
f 2196/1534/494 2195/1537/494 2193/1535/493
f 2198/1536/495 2197/1539/495 2195/1537/494
f 2200/1538/496 2199/1541/496 2197/1539/495
f 2202/1540/497 2201/1543/497 2199/1541/496
f 2204/1542/498 2203/1545/498 2201/1543/497
f 2206/1544/499 2205/1547/499 2203/1545/498
f 2208/1546/500 2207/1549/500 2205/1547/499
f 2210/1548/501 2209/1551/501 2207/1549/500
f 2212/1550/502 2211/1553/502 2209/1551/501
f 2214/1552/503 2213/1555/503 2211/1553/502
f 2216/1554/504 2215/1557/504 2213/1555/503
f 2218/1556/505 2217/1559/505 2215/1557/504
f 2220/1558/506 2219/1561/506 2217/1559/505
f 2222/1560/507 2221/1563/507 2219/1561/506
f 2224/1562/508 2223/1565/508 2221/1563/507
f 2226/1564/509 2225/1567/509 2223/1565/508
f 2228/1566/510 2227/1569/510 2225/1567/509
f 2230/1568/511 2229/1571/511 2227/1569/510
f 2232/1570/512 2231/1573/512 2229/1571/511
f 2234/1572/513 2233/1575/513 2231/1573/512
f 2236/1574/514 2235/1577/514 2233/1575/513
f 2238/1576/515 2237/1579/515 2235/1577/514
f 2240/1578/516 2239/1581/516 2237/1579/515
f 2242/1580/517 2241/1583/517 2239/1581/516
f 2244/1582/518 2243/1585/518 2241/1583/517
f 2246/1584/519 2245/1587/519 2243/1585/518
f 2248/1586/520 2247/1589/520 2245/1587/519
f 2250/1588/521 2249/1591/521 2247/1589/520
f 2252/1590/522 2251/1593/522 2249/1591/521
f 2254/1592/523 2253/1595/523 2251/1593/522
f 2256/1594/524 2255/1597/524 2253/1595/523
f 2258/1596/525 2257/1598/525 2255/1597/524
f 1616/955/190 1615/521/190 2257/1598/525
f 2262/1599/526 2261/1601/526 2259/455/527
f 2264/1600/528 2263/1603/530 2261/1601/526
f 2266/1602/529 2265/1605/529 2263/1603/530
f 2268/1604/531 2267/1607/531 2265/1605/529
f 2270/1606/532 2269/525/532 2267/1607/531
f 2272/1608/533 2271/1610/533 2269/525/532
f 2274/1609/534 2273/1612/534 2271/1610/533
f 2276/1611/535 2275/1614/535 2273/1612/534
f 2278/1613/536 2277/1616/536 2275/1614/535
f 2280/1615/537 2279/697/537 2277/1616/536
f 2282/1617/538 2281/1619/538 2279/697/537
f 2284/1618/539 2283/1621/539 2281/1619/538
f 2286/1620/540 2285/1623/540 2283/1621/539
f 2288/1622/541 2287/1625/541 2285/1623/540
f 2290/1624/542 2289/878/542 2287/1625/541
f 2292/1626/543 2291/1628/543 2289/878/542
f 2294/1627/544 2293/1630/544 2291/1628/543
f 2296/1629/545 2295/1632/545 2293/1630/544
f 2298/1631/546 2297/1634/548 2295/1632/545
f 2300/1633/547 2299/671/547 2297/1634/548
f 2302/1635/549 2301/1637/549 2299/671/547
f 2304/1636/550 2303/1639/550 2301/1637/549
f 2306/1638/551 2305/1641/551 2303/1639/550
f 2308/1640/552 2307/1642/552 2305/1641/551
f 2260/955/527 2259/521/527 2307/1642/552
f 2312/1643/553 2311/1645/553 2309/455/554
f 2314/1644/555 2313/1647/555 2311/1645/553
f 2316/1646/556 2315/1649/556 2313/1647/555
f 2318/1648/557 2317/1651/557 2315/1649/556
f 2320/1650/558 2319/1653/558 2317/1651/557
f 2322/1652/559 2321/1655/561 2319/1653/558
f 2324/1654/560 2323/1657/560 2321/1655/561
f 2326/1656/562 2325/1659/562 2323/1657/560
f 2328/1658/563 2327/1661/563 2325/1659/562
f 2330/1660/564 2329/1663/564 2327/1661/563
f 2332/1662/565 2331/1665/565 2329/1663/564
f 2334/1664/158 2333/1667/158 2331/1665/565
f 2336/1666/566 2335/1669/566 2333/1667/158
f 2338/1668/567 2337/1671/567 2335/1669/566
f 2340/1670/568 2339/1673/568 2337/1671/567
f 2342/1672/569 2341/1675/569 2339/1673/568
f 2344/1674/570 2343/1677/570 2341/1675/569
f 2346/1676/571 2345/1679/571 2343/1677/570
f 2348/1678/572 2347/1681/572 2345/1679/571
f 2350/1680/573 2349/1683/573 2347/1681/572
f 2352/1682/574 2351/1685/574 2349/1683/573
f 2354/1684/575 2353/1687/575 2351/1685/574
f 2356/1686/576 2355/1689/576 2353/1687/575
f 2358/1688/577 2357/1691/577 2355/1689/576
f 2360/1690/578 2359/1692/578 2357/1691/577
f 2362/1276/579 2361/1279/477 2359/1692/578
f 2364/1693/580 2363/1695/580 2361/1279/477
f 2366/1694/581 2365/1697/581 2363/1695/580
f 2368/1696/582 2367/1699/582 2365/1697/581
f 2370/1698/583 2369/1701/583 2367/1699/582
f 2372/1700/584 2371/1703/584 2369/1701/583
f 2374/1702/585 2373/1705/585 2371/1703/584
f 2376/1704/586 2375/1707/586 2373/1705/585
f 2378/1706/587 2377/1709/587 2375/1707/586
f 2380/1708/588 2379/1711/588 2377/1709/587
f 2382/1710/589 2381/1713/589 2379/1711/588
f 2384/1712/590 2383/1715/590 2381/1713/589
f 2386/1714/591 2385/1717/593 2383/1715/590
f 2388/1716/592 2387/1719/592 2385/1717/593
f 2390/1718/594 2389/1721/594 2387/1719/592
f 2392/1720/595 2391/1723/595 2389/1721/594
f 2394/1722/596 2393/1725/596 2391/1723/595
f 2396/1724/597 2395/1727/597 2393/1725/596
f 2398/1726/598 2397/1729/598 2395/1727/597
f 2400/1728/599 2399/1731/599 2397/1729/598
f 2402/1730/600 2401/1733/600 2399/1731/599
f 2404/1732/601 2403/1735/601 2401/1733/600
f 2406/1734/602 2405/1737/602 2403/1735/601
f 2408/1736/603 2407/1739/603 2405/1737/602
f 2410/1738/604 2409/1741/604 2407/1739/603
f 2412/1740/605 2411/1742/605 2409/1741/604
f 2310/955/554 2309/521/554 2411/1742/605
o Text.002
v -2.397789 0.148089 -0.070000
v -2.376763 0.145889 -0.070000
v -2.357591 0.142343 -0.070000
v -2.340305 0.137547 -0.070000
v -2.324935 0.131598 -0.070000
v -2.311513 0.124593 -0.070000
v -2.300070 0.116630 -0.070000
v -2.290638 0.107806 -0.070000
v -2.283247 0.098218 -0.070000
v -2.277930 0.087964 -0.070000
v -2.274716 0.077139 -0.070000
v -2.273638 0.065843 -0.070000
v -2.274482 0.054586 -0.070000
v -2.277059 0.043871 -0.070000
v -2.281435 0.033781 -0.070000
v -2.287675 0.024399 -0.070000
v -2.295846 0.015808 -0.070000
v -2.306013 0.008093 -0.070000
v -2.318243 0.001336 -0.070000
v -2.332601 -0.004379 -0.070000
v -2.349154 -0.008969 -0.070000
v -2.367967 -0.012351 -0.070000
v -2.389106 -0.014442 -0.070000
v -2.412638 -0.015157 -0.070000
v -2.426697 -0.014763 -0.070000
v -2.440281 -0.013504 -0.070000
v -2.453247 -0.011266 -0.070000
v -2.465453 -0.007935 -0.070000
v -2.476755 -0.003395 -0.070000
v -2.487013 0.002468 -0.070000
v -2.496083 0.009769 -0.070000
v -2.503823 0.018621 -0.070000
v -2.510091 0.029140 -0.070000
v -2.514745 0.041440 -0.070000
v -2.517641 0.055637 -0.070000
v -2.518638 0.071843 -0.070000
v -2.517638 0.138843 -0.070000
v -2.509847 0.140510 -0.070000
v -2.501981 0.142014 -0.070000
v -2.494044 0.143359 -0.070000
v -2.486045 0.144547 -0.070000
v -2.477991 0.145582 -0.070000
v -2.469888 0.146468 -0.070000
v -2.461743 0.147208 -0.070000
v -2.453564 0.147806 -0.070000
v -2.445357 0.148265 -0.070000
v -2.437129 0.148589 -0.070000
v -2.428887 0.148780 -0.070000
v -2.420638 0.148843 -0.070000
v -2.508638 0.414843 -0.070000
v -2.508638 0.429843 -0.070000
v -2.508638 0.554843 -0.070000
v -2.464638 0.554843 -0.070000
v -2.446099 0.555044 -0.070000
v -2.425745 0.555616 -0.070000
v -2.403966 0.556515 -0.070000
v -2.381156 0.557695 -0.070000
v -2.357708 0.559111 -0.070000
v -2.334013 0.560718 -0.070000
v -2.310464 0.562471 -0.070000
v -2.287453 0.564325 -0.070000
v -2.265372 0.566234 -0.070000
v -2.244615 0.568153 -0.070000
v -2.225573 0.570038 -0.070000
v -2.208638 0.571843 -0.070000
v -2.207638 0.645843 -0.070000
v -2.225050 0.642889 -0.070000
v -2.244518 0.640047 -0.070000
v -2.265638 0.637343 -0.070000
v -2.288008 0.634806 -0.070000
v -2.311226 0.632464 -0.070000
v -2.334888 0.630343 -0.070000
v -2.358592 0.628473 -0.070000
v -2.381934 0.626880 -0.070000
v -2.404513 0.625593 -0.070000
v -2.425925 0.624640 -0.070000
v -2.445768 0.624047 -0.070000
v -2.463638 0.623843 -0.070000
v -2.509638 0.623843 -0.070000
v -2.509638 0.694843 -0.070000
v -2.509598 0.699328 -0.070000
v -2.509480 0.704218 -0.070000
v -2.509294 0.709421 -0.070000
v -2.509045 0.714843 -0.070000
v -2.508741 0.720390 -0.070000
v -2.508388 0.725968 -0.070000
v -2.507993 0.731484 -0.070000
v -2.507564 0.736843 -0.070000
v -2.507107 0.741953 -0.070000
v -2.506629 0.746718 -0.070000
v -2.506137 0.751046 -0.070000
v -2.505638 0.754843 -0.070000
v -2.590638 0.754843 -0.070000
v -2.589909 0.750297 -0.070000
v -2.589221 0.745644 -0.070000
v -2.588575 0.740859 -0.070000
v -2.587971 0.735917 -0.070000
v -2.587409 0.730795 -0.070000
v -2.586888 0.725468 -0.070000
v -2.586409 0.719912 -0.070000
v -2.585971 0.714102 -0.070000
v -2.585576 0.708015 -0.070000
v -2.585221 0.701626 -0.070000
v -2.584909 0.694910 -0.070000
v -2.584638 0.687843 -0.070000
v -2.583638 0.626843 -0.070000
v -2.606158 0.627947 -0.070000
v -2.628712 0.629260 -0.070000
v -2.651294 0.630781 -0.070000
v -2.673897 0.632510 -0.070000
v -2.696514 0.634447 -0.070000
v -2.719138 0.636593 -0.070000
v -2.741762 0.638947 -0.070000
v -2.764379 0.641510 -0.070000
v -2.786982 0.644281 -0.070000
v -2.809564 0.647260 -0.070000
v -2.832118 0.650447 -0.070000
v -2.854638 0.653843 -0.070000
v -2.853638 0.580843 -0.070000
v -2.833563 0.578596 -0.070000
v -2.812874 0.576362 -0.070000
v -2.791622 0.574156 -0.070000
v -2.769860 0.571991 -0.070000
v -2.747640 0.569883 -0.070000
v -2.725013 0.567843 -0.070000
v -2.702032 0.565887 -0.070000
v -2.678749 0.564028 -0.070000
v -2.655216 0.562281 -0.070000
v -2.631485 0.560658 -0.070000
v -2.607609 0.559174 -0.070000
v -2.583638 0.557843 -0.070000
v -2.583638 0.429843 -0.070000
v -2.583638 0.417843 -0.070000
v -2.607766 0.418947 -0.070000
v -2.631666 0.420260 -0.070000
v -2.655357 0.421781 -0.070000
v -2.678860 0.423510 -0.070000
v -2.702197 0.425447 -0.070000
v -2.725388 0.427593 -0.070000
v -2.748454 0.429947 -0.070000
v -2.771416 0.432510 -0.070000
v -2.794294 0.435281 -0.070000
v -2.817110 0.438260 -0.070000
v -2.839885 0.441447 -0.070000
v -2.862638 0.444843 -0.070000
v -2.861638 0.369843 -0.070000
v -2.838255 0.366927 -0.070000
v -2.815078 0.364181 -0.070000
v -2.792060 0.361609 -0.070000
v -2.769156 0.359214 -0.070000
v -2.746323 0.356999 -0.070000
v -2.723513 0.354968 -0.070000
v -2.700683 0.353125 -0.070000
v -2.677786 0.351473 -0.070000
v -2.654779 0.350015 -0.070000
v -2.631615 0.348755 -0.070000
v -2.608250 0.347697 -0.070000
v -2.584638 0.346843 -0.070000
v -2.591638 0.192843 -0.070000
v -2.624234 0.183109 -0.070000
v -2.655490 0.172052 -0.070000
v -2.685357 0.159890 -0.070000
v -2.713786 0.146843 -0.070000
v -2.740729 0.133130 -0.070000
v -2.766138 0.118968 -0.070000
v -2.789963 0.104578 -0.070000
v -2.812156 0.090177 -0.070000
v -2.832669 0.075984 -0.070000
v -2.851453 0.062218 -0.070000
v -2.868459 0.049098 -0.070000
v -2.883638 0.036843 -0.070000
v -2.837638 -0.034157 -0.070000
v -2.822392 -0.020530 -0.070000
v -2.806170 -0.006722 -0.070000
v -2.788997 0.007156 -0.070000
v -2.770897 0.020991 -0.070000
v -2.751894 0.034674 -0.070000
v -2.732013 0.048093 -0.070000
v -2.711277 0.061137 -0.070000
v -2.689712 0.073695 -0.070000
v -2.667341 0.085656 -0.070000
v -2.644189 0.096908 -0.070000
v -2.620280 0.107341 -0.070000
v -2.595638 0.116843 -0.070000
v -2.597638 0.054843 -0.070000
v -2.596658 0.037384 -0.070000
v -2.593629 0.020167 -0.070000
v -2.588419 0.003437 -0.070000
v -2.580897 -0.012564 -0.070000
v -2.570931 -0.027593 -0.070000
v -2.558388 -0.041407 -0.070000
v -2.543137 -0.053762 -0.070000
v -2.525045 -0.064416 -0.070000
v -2.503982 -0.073126 -0.070000
v -2.479814 -0.079648 -0.070000
v -2.452410 -0.083739 -0.070000
v -2.421638 -0.085157 -0.070000
v -2.387020 -0.084098 -0.070000
v -2.355194 -0.080935 -0.070000
v -2.326200 -0.075688 -0.070000
v -2.300082 -0.068379 -0.070000
v -2.276881 -0.059028 -0.070000
v -2.256638 -0.047657 -0.070000
v -2.239395 -0.034285 -0.070000
v -2.225194 -0.018935 -0.070000
v -2.214076 -0.001626 -0.070000
v -2.206082 0.017621 -0.070000
v -2.201256 0.038784 -0.070000
v -2.199638 0.061843 -0.070000
v -2.201433 0.083970 -0.070000
v -2.206749 0.104774 -0.070000
v -2.215482 0.124140 -0.070000
v -2.227527 0.141954 -0.070000
v -2.242780 0.158102 -0.070000
v -2.261138 0.172468 -0.070000
v -2.282495 0.184939 -0.070000
v -2.306749 0.195399 -0.070000
v -2.333794 0.203734 -0.070000
v -2.363527 0.209829 -0.070000
v -2.395843 0.213571 -0.070000
v -2.430638 0.214843 -0.070000
v -2.437867 0.214802 -0.070000
v -2.445055 0.214677 -0.070000
v -2.452200 0.214468 -0.070000
v -2.459305 0.214177 -0.070000
v -2.466367 0.213802 -0.070000
v -2.473388 0.213343 -0.070000
v -2.480367 0.212802 -0.070000
v -2.487305 0.212177 -0.070000
v -2.494200 0.211468 -0.070000
v -2.501055 0.210677 -0.070000
v -2.507867 0.209802 -0.070000
v -2.514638 0.208843 -0.070000
v -2.510638 0.344843 -0.070000
v -2.453638 0.344843 -0.070000
v -2.435809 0.344966 -0.070000
v -2.416508 0.345325 -0.070000
v -2.396013 0.345906 -0.070000
v -2.374601 0.346695 -0.070000
v -2.352550 0.347679 -0.070000
v -2.330138 0.348843 -0.070000
v -2.307643 0.350174 -0.070000
v -2.285342 0.351658 -0.070000
v -2.263513 0.353281 -0.070000
v -2.242434 0.355028 -0.070000
v -2.222383 0.356887 -0.070000
v -2.203638 0.358843 -0.070000
v -2.202638 0.433843 -0.070000
v -2.221461 0.430949 -0.070000
v -2.241721 0.428269 -0.070000
v -2.263107 0.425812 -0.070000
v -2.285305 0.423584 -0.070000
v -2.308002 0.421592 -0.070000
v -2.330888 0.419843 -0.070000
v -2.353648 0.418344 -0.070000
v -2.375971 0.417102 -0.070000
v -2.397544 0.416124 -0.070000
v -2.418055 0.415417 -0.070000
v -2.437190 0.414988 -0.070000
v -2.454638 0.414843 -0.070000
v -2.397789 0.148089 0.070000
v -2.376763 0.145889 0.070000
v -2.357591 0.142343 0.070000
v -2.340305 0.137547 0.070000
v -2.324935 0.131598 0.070000
v -2.311513 0.124593 0.070000
v -2.300070 0.116630 0.070000
v -2.290638 0.107806 0.070000
v -2.283247 0.098218 0.070000
v -2.277930 0.087964 0.070000
v -2.274716 0.077139 0.070000
v -2.273638 0.065843 0.070000
v -2.274482 0.054586 0.070000
v -2.277059 0.043871 0.070000
v -2.281435 0.033781 0.070000
v -2.287675 0.024399 0.070000
v -2.295846 0.015808 0.070000
v -2.306013 0.008093 0.070000
v -2.318243 0.001336 0.070000
v -2.332601 -0.004379 0.070000
v -2.349154 -0.008969 0.070000
v -2.367967 -0.012351 0.070000
v -2.389106 -0.014442 0.070000
v -2.412638 -0.015157 0.070000
v -2.426697 -0.014763 0.070000
v -2.440281 -0.013504 0.070000
v -2.453247 -0.011266 0.070000
v -2.465453 -0.007935 0.070000
v -2.476755 -0.003395 0.070000
v -2.487013 0.002468 0.070000
v -2.496083 0.009769 0.070000
v -2.503823 0.018621 0.070000
v -2.510091 0.029140 0.070000
v -2.514745 0.041440 0.070000
v -2.517641 0.055637 0.070000
v -2.518638 0.071843 0.070000
v -2.517638 0.138843 0.070000
v -2.509847 0.140510 0.070000
v -2.501981 0.142014 0.070000
v -2.494044 0.143359 0.070000
v -2.486045 0.144547 0.070000
v -2.477991 0.145582 0.070000
v -2.469888 0.146468 0.070000
v -2.461743 0.147208 0.070000
v -2.453564 0.147806 0.070000
v -2.445357 0.148265 0.070000
v -2.437129 0.148589 0.070000
v -2.428887 0.148780 0.070000
v -2.420638 0.148843 0.070000
v -2.508638 0.414843 0.070000
v -2.508638 0.429843 0.070000
v -2.508638 0.554843 0.070000
v -2.464638 0.554843 0.070000
v -2.446099 0.555044 0.070000
v -2.425745 0.555616 0.070000
v -2.403966 0.556515 0.070000
v -2.381156 0.557695 0.070000
v -2.357708 0.559111 0.070000
v -2.334013 0.560718 0.070000
v -2.310464 0.562471 0.070000
v -2.287453 0.564325 0.070000
v -2.265372 0.566234 0.070000
v -2.244615 0.568153 0.070000
v -2.225573 0.570038 0.070000
v -2.208638 0.571843 0.070000
v -2.207638 0.645843 0.070000
v -2.225050 0.642889 0.070000
v -2.244518 0.640047 0.070000
v -2.265638 0.637343 0.070000
v -2.288008 0.634806 0.070000
v -2.311226 0.632464 0.070000
v -2.334888 0.630343 0.070000
v -2.358592 0.628473 0.070000
v -2.381934 0.626880 0.070000
v -2.404513 0.625593 0.070000
v -2.425925 0.624640 0.070000
v -2.445768 0.624047 0.070000
v -2.463638 0.623843 0.070000
v -2.509638 0.623843 0.070000
v -2.509638 0.694843 0.070000
v -2.509598 0.699328 0.070000
v -2.509480 0.704218 0.070000
v -2.509294 0.709421 0.070000
v -2.509045 0.714843 0.070000
v -2.508741 0.720390 0.070000
v -2.508388 0.725968 0.070000
v -2.507993 0.731484 0.070000
v -2.507564 0.736843 0.070000
v -2.507107 0.741953 0.070000
v -2.506629 0.746718 0.070000
v -2.506137 0.751046 0.070000
v -2.505638 0.754843 0.070000
v -2.590638 0.754843 0.070000
v -2.589909 0.750297 0.070000
v -2.589221 0.745644 0.070000
v -2.588575 0.740859 0.070000
v -2.587971 0.735917 0.070000
v -2.587409 0.730795 0.070000
v -2.586888 0.725468 0.070000
v -2.586409 0.719912 0.070000
v -2.585971 0.714102 0.070000
v -2.585576 0.708015 0.070000
v -2.585221 0.701626 0.070000
v -2.584909 0.694910 0.070000
v -2.584638 0.687843 0.070000
v -2.583638 0.626843 0.070000
v -2.606158 0.627947 0.070000
v -2.628712 0.629260 0.070000
v -2.651294 0.630781 0.070000
v -2.673897 0.632510 0.070000
v -2.696514 0.634447 0.070000
v -2.719138 0.636593 0.070000
v -2.741762 0.638947 0.070000
v -2.764379 0.641510 0.070000
v -2.786982 0.644281 0.070000
v -2.809564 0.647260 0.070000
v -2.832118 0.650447 0.070000
v -2.854638 0.653843 0.070000
v -2.853638 0.580843 0.070000
v -2.833563 0.578596 0.070000
v -2.812874 0.576362 0.070000
v -2.791622 0.574156 0.070000
v -2.769860 0.571991 0.070000
v -2.747640 0.569883 0.070000
v -2.725013 0.567843 0.070000
v -2.702032 0.565887 0.070000
v -2.678749 0.564028 0.070000
v -2.655216 0.562281 0.070000
v -2.631485 0.560658 0.070000
v -2.607609 0.559174 0.070000
v -2.583638 0.557843 0.070000
v -2.583638 0.429843 0.070000
v -2.583638 0.417843 0.070000
v -2.607766 0.418947 0.070000
v -2.631666 0.420260 0.070000
v -2.655357 0.421781 0.070000
v -2.678860 0.423510 0.070000
v -2.702197 0.425447 0.070000
v -2.725388 0.427593 0.070000
v -2.748454 0.429947 0.070000
v -2.771416 0.432510 0.070000
v -2.794294 0.435281 0.070000
v -2.817110 0.438260 0.070000
v -2.839885 0.441447 0.070000
v -2.862638 0.444843 0.070000
v -2.861638 0.369843 0.070000
v -2.838255 0.366927 0.070000
v -2.815078 0.364181 0.070000
v -2.792060 0.361609 0.070000
v -2.769156 0.359214 0.070000
v -2.746323 0.356999 0.070000
v -2.723513 0.354968 0.070000
v -2.700683 0.353125 0.070000
v -2.677786 0.351473 0.070000
v -2.654779 0.350015 0.070000
v -2.631615 0.348755 0.070000
v -2.608250 0.347697 0.070000
v -2.584638 0.346843 0.070000
v -2.591638 0.192843 0.070000
v -2.624234 0.183109 0.070000
v -2.655490 0.172052 0.070000
v -2.685357 0.159890 0.070000
v -2.713786 0.146843 0.070000
v -2.740729 0.133130 0.070000
v -2.766138 0.118968 0.070000
v -2.789963 0.104578 0.070000
v -2.812156 0.090177 0.070000
v -2.832669 0.075984 0.070000
v -2.851453 0.062218 0.070000
v -2.868459 0.049098 0.070000
v -2.883638 0.036843 0.070000
v -2.837638 -0.034157 0.070000
v -2.822392 -0.020530 0.070000
v -2.806170 -0.006722 0.070000
v -2.788997 0.007156 0.070000
v -2.770897 0.020991 0.070000
v -2.751894 0.034674 0.070000
v -2.732013 0.048093 0.070000
v -2.711277 0.061137 0.070000
v -2.689712 0.073695 0.070000
v -2.667341 0.085656 0.070000
v -2.644189 0.096908 0.070000
v -2.620280 0.107341 0.070000
v -2.595638 0.116843 0.070000
v -2.597638 0.054843 0.070000
v -2.596658 0.037384 0.070000
v -2.593629 0.020167 0.070000
v -2.588419 0.003437 0.070000
v -2.580897 -0.012564 0.070000
v -2.570931 -0.027593 0.070000
v -2.558388 -0.041407 0.070000
v -2.543137 -0.053762 0.070000
v -2.525045 -0.064416 0.070000
v -2.503982 -0.073126 0.070000
v -2.479814 -0.079648 0.070000
v -2.452410 -0.083739 0.070000
v -2.421638 -0.085157 0.070000
v -2.387020 -0.084098 0.070000
v -2.355194 -0.080935 0.070000
v -2.326200 -0.075688 0.070000
v -2.300082 -0.068379 0.070000
v -2.276881 -0.059028 0.070000
v -2.256638 -0.047657 0.070000
v -2.239395 -0.034285 0.070000
v -2.225194 -0.018935 0.070000
v -2.214076 -0.001626 0.070000
v -2.206082 0.017621 0.070000
v -2.201256 0.038784 0.070000
v -2.199638 0.061843 0.070000
v -2.201433 0.083970 0.070000
v -2.206749 0.104774 0.070000
v -2.215482 0.124140 0.070000
v -2.227527 0.141954 0.070000
v -2.242780 0.158102 0.070000
v -2.261138 0.172468 0.070000
v -2.282495 0.184939 0.070000
v -2.306749 0.195399 0.070000
v -2.333794 0.203734 0.070000
v -2.363527 0.209829 0.070000
v -2.395843 0.213571 0.070000
v -2.430638 0.214843 0.070000
v -2.437867 0.214802 0.070000
v -2.445055 0.214677 0.070000
v -2.452200 0.214468 0.070000
v -2.459305 0.214177 0.070000
v -2.466367 0.213802 0.070000
v -2.473388 0.213343 0.070000
v -2.480367 0.212802 0.070000
v -2.487305 0.212177 0.070000
v -2.494200 0.211468 0.070000
v -2.501055 0.210677 0.070000
v -2.507867 0.209802 0.070000
v -2.514638 0.208843 0.070000
v -2.510638 0.344843 0.070000
v -2.453638 0.344843 0.070000
v -2.435809 0.344966 0.070000
v -2.416508 0.345325 0.070000
v -2.396013 0.345906 0.070000
v -2.374601 0.346695 0.070000
v -2.352550 0.347679 0.070000
v -2.330138 0.348843 0.070000
v -2.307643 0.350174 0.070000
v -2.285342 0.351658 0.070000
v -2.263513 0.353281 0.070000
v -2.242434 0.355028 0.070000
v -2.222383 0.356887 0.070000
v -2.203638 0.358843 0.070000
v -2.202638 0.433843 0.070000
v -2.221461 0.430949 0.070000
v -2.241721 0.428269 0.070000
v -2.263107 0.425812 0.070000
v -2.285305 0.423584 0.070000
v -2.308002 0.421592 0.070000
v -2.330888 0.419843 0.070000
v -2.353648 0.418344 0.070000
v -2.375971 0.417102 0.070000
v -2.397544 0.416124 0.070000
v -2.418055 0.415417 0.070000
v -2.437190 0.414988 0.070000
v -2.454638 0.414843 0.070000
v -2.397789 0.148089 0.070000
v -2.397789 0.148089 -0.070000
v -2.376763 0.145889 0.070000
v -2.376763 0.145889 -0.070000
v -2.357591 0.142343 0.070000
v -2.357591 0.142343 -0.070000
v -2.340305 0.137547 0.070000
v -2.340305 0.137547 -0.070000
v -2.324935 0.131598 0.070000
v -2.324935 0.131598 -0.070000
v -2.311513 0.124593 0.070000
v -2.311513 0.124593 -0.070000
v -2.300070 0.116630 0.070000
v -2.300070 0.116630 -0.070000
v -2.290638 0.107806 0.070000
v -2.290638 0.107806 -0.070000
v -2.283247 0.098218 0.070000
v -2.283247 0.098218 -0.070000
v -2.277930 0.087964 0.070000
v -2.277930 0.087964 -0.070000
v -2.274716 0.077139 0.070000
v -2.274716 0.077139 -0.070000
v -2.273638 0.065843 0.070000
v -2.273638 0.065843 -0.070000
v -2.274482 0.054586 0.070000
v -2.274482 0.054586 -0.070000
v -2.277059 0.043871 0.070000
v -2.277059 0.043871 -0.070000
v -2.281435 0.033781 0.070000
v -2.281435 0.033781 -0.070000
v -2.287675 0.024399 0.070000
v -2.287675 0.024399 -0.070000
v -2.295846 0.015808 0.070000
v -2.295846 0.015808 -0.070000
v -2.306013 0.008093 0.070000
v -2.306013 0.008093 -0.070000
v -2.318243 0.001336 0.070000
v -2.318243 0.001336 -0.070000
v -2.332601 -0.004379 0.070000
v -2.332601 -0.004379 -0.070000
v -2.349154 -0.008969 0.070000
v -2.349154 -0.008969 -0.070000
v -2.367967 -0.012351 0.070000
v -2.367967 -0.012351 -0.070000
v -2.389106 -0.014442 0.070000
v -2.389106 -0.014442 -0.070000
v -2.412638 -0.015157 0.070000
v -2.412638 -0.015157 -0.070000
v -2.426697 -0.014763 0.070000
v -2.426697 -0.014763 -0.070000
v -2.440281 -0.013504 0.070000
v -2.440281 -0.013504 -0.070000
v -2.453247 -0.011266 0.070000
v -2.453247 -0.011266 -0.070000
v -2.465453 -0.007935 0.070000
v -2.465453 -0.007935 -0.070000
v -2.476755 -0.003395 0.070000
v -2.476755 -0.003395 -0.070000
v -2.487013 0.002468 0.070000
v -2.487013 0.002468 -0.070000
v -2.496083 0.009769 0.070000
v -2.496083 0.009769 -0.070000
v -2.503823 0.018621 0.070000
v -2.503823 0.018621 -0.070000
v -2.510091 0.029140 0.070000
v -2.510091 0.029140 -0.070000
v -2.514745 0.041440 0.070000
v -2.514745 0.041440 -0.070000
v -2.517641 0.055637 0.070000
v -2.517641 0.055637 -0.070000
v -2.518638 0.071843 0.070000
v -2.518638 0.071843 -0.070000
v -2.517638 0.138843 0.070000
v -2.517638 0.138843 -0.070000
v -2.509847 0.140510 0.070000
v -2.509847 0.140510 -0.070000
v -2.501981 0.142014 0.070000
v -2.501981 0.142014 -0.070000
v -2.494044 0.143359 0.070000
v -2.494044 0.143359 -0.070000
v -2.486045 0.144547 0.070000
v -2.486045 0.144547 -0.070000
v -2.477991 0.145582 0.070000
v -2.477991 0.145582 -0.070000
v -2.469888 0.146468 0.070000
v -2.469888 0.146468 -0.070000
v -2.461743 0.147208 0.070000
v -2.461743 0.147208 -0.070000
v -2.453564 0.147806 0.070000
v -2.453564 0.147806 -0.070000
v -2.445357 0.148265 0.070000
v -2.445357 0.148265 -0.070000
v -2.437129 0.148589 0.070000
v -2.437129 0.148589 -0.070000
v -2.428887 0.148780 0.070000
v -2.428887 0.148780 -0.070000
v -2.420638 0.148843 0.070000
v -2.420638 0.148843 -0.070000
v -2.508638 0.414843 0.070000
v -2.508638 0.414843 -0.070000
v -2.508638 0.429843 0.070000
v -2.508638 0.429843 -0.070000
v -2.508638 0.554843 0.070000
v -2.508638 0.554843 -0.070000
v -2.464638 0.554843 0.070000
v -2.464638 0.554843 -0.070000
v -2.446099 0.555044 0.070000
v -2.446099 0.555044 -0.070000
v -2.425745 0.555616 0.070000
v -2.425745 0.555616 -0.070000
v -2.403966 0.556515 0.070000
v -2.403966 0.556515 -0.070000
v -2.381156 0.557695 0.070000
v -2.381156 0.557695 -0.070000
v -2.357708 0.559111 0.070000
v -2.357708 0.559111 -0.070000
v -2.334013 0.560718 0.070000
v -2.334013 0.560718 -0.070000
v -2.310464 0.562471 0.070000
v -2.310464 0.562471 -0.070000
v -2.287453 0.564325 0.070000
v -2.287453 0.564325 -0.070000
v -2.265372 0.566234 0.070000
v -2.265372 0.566234 -0.070000
v -2.244615 0.568153 0.070000
v -2.244615 0.568153 -0.070000
v -2.225573 0.570038 0.070000
v -2.225573 0.570038 -0.070000
v -2.208638 0.571843 0.070000
v -2.208638 0.571843 -0.070000
v -2.207638 0.645843 0.070000
v -2.207638 0.645843 -0.070000
v -2.225050 0.642889 0.070000
v -2.225050 0.642889 -0.070000
v -2.244518 0.640047 0.070000
v -2.244518 0.640047 -0.070000
v -2.265638 0.637343 0.070000
v -2.265638 0.637343 -0.070000
v -2.288008 0.634806 0.070000
v -2.288008 0.634806 -0.070000
v -2.311226 0.632464 0.070000
v -2.311226 0.632464 -0.070000
v -2.334888 0.630343 0.070000
v -2.334888 0.630343 -0.070000
v -2.358592 0.628473 0.070000
v -2.358592 0.628473 -0.070000
v -2.381934 0.626880 0.070000
v -2.381934 0.626880 -0.070000
v -2.404513 0.625593 0.070000
v -2.404513 0.625593 -0.070000
v -2.425925 0.624640 0.070000
v -2.425925 0.624640 -0.070000
v -2.445768 0.624047 0.070000
v -2.445768 0.624047 -0.070000
v -2.463638 0.623843 0.070000
v -2.463638 0.623843 -0.070000
v -2.509638 0.623843 0.070000
v -2.509638 0.623843 -0.070000
v -2.509638 0.694843 0.070000
v -2.509638 0.694843 -0.070000
v -2.509598 0.699328 0.070000
v -2.509598 0.699328 -0.070000
v -2.509480 0.704218 0.070000
v -2.509480 0.704218 -0.070000
v -2.509294 0.709421 0.070000
v -2.509294 0.709421 -0.070000
v -2.509045 0.714843 0.070000
v -2.509045 0.714843 -0.070000
v -2.508741 0.720390 0.070000
v -2.508741 0.720390 -0.070000
v -2.508388 0.725968 0.070000
v -2.508388 0.725968 -0.070000
v -2.507993 0.731484 0.070000
v -2.507993 0.731484 -0.070000
v -2.507564 0.736843 0.070000
v -2.507564 0.736843 -0.070000
v -2.507107 0.741953 0.070000
v -2.507107 0.741953 -0.070000
v -2.506629 0.746718 0.070000
v -2.506629 0.746718 -0.070000
v -2.506137 0.751046 0.070000
v -2.506137 0.751046 -0.070000
v -2.505638 0.754843 0.070000
v -2.505638 0.754843 -0.070000
v -2.590638 0.754843 0.070000
v -2.590638 0.754843 -0.070000
v -2.589909 0.750297 0.070000
v -2.589909 0.750297 -0.070000
v -2.589221 0.745644 0.070000
v -2.589221 0.745644 -0.070000
v -2.588575 0.740859 0.070000
v -2.588575 0.740859 -0.070000
v -2.587971 0.735917 0.070000
v -2.587971 0.735917 -0.070000
v -2.587409 0.730795 0.070000
v -2.587409 0.730795 -0.070000
v -2.586888 0.725468 0.070000
v -2.586888 0.725468 -0.070000
v -2.586409 0.719912 0.070000
v -2.586409 0.719912 -0.070000
v -2.585971 0.714102 0.070000
v -2.585971 0.714102 -0.070000
v -2.585576 0.708015 0.070000
v -2.585576 0.708015 -0.070000
v -2.585221 0.701626 0.070000
v -2.585221 0.701626 -0.070000
v -2.584909 0.694910 0.070000
v -2.584909 0.694910 -0.070000
v -2.584638 0.687843 0.070000
v -2.584638 0.687843 -0.070000
v -2.583638 0.626843 0.070000
v -2.583638 0.626843 -0.070000
v -2.606158 0.627947 0.070000
v -2.606158 0.627947 -0.070000
v -2.628712 0.629260 0.070000
v -2.628712 0.629260 -0.070000
v -2.651294 0.630781 0.070000
v -2.651294 0.630781 -0.070000
v -2.673897 0.632510 0.070000
v -2.673897 0.632510 -0.070000
v -2.696514 0.634447 0.070000
v -2.696514 0.634447 -0.070000
v -2.719138 0.636593 0.070000
v -2.719138 0.636593 -0.070000
v -2.741762 0.638947 0.070000
v -2.741762 0.638947 -0.070000
v -2.764379 0.641510 0.070000
v -2.764379 0.641510 -0.070000
v -2.786982 0.644281 0.070000
v -2.786982 0.644281 -0.070000
v -2.809564 0.647260 0.070000
v -2.809564 0.647260 -0.070000
v -2.832118 0.650447 0.070000
v -2.832118 0.650447 -0.070000
v -2.854638 0.653843 0.070000
v -2.854638 0.653843 -0.070000
v -2.853638 0.580843 0.070000
v -2.853638 0.580843 -0.070000
v -2.833563 0.578596 0.070000
v -2.833563 0.578596 -0.070000
v -2.812874 0.576362 0.070000
v -2.812874 0.576362 -0.070000
v -2.791622 0.574156 0.070000
v -2.791622 0.574156 -0.070000
v -2.769860 0.571991 0.070000
v -2.769860 0.571991 -0.070000
v -2.747640 0.569883 0.070000
v -2.747640 0.569883 -0.070000
v -2.725013 0.567843 0.070000
v -2.725013 0.567843 -0.070000
v -2.702032 0.565887 0.070000
v -2.702032 0.565887 -0.070000
v -2.678749 0.564028 0.070000
v -2.678749 0.564028 -0.070000
v -2.655216 0.562281 0.070000
v -2.655216 0.562281 -0.070000
v -2.631485 0.560658 0.070000
v -2.631485 0.560658 -0.070000
v -2.607609 0.559174 0.070000
v -2.607609 0.559174 -0.070000
v -2.583638 0.557843 0.070000
v -2.583638 0.557843 -0.070000
v -2.583638 0.429843 0.070000
v -2.583638 0.429843 -0.070000
v -2.583638 0.417843 0.070000
v -2.583638 0.417843 -0.070000
v -2.607766 0.418947 0.070000
v -2.607766 0.418947 -0.070000
v -2.631666 0.420260 0.070000
v -2.631666 0.420260 -0.070000
v -2.655357 0.421781 0.070000
v -2.655357 0.421781 -0.070000
v -2.678860 0.423510 0.070000
v -2.678860 0.423510 -0.070000
v -2.702197 0.425447 0.070000
v -2.702197 0.425447 -0.070000
v -2.725388 0.427593 0.070000
v -2.725388 0.427593 -0.070000
v -2.748454 0.429947 0.070000
v -2.748454 0.429947 -0.070000
v -2.771416 0.432510 0.070000
v -2.771416 0.432510 -0.070000
v -2.794294 0.435281 0.070000
v -2.794294 0.435281 -0.070000
v -2.817110 0.438260 0.070000
v -2.817110 0.438260 -0.070000
v -2.839885 0.441447 0.070000
v -2.839885 0.441447 -0.070000
v -2.862638 0.444843 0.070000
v -2.862638 0.444843 -0.070000
v -2.861638 0.369843 0.070000
v -2.861638 0.369843 -0.070000
v -2.838255 0.366927 0.070000
v -2.838255 0.366927 -0.070000
v -2.815078 0.364181 0.070000
v -2.815078 0.364181 -0.070000
v -2.792060 0.361609 0.070000
v -2.792060 0.361609 -0.070000
v -2.769156 0.359214 0.070000
v -2.769156 0.359214 -0.070000
v -2.746323 0.356999 0.070000
v -2.746323 0.356999 -0.070000
v -2.723513 0.354968 0.070000
v -2.723513 0.354968 -0.070000
v -2.700683 0.353125 0.070000
v -2.700683 0.353125 -0.070000
v -2.677786 0.351473 0.070000
v -2.677786 0.351473 -0.070000
v -2.654779 0.350015 0.070000
v -2.654779 0.350015 -0.070000
v -2.631615 0.348755 0.070000
v -2.631615 0.348755 -0.070000
v -2.608250 0.347697 0.070000
v -2.608250 0.347697 -0.070000
v -2.584638 0.346843 0.070000
v -2.584638 0.346843 -0.070000
v -2.591638 0.192843 0.070000
v -2.591638 0.192843 -0.070000
v -2.624234 0.183109 0.070000
v -2.624234 0.183109 -0.070000
v -2.655490 0.172052 0.070000
v -2.655490 0.172052 -0.070000
v -2.685357 0.159890 0.070000
v -2.685357 0.159890 -0.070000
v -2.713786 0.146843 0.070000
v -2.713786 0.146843 -0.070000
v -2.740729 0.133130 0.070000
v -2.740729 0.133130 -0.070000
v -2.766138 0.118968 0.070000
v -2.766138 0.118968 -0.070000
v -2.789963 0.104578 0.070000
v -2.789963 0.104578 -0.070000
v -2.812156 0.090177 0.070000
v -2.812156 0.090177 -0.070000
v -2.832669 0.075984 0.070000
v -2.832669 0.075984 -0.070000
v -2.851453 0.062218 0.070000
v -2.851453 0.062218 -0.070000
v -2.868459 0.049098 0.070000
v -2.868459 0.049098 -0.070000
v -2.883638 0.036843 0.070000
v -2.883638 0.036843 -0.070000
v -2.837638 -0.034157 0.070000
v -2.837638 -0.034157 -0.070000
v -2.822392 -0.020530 0.070000
v -2.822392 -0.020530 -0.070000
v -2.806170 -0.006722 0.070000
v -2.806170 -0.006722 -0.070000
v -2.788997 0.007156 0.070000
v -2.788997 0.007156 -0.070000
v -2.770897 0.020991 0.070000
v -2.770897 0.020991 -0.070000
v -2.751894 0.034674 0.070000
v -2.751894 0.034674 -0.070000
v -2.732013 0.048093 0.070000
v -2.732013 0.048093 -0.070000
v -2.711277 0.061137 0.070000
v -2.711277 0.061137 -0.070000
v -2.689712 0.073695 0.070000
v -2.689712 0.073695 -0.070000
v -2.667341 0.085656 0.070000
v -2.667341 0.085656 -0.070000
v -2.644189 0.096908 0.070000
v -2.644189 0.096908 -0.070000
v -2.620280 0.107341 0.070000
v -2.620280 0.107341 -0.070000
v -2.595638 0.116843 0.070000
v -2.595638 0.116843 -0.070000
v -2.597638 0.054843 0.070000
v -2.597638 0.054843 -0.070000
v -2.596658 0.037384 0.070000
v -2.596658 0.037384 -0.070000
v -2.593629 0.020167 0.070000
v -2.593629 0.020167 -0.070000
v -2.588419 0.003437 0.070000
v -2.588419 0.003437 -0.070000
v -2.580897 -0.012564 0.070000
v -2.580897 -0.012564 -0.070000
v -2.570931 -0.027593 0.070000
v -2.570931 -0.027593 -0.070000
v -2.558388 -0.041407 0.070000
v -2.558388 -0.041407 -0.070000
v -2.543137 -0.053762 0.070000
v -2.543137 -0.053762 -0.070000
v -2.525045 -0.064416 0.070000
v -2.525045 -0.064416 -0.070000
v -2.503982 -0.073126 0.070000
v -2.503982 -0.073126 -0.070000
v -2.479814 -0.079648 0.070000
v -2.479814 -0.079648 -0.070000
v -2.452410 -0.083739 0.070000
v -2.452410 -0.083739 -0.070000
v -2.421638 -0.085157 0.070000
v -2.421638 -0.085157 -0.070000
v -2.387020 -0.084098 0.070000
v -2.387020 -0.084098 -0.070000
v -2.355194 -0.080935 0.070000
v -2.355194 -0.080935 -0.070000
v -2.326200 -0.075688 0.070000
v -2.326200 -0.075688 -0.070000
v -2.300082 -0.068379 0.070000
v -2.300082 -0.068379 -0.070000
v -2.276881 -0.059028 0.070000
v -2.276881 -0.059028 -0.070000
v -2.256638 -0.047657 0.070000
v -2.256638 -0.047657 -0.070000
v -2.239395 -0.034285 0.070000
v -2.239395 -0.034285 -0.070000
v -2.225194 -0.018935 0.070000
v -2.225194 -0.018935 -0.070000
v -2.214076 -0.001626 0.070000
v -2.214076 -0.001626 -0.070000
v -2.206082 0.017621 0.070000
v -2.206082 0.017621 -0.070000
v -2.201256 0.038784 0.070000
v -2.201256 0.038784 -0.070000
v -2.199638 0.061843 0.070000
v -2.199638 0.061843 -0.070000
v -2.201433 0.083970 0.070000
v -2.201433 0.083970 -0.070000
v -2.206749 0.104774 0.070000
v -2.206749 0.104774 -0.070000
v -2.215482 0.124140 0.070000
v -2.215482 0.124140 -0.070000
v -2.227527 0.141954 0.070000
v -2.227527 0.141954 -0.070000
v -2.242780 0.158102 0.070000
v -2.242780 0.158102 -0.070000
v -2.261138 0.172468 0.070000
v -2.261138 0.172468 -0.070000
v -2.282495 0.184939 0.070000
v -2.282495 0.184939 -0.070000
v -2.306749 0.195399 0.070000
v -2.306749 0.195399 -0.070000
v -2.333794 0.203734 0.070000
v -2.333794 0.203734 -0.070000
v -2.363527 0.209829 0.070000
v -2.363527 0.209829 -0.070000
v -2.395843 0.213571 0.070000
v -2.395843 0.213571 -0.070000
v -2.430638 0.214843 0.070000
v -2.430638 0.214843 -0.070000
v -2.437867 0.214802 0.070000
v -2.437867 0.214802 -0.070000
v -2.445055 0.214677 0.070000
v -2.445055 0.214677 -0.070000
v -2.452200 0.214468 0.070000
v -2.452200 0.214468 -0.070000
v -2.459305 0.214177 0.070000
v -2.459305 0.214177 -0.070000
v -2.466367 0.213802 0.070000
v -2.466367 0.213802 -0.070000
v -2.473388 0.213343 0.070000
v -2.473388 0.213343 -0.070000
v -2.480367 0.212802 0.070000
v -2.480367 0.212802 -0.070000
v -2.487305 0.212177 0.070000
v -2.487305 0.212177 -0.070000
v -2.494200 0.211468 0.070000
v -2.494200 0.211468 -0.070000
v -2.501055 0.210677 0.070000
v -2.501055 0.210677 -0.070000
v -2.507867 0.209802 0.070000
v -2.507867 0.209802 -0.070000
v -2.514638 0.208843 0.070000
v -2.514638 0.208843 -0.070000
v -2.510638 0.344843 0.070000
v -2.510638 0.344843 -0.070000
v -2.453638 0.344843 0.070000
v -2.453638 0.344843 -0.070000
v -2.435809 0.344966 0.070000
v -2.435809 0.344966 -0.070000
v -2.416508 0.345325 0.070000
v -2.416508 0.345325 -0.070000
v -2.396013 0.345906 0.070000
v -2.396013 0.345906 -0.070000
v -2.374601 0.346695 0.070000
v -2.374601 0.346695 -0.070000
v -2.352550 0.347679 0.070000
v -2.352550 0.347679 -0.070000
v -2.330138 0.348843 0.070000
v -2.330138 0.348843 -0.070000
v -2.307643 0.350174 0.070000
v -2.307643 0.350174 -0.070000
v -2.285342 0.351658 0.070000
v -2.285342 0.351658 -0.070000
v -2.263513 0.353281 0.070000
v -2.263513 0.353281 -0.070000
v -2.242434 0.355028 0.070000
v -2.242434 0.355028 -0.070000
v -2.222383 0.356887 0.070000
v -2.222383 0.356887 -0.070000
v -2.203638 0.358843 0.070000
v -2.203638 0.358843 -0.070000
v -2.202638 0.433843 0.070000
v -2.202638 0.433843 -0.070000
v -2.221461 0.430949 0.070000
v -2.221461 0.430949 -0.070000
v -2.241721 0.428269 0.070000
v -2.241721 0.428269 -0.070000
v -2.263107 0.425812 0.070000
v -2.263107 0.425812 -0.070000
v -2.285305 0.423584 0.070000
v -2.285305 0.423584 -0.070000
v -2.308002 0.421592 0.070000
v -2.308002 0.421592 -0.070000
v -2.330888 0.419843 0.070000
v -2.330888 0.419843 -0.070000
v -2.353648 0.418344 0.070000
v -2.353648 0.418344 -0.070000
v -2.375971 0.417102 0.070000
v -2.375971 0.417102 -0.070000
v -2.397544 0.416124 0.070000
v -2.397544 0.416124 -0.070000
v -2.418055 0.415417 0.070000
v -2.418055 0.415417 -0.070000
v -2.437190 0.414988 0.070000
v -2.437190 0.414988 -0.070000
v -2.454638 0.414843 0.070000
v -2.454638 0.414843 -0.070000
vn -0.0000 -0.0000 -1.0000
vn -0.0000 -0.0000 1.0000
vn -0.1431 -0.9897 -0.0000
vn -0.0686 -0.9976 -0.0000
vn -0.2248 -0.9744 -0.0000
vn -0.3145 -0.9492 -0.0000
vn -0.4125 -0.9110 -0.0000
vn -0.5180 -0.8554 -0.0000
vn -0.6288 -0.7776 -0.0000
vn -0.7400 -0.6726 -0.0000
vn -0.8432 -0.5376 -0.0000
vn -0.9274 -0.3742 -0.0000
vn -0.9816 -0.1907 -0.0000
vn -0.9999 -0.0101 -0.0000
vn -0.9879 0.1548 -0.0000
vn -0.9484 0.3170 -0.0000
vn -0.8785 0.4777 -0.0000
vn -0.7815 0.6238 -0.0000
vn -0.6667 0.7453 -0.0000
vn -0.5455 0.8381 -0.0000
vn -0.4276 0.9040 -0.0000
vn -0.3190 0.9478 -0.0000
vn -0.2223 0.9750 -0.0000
vn -0.1378 0.9905 -0.0000
vn -0.0644 0.9979 -0.0000
vn -0.0012 1.0000 -0.0000
vn 0.0602 0.9982 -0.0000
vn 0.1313 0.9913 -0.0000
vn 0.2170 0.9762 -0.0000
vn 0.3186 0.9479 -0.0000
vn 0.4355 0.9002 -0.0000
vn 0.5634 0.8262 -0.0000
vn 0.6926 0.7214 -0.0000
vn 0.8093 0.5875 -0.0000
vn 0.9007 0.4345 -0.0000
vn 0.9606 0.2778 -0.0000
vn 0.9914 0.1310 -0.0000
vn 0.9997 0.0233 -0.0000
vn 0.7729 -0.6346 -0.0000
vn 0.1985 -0.9801 -0.0000
vn 0.1774 -0.9841 -0.0000
vn 0.1570 -0.9876 -0.0000
vn 0.1372 -0.9905 -0.0000
vn 0.1181 -0.9930 -0.0000
vn 0.0996 -0.9950 -0.0000
vn 0.0817 -0.9967 -0.0000
vn 0.0644 -0.9979 -0.0000
vn 0.0476 -0.9989 -0.0000
vn 0.0313 -0.9995 -0.0000
vn 0.0154 -0.9999 -0.0000
vn -0.0127 -0.9999 -0.0000
vn 1.0000 -0.0000 -0.0000
vn 0.7071 0.7071 -0.0000
vn 0.7071 -0.7071 -0.0000
vn 0.0054 -1.0000 -0.0000
vn 0.0195 -0.9998 -0.0000
vn 0.0347 -0.9994 -0.0000
vn 0.0464 -0.9989 -0.0000
vn 0.0560 -0.9984 -0.0000
vn 0.0640 -0.9980 -0.0000
vn 0.0709 -0.9975 -0.0000
vn 0.0773 -0.9970 -0.0000
vn 0.0832 -0.9965 -0.0000
vn 0.0891 -0.9960 -0.0000
vn 0.0953 -0.9954 -0.0000
vn 0.1022 -0.9948 -0.0000
vn 0.7391 -0.6736 -0.0000
vn 0.6504 0.7596 -0.0000
vn -0.1559 0.9878 -0.0000
vn -0.1357 0.9907 -0.0000
vn -0.1198 0.9928 -0.0000
vn -0.1065 0.9943 -0.0000
vn -0.0948 0.9955 -0.0000
vn -0.0840 0.9965 -0.0000
vn -0.0734 0.9973 -0.0000
vn -0.0625 0.9980 -0.0000
vn -0.0507 0.9987 -0.0000
vn -0.0372 0.9993 -0.0000
vn -0.0206 0.9998 -0.0000
vn -0.0057 1.0000 -0.0000
vn 1.0000 -0.0045 -0.0000
vn 0.9999 -0.0165 -0.0000
vn 0.9996 -0.0299 -0.0000
vn 0.9992 -0.0408 -0.0000
vn 0.9996 -0.0298 -0.0000
vn 0.9987 -0.0503 -0.0000
vn 0.9983 -0.0590 -0.0000
vn 0.9977 -0.0673 -0.0000
vn 0.9971 -0.0756 -0.0000
vn 0.9964 -0.0845 -0.0000
vn 0.9955 -0.0945 -0.0000
vn 0.9943 -0.1064 -0.0000
vn 0.9926 -0.1216 -0.0000
vn 0.7518 0.6594 -0.0000
vn -0.7610 0.6487 -0.0000
vn -0.9883 -0.1523 -0.0000
vn -0.7611 0.6487 -0.0000
vn -0.9902 -0.1399 -0.0000
vn -0.9918 -0.1275 -0.0000
vn -0.9902 -0.1400 -0.0000
vn -0.9933 -0.1153 -0.0000
vn -0.9918 -0.1276 -0.0000
vn -0.9947 -0.1032 -0.0000
vn -0.9958 -0.0916 -0.0000
vn -0.9968 -0.0805 -0.0000
vn -0.9975 -0.0700 -0.0000
vn -0.9982 -0.0601 -0.0000
vn -0.9987 -0.0509 -0.0000
vn -0.9991 -0.0424 -0.0000
vn -0.9996 -0.0273 -0.0000
vn -0.6955 0.7186 -0.0000
vn -0.9996 -0.0274 -0.0000
vn 0.0535 0.9986 -0.0000
vn -0.6955 0.7185 -0.0000
vn 0.0626 0.9980 -0.0000
vn 0.0717 0.9974 -0.0000
vn 0.0808 0.9967 -0.0000
vn 0.0899 0.9960 -0.0000
vn 0.0990 0.9951 -0.0000
vn 0.1080 0.9941 -0.0000
vn 0.1171 0.9931 -0.0000
vn 0.1262 0.9920 -0.0000
vn 0.1354 0.9908 -0.0000
vn 0.1445 0.9895 -0.0000
vn -0.6574 0.7535 -0.0000
vn -0.7408 -0.6717 -0.0000
vn -0.1093 -0.9940 -0.0000
vn -0.1053 -0.9944 -0.0000
vn -0.1011 -0.9949 -0.0000
vn -0.0967 -0.9953 -0.0000
vn -0.0921 -0.9957 -0.0000
vn -0.0873 -0.9962 -0.0000
vn -0.0822 -0.9966 -0.0000
vn -0.0768 -0.9970 -0.0000
vn -0.0711 -0.9975 -0.0000
vn -0.0651 -0.9979 -0.0000
vn -0.0587 -0.9983 -0.0000
vn -0.7264 -0.6872 -0.0000
vn -1.0000 -0.0000 -0.0000
vn -0.7265 -0.6872 -0.0000
vn -0.6908 0.7231 -0.0000
vn 0.0503 0.9987 -0.0000
vn 0.0594 0.9982 -0.0000
vn 0.0687 0.9976 -0.0000
vn 0.0781 0.9969 -0.0000
vn 0.0874 0.9962 -0.0000
vn 0.0968 0.9953 -0.0000
vn 0.1062 0.9943 -0.0000
vn 0.1156 0.9933 -0.0000
vn 0.1249 0.9922 -0.0000
vn 0.1340 0.9910 -0.0000
vn 0.1431 0.9897 -0.0000
vn -0.6579 0.7531 -0.0000
vn -0.7451 -0.6669 -0.0000
vn -0.1207 -0.9927 -0.0000
vn -0.7452 -0.6669 -0.0000
vn -0.1144 -0.9934 -0.0000
vn -0.1075 -0.9942 -0.0000
vn -0.1003 -0.9950 -0.0000
vn -0.0926 -0.9957 -0.0000
vn -0.0846 -0.9964 -0.0000
vn -0.0762 -0.9971 -0.0000
vn -0.0676 -0.9977 -0.0000
vn -0.0588 -0.9983 -0.0000
vn -0.0498 -0.9988 -0.0000
vn -0.0407 -0.9992 -0.0000
vn -0.7354 -0.6777 -0.0000
vn -0.7882 0.6155 -0.0000
vn -0.3099 0.9508 -0.0000
vn -0.3554 0.9347 -0.0000
vn -0.3972 0.9177 -0.0000
vn -0.4354 0.9002 -0.0000
vn -0.4703 0.8825 -0.0000
vn -0.5020 0.8649 -0.0000
vn -0.5307 0.8475 -0.0000
vn -0.5567 0.8307 -0.0000
vn -0.5801 0.8145 -0.0000
vn -0.6010 0.7992 -0.0000
vn -0.6195 0.7850 -0.0000
vn -0.9875 0.1577 -0.0000
vn -0.1329 -0.9911 -0.0000
vn 0.6573 -0.7536 -0.0000
vn 0.6384 -0.7697 -0.0000
vn 0.6180 -0.7862 -0.0000
vn 0.5959 -0.8031 -0.0000
vn 0.5720 -0.8203 -0.0000
vn 0.5460 -0.8378 -0.0000
vn 0.5179 -0.8554 -0.0000
vn 0.4874 -0.8732 -0.0000
vn 0.4544 -0.8908 -0.0000
vn 0.4186 -0.9082 -0.0000
vn 0.3800 -0.9250 -0.0000
vn -0.5790 -0.8153 -0.0000
vn -0.9999 -0.0119 -0.0000
vn -0.9934 -0.1149 -0.0000
vn -0.9718 -0.2358 -0.0000
vn -0.9321 -0.3622 -0.0000
vn -0.8715 -0.4904 -0.0000
vn -0.7891 -0.6142 -0.0000
vn -0.6869 -0.7267 -0.0000
vn -0.5700 -0.8216 -0.0000
vn -0.4459 -0.8951 -0.0000
vn -0.3220 -0.9467 -0.0000
vn -0.2044 -0.9789 -0.0000
vn -0.0970 -0.9953 -0.0000
vn -0.0077 -1.0000 -0.0000
vn 0.0648 -0.9979 -0.0000
vn 0.1386 -0.9903 -0.0000
vn 0.2240 -0.9746 -0.0000
vn 0.3221 -0.9467 -0.0000
vn 0.4327 -0.9015 -0.0000
vn 0.5528 -0.8333 -0.0000
vn 0.6757 -0.7372 -0.0000
vn 0.7908 -0.6121 -0.0000
vn 0.8859 -0.4638 -0.0000
vn 0.9527 -0.3040 -0.0000
vn 0.9892 -0.1466 -0.0000
vn 1.0000 0.0054 -0.0000
vn 0.9863 0.1648 -0.0000
vn 0.9438 0.3306 -0.0000
vn 0.8732 0.4874 -0.0000
vn 0.7802 0.6255 -0.0000
vn 0.6735 0.7392 -0.0000
vn 0.5616 0.8274 -0.0000
vn 0.4510 0.8925 -0.0000
vn 0.3458 0.9383 -0.0000
vn 0.2480 0.9688 -0.0000
vn 0.1581 0.9874 -0.0000
vn 0.0758 0.9971 -0.0000
vn 0.0154 0.9999 -0.0000
vn -0.0116 0.9999 -0.0000
vn -0.0233 0.9997 -0.0000
vn -0.0351 0.9994 -0.0000
vn -0.0470 0.9989 -0.0000
vn -0.0591 0.9983 -0.0000
vn -0.0713 0.9975 -0.0000
vn -0.0836 0.9965 -0.0000
vn -0.0960 0.9954 -0.0000
vn -0.1085 0.9941 -0.0000
vn -0.1211 0.9926 -0.0000
vn -0.1338 0.9910 -0.0000
vn 0.6667 0.7453 -0.0000
vn 0.6967 -0.7174 -0.0000
vn 0.0034 -1.0000 -0.0000
vn 0.0127 -0.9999 -0.0000
vn 0.0235 -0.9997 -0.0000
vn 0.0326 -0.9995 -0.0000
vn 0.0407 -0.9992 -0.0000
vn 0.0482 -0.9988 -0.0000
vn 0.0555 -0.9985 -0.0000
vn 0.0627 -0.9980 -0.0000
vn 0.0703 -0.9975 -0.0000
vn 0.0784 -0.9969 -0.0000
vn 0.0875 -0.9962 -0.0000
vn 0.0980 -0.9952 -0.0000
vn 0.7384 -0.6743 -0.0000
vn 0.6562 0.7546 -0.0000
vn 0.7384 -0.6744 -0.0000
vn -0.1416 0.9899 -0.0000
vn -0.1226 0.9925 -0.0000
vn -0.1070 0.9943 -0.0000
vn -0.0936 0.9956 -0.0000
vn -0.0818 0.9966 -0.0000
vn -0.0710 0.9975 -0.0000
vn -0.0606 0.9982 -0.0000
vn -0.0504 0.9987 -0.0000
vn -0.0399 0.9992 -0.0000
vn -0.0284 0.9996 -0.0000
vn -0.0154 0.9999 -0.0000
vn -0.0041 1.0000 -0.0000
vt 0.299289 0.898638
vt 0.299859 0.898638
vt 0.299574 0.898638
vt 0.300144 0.898638
vt 0.299004 0.898638
vt 0.300429 0.898638
vt 0.298719 0.898638
vt 0.300714 0.898638
vt 0.298434 0.898638
vt 0.300999 0.898638
vt 0.298149 0.898638
vt 0.301284 0.898638
vt 0.297864 0.898638
vt 0.301569 0.898638
vt 0.297579 0.898638
vt 0.301854 0.898638
vt 0.297294 0.898638
vt 0.302139 0.898638
vt 0.297009 0.898638
vt 0.302424 0.898638
vt 0.296724 0.898638
vt 0.302709 0.898638
vt 0.296439 0.898638
vt 0.302994 0.898638
vt 0.296154 0.898638
vt 0.303279 0.898638
vt 0.295869 0.898638
vt 0.303564 0.898638
vt 0.306699 0.898638
vt 0.307269 0.898638
vt 0.306984 0.898638
vt 0.306414 0.898638
vt 0.306129 0.898638
vt 0.291879 0.898638
vt 0.292449 0.898638
vt 0.292164 0.898638
vt 0.305844 0.898638
vt 0.292734 0.898638
vt 0.305559 0.898638
vt 0.293019 0.898638
vt 0.305274 0.898638
vt 0.293304 0.898638
vt 0.304989 0.898638
vt 0.293589 0.898638
vt 0.304704 0.898638
vt 0.304419 0.898638
vt 0.293874 0.898638
vt 0.304134 0.898638
vt 0.294159 0.898638
vt 0.303849 0.898638
vt 0.294444 0.898638
vt 0.294729 0.898638
vt 0.295014 0.898638
vt 0.295299 0.898638
vt 0.295584 0.898638
vt 0.307554 0.898638
vt 0.307839 0.898638
vt 0.308124 0.898638
vt 0.308409 0.898638
vt 0.308694 0.898638
vt 0.291594 0.898638
vt 0.291309 0.898638
vt 0.308979 0.898638
vt 0.291024 0.898638
vt 0.309264 0.898638
vt 0.290739 0.898638
vt 0.309549 0.898638
vt 0.290454 0.898638
vt 0.309834 0.898638
vt 0.290169 0.898638
vt 0.310119 0.898638
vt 0.289884 0.898638
vt 0.310404 0.898638
vt 0.310689 0.898638
vt 0.289599 0.898638
vt 0.288174 0.898638
vt 0.310974 0.898638
vt 0.289314 0.898638
vt 0.289029 0.898638
vt 0.288744 0.898638
vt 0.288459 0.898638
vt 0.287889 0.898638
vt 0.314395 0.898638
vt 0.314965 0.898638
vt 0.314680 0.898638
vt 0.314110 0.898638
vt 0.313825 0.898638
vt 0.313540 0.898638
vt 0.343751 0.898638
vt 0.344321 0.898638
vt 0.344036 0.898638
vt 0.313255 0.898638
vt 0.344606 0.898638
vt 0.312970 0.898638
vt 0.287604 0.898638
vt 0.311259 0.898638
vt 0.344891 0.898638
vt 0.312684 0.898638
vt 0.345176 0.898638
vt 0.312400 0.898638
vt 0.345461 0.898638
vt 0.312114 0.898638
vt 0.311829 0.898638
vt 0.345746 0.898638
vt 0.311544 0.898638
vt 0.346031 0.898638
vt 0.346316 0.898638
vt 0.346601 0.898638
vt 0.346886 0.898638
vt 0.347171 0.898638
vt 0.347456 0.898638
vt 0.315250 0.898638
vt 0.315535 0.898638
vt 0.315820 0.898638
vt 0.316105 0.898638
vt 0.316390 0.898638
vt 0.343466 0.898638
vt 0.316675 0.898638
vt 0.343180 0.898638
vt 0.342896 0.898638
vt 0.316960 0.898638
vt 0.342610 0.898638
vt 0.317245 0.898638
vt 0.342325 0.898638
vt 0.317530 0.898638
vt 0.342040 0.898638
vt 0.317815 0.898638
vt 0.341755 0.898638
vt 0.318100 0.898638
vt 0.318385 0.898638
vt 0.341470 0.898638
vt 0.340045 0.898638
vt 0.318670 0.898638
vt 0.341185 0.898638
vt 0.340900 0.898638
vt 0.340615 0.898638
vt 0.340330 0.898638
vt 0.339760 0.898638
vt 0.336055 0.898638
vt 0.336625 0.898638
vt 0.336340 0.898638
vt 0.336910 0.898638
vt 0.337195 0.898638
vt 0.337480 0.898638
vt 0.337765 0.898638
vt 0.338050 0.898638
vt 0.335770 0.898638
vt 0.338335 0.898638
vt 0.338620 0.898638
vt 0.338905 0.898638
vt 0.339190 0.898638
vt 0.339475 0.898638
vt 0.335485 0.898638
vt 0.335200 0.898638
vt 0.334915 0.898638
vt 0.318955 0.898638
vt 0.334630 0.898638
vt 0.319240 0.898638
vt 0.334345 0.898638
vt 0.319525 0.898638
vt 0.319810 0.898638
vt 0.334060 0.898638
vt 0.273638 0.898638
vt 0.287319 0.898638
vt 0.287034 0.898638
vt 0.286749 0.898638
vt 0.286464 0.898638
vt 0.286179 0.898638
vt 0.273923 0.898638
vt 0.285894 0.898638
vt 0.285609 0.898638
vt 0.320095 0.898638
vt 0.285324 0.898638
vt 0.274208 0.898638
vt 0.285039 0.898638
vt 0.284754 0.898638
vt 0.284469 0.898638
vt 0.274493 0.898638
vt 0.284184 0.898638
vt 0.333775 0.898638
vt 0.283899 0.898638
vt 0.283614 0.898638
vt 0.325795 0.898638
vt 0.274778 0.898638
vt 0.320380 0.898638
vt 0.275063 0.898638
vt 0.275348 0.898638
vt 0.333490 0.898638
vt 0.320665 0.898638
vt 0.326080 0.898638
vt 0.325510 0.898638
vt 0.275633 0.898638
vt 0.275918 0.898638
vt 0.325225 0.898638
vt 0.333205 0.898638
vt 0.320950 0.898638
vt 0.276203 0.898638
vt 0.324940 0.898638
vt 0.321235 0.898638
vt 0.276488 0.898638
vt 0.324655 0.898638
vt 0.332920 0.898638
vt 0.276773 0.898638
vt 0.321520 0.898638
vt 0.324370 0.898638
vt 0.283329 0.898638
vt 0.277058 0.898638
vt 0.321805 0.898638
vt 0.332635 0.898638
vt 0.324085 0.898638
vt 0.283044 0.898638
vt 0.326365 0.898638
vt 0.277343 0.898638
vt 0.322090 0.898638
vt 0.323800 0.898638
vt 0.277628 0.898638
vt 0.282759 0.898638
vt 0.332350 0.898638
vt 0.326650 0.898638
vt 0.323515 0.898638
vt 0.323230 0.898638
vt 0.322945 0.898638
vt 0.322660 0.898638
vt 0.322375 0.898638
vt 0.277913 0.898638
vt 0.282474 0.898638
vt 0.278198 0.898638
vt 0.326935 0.898638
vt 0.282188 0.898638
vt 0.332065 0.898638
vt 0.278483 0.898638
vt 0.281904 0.898638
vt 0.278768 0.898638
vt 0.327220 0.898638
vt 0.281618 0.898638
vt 0.279053 0.898638
vt 0.331780 0.898638
vt 0.281333 0.898638
vt 0.279338 0.898638
vt 0.281048 0.898638
vt 0.279623 0.898638
vt 0.280763 0.898638
vt 0.279908 0.898638
vt 0.327505 0.898638
vt 0.280478 0.898638
vt 0.280193 0.898638
vt 0.331495 0.898638
vt 0.327790 0.898638
vt 0.331210 0.898638
vt 0.328075 0.898638
vt 0.330925 0.898638
vt 0.328360 0.898638
vt 0.330640 0.898638
vt 0.328645 0.898638
vt 0.330355 0.898638
vt 0.328930 0.898638
vt 0.330070 0.898638
vt 0.329215 0.898638
vt 0.329785 0.898638
vt 0.329500 0.898638
vt 0.275145 0.972456
vt 0.273638 0.972456
vt 0.276651 0.972456
vt 0.275145 0.898638
vt 0.278158 0.972456
vt 0.276651 0.898638
vt 0.279664 0.972456
vt 0.278158 0.898638
vt 0.281171 0.972456
vt 0.279664 0.898638
vt 0.282677 0.972456
vt 0.281171 0.898638
vt 0.284184 0.972456
vt 0.282677 0.898638
vt 0.285690 0.972456
vt 0.287197 0.972456
vt 0.285690 0.898638
vt 0.288703 0.972456
vt 0.287197 0.898638
vt 0.290210 0.972456
vt 0.288703 0.898638
vt 0.291716 0.972456
vt 0.290210 0.898638
vt 0.293222 0.972456
vt 0.291716 0.898638
vt 0.294729 0.972456
vt 0.293222 0.898638
vt 0.296235 0.972456
vt 0.297742 0.972456
vt 0.296235 0.898638
vt 0.299248 0.972456
vt 0.297742 0.898638
vt 0.300755 0.972456
vt 0.299248 0.898638
vt 0.302261 0.972456
vt 0.300755 0.898638
vt 0.303768 0.972456
vt 0.302261 0.898638
vt 0.305274 0.972456
vt 0.303768 0.898638
vt 0.306781 0.972456
vt 0.308287 0.972456
vt 0.306781 0.898638
vt 0.309794 0.972456
vt 0.308287 0.898638
vt 0.311300 0.972456
vt 0.309794 0.898638
vt 0.312807 0.972456
vt 0.311300 0.898638
vt 0.314313 0.972456
vt 0.312807 0.898638
vt 0.315820 0.972456
vt 0.314313 0.898638
vt 0.317326 0.972456
vt 0.318833 0.972456
vt 0.317326 0.898638
vt 0.320339 0.972456
vt 0.318833 0.898638
vt 0.321846 0.972456
vt 0.320339 0.898638
vt 0.323352 0.972456
vt 0.321846 0.898638
vt 0.324858 0.972456
vt 0.323352 0.898638
vt 0.326365 0.972456
vt 0.324858 0.898638
vt 0.327871 0.972456
vt 0.329378 0.972456
vt 0.327871 0.898638
vt 0.330884 0.972456
vt 0.329378 0.898638
vt 0.332391 0.972456
vt 0.330884 0.898638
vt 0.333897 0.972456
vt 0.332391 0.898638
vt 0.335404 0.972456
vt 0.333897 0.898638
vt 0.336910 0.972456
vt 0.335404 0.898638
vt 0.338417 0.972456
vt 0.339923 0.972456
vt 0.338417 0.898638
vt 0.341430 0.972456
vt 0.339923 0.898638
vt 0.342936 0.972456
vt 0.341430 0.898638
vt 0.344443 0.972456
vt 0.342936 0.898638
vt 0.345949 0.972456
vt 0.344443 0.898638
vt 0.347456 0.972456
vt 0.345949 0.898638
vt 0.273988 0.972456
vt 0.274338 0.972456
vt 0.273988 0.898638
vt 0.274688 0.972456
vt 0.274338 0.898638
vt 0.275038 0.972456
vt 0.274688 0.898638
vt 0.275387 0.972456
vt 0.275038 0.898638
vt 0.275737 0.972456
vt 0.275387 0.898638
vt 0.276087 0.972456
vt 0.275737 0.898638
vt 0.276437 0.972456
vt 0.276087 0.898638
vt 0.276787 0.972456
vt 0.276437 0.898638
vt 0.277137 0.972456
vt 0.276787 0.898638
vt 0.277487 0.972456
vt 0.277137 0.898638
vt 0.277836 0.972456
vt 0.277487 0.898638
vt 0.278186 0.972456
vt 0.277836 0.898638
vt 0.278536 0.972456
vt 0.278186 0.898638
vt 0.278886 0.972456
vt 0.278536 0.898638
vt 0.279236 0.972456
vt 0.278886 0.898638
vt 0.279586 0.972456
vt 0.279236 0.898638
vt 0.279935 0.972456
vt 0.279586 0.898638
vt 0.280285 0.972456
vt 0.279935 0.898638
vt 0.280635 0.972456
vt 0.280285 0.898638
vt 0.280985 0.972456
vt 0.280635 0.898638
vt 0.281335 0.972456
vt 0.280985 0.898638
vt 0.281685 0.972456
vt 0.281335 0.898638
vt 0.282035 0.972456
vt 0.281685 0.898638
vt 0.282384 0.972456
vt 0.282035 0.898638
vt 0.282734 0.972456
vt 0.282384 0.898638
vt 0.283084 0.972456
vt 0.282734 0.898638
vt 0.283434 0.972456
vt 0.283084 0.898638
vt 0.283784 0.972456
vt 0.283434 0.898638
vt 0.284134 0.972456
vt 0.283784 0.898638
vt 0.284483 0.972456
vt 0.284134 0.898638
vt 0.284833 0.972456
vt 0.284483 0.898638
vt 0.285183 0.972456
vt 0.284833 0.898638
vt 0.285533 0.972456
vt 0.285183 0.898638
vt 0.285883 0.972456
vt 0.285533 0.898638
vt 0.286233 0.972456
vt 0.285883 0.898638
vt 0.286583 0.972456
vt 0.286233 0.898638
vt 0.286932 0.972456
vt 0.286583 0.898638
vt 0.287282 0.972456
vt 0.286932 0.898638
vt 0.287632 0.972456
vt 0.287282 0.898638
vt 0.287982 0.972456
vt 0.287632 0.898638
vt 0.288332 0.972456
vt 0.287982 0.898638
vt 0.288682 0.972456
vt 0.288332 0.898638
vt 0.289031 0.972456
vt 0.288682 0.898638
vt 0.289381 0.972456
vt 0.289031 0.898638
vt 0.289731 0.972456
vt 0.289381 0.898638
vt 0.290081 0.972456
vt 0.289731 0.898638
vt 0.290431 0.972456
vt 0.290081 0.898638
vt 0.290781 0.972456
vt 0.290431 0.898638
vt 0.291130 0.972456
vt 0.290781 0.898638
vt 0.291480 0.972456
vt 0.291130 0.898638
vt 0.291830 0.972456
vt 0.291480 0.898638
vt 0.292180 0.972456
vt 0.291830 0.898638
vt 0.292530 0.972456
vt 0.292180 0.898638
vt 0.292880 0.972456
vt 0.292530 0.898638
vt 0.293230 0.972456
vt 0.292880 0.898638
vt 0.293579 0.972456
vt 0.293230 0.898638
vt 0.293929 0.972456
vt 0.293579 0.898638
vt 0.294279 0.972456
vt 0.293929 0.898638
vt 0.294629 0.972456
vt 0.294279 0.898638
vt 0.294979 0.972456
vt 0.294629 0.898638
vt 0.295329 0.972456
vt 0.294979 0.898638
vt 0.295678 0.972456
vt 0.295329 0.898638
vt 0.296028 0.972456
vt 0.295678 0.898638
vt 0.296378 0.972456
vt 0.296028 0.898638
vt 0.296728 0.972456
vt 0.296378 0.898638
vt 0.297078 0.972456
vt 0.296728 0.898638
vt 0.297428 0.972456
vt 0.297078 0.898638
vt 0.297778 0.972456
vt 0.297428 0.898638
vt 0.298127 0.972456
vt 0.297778 0.898638
vt 0.298477 0.972456
vt 0.298127 0.898638
vt 0.298827 0.972456
vt 0.298477 0.898638
vt 0.299177 0.972456
vt 0.298827 0.898638
vt 0.299527 0.972456
vt 0.299177 0.898638
vt 0.299877 0.972456
vt 0.299527 0.898638
vt 0.300226 0.972456
vt 0.299877 0.898638
vt 0.300576 0.972456
vt 0.300226 0.898638
vt 0.300926 0.972456
vt 0.300576 0.898638
vt 0.301276 0.972456
vt 0.300926 0.898638
vt 0.301626 0.972456
vt 0.301276 0.898638
vt 0.301976 0.972456
vt 0.301626 0.898638
vt 0.302326 0.972456
vt 0.301976 0.898638
vt 0.302675 0.972456
vt 0.302326 0.898638
vt 0.303025 0.972456
vt 0.302675 0.898638
vt 0.303375 0.972456
vt 0.303025 0.898638
vt 0.303725 0.972456
vt 0.303375 0.898638
vt 0.304075 0.972456
vt 0.303725 0.898638
vt 0.304425 0.972456
vt 0.304075 0.898638
vt 0.304774 0.972456
vt 0.304425 0.898638
vt 0.305124 0.972456
vt 0.304774 0.898638
vt 0.305474 0.972456
vt 0.305124 0.898638
vt 0.305824 0.972456
vt 0.305474 0.898638
vt 0.306174 0.972456
vt 0.305824 0.898638
vt 0.306524 0.972456
vt 0.306174 0.898638
vt 0.306874 0.972456
vt 0.306524 0.898638
vt 0.307223 0.972456
vt 0.306874 0.898638
vt 0.307573 0.972456
vt 0.307223 0.898638
vt 0.307923 0.972456
vt 0.307573 0.898638
vt 0.308273 0.972456
vt 0.307923 0.898638
vt 0.308623 0.972456
vt 0.308273 0.898638
vt 0.308973 0.972456
vt 0.308623 0.898638
vt 0.309322 0.972456
vt 0.308973 0.898638
vt 0.309672 0.972456
vt 0.309322 0.898638
vt 0.310022 0.972456
vt 0.309672 0.898638
vt 0.310372 0.972456
vt 0.310022 0.898638
vt 0.310722 0.972456
vt 0.310372 0.898638
vt 0.311072 0.972456
vt 0.310722 0.898638
vt 0.311422 0.972456
vt 0.311072 0.898638
vt 0.311771 0.972456
vt 0.311422 0.898638
vt 0.312121 0.972456
vt 0.311771 0.898638
vt 0.312471 0.972456
vt 0.312121 0.898638
vt 0.312821 0.972456
vt 0.312471 0.898638
vt 0.313171 0.972456
vt 0.312821 0.898638
vt 0.313521 0.972456
vt 0.313171 0.898638
vt 0.313870 0.972456
vt 0.313521 0.898638
vt 0.314220 0.972456
vt 0.313870 0.898638
vt 0.314570 0.972456
vt 0.314220 0.898638
vt 0.314920 0.972456
vt 0.314570 0.898638
vt 0.315270 0.972456
vt 0.314920 0.898638
vt 0.315620 0.972456
vt 0.315270 0.898638
vt 0.315970 0.972456
vt 0.315620 0.898638
vt 0.316319 0.972456
vt 0.315970 0.898638
vt 0.316669 0.972456
vt 0.316319 0.898638
vt 0.317019 0.972456
vt 0.316669 0.898638
vt 0.317369 0.972456
vt 0.317019 0.898638
vt 0.317719 0.972456
vt 0.317369 0.898638
vt 0.318069 0.972456
vt 0.317719 0.898638
vt 0.318418 0.972456
vt 0.318069 0.898638
vt 0.318768 0.972456
vt 0.318418 0.898638
vt 0.319118 0.972456
vt 0.318768 0.898638
vt 0.319468 0.972456
vt 0.319118 0.898638
vt 0.319818 0.972456
vt 0.319468 0.898638
vt 0.320168 0.972456
vt 0.319818 0.898638
vt 0.320518 0.972456
vt 0.320168 0.898638
vt 0.320867 0.972456
vt 0.320518 0.898638
vt 0.321217 0.972456
vt 0.320867 0.898638
vt 0.321567 0.972456
vt 0.321217 0.898638
vt 0.321917 0.972456
vt 0.321567 0.898638
vt 0.322267 0.972456
vt 0.321917 0.898638
vt 0.322617 0.972456
vt 0.322267 0.898638
vt 0.322966 0.972456
vt 0.322617 0.898638
vt 0.323316 0.972456
vt 0.322966 0.898638
vt 0.323666 0.972456
vt 0.323316 0.898638
vt 0.324016 0.972456
vt 0.323666 0.898638
vt 0.324366 0.972456
vt 0.324016 0.898638
vt 0.324716 0.972456
vt 0.324366 0.898638
vt 0.325065 0.972456
vt 0.324716 0.898638
vt 0.325415 0.972456
vt 0.325065 0.898638
vt 0.325765 0.972456
vt 0.325415 0.898638
vt 0.326115 0.972456
vt 0.325765 0.898638
vt 0.326465 0.972456
vt 0.326115 0.898638
vt 0.326815 0.972456
vt 0.326465 0.898638
vt 0.327165 0.972456
vt 0.326815 0.898638
vt 0.327514 0.972456
vt 0.327165 0.898638
vt 0.327864 0.972456
vt 0.327514 0.898638
vt 0.328214 0.972456
vt 0.327864 0.898638
vt 0.328564 0.972456
vt 0.328214 0.898638
vt 0.328914 0.972456
vt 0.328564 0.898638
vt 0.329264 0.972456
vt 0.328914 0.898638
vt 0.329614 0.972456
vt 0.329264 0.898638
vt 0.329963 0.972456
vt 0.329614 0.898638
vt 0.330313 0.972456
vt 0.329963 0.898638
vt 0.330663 0.972456
vt 0.330313 0.898638
vt 0.331013 0.972456
vt 0.330663 0.898638
vt 0.331363 0.972456
vt 0.331013 0.898638
vt 0.331713 0.972456
vt 0.331363 0.898638
vt 0.332062 0.972456
vt 0.331713 0.898638
vt 0.332412 0.972456
vt 0.332062 0.898638
vt 0.332762 0.972456
vt 0.332412 0.898638
vt 0.333112 0.972456
vt 0.332762 0.898638
vt 0.333462 0.972456
vt 0.333112 0.898638
vt 0.333812 0.972456
vt 0.333462 0.898638
vt 0.334162 0.972456
vt 0.333812 0.898638
vt 0.334511 0.972456
vt 0.334162 0.898638
vt 0.334861 0.972456
vt 0.334511 0.898638
vt 0.335211 0.972456
vt 0.334861 0.898638
vt 0.335561 0.972456
vt 0.335211 0.898638
vt 0.335911 0.972456
vt 0.335561 0.898638
vt 0.336261 0.972456
vt 0.335911 0.898638
vt 0.336610 0.972456
vt 0.336261 0.898638
vt 0.336960 0.972456
vt 0.336610 0.898638
vt 0.337310 0.972456
vt 0.336960 0.898638
vt 0.337660 0.972456
vt 0.337310 0.898638
vt 0.338010 0.972456
vt 0.337660 0.898638
vt 0.338360 0.972456
vt 0.338010 0.898638
vt 0.338709 0.972456
vt 0.338360 0.898638
vt 0.339059 0.972456
vt 0.338709 0.898638
vt 0.339409 0.972456
vt 0.339059 0.898638
vt 0.339759 0.972456
vt 0.339409 0.898638
vt 0.340109 0.972456
vt 0.339759 0.898638
vt 0.340459 0.972456
vt 0.340109 0.898638
vt 0.340809 0.972456
vt 0.340459 0.898638
vt 0.341158 0.972456
vt 0.340809 0.898638
vt 0.341508 0.972456
vt 0.341158 0.898638
vt 0.341858 0.972456
vt 0.341508 0.898638
vt 0.342208 0.972456
vt 0.341858 0.898638
vt 0.342558 0.972456
vt 0.342208 0.898638
vt 0.342908 0.972456
vt 0.342558 0.898638
vt 0.343257 0.972456
vt 0.342908 0.898638
vt 0.343607 0.972456
vt 0.343257 0.898638
vt 0.343957 0.972456
vt 0.343607 0.898638
vt 0.344307 0.972456
vt 0.343957 0.898638
vt 0.344657 0.972456
vt 0.344307 0.898638
vt 0.345007 0.972456
vt 0.344657 0.898638
vt 0.345357 0.972456
vt 0.345007 0.898638
vt 0.345706 0.972456
vt 0.345357 0.898638
vt 0.346056 0.972456
vt 0.345706 0.898638
vt 0.346406 0.972456
vt 0.346056 0.898638
vt 0.346756 0.972456
vt 0.346406 0.898638
vt 0.347106 0.972456
vt 0.346756 0.898638
vt 0.347106 0.898638
s 0
usemtl Material.001
f 2503/1743/606 2505/1744/606 2504/1745/606
f 2503/1743/606 2506/1746/606 2505/1744/606
f 2502/1747/606 2506/1746/606 2503/1743/606
f 2502/1747/606 2507/1748/606 2506/1746/606
f 2501/1749/606 2507/1748/606 2502/1747/606
f 2501/1749/606 2508/1750/606 2507/1748/606
f 2500/1751/606 2508/1750/606 2501/1749/606
f 2500/1751/606 2509/1752/606 2508/1750/606
f 2499/1753/606 2509/1752/606 2500/1751/606
f 2499/1753/606 2510/1754/606 2509/1752/606
f 2498/1755/606 2510/1754/606 2499/1753/606
f 2498/1755/606 2511/1756/606 2510/1754/606
f 2497/1757/606 2511/1756/606 2498/1755/606
f 2497/1757/606 2512/1758/606 2511/1756/606
f 2496/1759/606 2512/1758/606 2497/1757/606
f 2496/1759/606 2513/1760/606 2512/1758/606
f 2495/1761/606 2513/1760/606 2496/1759/606
f 2495/1761/606 2514/1762/606 2513/1760/606
f 2494/1763/606 2514/1762/606 2495/1761/606
f 2494/1763/606 2515/1764/606 2514/1762/606
f 2493/1765/606 2515/1764/606 2494/1763/606
f 2493/1765/606 2516/1766/606 2515/1764/606
f 2492/1767/606 2516/1766/606 2493/1765/606
f 2492/1767/606 2517/1768/606 2516/1766/606
f 2491/1769/606 2517/1768/606 2492/1767/606
f 2491/1769/606 2518/1770/606 2517/1768/606
f 2529/1771/606 2531/1772/606 2530/1773/606
f 2528/1774/606 2531/1772/606 2529/1771/606
f 2527/1775/606 2531/1772/606 2528/1774/606
f 2477/1776/606 2479/1777/606 2478/1778/606
f 2526/1779/606 2531/1772/606 2527/1775/606
f 2477/1776/606 2480/1780/606 2479/1777/606
f 2525/1781/606 2531/1772/606 2526/1779/606
f 2477/1776/606 2481/1782/606 2480/1780/606
f 2524/1783/606 2531/1772/606 2525/1781/606
f 2477/1776/606 2482/1784/606 2481/1782/606
f 2523/1785/606 2531/1772/606 2524/1783/606
f 2477/1776/606 2483/1786/606 2482/1784/606
f 2522/1787/606 2531/1772/606 2523/1785/606
f 2521/1788/606 2531/1772/606 2522/1787/606
f 2477/1776/606 2484/1789/606 2483/1786/606
f 2520/1790/606 2531/1772/606 2521/1788/606
f 2477/1776/606 2485/1791/606 2484/1789/606
f 2519/1792/606 2531/1772/606 2520/1790/606
f 2477/1776/606 2486/1793/606 2485/1791/606
f 2518/1770/606 2531/1772/606 2519/1792/606
f 2477/1776/606 2487/1794/606 2486/1793/606
f 2491/1769/606 2531/1772/606 2518/1770/606
f 2477/1776/606 2488/1795/606 2487/1794/606
f 2477/1776/606 2489/1796/606 2488/1795/606
f 2477/1776/606 2490/1797/606 2489/1796/606
f 2477/1776/606 2491/1769/606 2490/1797/606
f 2477/1776/606 2531/1772/606 2491/1769/606
f 2477/1776/606 2532/1798/606 2531/1772/606
f 2477/1776/606 2533/1799/606 2532/1798/606
f 2477/1776/606 2534/1800/606 2533/1799/606
f 2477/1776/606 2535/1801/606 2534/1800/606
f 2477/1776/606 2536/1802/606 2535/1801/606
f 2476/1803/606 2536/1802/606 2477/1776/606
f 2475/1804/606 2536/1802/606 2476/1803/606
f 2475/1804/606 2537/1805/606 2536/1802/606
f 2474/1806/606 2537/1805/606 2475/1804/606
f 2474/1806/606 2538/1807/606 2537/1805/606
f 2473/1808/606 2538/1807/606 2474/1806/606
f 2473/1808/606 2539/1809/606 2538/1807/606
f 2472/1810/606 2539/1809/606 2473/1808/606
f 2472/1810/606 2540/1811/606 2539/1809/606
f 2471/1812/606 2540/1811/606 2472/1810/606
f 2471/1812/606 2541/1813/606 2540/1811/606
f 2470/1814/606 2541/1813/606 2471/1812/606
f 2470/1814/606 2542/1815/606 2541/1813/606
f 2470/1814/606 2543/1816/606 2542/1815/606
f 2469/1817/606 2543/1816/606 2470/1814/606
f 2469/1817/606 2464/1818/606 2543/1816/606
f 2464/1818/606 2544/1819/606 2543/1816/606
f 2468/1820/606 2464/1818/606 2469/1817/606
f 2467/1821/606 2464/1818/606 2468/1820/606
f 2466/1822/606 2464/1818/606 2467/1821/606
f 2465/1823/606 2464/1818/606 2466/1822/606
f 2463/1824/606 2544/1819/606 2464/1818/606
f 2556/1825/606 2558/1826/606 2557/1827/606
f 2555/1828/606 2558/1826/606 2556/1825/606
f 2554/1829/606 2558/1826/606 2555/1828/606
f 2553/1830/606 2558/1826/606 2554/1829/606
f 2659/1831/606 2661/1832/606 2660/1833/606
f 2552/1834/606 2558/1826/606 2553/1830/606
f 2659/1831/606 2662/1835/606 2661/1832/606
f 2551/1836/606 2558/1826/606 2552/1834/606
f 2462/1837/606 2544/1819/606 2463/1824/606
f 2462/1837/606 2545/1838/606 2544/1819/606
f 2659/1831/606 2663/1839/606 2662/1835/606
f 2550/1840/606 2558/1826/606 2551/1836/606
f 2659/1831/606 2664/1841/606 2663/1839/606
f 2549/1842/606 2558/1826/606 2550/1840/606
f 2659/1831/606 2665/1843/606 2664/1841/606
f 2548/1844/606 2558/1826/606 2549/1842/606
f 2547/1845/606 2558/1826/606 2548/1844/606
f 2659/1831/606 2666/1846/606 2665/1843/606
f 2546/1847/606 2558/1826/606 2547/1845/606
f 2659/1831/606 2667/1848/606 2666/1846/606
f 2545/1838/606 2558/1826/606 2546/1847/606
f 2659/1831/606 2668/1849/606 2667/1848/606
f 2462/1837/606 2558/1826/606 2545/1838/606
f 2659/1831/606 2669/1850/606 2668/1849/606
f 2659/1831/606 2670/1851/606 2669/1850/606
f 2659/1831/606 2671/1852/606 2670/1851/606
f 2659/1831/606 2672/1853/606 2671/1852/606
f 2659/1831/606 2462/1837/606 2672/1853/606
f 2659/1831/606 2558/1826/606 2462/1837/606
f 2659/1831/606 2559/1854/606 2558/1826/606
f 2659/1831/606 2560/1855/606 2559/1854/606
f 2659/1831/606 2561/1856/606 2560/1855/606
f 2659/1831/606 2562/1857/606 2561/1856/606
f 2659/1831/606 2563/1858/606 2562/1857/606
f 2658/1859/606 2563/1858/606 2659/1831/606
f 2658/1859/606 2564/1860/606 2563/1858/606
f 2657/1861/606 2564/1860/606 2658/1859/606
f 2656/1862/606 2564/1860/606 2657/1861/606
f 2656/1862/606 2565/1863/606 2564/1860/606
f 2655/1864/606 2565/1863/606 2656/1862/606
f 2655/1864/606 2566/1865/606 2565/1863/606
f 2654/1866/606 2566/1865/606 2655/1864/606
f 2654/1866/606 2567/1867/606 2566/1865/606
f 2653/1868/606 2567/1867/606 2654/1866/606
f 2653/1868/606 2568/1869/606 2567/1867/606
f 2652/1870/606 2568/1869/606 2653/1868/606
f 2652/1870/606 2569/1871/606 2568/1869/606
f 2652/1870/606 2570/1872/606 2569/1871/606
f 2651/1873/606 2570/1872/606 2652/1870/606
f 2651/1873/606 2646/1874/606 2570/1872/606
f 2646/1874/606 2571/1875/606 2570/1872/606
f 2650/1876/606 2646/1874/606 2651/1873/606
f 2649/1877/606 2646/1874/606 2650/1876/606
f 2648/1878/606 2646/1874/606 2649/1877/606
f 2647/1879/606 2646/1874/606 2648/1878/606
f 2645/1880/606 2571/1875/606 2646/1874/606
f 2632/1881/606 2634/1882/606 2633/1883/606
f 2632/1881/606 2635/1884/606 2634/1882/606
f 2632/1881/606 2636/1885/606 2635/1884/606
f 2632/1881/606 2637/1886/606 2636/1885/606
f 2632/1881/606 2638/1887/606 2637/1886/606
f 2632/1881/606 2639/1888/606 2638/1887/606
f 2631/1889/606 2639/1888/606 2632/1881/606
f 2631/1889/606 2640/1890/606 2639/1888/606
f 2631/1889/606 2641/1891/606 2640/1890/606
f 2631/1889/606 2642/1892/606 2641/1891/606
f 2631/1889/606 2643/1893/606 2642/1892/606
f 2631/1889/606 2644/1894/606 2643/1893/606
f 2630/1895/606 2644/1894/606 2631/1889/606
f 2630/1895/606 2645/1880/606 2644/1894/606
f 2630/1895/606 2571/1875/606 2645/1880/606
f 2629/1896/606 2571/1875/606 2630/1895/606
f 2628/1897/606 2571/1875/606 2629/1896/606
f 2628/1897/606 2572/1898/606 2571/1875/606
f 2627/1899/606 2572/1898/606 2628/1897/606
f 2627/1899/606 2573/1900/606 2572/1898/606
f 2626/1901/606 2573/1900/606 2627/1899/606
f 2626/1901/606 2574/1902/606 2573/1900/606
f 2626/1901/606 2575/1903/606 2574/1902/606
f 2625/1904/606 2413/1905/606 2626/1901/606
f 2413/1905/606 2461/1906/606 2626/1901/606
f 2461/1906/606 2575/1903/606 2626/1901/606
f 2460/1907/606 2575/1903/606 2461/1906/606
f 2459/1908/606 2575/1903/606 2460/1907/606
f 2458/1909/606 2575/1903/606 2459/1908/606
f 2457/1910/606 2575/1903/606 2458/1909/606
f 2625/1904/606 2414/1911/606 2413/1905/606
f 2456/1912/606 2575/1903/606 2457/1910/606
f 2455/1913/606 2575/1903/606 2456/1912/606
f 2455/1913/606 2576/1914/606 2575/1903/606
f 2454/1915/606 2576/1914/606 2455/1913/606
f 2625/1904/606 2415/1916/606 2414/1911/606
f 2453/1917/606 2576/1914/606 2454/1915/606
f 2452/1918/606 2576/1914/606 2453/1917/606
f 2451/1919/606 2576/1914/606 2452/1918/606
f 2625/1904/606 2416/1920/606 2415/1916/606
f 2450/1921/606 2576/1914/606 2451/1919/606
f 2624/1922/606 2416/1920/606 2625/1904/606
f 2449/1923/606 2576/1914/606 2450/1921/606
f 2448/1924/606 2596/1925/606 2449/1923/606
f 2596/1925/606 2576/1914/606 2449/1923/606
f 2624/1922/606 2417/1926/606 2416/1920/606
f 2596/1925/606 2577/1927/606 2576/1914/606
f 2624/1922/606 2418/1928/606 2417/1926/606
f 2624/1922/606 2419/1929/606 2418/1928/606
f 2623/1930/606 2419/1929/606 2624/1922/606
f 2596/1925/606 2578/1931/606 2577/1927/606
f 2448/1924/606 2597/1932/606 2596/1925/606
f 2595/1933/606 2578/1931/606 2596/1925/606
f 2623/1930/606 2420/1934/606 2419/1929/606
f 2623/1930/606 2421/1935/606 2420/1934/606
f 2594/1936/606 2578/1931/606 2595/1933/606
f 2622/1937/606 2421/1935/606 2623/1930/606
f 2594/1936/606 2579/1938/606 2578/1931/606
f 2622/1937/606 2422/1939/606 2421/1935/606
f 2593/1940/606 2579/1938/606 2594/1936/606
f 2593/1940/606 2580/1941/606 2579/1938/606
f 2622/1937/606 2423/1942/606 2422/1939/606
f 2592/1943/606 2580/1941/606 2593/1940/606
f 2621/1944/606 2423/1942/606 2622/1937/606
f 2621/1944/606 2424/1945/606 2423/1942/606
f 2592/1943/606 2581/1946/606 2580/1941/606
f 2591/1947/606 2581/1946/606 2592/1943/606
f 2447/1948/606 2597/1932/606 2448/1924/606
f 2621/1944/606 2425/1949/606 2424/1945/606
f 2591/1947/606 2582/1950/606 2581/1946/606
f 2620/1951/606 2425/1949/606 2621/1944/606
f 2590/1952/606 2582/1950/606 2591/1947/606
f 2446/1953/606 2597/1932/606 2447/1948/606
f 2446/1953/606 2598/1954/606 2597/1932/606
f 2620/1951/606 2426/1955/606 2425/1949/606
f 2590/1952/606 2583/1956/606 2582/1950/606
f 2589/1957/606 2583/1956/606 2590/1952/606
f 2620/1951/606 2427/1958/606 2426/1955/606
f 2445/1959/606 2598/1954/606 2446/1953/606
f 2619/1960/606 2427/1958/606 2620/1951/606
f 2445/1959/606 2599/1961/606 2598/1954/606
f 2589/1957/606 2588/1962/606 2583/1956/606
f 2588/1962/606 2587/1963/606 2583/1956/606
f 2587/1963/606 2586/1964/606 2583/1956/606
f 2586/1964/606 2585/1965/606 2583/1956/606
f 2585/1965/606 2584/1966/606 2583/1956/606
f 2619/1960/606 2428/1967/606 2427/1958/606
f 2444/1968/606 2599/1961/606 2445/1959/606
f 2619/1960/606 2429/1969/606 2428/1967/606
f 2444/1968/606 2600/1970/606 2599/1961/606
f 2443/1971/606 2600/1970/606 2444/1968/606
f 2618/1972/606 2429/1969/606 2619/1960/606
f 2618/1972/606 2430/1973/606 2429/1969/606
f 2442/1974/606 2600/1970/606 2443/1971/606
f 2618/1972/606 2431/1975/606 2430/1973/606
f 2442/1974/606 2601/1976/606 2600/1970/606
f 2441/1977/606 2601/1976/606 2442/1974/606
f 2618/1972/606 2432/1978/606 2431/1975/606
f 2617/1979/606 2432/1978/606 2618/1972/606
f 2440/1980/606 2601/1976/606 2441/1977/606
f 2617/1979/606 2433/1981/606 2432/1978/606
f 2439/1982/606 2601/1976/606 2440/1980/606
f 2617/1979/606 2434/1983/606 2433/1981/606
f 2438/1984/606 2601/1976/606 2439/1982/606
f 2617/1979/606 2435/1985/606 2434/1983/606
f 2438/1984/606 2602/1986/606 2601/1976/606
f 2437/1987/606 2602/1986/606 2438/1984/606
f 2617/1979/606 2436/1988/606 2435/1985/606
f 2436/1988/606 2602/1986/606 2437/1987/606
f 2617/1979/606 2602/1986/606 2436/1988/606
f 2616/1989/606 2602/1986/606 2617/1979/606
f 2616/1989/606 2603/1990/606 2602/1986/606
f 2615/1991/606 2603/1990/606 2616/1989/606
f 2615/1991/606 2604/1992/606 2603/1990/606
f 2614/1993/606 2604/1992/606 2615/1991/606
f 2614/1993/606 2605/1994/606 2604/1992/606
f 2613/1995/606 2605/1994/606 2614/1993/606
f 2613/1995/606 2606/1996/606 2605/1994/606
f 2612/1997/606 2606/1996/606 2613/1995/606
f 2612/1997/606 2607/1998/606 2606/1996/606
f 2611/1999/606 2607/1998/606 2612/1997/606
f 2611/1999/606 2608/2000/606 2607/1998/606
f 2610/2001/606 2608/2000/606 2611/1999/606
f 2610/2001/606 2609/2002/606 2608/2000/606
f 2763/1743/607 2764/1745/607 2765/1744/607
f 2763/1743/607 2765/1744/607 2766/1746/607
f 2762/1747/607 2763/1743/607 2766/1746/607
f 2762/1747/607 2766/1746/607 2767/1748/607
f 2761/1749/607 2762/1747/607 2767/1748/607
f 2761/1749/607 2767/1748/607 2768/1750/607
f 2760/1751/607 2761/1749/607 2768/1750/607
f 2760/1751/607 2768/1750/607 2769/1752/607
f 2759/1753/607 2760/1751/607 2769/1752/607
f 2759/1753/607 2769/1752/607 2770/1754/607
f 2758/1755/607 2759/1753/607 2770/1754/607
f 2758/1755/607 2770/1754/607 2771/1756/607
f 2757/1757/607 2758/1755/607 2771/1756/607
f 2757/1757/607 2771/1756/607 2772/1758/607
f 2756/1759/607 2757/1757/607 2772/1758/607
f 2756/1759/607 2772/1758/607 2773/1760/607
f 2755/1761/607 2756/1759/607 2773/1760/607
f 2755/1761/607 2773/1760/607 2774/1762/607
f 2754/1763/607 2755/1761/607 2774/1762/607
f 2754/1763/607 2774/1762/607 2775/1764/607
f 2753/1765/607 2754/1763/607 2775/1764/607
f 2753/1765/607 2775/1764/607 2776/1766/607
f 2752/1767/607 2753/1765/607 2776/1766/607
f 2752/1767/607 2776/1766/607 2777/1768/607
f 2751/1769/607 2752/1767/607 2777/1768/607
f 2751/1769/607 2777/1768/607 2778/1770/607
f 2789/1771/607 2790/1773/607 2791/1772/607
f 2788/1774/607 2789/1771/607 2791/1772/607
f 2787/1775/607 2788/1774/607 2791/1772/607
f 2737/1776/607 2738/1778/607 2739/1777/607
f 2786/1779/607 2787/1775/607 2791/1772/607
f 2737/1776/607 2739/1777/607 2740/1780/607
f 2785/1781/607 2786/1779/607 2791/1772/607
f 2737/1776/607 2740/1780/607 2741/1782/607
f 2784/1783/607 2785/1781/607 2791/1772/607
f 2737/1776/607 2741/1782/607 2742/1784/607
f 2783/1785/607 2784/1783/607 2791/1772/607
f 2737/1776/607 2742/1784/607 2743/1786/607
f 2782/1787/607 2783/1785/607 2791/1772/607
f 2781/1788/607 2782/1787/607 2791/1772/607
f 2737/1776/607 2743/1786/607 2744/1789/607
f 2780/1790/607 2781/1788/607 2791/1772/607
f 2737/1776/607 2744/1789/607 2745/1791/607
f 2779/1792/607 2780/1790/607 2791/1772/607
f 2737/1776/607 2745/1791/607 2746/1793/607
f 2778/1770/607 2779/1792/607 2791/1772/607
f 2737/1776/607 2746/1793/607 2747/1794/607
f 2751/1769/607 2778/1770/607 2791/1772/607
f 2737/1776/607 2747/1794/607 2748/1795/607
f 2737/1776/607 2748/1795/607 2749/1796/607
f 2737/1776/607 2749/1796/607 2750/1797/607
f 2737/1776/607 2750/1797/607 2751/1769/607
f 2737/1776/607 2751/1769/607 2791/1772/607
f 2737/1776/607 2791/1772/607 2792/1798/607
f 2737/1776/607 2792/1798/607 2793/1799/607
f 2737/1776/607 2793/1799/607 2794/1800/607
f 2737/1776/607 2794/1800/607 2795/1801/607
f 2737/1776/607 2795/1801/607 2796/1802/607
f 2736/1803/607 2737/1776/607 2796/1802/607
f 2735/1804/607 2736/1803/607 2796/1802/607
f 2735/1804/607 2796/1802/607 2797/1805/607
f 2734/1806/607 2735/1804/607 2797/1805/607
f 2734/1806/607 2797/1805/607 2798/1807/607
f 2733/1808/607 2734/1806/607 2798/1807/607
f 2733/1808/607 2798/1807/607 2799/1809/607
f 2732/1810/607 2733/1808/607 2799/1809/607
f 2732/1810/607 2799/1809/607 2800/1811/607
f 2731/1812/607 2732/1810/607 2800/1811/607
f 2731/1812/607 2800/1811/607 2801/1813/607
f 2730/1814/607 2731/1812/607 2801/1813/607
f 2730/1814/607 2801/1813/607 2802/1815/607
f 2730/1814/607 2802/1815/607 2803/1816/607
f 2729/1817/607 2730/1814/607 2803/1816/607
f 2729/1817/607 2803/1816/607 2724/1818/607
f 2724/1818/607 2803/1816/607 2804/1819/607
f 2728/1820/607 2729/1817/607 2724/1818/607
f 2727/1821/607 2728/1820/607 2724/1818/607
f 2726/1822/607 2727/1821/607 2724/1818/607
f 2725/1823/607 2726/1822/607 2724/1818/607
f 2723/1824/607 2724/1818/607 2804/1819/607
f 2816/1825/607 2817/1827/607 2818/1826/607
f 2815/1828/607 2816/1825/607 2818/1826/607
f 2814/1829/607 2815/1828/607 2818/1826/607
f 2813/1830/607 2814/1829/607 2818/1826/607
f 2919/1831/607 2920/1833/607 2921/1832/607
f 2812/1834/607 2813/1830/607 2818/1826/607
f 2919/1831/607 2921/1832/607 2922/1835/607
f 2811/1836/607 2812/1834/607 2818/1826/607
f 2722/1837/607 2723/1824/607 2804/1819/607
f 2722/1837/607 2804/1819/607 2805/1838/607
f 2919/1831/607 2922/1835/607 2923/1839/607
f 2810/1840/607 2811/1836/607 2818/1826/607
f 2919/1831/607 2923/1839/607 2924/1841/607
f 2809/1842/607 2810/1840/607 2818/1826/607
f 2919/1831/607 2924/1841/607 2925/1843/607
f 2808/1844/607 2809/1842/607 2818/1826/607
f 2807/1845/607 2808/1844/607 2818/1826/607
f 2919/1831/607 2925/1843/607 2926/1846/607
f 2806/1847/607 2807/1845/607 2818/1826/607
f 2919/1831/607 2926/1846/607 2927/1848/607
f 2805/1838/607 2806/1847/607 2818/1826/607
f 2919/1831/607 2927/1848/607 2928/1849/607
f 2722/1837/607 2805/1838/607 2818/1826/607
f 2919/1831/607 2928/1849/607 2929/1850/607
f 2919/1831/607 2929/1850/607 2930/1851/607
f 2919/1831/607 2930/1851/607 2931/1852/607
f 2919/1831/607 2931/1852/607 2932/1853/607
f 2919/1831/607 2932/1853/607 2722/1837/607
f 2919/1831/607 2722/1837/607 2818/1826/607
f 2919/1831/607 2818/1826/607 2819/1854/607
f 2919/1831/607 2819/1854/607 2820/1855/607
f 2919/1831/607 2820/1855/607 2821/1856/607
f 2919/1831/607 2821/1856/607 2822/1857/607
f 2919/1831/607 2822/1857/607 2823/1858/607
f 2918/1859/607 2919/1831/607 2823/1858/607
f 2918/1859/607 2823/1858/607 2824/1860/607
f 2917/1861/607 2918/1859/607 2824/1860/607
f 2916/1862/607 2917/1861/607 2824/1860/607
f 2916/1862/607 2824/1860/607 2825/1863/607
f 2915/1864/607 2916/1862/607 2825/1863/607
f 2915/1864/607 2825/1863/607 2826/1865/607
f 2914/1866/607 2915/1864/607 2826/1865/607
f 2914/1866/607 2826/1865/607 2827/1867/607
f 2913/1868/607 2914/1866/607 2827/1867/607
f 2913/1868/607 2827/1867/607 2828/1869/607
f 2912/1870/607 2913/1868/607 2828/1869/607
f 2912/1870/607 2828/1869/607 2829/1871/607
f 2912/1870/607 2829/1871/607 2830/1872/607
f 2911/1873/607 2912/1870/607 2830/1872/607
f 2911/1873/607 2830/1872/607 2906/1874/607
f 2906/1874/607 2830/1872/607 2831/1875/607
f 2910/1876/607 2911/1873/607 2906/1874/607
f 2909/1877/607 2910/1876/607 2906/1874/607
f 2908/1878/607 2909/1877/607 2906/1874/607
f 2907/1879/607 2908/1878/607 2906/1874/607
f 2905/1880/607 2906/1874/607 2831/1875/607
f 2892/1881/607 2893/1883/607 2894/1882/607
f 2892/1881/607 2894/1882/607 2895/1884/607
f 2892/1881/607 2895/1884/607 2896/1885/607
f 2892/1881/607 2896/1885/607 2897/1886/607
f 2892/1881/607 2897/1886/607 2898/1887/607
f 2892/1881/607 2898/1887/607 2899/1888/607
f 2891/1889/607 2892/1881/607 2899/1888/607
f 2891/1889/607 2899/1888/607 2900/1890/607
f 2891/1889/607 2900/1890/607 2901/1891/607
f 2891/1889/607 2901/1891/607 2902/1892/607
f 2891/1889/607 2902/1892/607 2903/1893/607
f 2891/1889/607 2903/1893/607 2904/1894/607
f 2890/1895/607 2891/1889/607 2904/1894/607
f 2890/1895/607 2904/1894/607 2905/1880/607
f 2890/1895/607 2905/1880/607 2831/1875/607
f 2889/1896/607 2890/1895/607 2831/1875/607
f 2888/1897/607 2889/1896/607 2831/1875/607
f 2888/1897/607 2831/1875/607 2832/1898/607
f 2887/1899/607 2888/1897/607 2832/1898/607
f 2887/1899/607 2832/1898/607 2833/1900/607
f 2886/1901/607 2887/1899/607 2833/1900/607
f 2886/1901/607 2833/1900/607 2834/1902/607
f 2886/1901/607 2834/1902/607 2835/1903/607
f 2885/1904/607 2886/1901/607 2673/1905/607
f 2673/1905/607 2886/1901/607 2721/1906/607
f 2721/1906/607 2886/1901/607 2835/1903/607
f 2720/1907/607 2721/1906/607 2835/1903/607
f 2719/1908/607 2720/1907/607 2835/1903/607
f 2718/1909/607 2719/1908/607 2835/1903/607
f 2717/1910/607 2718/1909/607 2835/1903/607
f 2885/1904/607 2673/1905/607 2674/1911/607
f 2716/1912/607 2717/1910/607 2835/1903/607
f 2715/1913/607 2716/1912/607 2835/1903/607
f 2715/1913/607 2835/1903/607 2836/1914/607
f 2714/1915/607 2715/1913/607 2836/1914/607
f 2885/1904/607 2674/1911/607 2675/1916/607
f 2713/1917/607 2714/1915/607 2836/1914/607
f 2712/1918/607 2713/1917/607 2836/1914/607
f 2711/1919/607 2712/1918/607 2836/1914/607
f 2885/1904/607 2675/1916/607 2676/1920/607
f 2710/1921/607 2711/1919/607 2836/1914/607
f 2884/1922/607 2885/1904/607 2676/1920/607
f 2709/1923/607 2710/1921/607 2836/1914/607
f 2708/1924/607 2709/1923/607 2856/1925/607
f 2856/1925/607 2709/1923/607 2836/1914/607
f 2884/1922/607 2676/1920/607 2677/1926/607
f 2856/1925/607 2836/1914/607 2837/1927/607
f 2884/1922/607 2677/1926/607 2678/1928/607
f 2884/1922/607 2678/1928/607 2679/1929/607
f 2883/1930/607 2884/1922/607 2679/1929/607
f 2856/1925/607 2837/1927/607 2838/1931/607
f 2708/1924/607 2856/1925/607 2857/1932/607
f 2855/1933/607 2856/1925/607 2838/1931/607
f 2883/1930/607 2679/1929/607 2680/1934/607
f 2883/1930/607 2680/1934/607 2681/1935/607
f 2854/1936/607 2855/1933/607 2838/1931/607
f 2882/1937/607 2883/1930/607 2681/1935/607
f 2854/1936/607 2838/1931/607 2839/1938/607
f 2882/1937/607 2681/1935/607 2682/1939/607
f 2853/1940/607 2854/1936/607 2839/1938/607
f 2853/1940/607 2839/1938/607 2840/1941/607
f 2882/1937/607 2682/1939/607 2683/1942/607
f 2852/1943/607 2853/1940/607 2840/1941/607
f 2881/1944/607 2882/1937/607 2683/1942/607
f 2881/1944/607 2683/1942/607 2684/1945/607
f 2852/1943/607 2840/1941/607 2841/1946/607
f 2851/1947/607 2852/1943/607 2841/1946/607
f 2707/1948/607 2708/1924/607 2857/1932/607
f 2881/1944/607 2684/1945/607 2685/1949/607
f 2851/1947/607 2841/1946/607 2842/1950/607
f 2880/1951/607 2881/1944/607 2685/1949/607
f 2850/1952/607 2851/1947/607 2842/1950/607
f 2706/1953/607 2707/1948/607 2857/1932/607
f 2706/1953/607 2857/1932/607 2858/1954/607
f 2880/1951/607 2685/1949/607 2686/1955/607
f 2850/1952/607 2842/1950/607 2843/1956/607
f 2849/1957/607 2850/1952/607 2843/1956/607
f 2880/1951/607 2686/1955/607 2687/1958/607
f 2705/1959/607 2706/1953/607 2858/1954/607
f 2879/1960/607 2880/1951/607 2687/1958/607
f 2705/1959/607 2858/1954/607 2859/1961/607
f 2849/1957/607 2843/1956/607 2848/1962/607
f 2848/1962/607 2843/1956/607 2847/1963/607
f 2847/1963/607 2843/1956/607 2846/1964/607
f 2846/1964/607 2843/1956/607 2845/1965/607
f 2845/1965/607 2843/1956/607 2844/1966/607
f 2879/1960/607 2687/1958/607 2688/1967/607
f 2704/1968/607 2705/1959/607 2859/1961/607
f 2879/1960/607 2688/1967/607 2689/1969/607
f 2704/1968/607 2859/1961/607 2860/1970/607
f 2703/1971/607 2704/1968/607 2860/1970/607
f 2878/1972/607 2879/1960/607 2689/1969/607
f 2878/1972/607 2689/1969/607 2690/1973/607
f 2702/1974/607 2703/1971/607 2860/1970/607
f 2878/1972/607 2690/1973/607 2691/1975/607
f 2702/1974/607 2860/1970/607 2861/1976/607
f 2701/1977/607 2702/1974/607 2861/1976/607
f 2878/1972/607 2691/1975/607 2692/1978/607
f 2877/1979/607 2878/1972/607 2692/1978/607
f 2700/1980/607 2701/1977/607 2861/1976/607
f 2877/1979/607 2692/1978/607 2693/1981/607
f 2699/1982/607 2700/1980/607 2861/1976/607
f 2877/1979/607 2693/1981/607 2694/1983/607
f 2698/1984/607 2699/1982/607 2861/1976/607
f 2877/1979/607 2694/1983/607 2695/1985/607
f 2698/1984/607 2861/1976/607 2862/1986/607
f 2697/1987/607 2698/1984/607 2862/1986/607
f 2877/1979/607 2695/1985/607 2696/1988/607
f 2696/1988/607 2697/1987/607 2862/1986/607
f 2877/1979/607 2696/1988/607 2862/1986/607
f 2876/1989/607 2877/1979/607 2862/1986/607
f 2876/1989/607 2862/1986/607 2863/1990/607
f 2875/1991/607 2876/1989/607 2863/1990/607
f 2875/1991/607 2863/1990/607 2864/1992/607
f 2874/1993/607 2875/1991/607 2864/1992/607
f 2874/1993/607 2864/1992/607 2865/1994/607
f 2873/1995/607 2874/1993/607 2865/1994/607
f 2873/1995/607 2865/1994/607 2866/1996/607
f 2872/1997/607 2873/1995/607 2866/1996/607
f 2872/1997/607 2866/1996/607 2867/1998/607
f 2871/1999/607 2872/1997/607 2867/1998/607
f 2871/1999/607 2867/1998/607 2868/2000/607
f 2870/2001/607 2871/1999/607 2868/2000/607
f 2870/2001/607 2868/2000/607 2869/2002/607
s 1
f 2936/2003/608 2933/1905/609 2934/2004/609
f 2938/2005/610 2935/2006/608 2936/2003/608
f 2940/2007/611 2937/2008/610 2938/2005/610
f 2942/2009/612 2939/2010/611 2940/2007/611
f 2944/2011/613 2941/2012/612 2942/2009/612
f 2946/2013/614 2943/2014/613 2944/2011/613
f 2948/2015/615 2945/2016/614 2946/2013/614
f 2950/2017/616 2947/1921/615 2948/2015/615
f 2952/2018/617 2949/2019/616 2950/2017/616
f 2954/2020/618 2951/2021/617 2952/2018/617
f 2956/2022/619 2953/2023/618 2954/2020/618
f 2958/2024/620 2955/2025/619 2956/2022/619
f 2960/2026/621 2957/2027/620 2958/2024/620
f 2962/2028/622 2959/2029/621 2960/2026/621
f 2964/2030/623 2961/1794/622 2962/2028/622
f 2966/2031/624 2963/2032/623 2964/2030/623
f 2968/2033/625 2965/2034/624 2966/2031/624
f 2970/2035/626 2967/2036/625 2968/2033/625
f 2972/2037/627 2969/2038/626 2970/2035/626
f 2974/2039/628 2971/2040/627 2972/2037/627
f 2976/2041/629 2973/2042/628 2974/2039/628
f 2978/2043/630 2975/1783/629 2976/2041/629
f 2980/2044/631 2977/2045/630 2978/2043/630
f 2982/2046/632 2979/2047/631 2980/2044/631
f 2984/2048/633 2981/2049/632 2982/2046/632
f 2986/2050/634 2983/2051/633 2984/2048/633
f 2988/2052/635 2985/2053/634 2986/2050/634
f 2990/2054/636 2987/2055/635 2988/2052/635
f 2992/2056/637 2989/1856/636 2990/2054/636
f 2994/2057/638 2991/2058/637 2992/2056/637
f 2996/2059/639 2993/2060/638 2994/2057/638
f 2998/2061/640 2995/2062/639 2996/2059/639
f 3000/2063/641 2997/2064/640 2998/2061/640
f 3002/2065/642 2999/2066/641 3000/2063/641
f 3004/2067/643 3001/2068/642 3002/2065/642
f 3006/2069/644 3003/1954/643 3004/2067/643
f 3008/2070/645 3005/2071/644 3006/2069/644
f 3010/2072/646 3007/2073/645 3008/2070/645
f 3012/2074/647 3009/2075/646 3010/2072/646
f 3014/2076/648 3011/2077/647 3012/2074/647
f 3016/2078/649 3013/2079/648 3014/2076/648
f 3018/2080/650 3015/2081/649 3016/2078/649
f 3020/2082/651 3017/1884/650 3018/2080/650
f 3022/2083/652 3019/2084/651 3020/2082/651
f 3024/2085/653 3021/2086/652 3022/2083/652
f 3026/2087/654 3023/2088/653 3024/2085/653
f 3028/2089/655 3025/2090/654 3026/2087/654
f 3030/2091/656 3027/2092/655 3028/2089/655
f 2934/2093/609 3029/2094/656 3030/2091/656
f 3034/2095/657 3031/1905/658 3032/2004/658
f 3036/2096/659 3033/2097/657 3034/2095/657
f 3038/2098/660 3035/2099/659 3036/2096/659
f 3040/2100/661 3037/2101/660 3038/2098/660
f 3042/2102/662 3039/2103/661 3040/2100/661
f 3044/2104/663 3041/2105/662 3042/2102/662
f 3046/2106/664 3043/2107/663 3044/2104/663
f 3048/2108/665 3045/2109/664 3046/2106/664
f 3050/2110/666 3047/2111/665 3048/2108/665
f 3052/2112/667 3049/2113/666 3050/2110/666
f 3054/2114/668 3051/2115/667 3052/2112/667
f 3056/2116/669 3053/2117/668 3054/2114/668
f 3058/2118/670 3055/2119/669 3056/2116/669
f 3060/2120/671 3057/2121/670 3058/2118/670
f 3062/2122/672 3059/2123/671 3060/2120/671
f 3064/2124/673 3061/2125/672 3062/2122/672
f 3066/2126/674 3063/2127/673 3064/2124/673
f 3068/2128/675 3065/2129/674 3066/2126/674
f 3070/2130/676 3067/2131/675 3068/2128/675
f 3072/2132/677 3069/2133/676 3070/2130/676
f 3074/2134/678 3071/2135/677 3072/2132/677
f 3076/2136/679 3073/2137/678 3074/2134/678
f 3078/2138/680 3075/2139/679 3076/2136/679
f 3080/2140/681 3077/2141/680 3078/2138/680
f 3082/2142/682 3079/2143/681 3080/2140/681
f 3084/2144/683 3081/2145/682 3082/2142/682
f 3086/2146/684 3083/2147/683 3084/2144/683
f 3088/2148/685 3085/2149/684 3086/2146/684
f 3090/2150/658 3087/2151/685 3088/2148/685
f 3092/2152/686 3089/2153/658 3090/2150/658
f 3094/2154/687 3091/2155/686 3092/2152/686
f 3096/2156/688 3093/2157/687 3094/2154/687
f 3098/2158/689 3095/2159/690 3096/2156/688
f 3100/2160/691 3097/2161/689 3098/2158/689
f 3102/2162/692 3099/2163/691 3100/2160/691
f 3104/2164/693 3101/2165/692 3102/2162/692
f 3106/2166/694 3103/2167/693 3104/2164/693
f 3108/2168/695 3105/2169/694 3106/2166/694
f 3110/2170/696 3107/2171/695 3108/2168/695
f 3112/2172/697 3109/2173/696 3110/2170/696
f 3114/2174/698 3111/2175/697 3112/2172/697
f 3116/2176/699 3113/2177/698 3114/2174/698
f 3118/2178/700 3115/2179/699 3116/2176/699
f 3120/2180/701 3117/2181/702 3118/2178/700
f 3122/2182/703 3119/2183/701 3120/2180/701
f 3124/2184/704 3121/2185/705 3122/2182/703
f 3126/2186/706 3123/2187/707 3124/2184/704
f 3128/2188/708 3125/2189/706 3126/2186/706
f 3130/2190/709 3127/2191/708 3128/2188/708
f 3132/2192/710 3129/2193/709 3130/2190/709
f 3134/2194/711 3131/2195/710 3132/2192/710
f 3136/2196/712 3133/2197/711 3134/2194/711
f 3138/2198/713 3135/2199/712 3136/2196/712
f 3140/2200/714 3137/2201/713 3138/2198/713
f 3142/2202/715 3139/2203/714 3140/2200/714
f 3144/2204/716 3141/2205/717 3142/2202/715
f 3146/2206/718 3143/2207/719 3144/2204/716
f 3148/2208/720 3145/2209/718 3146/2206/718
f 3150/2210/721 3147/2211/720 3148/2208/720
f 3152/2212/722 3149/2213/721 3150/2210/721
f 3154/2214/723 3151/2215/722 3152/2212/722
f 3156/2216/724 3153/2217/723 3154/2214/723
f 3158/2218/725 3155/2219/724 3156/2216/724
f 3160/2220/726 3157/2221/725 3158/2218/725
f 3162/2222/727 3159/2223/726 3160/2220/726
f 3164/2224/728 3161/2225/727 3162/2222/727
f 3166/2226/729 3163/2227/728 3164/2224/728
f 3168/2228/730 3165/2229/729 3166/2226/729
f 3170/2230/731 3167/2231/730 3168/2228/730
f 3172/2232/732 3169/2233/731 3170/2230/731
f 3174/2234/733 3171/2235/732 3172/2232/732
f 3176/2236/734 3173/2237/733 3174/2234/733
f 3178/2238/735 3175/2239/734 3176/2236/734
f 3180/2240/736 3177/2241/735 3178/2238/735
f 3182/2242/737 3179/2243/736 3180/2240/736
f 3184/2244/738 3181/2245/737 3182/2242/737
f 3186/2246/739 3183/2247/738 3184/2244/738
f 3188/2248/740 3185/2249/739 3186/2246/739
f 3190/2250/741 3187/2251/740 3188/2248/740
f 3192/2252/742 3189/2253/741 3190/2250/741
f 3194/2254/743 3191/2255/742 3192/2252/742
f 3196/2256/744 3193/2257/745 3194/2254/743
f 3198/2258/746 3195/2259/744 3196/2256/744
f 3200/2260/747 3197/2261/746 3198/2258/746
f 3202/2262/748 3199/2263/747 3200/2260/747
f 3204/2264/749 3201/2265/748 3202/2262/748
f 3206/2266/750 3203/2267/749 3204/2264/749
f 3208/2268/751 3205/2269/750 3206/2266/750
f 3210/2270/752 3207/2271/751 3208/2268/751
f 3212/2272/753 3209/2273/752 3210/2270/752
f 3214/2274/754 3211/2275/753 3212/2272/753
f 3216/2276/755 3213/2277/754 3214/2274/754
f 3218/2278/756 3215/2279/755 3216/2276/755
f 3220/2280/757 3217/2281/756 3218/2278/756
f 3222/2282/758 3219/2283/757 3220/2280/757
f 3224/2284/759 3221/2285/758 3222/2282/758
f 3226/2286/760 3223/2287/761 3224/2284/759
f 3228/2288/762 3225/2289/760 3226/2286/760
f 3230/2290/763 3227/2291/762 3228/2288/762
f 3232/2292/764 3229/2293/763 3230/2290/763
f 3234/2294/765 3231/2295/764 3232/2292/764
f 3236/2296/766 3233/2297/765 3234/2294/765
f 3238/2298/767 3235/2299/766 3236/2296/766
f 3240/2300/768 3237/2301/767 3238/2298/767
f 3242/2302/769 3239/2303/768 3240/2300/768
f 3244/2304/770 3241/2305/769 3242/2302/769
f 3246/2306/771 3243/2307/770 3244/2304/770
f 3248/2308/772 3245/2309/771 3246/2306/771
f 3250/2310/773 3247/2311/772 3248/2308/772
f 3252/2312/774 3249/2313/773 3250/2310/773
f 3254/2314/775 3251/2315/774 3252/2312/774
f 3256/2316/776 3253/2317/775 3254/2314/775
f 3258/2318/777 3255/2319/776 3256/2316/776
f 3260/2320/778 3257/2321/777 3258/2318/777
f 3262/2322/779 3259/2323/778 3260/2320/778
f 3264/2324/780 3261/2325/779 3262/2322/779
f 3266/2326/781 3263/2327/780 3264/2324/780
f 3268/2328/782 3265/2329/781 3266/2326/781
f 3270/2330/783 3267/2331/782 3268/2328/782
f 3272/2332/784 3269/2333/783 3270/2330/783
f 3274/2334/785 3271/2335/784 3272/2332/784
f 3276/2336/786 3273/2337/785 3274/2334/785
f 3278/2338/787 3275/2339/786 3276/2336/786
f 3280/2340/788 3277/2341/787 3278/2338/787
f 3282/2342/789 3279/2343/788 3280/2340/788
f 3284/2344/790 3281/2345/789 3282/2342/789
f 3286/2346/791 3283/2347/790 3284/2344/790
f 3288/2348/792 3285/2349/791 3286/2346/791
f 3290/2350/793 3287/2351/792 3288/2348/792
f 3292/2352/794 3289/2353/793 3290/2350/793
f 3294/2354/795 3291/2355/794 3292/2352/794
f 3296/2356/796 3293/2357/795 3294/2354/795
f 3298/2358/797 3295/2359/796 3296/2356/796
f 3300/2360/798 3297/2361/797 3298/2358/797
f 3302/2362/799 3299/2363/798 3300/2360/798
f 3304/2364/800 3301/2365/799 3302/2362/799
f 3306/2366/801 3303/2367/800 3304/2364/800
f 3308/2368/802 3305/2369/801 3306/2366/801
f 3310/2370/803 3307/2371/802 3308/2368/802
f 3312/2372/804 3309/2373/803 3310/2370/803
f 3314/2374/805 3311/2375/804 3312/2372/804
f 3316/2376/806 3313/2377/805 3314/2374/805
f 3318/2378/807 3315/2379/806 3316/2376/806
f 3320/2380/808 3317/2381/807 3318/2378/807
f 3322/2382/809 3319/2383/808 3320/2380/808
f 3324/2384/810 3321/2385/809 3322/2382/809
f 3326/2386/811 3323/2387/810 3324/2384/810
f 3328/2388/812 3325/2389/811 3326/2386/811
f 3330/2390/813 3327/2391/812 3328/2388/812
f 3332/2392/814 3329/2393/813 3330/2390/813
f 3334/2394/815 3331/2395/814 3332/2392/814
f 3336/2396/816 3333/2397/815 3334/2394/815
f 3338/2398/817 3335/2399/816 3336/2396/816
f 3340/2400/818 3337/2401/817 3338/2398/817
f 3342/2402/819 3339/2403/818 3340/2400/818
f 3344/2404/820 3341/2405/819 3342/2402/819
f 3346/2406/821 3343/2407/820 3344/2404/820
f 3348/2408/822 3345/2409/821 3346/2406/821
f 3350/2410/823 3347/2411/822 3348/2408/822
f 3352/2412/824 3349/2413/823 3350/2410/823
f 3354/2414/825 3351/2415/824 3352/2412/824
f 3356/2416/826 3353/2417/825 3354/2414/825
f 3358/2418/827 3355/2419/826 3356/2416/826
f 3360/2420/828 3357/2421/827 3358/2418/827
f 3362/2422/829 3359/2423/828 3360/2420/828
f 3364/2424/830 3361/2425/829 3362/2422/829
f 3366/2426/831 3363/2427/830 3364/2424/830
f 3368/2428/832 3365/2429/831 3366/2426/831
f 3370/2430/833 3367/2431/832 3368/2428/832
f 3372/2432/834 3369/2433/833 3370/2430/833
f 3374/2434/835 3371/2435/834 3372/2432/834
f 3376/2436/836 3373/2437/835 3374/2434/835
f 3378/2438/837 3375/2439/836 3376/2436/836
f 3380/2440/838 3377/2441/837 3378/2438/837
f 3382/2442/839 3379/2443/838 3380/2440/838
f 3384/2444/840 3381/2445/839 3382/2442/839
f 3386/2446/841 3383/2447/840 3384/2444/840
f 3388/2448/842 3385/2449/841 3386/2446/841
f 3390/2450/843 3387/2451/842 3388/2448/842
f 3392/2452/844 3389/2453/843 3390/2450/843
f 3394/2454/845 3391/2455/844 3392/2452/844
f 3396/2456/846 3393/2457/845 3394/2454/845
f 3398/2458/847 3395/2459/846 3396/2456/846
f 3400/2460/848 3397/2461/847 3398/2458/847
f 3402/2462/849 3399/2463/848 3400/2460/848
f 3404/2464/850 3401/2465/849 3402/2462/849
f 3406/2466/851 3403/2467/850 3404/2464/850
f 3408/2468/852 3405/2469/851 3406/2466/851
f 3410/2470/853 3407/2471/852 3408/2468/852
f 3412/2472/854 3409/2473/853 3410/2470/853
f 3414/2474/855 3411/2475/854 3412/2472/854
f 3416/2476/856 3413/2477/855 3414/2474/855
f 3418/2478/857 3415/2479/856 3416/2476/856
f 3420/2480/858 3417/2481/857 3418/2478/857
f 3422/2482/859 3419/2483/858 3420/2480/858
f 3424/2484/860 3421/2485/859 3422/2482/859
f 3426/2486/861 3423/2487/860 3424/2484/860
f 3428/2488/862 3425/2489/863 3426/2486/861
f 3430/2490/864 3427/2491/862 3428/2488/862
f 3432/2492/865 3429/2493/864 3430/2490/864
f 3434/2494/866 3431/2495/865 3432/2492/865
f 3436/2496/867 3433/2497/866 3434/2494/866
f 3438/2498/868 3435/2499/867 3436/2496/867
f 3440/2500/869 3437/2501/868 3438/2498/868
f 3442/2502/870 3439/2503/869 3440/2500/869
f 3444/2504/871 3441/2505/870 3442/2502/870
f 3446/2506/872 3443/2507/871 3444/2504/871
f 3448/2508/873 3445/2509/872 3446/2506/872
f 3450/2510/874 3447/2511/873 3448/2508/873
f 3452/2512/875 3449/2513/874 3450/2510/874
f 3032/2093/658 3451/2514/875 3452/2512/875
f 2936/2003/608 2935/2006/608 2933/1905/609
f 2938/2005/610 2937/2008/610 2935/2006/608
f 2940/2007/611 2939/2010/611 2937/2008/610
f 2942/2009/612 2941/2012/612 2939/2010/611
f 2944/2011/613 2943/2014/613 2941/2012/612
f 2946/2013/614 2945/2016/614 2943/2014/613
f 2948/2015/615 2947/1921/615 2945/2016/614
f 2950/2017/616 2949/2019/616 2947/1921/615
f 2952/2018/617 2951/2021/617 2949/2019/616
f 2954/2020/618 2953/2023/618 2951/2021/617
f 2956/2022/619 2955/2025/619 2953/2023/618
f 2958/2024/620 2957/2027/620 2955/2025/619
f 2960/2026/621 2959/2029/621 2957/2027/620
f 2962/2028/622 2961/1794/622 2959/2029/621
f 2964/2030/623 2963/2032/623 2961/1794/622
f 2966/2031/624 2965/2034/624 2963/2032/623
f 2968/2033/625 2967/2036/625 2965/2034/624
f 2970/2035/626 2969/2038/626 2967/2036/625
f 2972/2037/627 2971/2040/627 2969/2038/626
f 2974/2039/628 2973/2042/628 2971/2040/627
f 2976/2041/629 2975/1783/629 2973/2042/628
f 2978/2043/630 2977/2045/630 2975/1783/629
f 2980/2044/631 2979/2047/631 2977/2045/630
f 2982/2046/632 2981/2049/632 2979/2047/631
f 2984/2048/633 2983/2051/633 2981/2049/632
f 2986/2050/634 2985/2053/634 2983/2051/633
f 2988/2052/635 2987/2055/635 2985/2053/634
f 2990/2054/636 2989/1856/636 2987/2055/635
f 2992/2056/637 2991/2058/637 2989/1856/636
f 2994/2057/638 2993/2060/638 2991/2058/637
f 2996/2059/639 2995/2062/639 2993/2060/638
f 2998/2061/640 2997/2064/640 2995/2062/639
f 3000/2063/641 2999/2066/641 2997/2064/640
f 3002/2065/642 3001/2068/642 2999/2066/641
f 3004/2067/643 3003/1954/643 3001/2068/642
f 3006/2069/644 3005/2071/644 3003/1954/643
f 3008/2070/645 3007/2073/645 3005/2071/644
f 3010/2072/646 3009/2075/646 3007/2073/645
f 3012/2074/647 3011/2077/647 3009/2075/646
f 3014/2076/648 3013/2079/648 3011/2077/647
f 3016/2078/649 3015/2081/649 3013/2079/648
f 3018/2080/650 3017/1884/650 3015/2081/649
f 3020/2082/651 3019/2084/651 3017/1884/650
f 3022/2083/652 3021/2086/652 3019/2084/651
f 3024/2085/653 3023/2088/653 3021/2086/652
f 3026/2087/654 3025/2090/654 3023/2088/653
f 3028/2089/655 3027/2092/655 3025/2090/654
f 3030/2091/656 3029/2094/656 3027/2092/655
f 2934/2093/609 2933/1853/609 3029/2094/656
f 3034/2095/657 3033/2097/657 3031/1905/658
f 3036/2096/659 3035/2099/659 3033/2097/657
f 3038/2098/660 3037/2101/660 3035/2099/659
f 3040/2100/661 3039/2103/661 3037/2101/660
f 3042/2102/662 3041/2105/662 3039/2103/661
f 3044/2104/663 3043/2107/663 3041/2105/662
f 3046/2106/664 3045/2109/664 3043/2107/663
f 3048/2108/665 3047/2111/665 3045/2109/664
f 3050/2110/666 3049/2113/666 3047/2111/665
f 3052/2112/667 3051/2115/667 3049/2113/666
f 3054/2114/668 3053/2117/668 3051/2115/667
f 3056/2116/669 3055/2119/669 3053/2117/668
f 3058/2118/670 3057/2121/670 3055/2119/669
f 3060/2120/671 3059/2123/671 3057/2121/670
f 3062/2122/672 3061/2125/672 3059/2123/671
f 3064/2124/673 3063/2127/673 3061/2125/672
f 3066/2126/674 3065/2129/674 3063/2127/673
f 3068/2128/675 3067/2131/675 3065/2129/674
f 3070/2130/676 3069/2133/676 3067/2131/675
f 3072/2132/677 3071/2135/677 3069/2133/676
f 3074/2134/678 3073/2137/678 3071/2135/677
f 3076/2136/679 3075/2139/679 3073/2137/678
f 3078/2138/680 3077/2141/680 3075/2139/679
f 3080/2140/681 3079/2143/681 3077/2141/680
f 3082/2142/682 3081/2145/682 3079/2143/681
f 3084/2144/683 3083/2147/683 3081/2145/682
f 3086/2146/684 3085/2149/684 3083/2147/683
f 3088/2148/685 3087/2151/685 3085/2149/684
f 3090/2150/658 3089/2153/658 3087/2151/685
f 3092/2152/686 3091/2155/686 3089/2153/658
f 3094/2154/687 3093/2157/687 3091/2155/686
f 3096/2156/688 3095/2159/690 3093/2157/687
f 3098/2158/689 3097/2161/689 3095/2159/690
f 3100/2160/691 3099/2163/691 3097/2161/689
f 3102/2162/692 3101/2165/692 3099/2163/691
f 3104/2164/693 3103/2167/693 3101/2165/692
f 3106/2166/694 3105/2169/694 3103/2167/693
f 3108/2168/695 3107/2171/695 3105/2169/694
f 3110/2170/696 3109/2173/696 3107/2171/695
f 3112/2172/697 3111/2175/697 3109/2173/696
f 3114/2174/698 3113/2177/698 3111/2175/697
f 3116/2176/699 3115/2179/699 3113/2177/698
f 3118/2178/700 3117/2181/702 3115/2179/699
f 3120/2180/701 3119/2183/701 3117/2181/702
f 3122/2182/703 3121/2185/705 3119/2183/701
f 3124/2184/704 3123/2187/707 3121/2185/705
f 3126/2186/706 3125/2189/706 3123/2187/707
f 3128/2188/708 3127/2191/708 3125/2189/706
f 3130/2190/709 3129/2193/709 3127/2191/708
f 3132/2192/710 3131/2195/710 3129/2193/709
f 3134/2194/711 3133/2197/711 3131/2195/710
f 3136/2196/712 3135/2199/712 3133/2197/711
f 3138/2198/713 3137/2201/713 3135/2199/712
f 3140/2200/714 3139/2203/714 3137/2201/713
f 3142/2202/715 3141/2205/717 3139/2203/714
f 3144/2204/716 3143/2207/719 3141/2205/717
f 3146/2206/718 3145/2209/718 3143/2207/719
f 3148/2208/720 3147/2211/720 3145/2209/718
f 3150/2210/721 3149/2213/721 3147/2211/720
f 3152/2212/722 3151/2215/722 3149/2213/721
f 3154/2214/723 3153/2217/723 3151/2215/722
f 3156/2216/724 3155/2219/724 3153/2217/723
f 3158/2218/725 3157/2221/725 3155/2219/724
f 3160/2220/726 3159/2223/726 3157/2221/725
f 3162/2222/727 3161/2225/727 3159/2223/726
f 3164/2224/728 3163/2227/728 3161/2225/727
f 3166/2226/729 3165/2229/729 3163/2227/728
f 3168/2228/730 3167/2231/730 3165/2229/729
f 3170/2230/731 3169/2233/731 3167/2231/730
f 3172/2232/732 3171/2235/732 3169/2233/731
f 3174/2234/733 3173/2237/733 3171/2235/732
f 3176/2236/734 3175/2239/734 3173/2237/733
f 3178/2238/735 3177/2241/735 3175/2239/734
f 3180/2240/736 3179/2243/736 3177/2241/735
f 3182/2242/737 3181/2245/737 3179/2243/736
f 3184/2244/738 3183/2247/738 3181/2245/737
f 3186/2246/739 3185/2249/739 3183/2247/738
f 3188/2248/740 3187/2251/740 3185/2249/739
f 3190/2250/741 3189/2253/741 3187/2251/740
f 3192/2252/742 3191/2255/742 3189/2253/741
f 3194/2254/743 3193/2257/745 3191/2255/742
f 3196/2256/744 3195/2259/744 3193/2257/745
f 3198/2258/746 3197/2261/746 3195/2259/744
f 3200/2260/747 3199/2263/747 3197/2261/746
f 3202/2262/748 3201/2265/748 3199/2263/747
f 3204/2264/749 3203/2267/749 3201/2265/748
f 3206/2266/750 3205/2269/750 3203/2267/749
f 3208/2268/751 3207/2271/751 3205/2269/750
f 3210/2270/752 3209/2273/752 3207/2271/751
f 3212/2272/753 3211/2275/753 3209/2273/752
f 3214/2274/754 3213/2277/754 3211/2275/753
f 3216/2276/755 3215/2279/755 3213/2277/754
f 3218/2278/756 3217/2281/756 3215/2279/755
f 3220/2280/757 3219/2283/757 3217/2281/756
f 3222/2282/758 3221/2285/758 3219/2283/757
f 3224/2284/759 3223/2287/761 3221/2285/758
f 3226/2286/760 3225/2289/760 3223/2287/761
f 3228/2288/762 3227/2291/762 3225/2289/760
f 3230/2290/763 3229/2293/763 3227/2291/762
f 3232/2292/764 3231/2295/764 3229/2293/763
f 3234/2294/765 3233/2297/765 3231/2295/764
f 3236/2296/766 3235/2299/766 3233/2297/765
f 3238/2298/767 3237/2301/767 3235/2299/766
f 3240/2300/768 3239/2303/768 3237/2301/767
f 3242/2302/769 3241/2305/769 3239/2303/768
f 3244/2304/770 3243/2307/770 3241/2305/769
f 3246/2306/771 3245/2309/771 3243/2307/770
f 3248/2308/772 3247/2311/772 3245/2309/771
f 3250/2310/773 3249/2313/773 3247/2311/772
f 3252/2312/774 3251/2315/774 3249/2313/773
f 3254/2314/775 3253/2317/775 3251/2315/774
f 3256/2316/776 3255/2319/776 3253/2317/775
f 3258/2318/777 3257/2321/777 3255/2319/776
f 3260/2320/778 3259/2323/778 3257/2321/777
f 3262/2322/779 3261/2325/779 3259/2323/778
f 3264/2324/780 3263/2327/780 3261/2325/779
f 3266/2326/781 3265/2329/781 3263/2327/780
f 3268/2328/782 3267/2331/782 3265/2329/781
f 3270/2330/783 3269/2333/783 3267/2331/782
f 3272/2332/784 3271/2335/784 3269/2333/783
f 3274/2334/785 3273/2337/785 3271/2335/784
f 3276/2336/786 3275/2339/786 3273/2337/785
f 3278/2338/787 3277/2341/787 3275/2339/786
f 3280/2340/788 3279/2343/788 3277/2341/787
f 3282/2342/789 3281/2345/789 3279/2343/788
f 3284/2344/790 3283/2347/790 3281/2345/789
f 3286/2346/791 3285/2349/791 3283/2347/790
f 3288/2348/792 3287/2351/792 3285/2349/791
f 3290/2350/793 3289/2353/793 3287/2351/792
f 3292/2352/794 3291/2355/794 3289/2353/793
f 3294/2354/795 3293/2357/795 3291/2355/794
f 3296/2356/796 3295/2359/796 3293/2357/795
f 3298/2358/797 3297/2361/797 3295/2359/796
f 3300/2360/798 3299/2363/798 3297/2361/797
f 3302/2362/799 3301/2365/799 3299/2363/798
f 3304/2364/800 3303/2367/800 3301/2365/799
f 3306/2366/801 3305/2369/801 3303/2367/800
f 3308/2368/802 3307/2371/802 3305/2369/801
f 3310/2370/803 3309/2373/803 3307/2371/802
f 3312/2372/804 3311/2375/804 3309/2373/803
f 3314/2374/805 3313/2377/805 3311/2375/804
f 3316/2376/806 3315/2379/806 3313/2377/805
f 3318/2378/807 3317/2381/807 3315/2379/806
f 3320/2380/808 3319/2383/808 3317/2381/807
f 3322/2382/809 3321/2385/809 3319/2383/808
f 3324/2384/810 3323/2387/810 3321/2385/809
f 3326/2386/811 3325/2389/811 3323/2387/810
f 3328/2388/812 3327/2391/812 3325/2389/811
f 3330/2390/813 3329/2393/813 3327/2391/812
f 3332/2392/814 3331/2395/814 3329/2393/813
f 3334/2394/815 3333/2397/815 3331/2395/814
f 3336/2396/816 3335/2399/816 3333/2397/815
f 3338/2398/817 3337/2401/817 3335/2399/816
f 3340/2400/818 3339/2403/818 3337/2401/817
f 3342/2402/819 3341/2405/819 3339/2403/818
f 3344/2404/820 3343/2407/820 3341/2405/819
f 3346/2406/821 3345/2409/821 3343/2407/820
f 3348/2408/822 3347/2411/822 3345/2409/821
f 3350/2410/823 3349/2413/823 3347/2411/822
f 3352/2412/824 3351/2415/824 3349/2413/823
f 3354/2414/825 3353/2417/825 3351/2415/824
f 3356/2416/826 3355/2419/826 3353/2417/825
f 3358/2418/827 3357/2421/827 3355/2419/826
f 3360/2420/828 3359/2423/828 3357/2421/827
f 3362/2422/829 3361/2425/829 3359/2423/828
f 3364/2424/830 3363/2427/830 3361/2425/829
f 3366/2426/831 3365/2429/831 3363/2427/830
f 3368/2428/832 3367/2431/832 3365/2429/831
f 3370/2430/833 3369/2433/833 3367/2431/832
f 3372/2432/834 3371/2435/834 3369/2433/833
f 3374/2434/835 3373/2437/835 3371/2435/834
f 3376/2436/836 3375/2439/836 3373/2437/835
f 3378/2438/837 3377/2441/837 3375/2439/836
f 3380/2440/838 3379/2443/838 3377/2441/837
f 3382/2442/839 3381/2445/839 3379/2443/838
f 3384/2444/840 3383/2447/840 3381/2445/839
f 3386/2446/841 3385/2449/841 3383/2447/840
f 3388/2448/842 3387/2451/842 3385/2449/841
f 3390/2450/843 3389/2453/843 3387/2451/842
f 3392/2452/844 3391/2455/844 3389/2453/843
f 3394/2454/845 3393/2457/845 3391/2455/844
f 3396/2456/846 3395/2459/846 3393/2457/845
f 3398/2458/847 3397/2461/847 3395/2459/846
f 3400/2460/848 3399/2463/848 3397/2461/847
f 3402/2462/849 3401/2465/849 3399/2463/848
f 3404/2464/850 3403/2467/850 3401/2465/849
f 3406/2466/851 3405/2469/851 3403/2467/850
f 3408/2468/852 3407/2471/852 3405/2469/851
f 3410/2470/853 3409/2473/853 3407/2471/852
f 3412/2472/854 3411/2475/854 3409/2473/853
f 3414/2474/855 3413/2477/855 3411/2475/854
f 3416/2476/856 3415/2479/856 3413/2477/855
f 3418/2478/857 3417/2481/857 3415/2479/856
f 3420/2480/858 3419/2483/858 3417/2481/857
f 3422/2482/859 3421/2485/859 3419/2483/858
f 3424/2484/860 3423/2487/860 3421/2485/859
f 3426/2486/861 3425/2489/863 3423/2487/860
f 3428/2488/862 3427/2491/862 3425/2489/863
f 3430/2490/864 3429/2493/864 3427/2491/862
f 3432/2492/865 3431/2495/865 3429/2493/864
f 3434/2494/866 3433/2497/866 3431/2495/865
f 3436/2496/867 3435/2499/867 3433/2497/866
f 3438/2498/868 3437/2501/868 3435/2499/867
f 3440/2500/869 3439/2503/869 3437/2501/868
f 3442/2502/870 3441/2505/870 3439/2503/869
f 3444/2504/871 3443/2507/871 3441/2505/870
f 3446/2506/872 3445/2509/872 3443/2507/871
f 3448/2508/873 3447/2511/873 3445/2509/872
f 3450/2510/874 3449/2513/874 3447/2511/873
f 3452/2512/875 3451/2514/875 3449/2513/874
f 3032/2093/658 3031/1853/658 3451/2514/875
o Text.003
v -3.085545 0.625834 -0.070000
v -3.109022 0.628269 -0.070000
v -3.136770 0.631093 -0.070000
v -3.168342 0.634251 -0.070000
v -3.203288 0.637686 -0.070000
v -3.241161 0.641343 -0.070000
v -3.281513 0.645167 -0.070000
v -3.323897 0.649102 -0.070000
v -3.367864 0.653093 -0.070000
v -3.412967 0.657084 -0.070000
v -3.458756 0.661019 -0.070000
v -3.504786 0.664843 -0.070000
v -3.531717 0.667031 -0.070000
v -3.557981 0.669093 -0.070000
v -3.583536 0.671031 -0.070000
v -3.608342 0.672843 -0.070000
v -3.632356 0.674531 -0.070000
v -3.655536 0.676093 -0.070000
v -3.677842 0.677531 -0.070000
v -3.699231 0.678843 -0.070000
v -3.719661 0.680031 -0.070000
v -3.739092 0.681093 -0.070000
v -3.757481 0.682031 -0.070000
v -3.774786 0.682843 -0.070000
v -3.774786 0.602843 -0.070000
v -3.759930 0.602815 -0.070000
v -3.744018 0.602700 -0.070000
v -3.727286 0.602453 -0.070000
v -3.709971 0.602028 -0.070000
v -3.692309 0.601382 -0.070000
v -3.674536 0.600468 -0.070000
v -3.656888 0.599242 -0.070000
v -3.639601 0.597658 -0.070000
v -3.622911 0.595671 -0.070000
v -3.607055 0.593237 -0.070000
v -3.592268 0.590309 -0.070000
v -3.578786 0.586843 -0.070000
v -3.544450 0.573215 -0.070000
v -3.512517 0.555653 -0.070000
v -3.483099 0.534640 -0.070000
v -3.456305 0.510658 -0.070000
v -3.432247 0.484190 -0.070000
v -3.411036 0.455718 -0.070000
v -3.392784 0.425726 -0.070000
v -3.377601 0.394695 -0.070000
v -3.365599 0.363109 -0.070000
v -3.356888 0.331450 -0.070000
v -3.351580 0.300200 -0.070000
v -3.349786 0.269843 -0.070000
v -3.353462 0.223819 -0.070000
v -3.364022 0.183070 -0.070000
v -3.380770 0.147328 -0.070000
v -3.403008 0.116325 -0.070000
v -3.430038 0.089794 -0.070000
v -3.461161 0.067468 -0.070000
v -3.495680 0.049080 -0.070000
v -3.532897 0.034362 -0.070000
v -3.572114 0.023046 -0.070000
v -3.612633 0.014866 -0.070000
v -3.653757 0.009554 -0.070000
v -3.694786 0.006843 -0.070000
v -3.665786 -0.076157 -0.070000
v -3.619132 -0.072472 -0.070000
v -3.572217 -0.064842 -0.070000
v -3.525864 -0.053157 -0.070000
v -3.480897 -0.037305 -0.070000
v -3.438138 -0.017175 -0.070000
v -3.398411 0.007343 -0.070000
v -3.362538 0.036362 -0.070000
v -3.331342 0.069991 -0.070000
v -3.305645 0.108343 -0.070000
v -3.286272 0.151528 -0.070000
v -3.274045 0.199658 -0.070000
v -3.269786 0.252843 -0.070000
v -3.271709 0.291214 -0.070000
v -3.277249 0.328227 -0.070000
v -3.286067 0.363734 -0.070000
v -3.297823 0.397584 -0.070000
v -3.312176 0.429629 -0.070000
v -3.328786 0.459718 -0.070000
v -3.347313 0.487704 -0.070000
v -3.367416 0.513436 -0.070000
v -3.388755 0.536765 -0.070000
v -3.410990 0.557542 -0.070000
v -3.433780 0.575618 -0.070000
v -3.456786 0.590843 -0.070000
v -3.427123 0.587601 -0.070000
v -3.392318 0.583903 -0.070000
v -3.353395 0.579796 -0.070000
v -3.311379 0.575325 -0.070000
v -3.267292 0.570534 -0.070000
v -3.222161 0.565468 -0.070000
v -3.177009 0.560174 -0.070000
v -3.132860 0.554695 -0.070000
v -3.090739 0.549078 -0.070000
v -3.051670 0.543366 -0.070000
v -3.016678 0.537606 -0.070000
v -2.986786 0.531843 -0.070000
v -2.977786 0.618843 -0.070000
v -2.987157 0.619113 -0.070000
v -2.996254 0.619422 -0.070000
v -3.005052 0.619765 -0.070000
v -3.013527 0.620139 -0.070000
v -3.021655 0.620542 -0.070000
v -3.029411 0.620968 -0.070000
v -3.036772 0.621416 -0.070000
v -3.043712 0.621880 -0.070000
v -3.050208 0.622359 -0.070000
v -3.056235 0.622848 -0.070000
v -3.061769 0.623344 -0.070000
v -3.066786 0.623843 -0.070000
v -3.661786 0.316843 -0.070000
v -3.655914 0.328918 -0.070000
v -3.649809 0.341107 -0.070000
v -3.643489 0.353359 -0.070000
v -3.636971 0.365621 -0.070000
v -3.630273 0.377841 -0.070000
v -3.623411 0.389968 -0.070000
v -3.616404 0.401949 -0.070000
v -3.609268 0.413732 -0.070000
v -3.602021 0.425265 -0.070000
v -3.594680 0.436496 -0.070000
v -3.587262 0.447373 -0.070000
v -3.579786 0.457843 -0.070000
v -3.630786 0.479843 -0.070000
v -3.636830 0.471016 -0.070000
v -3.643388 0.461144 -0.070000
v -3.650349 0.450390 -0.070000
v -3.657601 0.438917 -0.070000
v -3.665034 0.426889 -0.070000
v -3.672536 0.414468 -0.070000
v -3.679997 0.401818 -0.070000
v -3.687304 0.389102 -0.070000
v -3.694349 0.376484 -0.070000
v -3.701018 0.364126 -0.070000
v -3.707201 0.352191 -0.070000
v -3.712786 0.340843 -0.070000
v -3.774786 0.358843 -0.070000
v -3.768684 0.371089 -0.070000
v -3.762383 0.383311 -0.070000
v -3.755895 0.395484 -0.070000
v -3.749230 0.407584 -0.070000
v -3.742399 0.419587 -0.070000
v -3.735411 0.431468 -0.070000
v -3.728277 0.443204 -0.070000
v -3.721008 0.454769 -0.070000
v -3.713614 0.466140 -0.070000
v -3.706105 0.477292 -0.070000
v -3.698493 0.488201 -0.070000
v -3.690786 0.498843 -0.070000
v -3.739786 0.521843 -0.070000
v -3.746100 0.513036 -0.070000
v -3.752967 0.503218 -0.070000
v -3.760271 0.492546 -0.070000
v -3.767897 0.481177 -0.070000
v -3.775732 0.469265 -0.070000
v -3.783661 0.456968 -0.070000
v -3.791569 0.444442 -0.070000
v -3.799342 0.431843 -0.070000
v -3.806864 0.419328 -0.070000
v -3.814022 0.407052 -0.070000
v -3.820701 0.395171 -0.070000
v -3.826786 0.383843 -0.070000
v -3.085545 0.625834 0.070000
v -3.109022 0.628269 0.070000
v -3.136770 0.631093 0.070000
v -3.168342 0.634251 0.070000
v -3.203288 0.637686 0.070000
v -3.241161 0.641343 0.070000
v -3.281513 0.645167 0.070000
v -3.323897 0.649102 0.070000
v -3.367864 0.653093 0.070000
v -3.412967 0.657084 0.070000
v -3.458756 0.661019 0.070000
v -3.504786 0.664843 0.070000
v -3.531717 0.667031 0.070000
v -3.557981 0.669093 0.070000
v -3.583536 0.671031 0.070000
v -3.608342 0.672843 0.070000
v -3.632356 0.674531 0.070000
v -3.655536 0.676093 0.070000
v -3.677842 0.677531 0.070000
v -3.699231 0.678843 0.070000
v -3.719661 0.680031 0.070000
v -3.739092 0.681093 0.070000
v -3.757481 0.682031 0.070000
v -3.774786 0.682843 0.070000
v -3.774786 0.602843 0.070000
v -3.759930 0.602815 0.070000
v -3.744018 0.602700 0.070000
v -3.727286 0.602453 0.070000
v -3.709971 0.602028 0.070000
v -3.692309 0.601382 0.070000
v -3.674536 0.600468 0.070000
v -3.656888 0.599242 0.070000
v -3.639601 0.597658 0.070000
v -3.622911 0.595671 0.070000
v -3.607055 0.593237 0.070000
v -3.592268 0.590309 0.070000
v -3.578786 0.586843 0.070000
v -3.544450 0.573215 0.070000
v -3.512517 0.555653 0.070000
v -3.483099 0.534640 0.070000
v -3.456305 0.510658 0.070000
v -3.432247 0.484190 0.070000
v -3.411036 0.455718 0.070000
v -3.392784 0.425726 0.070000
v -3.377601 0.394695 0.070000
v -3.365599 0.363109 0.070000
v -3.356888 0.331450 0.070000
v -3.351580 0.300200 0.070000
v -3.349786 0.269843 0.070000
v -3.353462 0.223819 0.070000
v -3.364022 0.183070 0.070000
v -3.380770 0.147328 0.070000
v -3.403008 0.116325 0.070000
v -3.430038 0.089794 0.070000
v -3.461161 0.067468 0.070000
v -3.495680 0.049080 0.070000
v -3.532897 0.034362 0.070000
v -3.572114 0.023046 0.070000
v -3.612633 0.014866 0.070000
v -3.653757 0.009554 0.070000
v -3.694786 0.006843 0.070000
v -3.665786 -0.076157 0.070000
v -3.619132 -0.072472 0.070000
v -3.572217 -0.064842 0.070000
v -3.525864 -0.053157 0.070000
v -3.480897 -0.037305 0.070000
v -3.438138 -0.017175 0.070000
v -3.398411 0.007343 0.070000
v -3.362538 0.036362 0.070000
v -3.331342 0.069991 0.070000
v -3.305645 0.108343 0.070000
v -3.286272 0.151528 0.070000
v -3.274045 0.199658 0.070000
v -3.269786 0.252843 0.070000
v -3.271709 0.291214 0.070000
v -3.277249 0.328227 0.070000
v -3.286067 0.363734 0.070000
v -3.297823 0.397584 0.070000
v -3.312176 0.429629 0.070000
v -3.328786 0.459718 0.070000
v -3.347313 0.487704 0.070000
v -3.367416 0.513436 0.070000
v -3.388755 0.536765 0.070000
v -3.410990 0.557542 0.070000
v -3.433780 0.575618 0.070000
v -3.456786 0.590843 0.070000
v -3.427123 0.587601 0.070000
v -3.392318 0.583903 0.070000
v -3.353395 0.579796 0.070000
v -3.311379 0.575325 0.070000
v -3.267292 0.570534 0.070000
v -3.222161 0.565468 0.070000
v -3.177009 0.560174 0.070000
v -3.132860 0.554695 0.070000
v -3.090739 0.549078 0.070000
v -3.051670 0.543366 0.070000
v -3.016678 0.537606 0.070000
v -2.986786 0.531843 0.070000
v -2.977786 0.618843 0.070000
v -2.987157 0.619113 0.070000
v -2.996254 0.619422 0.070000
v -3.005052 0.619765 0.070000
v -3.013527 0.620139 0.070000
v -3.021655 0.620542 0.070000
v -3.029411 0.620968 0.070000
v -3.036772 0.621416 0.070000
v -3.043712 0.621880 0.070000
v -3.050208 0.622359 0.070000
v -3.056235 0.622848 0.070000
v -3.061769 0.623344 0.070000
v -3.066786 0.623843 0.070000
v -3.661786 0.316843 0.070000
v -3.655914 0.328918 0.070000
v -3.649809 0.341107 0.070000
v -3.643489 0.353359 0.070000
v -3.636971 0.365621 0.070000
v -3.630273 0.377841 0.070000
v -3.623411 0.389968 0.070000
v -3.616404 0.401949 0.070000
v -3.609268 0.413732 0.070000
v -3.602021 0.425265 0.070000
v -3.594680 0.436496 0.070000
v -3.587262 0.447373 0.070000
v -3.579786 0.457843 0.070000
v -3.630786 0.479843 0.070000
v -3.636830 0.471016 0.070000
v -3.643388 0.461144 0.070000
v -3.650349 0.450390 0.070000
v -3.657601 0.438917 0.070000
v -3.665034 0.426889 0.070000
v -3.672536 0.414468 0.070000
v -3.679997 0.401818 0.070000
v -3.687304 0.389102 0.070000
v -3.694349 0.376484 0.070000
v -3.701018 0.364126 0.070000
v -3.707201 0.352191 0.070000
v -3.712786 0.340843 0.070000
v -3.774786 0.358843 0.070000
v -3.768684 0.371089 0.070000
v -3.762383 0.383311 0.070000
v -3.755895 0.395484 0.070000
v -3.749230 0.407584 0.070000
v -3.742399 0.419587 0.070000
v -3.735411 0.431468 0.070000
v -3.728277 0.443204 0.070000
v -3.721008 0.454769 0.070000
v -3.713614 0.466140 0.070000
v -3.706105 0.477292 0.070000
v -3.698493 0.488201 0.070000
v -3.690786 0.498843 0.070000
v -3.739786 0.521843 0.070000
v -3.746100 0.513036 0.070000
v -3.752967 0.503218 0.070000
v -3.760271 0.492546 0.070000
v -3.767897 0.481177 0.070000
v -3.775732 0.469265 0.070000
v -3.783661 0.456968 0.070000
v -3.791569 0.444442 0.070000
v -3.799342 0.431843 0.070000
v -3.806864 0.419328 0.070000
v -3.814022 0.407052 0.070000
v -3.820701 0.395171 0.070000
v -3.826786 0.383843 0.070000
v -3.085545 0.625834 0.070000
v -3.085545 0.625834 -0.070000
v -3.109022 0.628269 0.070000
v -3.109022 0.628269 -0.070000
v -3.136770 0.631093 0.070000
v -3.136770 0.631093 -0.070000
v -3.168342 0.634251 0.070000
v -3.168342 0.634251 -0.070000
v -3.203288 0.637686 0.070000
v -3.203288 0.637686 -0.070000
v -3.241161 0.641343 0.070000
v -3.241161 0.641343 -0.070000
v -3.281513 0.645167 0.070000
v -3.281513 0.645167 -0.070000
v -3.323897 0.649102 0.070000
v -3.323897 0.649102 -0.070000
v -3.367864 0.653093 0.070000
v -3.367864 0.653093 -0.070000
v -3.412967 0.657084 0.070000
v -3.412967 0.657084 -0.070000
v -3.458756 0.661019 0.070000
v -3.458756 0.661019 -0.070000
v -3.504786 0.664843 0.070000
v -3.504786 0.664843 -0.070000
v -3.531717 0.667031 0.070000
v -3.531717 0.667031 -0.070000
v -3.557981 0.669093 0.070000
v -3.557981 0.669093 -0.070000
v -3.583536 0.671031 0.070000
v -3.583536 0.671031 -0.070000
v -3.608342 0.672843 0.070000
v -3.608342 0.672843 -0.070000
v -3.632356 0.674531 0.070000
v -3.632356 0.674531 -0.070000
v -3.655536 0.676093 0.070000
v -3.655536 0.676093 -0.070000
v -3.677842 0.677531 0.070000
v -3.677842 0.677531 -0.070000
v -3.699231 0.678843 0.070000
v -3.699231 0.678843 -0.070000
v -3.719661 0.680031 0.070000
v -3.719661 0.680031 -0.070000
v -3.739092 0.681093 0.070000
v -3.739092 0.681093 -0.070000
v -3.757481 0.682031 0.070000
v -3.757481 0.682031 -0.070000
v -3.774786 0.682843 0.070000
v -3.774786 0.682843 -0.070000
v -3.774786 0.602843 0.070000
v -3.774786 0.602843 -0.070000
v -3.759930 0.602815 0.070000
v -3.759930 0.602815 -0.070000
v -3.744018 0.602700 0.070000
v -3.744018 0.602700 -0.070000
v -3.727286 0.602453 0.070000
v -3.727286 0.602453 -0.070000
v -3.709971 0.602028 0.070000
v -3.709971 0.602028 -0.070000
v -3.692309 0.601382 0.070000
v -3.692309 0.601382 -0.070000
v -3.674536 0.600468 0.070000
v -3.674536 0.600468 -0.070000
v -3.656888 0.599242 0.070000
v -3.656888 0.599242 -0.070000
v -3.639601 0.597658 0.070000
v -3.639601 0.597658 -0.070000
v -3.622911 0.595671 0.070000
v -3.622911 0.595671 -0.070000
v -3.607055 0.593237 0.070000
v -3.607055 0.593237 -0.070000
v -3.592268 0.590309 0.070000
v -3.592268 0.590309 -0.070000
v -3.578786 0.586843 0.070000
v -3.578786 0.586843 -0.070000
v -3.544450 0.573215 0.070000
v -3.544450 0.573215 -0.070000
v -3.512517 0.555653 0.070000
v -3.512517 0.555653 -0.070000
v -3.483099 0.534640 0.070000
v -3.483099 0.534640 -0.070000
v -3.456305 0.510658 0.070000
v -3.456305 0.510658 -0.070000
v -3.432247 0.484190 0.070000
v -3.432247 0.484190 -0.070000
v -3.411036 0.455718 0.070000
v -3.411036 0.455718 -0.070000
v -3.392784 0.425726 0.070000
v -3.392784 0.425726 -0.070000
v -3.377601 0.394695 0.070000
v -3.377601 0.394695 -0.070000
v -3.365599 0.363109 0.070000
v -3.365599 0.363109 -0.070000
v -3.356888 0.331450 0.070000
v -3.356888 0.331450 -0.070000
v -3.351580 0.300200 0.070000
v -3.351580 0.300200 -0.070000
v -3.349786 0.269843 0.070000
v -3.349786 0.269843 -0.070000
v -3.353462 0.223819 0.070000
v -3.353462 0.223819 -0.070000
v -3.364022 0.183070 0.070000
v -3.364022 0.183070 -0.070000
v -3.380770 0.147328 0.070000
v -3.380770 0.147328 -0.070000
v -3.403008 0.116325 0.070000
v -3.403008 0.116325 -0.070000
v -3.430038 0.089794 0.070000
v -3.430038 0.089794 -0.070000
v -3.461161 0.067468 0.070000
v -3.461161 0.067468 -0.070000
v -3.495680 0.049080 0.070000
v -3.495680 0.049080 -0.070000
v -3.532897 0.034362 0.070000
v -3.532897 0.034362 -0.070000
v -3.572114 0.023046 0.070000
v -3.572114 0.023046 -0.070000
v -3.612633 0.014866 0.070000
v -3.612633 0.014866 -0.070000
v -3.653757 0.009554 0.070000
v -3.653757 0.009554 -0.070000
v -3.694786 0.006843 0.070000
v -3.694786 0.006843 -0.070000
v -3.665786 -0.076157 0.070000
v -3.665786 -0.076157 -0.070000
v -3.619132 -0.072472 0.070000
v -3.619132 -0.072472 -0.070000
v -3.572217 -0.064842 0.070000
v -3.572217 -0.064842 -0.070000
v -3.525864 -0.053157 0.070000
v -3.525864 -0.053157 -0.070000
v -3.480897 -0.037305 0.070000
v -3.480897 -0.037305 -0.070000
v -3.438138 -0.017175 0.070000
v -3.438138 -0.017175 -0.070000
v -3.398411 0.007343 0.070000
v -3.398411 0.007343 -0.070000
v -3.362538 0.036362 0.070000
v -3.362538 0.036362 -0.070000
v -3.331342 0.069991 0.070000
v -3.331342 0.069991 -0.070000
v -3.305645 0.108343 0.070000
v -3.305645 0.108343 -0.070000
v -3.286272 0.151528 0.070000
v -3.286272 0.151528 -0.070000
v -3.274045 0.199658 0.070000
v -3.274045 0.199658 -0.070000
v -3.269786 0.252843 0.070000
v -3.269786 0.252843 -0.070000
v -3.271709 0.291214 0.070000
v -3.271709 0.291214 -0.070000
v -3.277249 0.328227 0.070000
v -3.277249 0.328227 -0.070000
v -3.286067 0.363734 0.070000
v -3.286067 0.363734 -0.070000
v -3.297823 0.397584 0.070000
v -3.297823 0.397584 -0.070000
v -3.312176 0.429629 0.070000
v -3.312176 0.429629 -0.070000
v -3.328786 0.459718 0.070000
v -3.328786 0.459718 -0.070000
v -3.347313 0.487704 0.070000
v -3.347313 0.487704 -0.070000
v -3.367416 0.513436 0.070000
v -3.367416 0.513436 -0.070000
v -3.388755 0.536765 0.070000
v -3.388755 0.536765 -0.070000
v -3.410990 0.557542 0.070000
v -3.410990 0.557542 -0.070000
v -3.433780 0.575618 0.070000
v -3.433780 0.575618 -0.070000
v -3.456786 0.590843 0.070000
v -3.456786 0.590843 -0.070000
v -3.427123 0.587601 0.070000
v -3.427123 0.587601 -0.070000
v -3.392318 0.583903 0.070000
v -3.392318 0.583903 -0.070000
v -3.353395 0.579796 0.070000
v -3.353395 0.579796 -0.070000
v -3.311379 0.575325 0.070000
v -3.311379 0.575325 -0.070000
v -3.267292 0.570534 0.070000
v -3.267292 0.570534 -0.070000
v -3.222161 0.565468 0.070000
v -3.222161 0.565468 -0.070000
v -3.177009 0.560174 0.070000
v -3.177009 0.560174 -0.070000
v -3.132860 0.554695 0.070000
v -3.132860 0.554695 -0.070000
v -3.090739 0.549078 0.070000
v -3.090739 0.549078 -0.070000
v -3.051670 0.543366 0.070000
v -3.051670 0.543366 -0.070000
v -3.016678 0.537606 0.070000
v -3.016678 0.537606 -0.070000
v -2.986786 0.531843 0.070000
v -2.986786 0.531843 -0.070000
v -2.977786 0.618843 0.070000
v -2.977786 0.618843 -0.070000
v -2.987157 0.619113 0.070000
v -2.987157 0.619113 -0.070000
v -2.996254 0.619422 0.070000
v -2.996254 0.619422 -0.070000
v -3.005052 0.619765 0.070000
v -3.005052 0.619765 -0.070000
v -3.013527 0.620139 0.070000
v -3.013527 0.620139 -0.070000
v -3.021655 0.620542 0.070000
v -3.021655 0.620542 -0.070000
v -3.029411 0.620968 0.070000
v -3.029411 0.620968 -0.070000
v -3.036772 0.621416 0.070000
v -3.036772 0.621416 -0.070000
v -3.043712 0.621880 0.070000
v -3.043712 0.621880 -0.070000
v -3.050208 0.622359 0.070000
v -3.050208 0.622359 -0.070000
v -3.056235 0.622848 0.070000
v -3.056235 0.622848 -0.070000
v -3.061769 0.623344 0.070000
v -3.061769 0.623344 -0.070000
v -3.066786 0.623843 0.070000
v -3.066786 0.623843 -0.070000
v -3.661786 0.316843 0.070000
v -3.661786 0.316843 -0.070000
v -3.655914 0.328918 0.070000
v -3.655914 0.328918 -0.070000
v -3.649809 0.341107 0.070000
v -3.649809 0.341107 -0.070000
v -3.643489 0.353359 0.070000
v -3.643489 0.353359 -0.070000
v -3.636971 0.365621 0.070000
v -3.636971 0.365621 -0.070000
v -3.630273 0.377841 0.070000
v -3.630273 0.377841 -0.070000
v -3.623411 0.389968 0.070000
v -3.623411 0.389968 -0.070000
v -3.616404 0.401949 0.070000
v -3.616404 0.401949 -0.070000
v -3.609268 0.413732 0.070000
v -3.609268 0.413732 -0.070000
v -3.602021 0.425265 0.070000
v -3.602021 0.425265 -0.070000
v -3.594680 0.436496 0.070000
v -3.594680 0.436496 -0.070000
v -3.587262 0.447373 0.070000
v -3.587262 0.447373 -0.070000
v -3.579786 0.457843 0.070000
v -3.579786 0.457843 -0.070000
v -3.630786 0.479843 0.070000
v -3.630786 0.479843 -0.070000
v -3.636830 0.471016 0.070000
v -3.636830 0.471016 -0.070000
v -3.643388 0.461144 0.070000
v -3.643388 0.461144 -0.070000
v -3.650349 0.450390 0.070000
v -3.650349 0.450390 -0.070000
v -3.657601 0.438917 0.070000
v -3.657601 0.438917 -0.070000
v -3.665034 0.426889 0.070000
v -3.665034 0.426889 -0.070000
v -3.672536 0.414468 0.070000
v -3.672536 0.414468 -0.070000
v -3.679997 0.401818 0.070000
v -3.679997 0.401818 -0.070000
v -3.687304 0.389102 0.070000
v -3.687304 0.389102 -0.070000
v -3.694349 0.376484 0.070000
v -3.694349 0.376484 -0.070000
v -3.701018 0.364126 0.070000
v -3.701018 0.364126 -0.070000
v -3.707201 0.352191 0.070000
v -3.707201 0.352191 -0.070000
v -3.712786 0.340843 0.070000
v -3.712786 0.340843 -0.070000
v -3.774786 0.358843 0.070000
v -3.774786 0.358843 -0.070000
v -3.768684 0.371089 0.070000
v -3.768684 0.371089 -0.070000
v -3.762383 0.383311 0.070000
v -3.762383 0.383311 -0.070000
v -3.755895 0.395484 0.070000
v -3.755895 0.395484 -0.070000
v -3.749230 0.407584 0.070000
v -3.749230 0.407584 -0.070000
v -3.742399 0.419587 0.070000
v -3.742399 0.419587 -0.070000
v -3.735411 0.431468 0.070000
v -3.735411 0.431468 -0.070000
v -3.728277 0.443204 0.070000
v -3.728277 0.443204 -0.070000
v -3.721008 0.454769 0.070000
v -3.721008 0.454769 -0.070000
v -3.713614 0.466140 0.070000
v -3.713614 0.466140 -0.070000
v -3.706105 0.477292 0.070000
v -3.706105 0.477292 -0.070000
v -3.698493 0.488201 0.070000
v -3.698493 0.488201 -0.070000
v -3.690786 0.498843 0.070000
v -3.690786 0.498843 -0.070000
v -3.739786 0.521843 0.070000
v -3.739786 0.521843 -0.070000
v -3.746100 0.513036 0.070000
v -3.746100 0.513036 -0.070000
v -3.752967 0.503218 0.070000
v -3.752967 0.503218 -0.070000
v -3.760271 0.492546 0.070000
v -3.760271 0.492546 -0.070000
v -3.767897 0.481177 0.070000
v -3.767897 0.481177 -0.070000
v -3.775732 0.469265 0.070000
v -3.775732 0.469265 -0.070000
v -3.783661 0.456968 0.070000
v -3.783661 0.456968 -0.070000
v -3.791569 0.444442 0.070000
v -3.791569 0.444442 -0.070000
v -3.799342 0.431843 0.070000
v -3.799342 0.431843 -0.070000
v -3.806864 0.419328 0.070000
v -3.806864 0.419328 -0.070000
v -3.814022 0.407052 0.070000
v -3.814022 0.407052 -0.070000
v -3.820701 0.395171 0.070000
v -3.820701 0.395171 -0.070000
v -3.826786 0.383843 0.070000
v -3.826786 0.383843 -0.070000
vn -0.0000 -0.0000 -1.0000
vn -0.0001 -0.0000 -1.0000
vn -0.0000 -0.0000 1.0000
vn -0.0001 -0.0000 1.0000
vn 0.1022 0.9948 -0.0000
vn 0.1044 0.9945 -0.0000
vn 0.1004 0.9949 -0.0000
vn 0.0987 0.9951 -0.0000
vn 0.0970 0.9953 -0.0000
vn 0.0952 0.9955 -0.0000
vn 0.0934 0.9956 -0.0000
vn 0.0914 0.9958 -0.0000
vn 0.0893 0.9960 -0.0000
vn 0.0869 0.9962 -0.0000
vn 0.0842 0.9964 -0.0000
vn 0.0819 0.9966 -0.0000
vn 0.0796 0.9968 -0.0000
vn 0.0769 0.9970 -0.0000
vn 0.0742 0.9972 -0.0000
vn 0.0715 0.9974 -0.0000
vn 0.0687 0.9976 -0.0000
vn 0.0658 0.9978 -0.0000
vn 0.0628 0.9980 -0.0000
vn 0.0596 0.9982 -0.0000
vn 0.0563 0.9984 -0.0000
vn 0.0528 0.9986 -0.0000
vn 0.0489 0.9988 -0.0000
vn -0.6903 0.7235 -0.0000
vn -0.7078 -0.7064 -0.0000
vn -0.0046 -1.0000 -0.0000
vn -0.0110 -0.9999 -0.0000
vn -0.0196 -0.9998 -0.0000
vn -0.0305 -0.9995 -0.0000
vn -0.0440 -0.9990 -0.0000
vn -0.0603 -0.9982 -0.0000
vn -0.0803 -0.9968 -0.0000
vn -0.1047 -0.9945 -0.0000
vn -0.1350 -0.9908 -0.0000
vn -0.1730 -0.9849 -0.0000
vn -0.2217 -0.9751 -0.0000
vn -0.3096 -0.9509 -0.0000
vn -0.4262 -0.9046 -0.0000
vn -0.5325 -0.8464 -0.0000
vn -0.6250 -0.7806 -0.0000
vn -0.7044 -0.7098 -0.0000
vn -0.7719 -0.6358 -0.0000
vn -0.8290 -0.5593 -0.0000
vn -0.8772 -0.4802 -0.0000
vn -0.9175 -0.3978 -0.0000
vn -0.9505 -0.3106 -0.0000
vn -0.9763 -0.2166 -0.0000
vn -0.9936 -0.1134 -0.0000
vn -0.9999 0.0103 -0.0000
vn -0.9935 -0.1134 -0.0000
vn -0.9861 0.1659 -0.0000
vn -0.9408 0.3390 -0.0000
vn -0.8627 0.5057 -0.0000
vn -0.7594 0.6507 -0.0000
vn -0.6436 0.7654 -0.0000
vn -0.5277 0.8494 -0.0000
vn -0.4196 0.9077 -0.0000
vn -0.3229 0.9464 -0.0000
vn -0.2378 0.9713 -0.0000
vn -0.1631 0.9866 -0.0000
vn -0.0971 0.9953 -0.0000
vn -0.8341 0.5516 -0.0000
vn -0.5463 -0.8376 -0.0000
vn 0.1197 -0.9928 -0.0000
vn 0.2027 -0.9792 -0.0000
vn 0.2888 -0.9574 -0.0000
vn 0.3797 -0.9251 -0.0000
vn 0.4763 -0.8793 -0.0000
vn 0.5782 -0.8159 -0.0000
vn 0.6828 -0.7306 -0.0000
vn 0.7844 -0.6203 -0.0000
vn 0.8747 -0.4847 -0.0000
vn 0.9443 -0.3290 -0.0000
vn 0.9865 -0.1636 -0.0000
vn 0.9999 -0.0149 -0.0000
vn 0.9951 0.0992 -0.0000
vn 0.9809 0.1948 -0.0000
vn 0.9586 0.2848 -0.0000
vn 0.9295 0.3688 -0.0000
vn 0.8948 0.4464 -0.0000
vn 0.8553 0.5181 -0.0000
vn 0.8116 0.5843 -0.0000
vn 0.7635 0.6458 -0.0000
vn 0.7109 0.7033 -0.0000
vn 0.6526 0.7577 -0.0000
vn 0.5872 0.8095 -0.0000
vn 0.9405 -0.3399 -0.0000
vn -0.1072 -0.9942 -0.0000
vn 0.9405 -0.3398 -0.0000
vn -0.1053 -0.9944 -0.0000
vn -0.1054 -0.9944 -0.0000
vn -0.1069 -0.9943 -0.0000
vn -0.1098 -0.9940 -0.0000
vn -0.1140 -0.9935 -0.0000
vn -0.1198 -0.9928 -0.0000
vn -0.1277 -0.9918 -0.0000
vn -0.1384 -0.9904 -0.0000
vn -0.1535 -0.9881 -0.0000
vn -0.1759 -0.9844 -0.0000
vn 0.5961 -0.8029 -0.0000
vn 0.7522 0.6590 -0.0000
vn 0.0314 0.9995 -0.0000
vn 0.0364 0.9993 -0.0000
vn 0.0416 0.9991 -0.0000
vn 0.0468 0.9989 -0.0000
vn 0.0522 0.9986 -0.0000
vn 0.0578 0.9983 -0.0000
vn 0.0637 0.9980 -0.0000
vn 0.0701 0.9975 -0.0000
vn 0.0772 0.9970 -0.0000
vn 0.0851 0.9964 -0.0000
vn 0.0942 0.9956 -0.0000
vn 0.1023 0.9948 -0.0000
vn 0.8967 -0.4426 -0.0000
vn 0.3327 -0.9430 -0.0000
vn 0.8914 -0.4531 -0.0000
vn 0.8859 -0.4639 -0.0000
vn 0.8800 -0.4750 -0.0000
vn 0.8736 -0.4866 -0.0000
vn 0.8668 -0.4987 -0.0000
vn 0.8593 -0.5115 -0.0000
vn 0.8511 -0.5251 -0.0000
vn 0.8419 -0.5396 -0.0000
vn 0.8317 -0.5553 -0.0000
vn 0.8201 -0.5723 -0.0000
vn 0.9633 0.2684 -0.0000
vn -0.2779 0.9606 -0.0000
vn -0.8291 0.5592 -0.0000
vn -0.8362 0.5484 -0.0000
vn -0.8424 0.5389 -0.0000
vn -0.8480 0.5300 -0.0000
vn -0.8533 0.5214 -0.0000
vn -0.8587 0.5125 -0.0000
vn -0.8642 0.5032 -0.0000
vn -0.8701 0.4929 -0.0000
vn -0.8642 0.5031 -0.0000
vn -0.8766 0.4812 -0.0000
vn -0.8840 0.4675 -0.0000
vn -0.8926 0.4508 -0.0000
vn -0.9438 -0.3304 -0.0000
vn 0.8920 -0.4521 -0.0000
vn 0.3242 -0.9460 -0.0000
vn 0.8857 -0.4643 -0.0000
vn 0.8792 -0.4764 -0.0000
vn 0.8725 -0.4886 -0.0000
vn 0.8656 -0.5008 -0.0000
vn 0.8583 -0.5132 -0.0000
vn 0.8506 -0.5258 -0.0000
vn 0.8425 -0.5387 -0.0000
vn 0.8339 -0.5518 -0.0000
vn 0.8248 -0.5654 -0.0000
vn 0.8340 -0.5518 -0.0000
vn 0.8150 -0.5794 -0.0000
vn 0.9683 0.2499 -0.0000
vn -0.2522 0.9677 -0.0000
vn -0.8161 0.5779 -0.0000
vn -0.8224 0.5690 -0.0000
vn -0.8279 0.5609 -0.0000
vn -0.8330 0.5533 -0.0000
vn -0.8380 0.5457 -0.0000
vn -0.8430 0.5379 -0.0000
vn -0.8483 0.5295 -0.0000
vn -0.8541 0.5201 -0.0000
vn -0.8605 0.5094 -0.0000
vn -0.8678 0.4969 -0.0000
vn -0.8764 0.4817 -0.0000
vn -0.9508 -0.3097 -0.0000
vn -0.8764 0.4816 -0.0000
vt 0.402808 0.897917
vt 0.403786 0.897917
vt 0.403297 0.897917
vt 0.402320 0.897917
vt 0.401831 0.897917
vt 0.401342 0.897917
vt 0.400854 0.897917
vt 0.400365 0.897917
vt 0.399876 0.897917
vt 0.399388 0.897917
vt 0.398899 0.897917
vt 0.398410 0.897917
vt 0.397922 0.897917
vt 0.397433 0.897917
vt 0.396944 0.897917
vt 0.396456 0.897917
vt 0.395967 0.897917
vt 0.395478 0.897917
vt 0.394990 0.897917
vt 0.394501 0.897917
vt 0.394012 0.897917
vt 0.393524 0.897917
vt 0.393035 0.897917
vt 0.392546 0.897917
vt 0.392057 0.897917
vt 0.445812 0.897917
vt 0.445324 0.897917
vt 0.444835 0.897917
vt 0.444346 0.897917
vt 0.443858 0.897917
vt 0.443369 0.897917
vt 0.442880 0.897917
vt 0.442392 0.897917
vt 0.441903 0.897917
vt 0.441414 0.897917
vt 0.440926 0.897917
vt 0.440437 0.897917
vt 0.439948 0.897917
vt 0.439460 0.897917
vt 0.438971 0.897917
vt 0.438482 0.897917
vt 0.437993 0.897917
vt 0.437505 0.897917
vt 0.437016 0.897917
vt 0.436527 0.897917
vt 0.436039 0.897917
vt 0.435550 0.897917
vt 0.433595 0.897917
vt 0.406229 0.897917
vt 0.405741 0.897917
vt 0.405252 0.897917
vt 0.404763 0.897917
vt 0.404274 0.897917
vt 0.406718 0.897917
vt 0.407207 0.897917
vt 0.407695 0.897917
vt 0.408184 0.897917
vt 0.408673 0.897917
vt 0.409161 0.897917
vt 0.435061 0.897917
vt 0.434084 0.897917
vt 0.433107 0.897917
vt 0.409650 0.897917
vt 0.434573 0.897917
vt 0.410139 0.897917
vt 0.432618 0.897917
vt 0.410627 0.897917
vt 0.432129 0.897917
vt 0.411116 0.897917
vt 0.431641 0.897917
vt 0.411605 0.897917
vt 0.464871 0.897917
vt 0.465848 0.897917
vt 0.465360 0.897917
vt 0.431152 0.897917
vt 0.466337 0.897917
vt 0.412093 0.897917
vt 0.466826 0.897917
vt 0.464382 0.897917
vt 0.467314 0.897917
vt 0.463894 0.897917
vt 0.430663 0.897917
vt 0.412582 0.897917
vt 0.467803 0.897917
vt 0.452165 0.897917
vt 0.453143 0.897917
vt 0.452654 0.897917
vt 0.463405 0.897917
vt 0.453631 0.897917
vt 0.468292 0.897917
vt 0.462916 0.897917
vt 0.454120 0.897917
vt 0.430175 0.897917
vt 0.451677 0.897917
vt 0.468780 0.897917
vt 0.413071 0.897917
vt 0.462427 0.897917
vt 0.454609 0.897917
vt 0.451188 0.897917
vt 0.469269 0.897917
vt 0.461939 0.897917
vt 0.455097 0.897917
vt 0.450699 0.897917
vt 0.469758 0.897917
vt 0.461450 0.897917
vt 0.429686 0.897917
vt 0.455586 0.897917
vt 0.413559 0.897917
vt 0.450211 0.897917
vt 0.460961 0.897917
vt 0.470246 0.897917
vt 0.456075 0.897917
vt 0.449722 0.897917
vt 0.460473 0.897917
vt 0.470735 0.897917
vt 0.449233 0.897917
vt 0.456563 0.897917
vt 0.429197 0.897917
vt 0.459984 0.897917
vt 0.471224 0.897917
vt 0.414048 0.897917
vt 0.448744 0.897917
vt 0.457052 0.897917
vt 0.459495 0.897917
vt 0.459007 0.897917
vt 0.448256 0.897917
vt 0.457541 0.897917
vt 0.447767 0.897917
vt 0.458029 0.897917
vt 0.428709 0.897917
vt 0.414537 0.897917
vt 0.447278 0.897917
vt 0.458518 0.897917
vt 0.446790 0.897917
vt 0.446301 0.897917
vt 0.415025 0.897917
vt 0.428220 0.897917
vt 0.415514 0.897917
vt 0.427731 0.897917
vt 0.416003 0.897917
vt 0.427242 0.897917
vt 0.416492 0.897917
vt 0.426754 0.897917
vt 0.416980 0.897917
vt 0.426265 0.897917
vt 0.417469 0.897917
vt 0.417958 0.897917
vt 0.425776 0.897917
vt 0.418446 0.897917
vt 0.425288 0.897917
vt 0.418935 0.897917
vt 0.419424 0.897917
vt 0.424799 0.897917
vt 0.419912 0.897917
vt 0.420401 0.897917
vt 0.420890 0.897917
vt 0.421378 0.897917
vt 0.424310 0.897917
vt 0.421867 0.897917
vt 0.423822 0.897917
vt 0.423333 0.897917
vt 0.422844 0.897917
vt 0.422356 0.897917
vt 0.392771 0.977083
vt 0.392057 0.977083
vt 0.393484 0.977083
vt 0.392771 0.897917
vt 0.394197 0.977083
vt 0.393484 0.897917
vt 0.394910 0.977083
vt 0.394197 0.897917
vt 0.395624 0.977083
vt 0.394910 0.897917
vt 0.396337 0.977083
vt 0.395624 0.897917
vt 0.397050 0.977083
vt 0.396337 0.897917
vt 0.397763 0.977083
vt 0.397050 0.897917
vt 0.398476 0.977083
vt 0.397763 0.897917
vt 0.399190 0.977083
vt 0.398476 0.897917
vt 0.399903 0.977083
vt 0.399190 0.897917
vt 0.400616 0.977083
vt 0.399903 0.897917
vt 0.401329 0.977083
vt 0.400616 0.897917
vt 0.402042 0.977083
vt 0.401329 0.897917
vt 0.402756 0.977083
vt 0.402042 0.897917
vt 0.403469 0.977083
vt 0.402756 0.897917
vt 0.404182 0.977083
vt 0.403469 0.897917
vt 0.404895 0.977083
vt 0.404182 0.897917
vt 0.405608 0.977083
vt 0.404895 0.897917
vt 0.406322 0.977083
vt 0.405608 0.897917
vt 0.407035 0.977083
vt 0.406322 0.897917
vt 0.407748 0.977083
vt 0.407035 0.897917
vt 0.408461 0.977083
vt 0.407748 0.897917
vt 0.409175 0.977083
vt 0.408461 0.897917
vt 0.409888 0.977083
vt 0.409175 0.897917
vt 0.410601 0.977083
vt 0.409888 0.897917
vt 0.411314 0.977083
vt 0.410601 0.897917
vt 0.412027 0.977083
vt 0.411314 0.897917
vt 0.412741 0.977083
vt 0.412027 0.897917
vt 0.413454 0.977083
vt 0.412741 0.897917
vt 0.414167 0.977083
vt 0.413454 0.897917
vt 0.414880 0.977083
vt 0.414167 0.897917
vt 0.415593 0.977083
vt 0.414880 0.897917
vt 0.416307 0.977083
vt 0.415593 0.897917
vt 0.417020 0.977083
vt 0.416307 0.897917
vt 0.417733 0.977083
vt 0.417020 0.897917
vt 0.418446 0.977083
vt 0.417733 0.897917
vt 0.419159 0.977083
vt 0.419873 0.977083
vt 0.419159 0.897917
vt 0.420586 0.977083
vt 0.419873 0.897917
vt 0.421299 0.977083
vt 0.420586 0.897917
vt 0.422012 0.977083
vt 0.421299 0.897917
vt 0.422725 0.977083
vt 0.422012 0.897917
vt 0.423439 0.977083
vt 0.422725 0.897917
vt 0.424152 0.977083
vt 0.423439 0.897917
vt 0.424865 0.977083
vt 0.424152 0.897917
vt 0.425578 0.977083
vt 0.424865 0.897917
vt 0.426292 0.977083
vt 0.425578 0.897917
vt 0.427005 0.977083
vt 0.426292 0.897917
vt 0.427718 0.977083
vt 0.427005 0.897917
vt 0.428431 0.977083
vt 0.427718 0.897917
vt 0.429144 0.977083
vt 0.428431 0.897917
vt 0.429858 0.977083
vt 0.429144 0.897917
vt 0.430571 0.977083
vt 0.429858 0.897917
vt 0.431284 0.977083
vt 0.430571 0.897917
vt 0.431997 0.977083
vt 0.431284 0.897917
vt 0.432710 0.977083
vt 0.431997 0.897917
vt 0.433424 0.977083
vt 0.432710 0.897917
vt 0.434137 0.977083
vt 0.433424 0.897917
vt 0.434850 0.977083
vt 0.434137 0.897917
vt 0.435563 0.977083
vt 0.434850 0.897917
vt 0.436276 0.977083
vt 0.435563 0.897917
vt 0.436990 0.977083
vt 0.436276 0.897917
vt 0.437703 0.977083
vt 0.436990 0.897917
vt 0.438416 0.977083
vt 0.437703 0.897917
vt 0.439129 0.977083
vt 0.438416 0.897917
vt 0.439843 0.977083
vt 0.439129 0.897917
vt 0.440556 0.977083
vt 0.439843 0.897917
vt 0.441269 0.977083
vt 0.440556 0.897917
vt 0.441982 0.977083
vt 0.441269 0.897917
vt 0.442695 0.977083
vt 0.441982 0.897917
vt 0.443409 0.977083
vt 0.442695 0.897917
vt 0.444122 0.977083
vt 0.443409 0.897917
vt 0.444835 0.977083
vt 0.444122 0.897917
vt 0.445548 0.977083
vt 0.446261 0.977083
vt 0.445548 0.897917
vt 0.446975 0.977083
vt 0.446261 0.897917
vt 0.447688 0.977083
vt 0.446975 0.897917
vt 0.448401 0.977083
vt 0.447688 0.897917
vt 0.449114 0.977083
vt 0.448401 0.897917
vt 0.449827 0.977083
vt 0.449114 0.897917
vt 0.450541 0.977083
vt 0.449827 0.897917
vt 0.451254 0.977083
vt 0.450541 0.897917
vt 0.451967 0.977083
vt 0.451254 0.897917
vt 0.452680 0.977083
vt 0.451967 0.897917
vt 0.453394 0.977083
vt 0.452680 0.897917
vt 0.454107 0.977083
vt 0.453394 0.897917
vt 0.454820 0.977083
vt 0.454107 0.897917
vt 0.455533 0.977083
vt 0.454820 0.897917
vt 0.456246 0.977083
vt 0.455533 0.897917
vt 0.456960 0.977083
vt 0.456246 0.897917
vt 0.457673 0.977083
vt 0.456960 0.897917
vt 0.458386 0.977083
vt 0.457673 0.897917
vt 0.459099 0.977083
vt 0.458386 0.897917
vt 0.459812 0.977083
vt 0.459099 0.897917
vt 0.460526 0.977083
vt 0.459812 0.897917
vt 0.461239 0.977083
vt 0.460526 0.897917
vt 0.461952 0.977083
vt 0.461239 0.897917
vt 0.462665 0.977083
vt 0.461952 0.897917
vt 0.463378 0.977083
vt 0.462665 0.897917
vt 0.464092 0.977083
vt 0.463378 0.897917
vt 0.464805 0.977083
vt 0.464092 0.897917
vt 0.465518 0.977083
vt 0.464805 0.897917
vt 0.466231 0.977083
vt 0.465518 0.897917
vt 0.466945 0.977083
vt 0.466231 0.897917
vt 0.467658 0.977083
vt 0.466945 0.897917
vt 0.468371 0.977083
vt 0.467658 0.897917
vt 0.469084 0.977083
vt 0.468371 0.897917
vt 0.469797 0.977083
vt 0.469084 0.897917
vt 0.470511 0.977083
vt 0.469797 0.897917
vt 0.471224 0.977083
vt 0.470511 0.897917
vt 0.395102 0.977083
vt 0.398147 0.977083
vt 0.395102 0.897917
vt 0.401192 0.977083
vt 0.398147 0.897917
vt 0.404237 0.977083
vt 0.401192 0.897917
vt 0.407282 0.977083
vt 0.404237 0.897917
vt 0.410327 0.977083
vt 0.407282 0.897917
vt 0.413371 0.977083
vt 0.410327 0.897917
vt 0.416416 0.977083
vt 0.413371 0.897917
vt 0.419461 0.977083
vt 0.416416 0.897917
vt 0.422506 0.977083
vt 0.419461 0.897917
vt 0.425551 0.977083
vt 0.422506 0.897917
vt 0.428596 0.977083
vt 0.425551 0.897917
vt 0.431641 0.977083
vt 0.428596 0.897917
vt 0.434685 0.977083
vt 0.437730 0.977083
vt 0.434685 0.897917
vt 0.440775 0.977083
vt 0.437730 0.897917
vt 0.443820 0.977083
vt 0.440775 0.897917
vt 0.446865 0.977083
vt 0.443820 0.897917
vt 0.449910 0.977083
vt 0.446865 0.897917
vt 0.452955 0.977083
vt 0.449910 0.897917
vt 0.455999 0.977083
vt 0.452955 0.897917
vt 0.459044 0.977083
vt 0.455999 0.897917
vt 0.462089 0.977083
vt 0.459044 0.897917
vt 0.465134 0.977083
vt 0.462089 0.897917
vt 0.468179 0.977083
vt 0.465134 0.897917
vt 0.468179 0.897917
s 0
usemtl Material.001
f 3475/2515/876 3477/2516/876 3476/2517/876
f 3474/2518/876 3477/2516/876 3475/2515/876
f 3473/2519/876 3477/2516/876 3474/2518/876
f 3472/2520/876 3477/2516/876 3473/2519/876
f 3471/2521/876 3477/2516/876 3472/2520/876
f 3470/2522/876 3477/2516/876 3471/2521/876
f 3469/2523/876 3477/2516/876 3470/2522/876
f 3468/2524/876 3477/2516/876 3469/2523/876
f 3467/2525/876 3477/2516/876 3468/2524/876
f 3466/2526/876 3477/2516/876 3467/2525/876
f 3465/2527/876 3477/2516/876 3466/2526/876
f 3464/2528/876 3477/2516/876 3465/2527/876
f 3463/2529/876 3477/2516/876 3464/2528/876
f 3462/2530/876 3477/2516/876 3463/2529/876
f 3461/2531/876 3477/2516/876 3462/2530/876
f 3460/2532/876 3477/2516/876 3461/2531/876
f 3459/2533/876 3477/2516/876 3460/2532/876
f 3458/2534/876 3477/2516/876 3459/2533/876
f 3457/2535/876 3477/2516/876 3458/2534/876
f 3456/2536/876 3477/2516/876 3457/2535/876
f 3455/2537/876 3477/2516/876 3456/2536/876
f 3454/2538/876 3477/2516/876 3455/2537/876
f 3453/2539/876 3477/2516/876 3454/2538/876
f 3563/2540/876 3477/2516/876 3453/2539/876
f 3562/2541/876 3477/2516/876 3563/2540/876
f 3561/2542/876 3477/2516/876 3562/2541/876
f 3560/2543/876 3477/2516/876 3561/2542/876
f 3559/2544/876 3477/2516/876 3560/2543/876
f 3558/2545/876 3477/2516/876 3559/2544/876
f 3557/2546/876 3477/2516/876 3558/2545/876
f 3556/2547/876 3477/2516/876 3557/2546/876
f 3555/2548/876 3477/2516/876 3556/2547/876
f 3554/2549/876 3477/2516/876 3555/2548/876
f 3553/2550/876 3477/2516/876 3554/2549/876
f 3552/2551/876 3477/2516/876 3553/2550/876
f 3551/2552/876 3477/2516/876 3552/2551/876
f 3550/2553/876 3549/2554/876 3551/2552/876
f 3549/2554/876 3548/2555/876 3551/2552/876
f 3548/2555/876 3547/2556/876 3551/2552/876
f 3547/2556/876 3546/2557/876 3551/2552/876
f 3546/2557/876 3545/2558/876 3551/2552/876
f 3545/2558/876 3544/2559/876 3551/2552/876
f 3544/2559/876 3543/2560/876 3551/2552/876
f 3543/2560/876 3542/2561/876 3551/2552/876
f 3542/2561/876 3538/2562/876 3551/2552/876
f 3538/2562/876 3482/2563/876 3551/2552/876
f 3482/2563/876 3481/2564/876 3551/2552/876
f 3481/2564/876 3480/2565/876 3551/2552/876
f 3480/2565/876 3479/2566/876 3551/2552/876
f 3479/2566/876 3478/2567/876 3551/2552/876
f 3478/2567/876 3477/2516/876 3551/2552/876
f 3538/2562/876 3483/2568/876 3482/2563/876
f 3538/2562/876 3484/2569/876 3483/2568/876
f 3538/2562/876 3485/2570/876 3484/2569/876
f 3538/2562/876 3486/2571/876 3485/2570/876
f 3538/2562/876 3487/2572/876 3486/2571/876
f 3538/2562/876 3488/2573/876 3487/2572/876
f 3542/2561/876 3541/2574/876 3538/2562/876
f 3541/2574/876 3539/2575/876 3538/2562/876
f 3537/2576/876 3488/2573/876 3538/2562/876
f 3537/2576/876 3489/2577/876 3488/2573/876
f 3541/2574/877 3540/2578/877 3539/2575/877
f 3537/2576/876 3490/2579/876 3489/2577/876
f 3536/2580/876 3490/2579/876 3537/2576/876
f 3536/2580/876 3491/2581/876 3490/2579/876
f 3535/2582/876 3491/2581/876 3536/2580/876
f 3535/2582/876 3492/2583/876 3491/2581/876
f 3534/2584/876 3492/2583/876 3535/2582/876
f 3534/2584/876 3493/2585/876 3492/2583/876
f 3602/2586/876 3604/2587/876 3603/2588/876
f 3533/2589/876 3493/2585/876 3534/2584/876
f 3602/2586/876 3605/2590/876 3604/2587/876
f 3533/2589/876 3494/2591/876 3493/2585/876
f 3602/2586/876 3606/2592/876 3605/2590/876
f 3601/2593/876 3606/2592/876 3602/2586/876
f 3601/2593/876 3607/2594/876 3606/2592/876
f 3600/2595/876 3607/2594/876 3601/2593/876
f 3532/2596/876 3494/2591/876 3533/2589/876
f 3532/2596/876 3495/2597/876 3494/2591/876
f 3600/2595/876 3608/2598/876 3607/2594/876
f 3576/2599/876 3578/2600/876 3577/2601/876
f 3599/2602/876 3608/2598/876 3600/2595/876
f 3576/2599/876 3579/2603/876 3578/2600/876
f 3599/2602/876 3609/2604/876 3608/2598/876
f 3598/2605/876 3609/2604/876 3599/2602/876
f 3576/2599/876 3580/2606/876 3579/2603/876
f 3531/2607/876 3495/2597/876 3532/2596/876
f 3575/2608/876 3580/2606/876 3576/2599/876
f 3598/2605/876 3610/2609/876 3609/2604/876
f 3531/2607/876 3496/2610/876 3495/2597/876
f 3597/2611/876 3610/2609/876 3598/2605/876
f 3575/2608/876 3581/2612/876 3580/2606/876
f 3574/2613/876 3581/2612/876 3575/2608/876
f 3597/2611/876 3611/2614/876 3610/2609/876
f 3596/2615/876 3611/2614/876 3597/2611/876
f 3574/2613/876 3582/2616/876 3581/2612/876
f 3573/2617/876 3582/2616/876 3574/2613/876
f 3596/2615/876 3612/2618/876 3611/2614/876
f 3595/2619/876 3612/2618/876 3596/2615/876
f 3530/2620/876 3496/2610/876 3531/2607/876
f 3573/2617/876 3583/2621/876 3582/2616/876
f 3530/2620/876 3497/2622/876 3496/2610/876
f 3572/2623/876 3583/2621/876 3573/2617/876
f 3594/2624/876 3612/2618/876 3595/2619/876
f 3594/2624/876 3613/2625/876 3612/2618/876
f 3572/2623/876 3584/2626/876 3583/2621/876
f 3571/2627/876 3584/2626/876 3572/2623/876
f 3593/2628/876 3613/2625/876 3594/2624/876
f 3593/2628/876 3614/2629/876 3613/2625/876
f 3570/2630/876 3584/2626/876 3571/2627/876
f 3570/2630/876 3585/2631/876 3584/2626/876
f 3529/2632/876 3497/2622/876 3530/2620/876
f 3592/2633/876 3614/2629/876 3593/2628/876
f 3592/2633/876 3615/2634/876 3614/2629/876
f 3529/2632/876 3498/2635/876 3497/2622/876
f 3569/2636/876 3585/2631/876 3570/2630/876
f 3569/2636/876 3586/2637/876 3585/2631/876
f 3592/2633/876 3591/2638/876 3615/2634/876
f 3591/2638/876 3590/2639/876 3615/2634/876
f 3568/2640/876 3586/2637/876 3569/2636/876
f 3568/2640/876 3587/2641/876 3586/2637/876
f 3567/2642/876 3587/2641/876 3568/2640/876
f 3567/2642/876 3588/2643/876 3587/2641/876
f 3528/2644/876 3498/2635/876 3529/2632/876
f 3528/2644/876 3499/2645/876 3498/2635/876
f 3566/2646/876 3588/2643/876 3567/2642/876
f 3566/2646/876 3589/2647/876 3588/2643/876
f 3565/2648/876 3589/2647/876 3566/2646/876
f 3565/2648/876 3564/2649/876 3589/2647/876
f 3528/2644/876 3500/2650/876 3499/2645/876
f 3527/2651/876 3500/2650/876 3528/2644/876
f 3527/2651/876 3501/2652/876 3500/2650/876
f 3526/2653/876 3501/2652/876 3527/2651/876
f 3526/2653/876 3502/2654/876 3501/2652/876
f 3525/2655/876 3502/2654/876 3526/2653/876
f 3525/2655/876 3503/2656/876 3502/2654/876
f 3524/2657/876 3503/2656/876 3525/2655/876
f 3524/2657/876 3504/2658/876 3503/2656/876
f 3523/2659/876 3504/2658/876 3524/2657/876
f 3523/2659/876 3505/2660/876 3504/2658/876
f 3523/2659/876 3506/2661/876 3505/2660/876
f 3522/2662/876 3506/2661/876 3523/2659/876
f 3522/2662/876 3507/2663/876 3506/2661/876
f 3521/2664/876 3507/2663/876 3522/2662/876
f 3521/2664/876 3508/2665/876 3507/2663/876
f 3521/2664/876 3509/2666/876 3508/2665/876
f 3520/2667/876 3509/2666/876 3521/2664/876
f 3520/2667/876 3510/2668/876 3509/2666/876
f 3520/2667/876 3511/2669/876 3510/2668/876
f 3520/2667/876 3512/2670/876 3511/2669/876
f 3520/2667/876 3513/2671/876 3512/2670/876
f 3519/2672/876 3513/2671/876 3520/2667/876
f 3519/2672/876 3514/2673/876 3513/2671/876
f 3518/2674/876 3514/2673/876 3519/2672/876
f 3517/2675/876 3514/2673/876 3518/2674/876
f 3516/2676/876 3514/2673/876 3517/2675/876
f 3515/2677/876 3514/2673/876 3516/2676/876
f 3638/2515/878 3639/2517/878 3640/2516/878
f 3637/2518/878 3638/2515/878 3640/2516/878
f 3636/2519/878 3637/2518/878 3640/2516/878
f 3635/2520/878 3636/2519/878 3640/2516/878
f 3634/2521/878 3635/2520/878 3640/2516/878
f 3633/2522/878 3634/2521/878 3640/2516/878
f 3632/2523/878 3633/2522/878 3640/2516/878
f 3631/2524/878 3632/2523/878 3640/2516/878
f 3630/2525/878 3631/2524/878 3640/2516/878
f 3629/2526/878 3630/2525/878 3640/2516/878
f 3628/2527/878 3629/2526/878 3640/2516/878
f 3627/2528/878 3628/2527/878 3640/2516/878
f 3626/2529/878 3627/2528/878 3640/2516/878
f 3625/2530/878 3626/2529/878 3640/2516/878
f 3624/2531/878 3625/2530/878 3640/2516/878
f 3623/2532/878 3624/2531/878 3640/2516/878
f 3622/2533/878 3623/2532/878 3640/2516/878
f 3621/2534/878 3622/2533/878 3640/2516/878
f 3620/2535/878 3621/2534/878 3640/2516/878
f 3619/2536/878 3620/2535/878 3640/2516/878
f 3618/2537/878 3619/2536/878 3640/2516/878
f 3617/2538/878 3618/2537/878 3640/2516/878
f 3616/2539/878 3617/2538/878 3640/2516/878
f 3726/2540/878 3616/2539/878 3640/2516/878
f 3725/2541/878 3726/2540/878 3640/2516/878
f 3724/2542/878 3725/2541/878 3640/2516/878
f 3723/2543/878 3724/2542/878 3640/2516/878
f 3722/2544/878 3723/2543/878 3640/2516/878
f 3721/2545/878 3722/2544/878 3640/2516/878
f 3720/2546/878 3721/2545/878 3640/2516/878
f 3719/2547/878 3720/2546/878 3640/2516/878
f 3718/2548/878 3719/2547/878 3640/2516/878
f 3717/2549/878 3718/2548/878 3640/2516/878
f 3716/2550/878 3717/2549/878 3640/2516/878
f 3715/2551/878 3716/2550/878 3640/2516/878
f 3714/2552/878 3715/2551/878 3640/2516/878
f 3713/2553/878 3714/2552/878 3712/2554/878
f 3712/2554/878 3714/2552/878 3711/2555/878
f 3711/2555/878 3714/2552/878 3710/2556/878
f 3710/2556/878 3714/2552/878 3709/2557/878
f 3709/2557/878 3714/2552/878 3708/2558/878
f 3708/2558/878 3714/2552/878 3707/2559/878
f 3707/2559/878 3714/2552/878 3706/2560/878
f 3706/2560/878 3714/2552/878 3705/2561/878
f 3705/2561/878 3714/2552/878 3701/2562/878
f 3701/2562/878 3714/2552/878 3645/2563/878
f 3645/2563/878 3714/2552/878 3644/2564/878
f 3644/2564/878 3714/2552/878 3643/2565/878
f 3643/2565/878 3714/2552/878 3642/2566/878
f 3642/2566/878 3714/2552/878 3641/2567/878
f 3641/2567/878 3714/2552/878 3640/2516/878
f 3701/2562/878 3645/2563/878 3646/2568/878
f 3701/2562/878 3646/2568/878 3647/2569/878
f 3701/2562/878 3647/2569/878 3648/2570/878
f 3701/2562/878 3648/2570/878 3649/2571/878
f 3701/2562/878 3649/2571/878 3650/2572/878
f 3701/2562/878 3650/2572/878 3651/2573/878
f 3705/2561/878 3701/2562/878 3704/2574/878
f 3704/2574/878 3701/2562/878 3702/2575/878
f 3700/2576/878 3701/2562/878 3651/2573/878
f 3700/2576/878 3651/2573/878 3652/2577/878
f 3704/2574/879 3702/2575/879 3703/2578/879
f 3700/2576/878 3652/2577/878 3653/2579/878
f 3699/2580/878 3700/2576/878 3653/2579/878
f 3699/2580/878 3653/2579/878 3654/2581/878
f 3698/2582/878 3699/2580/878 3654/2581/878
f 3698/2582/878 3654/2581/878 3655/2583/878
f 3697/2584/878 3698/2582/878 3655/2583/878
f 3697/2584/878 3655/2583/878 3656/2585/878
f 3765/2586/878 3766/2588/878 3767/2587/878
f 3696/2589/878 3697/2584/878 3656/2585/878
f 3765/2586/878 3767/2587/878 3768/2590/878
f 3696/2589/878 3656/2585/878 3657/2591/878
f 3765/2586/878 3768/2590/878 3769/2592/878
f 3764/2593/878 3765/2586/878 3769/2592/878
f 3764/2593/878 3769/2592/878 3770/2594/878
f 3763/2595/878 3764/2593/878 3770/2594/878
f 3695/2596/878 3696/2589/878 3657/2591/878
f 3695/2596/878 3657/2591/878 3658/2597/878
f 3763/2595/878 3770/2594/878 3771/2598/878
f 3739/2599/878 3740/2601/878 3741/2600/878
f 3762/2602/878 3763/2595/878 3771/2598/878
f 3739/2599/878 3741/2600/878 3742/2603/878
f 3762/2602/878 3771/2598/878 3772/2604/878
f 3761/2605/878 3762/2602/878 3772/2604/878
f 3739/2599/878 3742/2603/878 3743/2606/878
f 3694/2607/878 3695/2596/878 3658/2597/878
f 3738/2608/878 3739/2599/878 3743/2606/878
f 3761/2605/878 3772/2604/878 3773/2609/878
f 3694/2607/878 3658/2597/878 3659/2610/878
f 3760/2611/878 3761/2605/878 3773/2609/878
f 3738/2608/878 3743/2606/878 3744/2612/878
f 3737/2613/878 3738/2608/878 3744/2612/878
f 3760/2611/878 3773/2609/878 3774/2614/878
f 3759/2615/878 3760/2611/878 3774/2614/878
f 3737/2613/878 3744/2612/878 3745/2616/878
f 3736/2617/878 3737/2613/878 3745/2616/878
f 3759/2615/878 3774/2614/878 3775/2618/878
f 3758/2619/878 3759/2615/878 3775/2618/878
f 3693/2620/878 3694/2607/878 3659/2610/878
f 3736/2617/878 3745/2616/878 3746/2621/878
f 3693/2620/878 3659/2610/878 3660/2622/878
f 3735/2623/878 3736/2617/878 3746/2621/878
f 3757/2624/878 3758/2619/878 3775/2618/878
f 3757/2624/878 3775/2618/878 3776/2625/878
f 3735/2623/878 3746/2621/878 3747/2626/878
f 3734/2627/878 3735/2623/878 3747/2626/878
f 3756/2628/878 3757/2624/878 3776/2625/878
f 3756/2628/878 3776/2625/878 3777/2629/878
f 3733/2630/878 3734/2627/878 3747/2626/878
f 3733/2630/878 3747/2626/878 3748/2631/878
f 3692/2632/878 3693/2620/878 3660/2622/878
f 3755/2633/878 3756/2628/878 3777/2629/878
f 3755/2633/878 3777/2629/878 3778/2634/878
f 3692/2632/878 3660/2622/878 3661/2635/878
f 3732/2636/878 3733/2630/878 3748/2631/878
f 3732/2636/878 3748/2631/878 3749/2637/878
f 3755/2633/878 3778/2634/878 3754/2638/878
f 3754/2638/878 3778/2634/878 3753/2639/878
f 3731/2640/878 3732/2636/878 3749/2637/878
f 3731/2640/878 3749/2637/878 3750/2641/878
f 3730/2642/878 3731/2640/878 3750/2641/878
f 3730/2642/878 3750/2641/878 3751/2643/878
f 3691/2644/878 3692/2632/878 3661/2635/878
f 3691/2644/878 3661/2635/878 3662/2645/878
f 3729/2646/878 3730/2642/878 3751/2643/878
f 3729/2646/878 3751/2643/878 3752/2647/878
f 3728/2648/878 3729/2646/878 3752/2647/878
f 3728/2648/878 3752/2647/878 3727/2649/878
f 3691/2644/878 3662/2645/878 3663/2650/878
f 3690/2651/878 3691/2644/878 3663/2650/878
f 3690/2651/878 3663/2650/878 3664/2652/878
f 3689/2653/878 3690/2651/878 3664/2652/878
f 3689/2653/878 3664/2652/878 3665/2654/878
f 3688/2655/878 3689/2653/878 3665/2654/878
f 3688/2655/878 3665/2654/878 3666/2656/878
f 3687/2657/878 3688/2655/878 3666/2656/878
f 3687/2657/878 3666/2656/878 3667/2658/878
f 3686/2659/878 3687/2657/878 3667/2658/878
f 3686/2659/878 3667/2658/878 3668/2660/878
f 3686/2659/878 3668/2660/878 3669/2661/878
f 3685/2662/878 3686/2659/878 3669/2661/878
f 3685/2662/878 3669/2661/878 3670/2663/878
f 3684/2664/878 3685/2662/878 3670/2663/878
f 3684/2664/878 3670/2663/878 3671/2665/878
f 3684/2664/878 3671/2665/878 3672/2666/878
f 3683/2667/878 3684/2664/878 3672/2666/878
f 3683/2667/878 3672/2666/878 3673/2668/878
f 3683/2667/878 3673/2668/878 3674/2669/878
f 3683/2667/878 3674/2669/878 3675/2670/878
f 3683/2667/878 3675/2670/878 3676/2671/878
f 3682/2672/878 3683/2667/878 3676/2671/878
f 3682/2672/878 3676/2671/878 3677/2673/878
f 3681/2674/878 3682/2672/878 3677/2673/878
f 3680/2675/878 3681/2674/878 3677/2673/878
f 3679/2676/878 3680/2675/878 3677/2673/878
f 3678/2677/878 3679/2676/878 3677/2673/878
s 1
f 3782/2678/880 3779/2539/881 3780/2679/881
f 3784/2680/882 3781/2681/880 3782/2678/880
f 3786/2682/883 3783/2683/882 3784/2680/882
f 3788/2684/884 3785/2685/883 3786/2682/883
f 3790/2686/885 3787/2687/884 3788/2684/884
f 3792/2688/886 3789/2689/885 3790/2686/885
f 3794/2690/887 3791/2691/886 3792/2688/886
f 3796/2692/888 3793/2693/887 3794/2690/887
f 3798/2694/889 3795/2695/888 3796/2692/888
f 3800/2696/890 3797/2697/889 3798/2694/889
f 3802/2698/891 3799/2699/890 3800/2696/890
f 3804/2700/892 3801/2701/891 3802/2698/891
f 3806/2702/893 3803/2703/892 3804/2700/892
f 3808/2704/894 3805/2705/893 3806/2702/893
f 3810/2706/895 3807/2707/894 3808/2704/894
f 3812/2708/896 3809/2709/895 3810/2706/895
f 3814/2710/897 3811/2711/896 3812/2708/896
f 3816/2712/898 3813/2713/897 3814/2710/897
f 3818/2714/899 3815/2715/898 3816/2712/898
f 3820/2716/900 3817/2717/899 3818/2714/899
f 3822/2718/901 3819/2719/900 3820/2716/900
f 3824/2720/902 3821/2721/901 3822/2718/901
f 3826/2722/903 3823/2723/902 3824/2720/902
f 3828/2724/904 3825/2725/903 3826/2722/903
f 3830/2726/905 3827/2727/904 3828/2724/904
f 3832/2728/906 3829/2729/905 3830/2726/905
f 3834/2730/907 3831/2731/906 3832/2728/906
f 3836/2732/908 3833/2733/907 3834/2730/907
f 3838/2734/909 3835/2735/908 3836/2732/908
f 3840/2736/910 3837/2737/909 3838/2734/909
f 3842/2738/911 3839/2739/910 3840/2736/910
f 3844/2740/912 3841/2741/911 3842/2738/911
f 3846/2742/913 3843/2743/912 3844/2740/912
f 3848/2744/914 3845/2745/913 3846/2742/913
f 3850/2746/915 3847/2747/914 3848/2744/914
f 3852/2748/916 3849/2749/915 3850/2746/915
f 3854/2750/917 3851/2751/916 3852/2748/916
f 3856/2752/918 3853/2663/917 3854/2750/917
f 3858/2753/919 3855/2754/918 3856/2752/918
f 3860/2755/920 3857/2756/919 3858/2753/919
f 3862/2757/921 3859/2758/920 3860/2755/920
f 3864/2759/922 3861/2760/921 3862/2757/921
f 3866/2761/923 3863/2762/922 3864/2759/922
f 3868/2763/924 3865/2764/923 3866/2761/923
f 3870/2765/925 3867/2766/924 3868/2763/924
f 3872/2767/926 3869/2768/925 3870/2765/925
f 3874/2769/927 3871/2770/926 3872/2767/926
f 3876/2771/928 3873/2772/929 3874/2769/927
f 3878/2773/930 3875/2774/928 3876/2771/928
f 3880/2775/931 3877/2776/930 3878/2773/930
f 3882/2777/932 3879/2778/931 3880/2775/931
f 3884/2779/933 3881/2780/932 3882/2777/932
f 3886/2781/934 3883/2782/933 3884/2779/933
f 3888/2783/935 3885/2784/934 3886/2781/934
f 3890/2785/936 3887/2786/935 3888/2783/935
f 3892/2787/937 3889/2788/936 3890/2785/936
f 3894/2789/938 3891/2790/937 3892/2787/937
f 3896/2791/939 3893/2792/938 3894/2789/938
f 3898/2793/940 3895/2794/939 3896/2791/939
f 3900/2795/941 3897/2796/940 3898/2793/940
f 3902/2797/942 3899/2798/941 3900/2795/941
f 3904/2799/943 3901/2800/942 3902/2797/942
f 3906/2801/944 3903/2802/943 3904/2799/943
f 3908/2803/945 3905/2804/944 3906/2801/944
f 3910/2805/946 3907/2806/945 3908/2803/945
f 3912/2807/947 3909/2808/946 3910/2805/946
f 3914/2809/948 3911/2810/947 3912/2807/947
f 3916/2811/949 3913/2812/948 3914/2809/948
f 3918/2813/950 3915/2814/949 3916/2811/949
f 3920/2815/951 3917/2816/950 3918/2813/950
f 3922/2817/952 3919/2818/951 3920/2815/951
f 3924/2819/953 3921/2820/952 3922/2817/952
f 3926/2821/954 3923/2822/953 3924/2819/953
f 3928/2823/955 3925/2824/954 3926/2821/954
f 3930/2825/956 3927/2542/955 3928/2823/955
f 3932/2826/957 3929/2827/956 3930/2825/956
f 3934/2828/958 3931/2829/957 3932/2826/957
f 3936/2830/959 3933/2831/958 3934/2828/958
f 3938/2832/960 3935/2833/959 3936/2830/959
f 3940/2834/961 3937/2835/960 3938/2832/960
f 3942/2836/962 3939/2837/961 3940/2834/961
f 3944/2838/963 3941/2839/962 3942/2836/962
f 3946/2840/964 3943/2841/963 3944/2838/963
f 3948/2842/965 3945/2843/964 3946/2840/964
f 3950/2844/966 3947/2845/965 3948/2842/965
f 3952/2846/967 3949/2847/968 3950/2844/966
f 3954/2848/969 3951/2849/967 3952/2846/967
f 3956/2850/970 3953/2851/969 3954/2848/969
f 3958/2852/971 3955/2853/970 3956/2850/970
f 3960/2854/972 3957/2855/971 3958/2852/971
f 3962/2856/973 3959/2857/972 3960/2854/972
f 3964/2858/974 3961/2859/973 3962/2856/973
f 3966/2860/975 3963/2861/974 3964/2858/974
f 3968/2862/976 3965/2863/975 3966/2860/975
f 3970/2864/977 3967/2865/976 3968/2862/976
f 3972/2866/978 3969/2867/977 3970/2864/977
f 3974/2868/979 3971/2869/978 3972/2866/978
f 3976/2870/980 3973/2871/979 3974/2868/979
f 3978/2872/981 3975/2873/980 3976/2870/980
f 3980/2874/982 3977/2875/981 3978/2872/981
f 3982/2876/983 3979/2877/982 3980/2874/982
f 3984/2878/984 3981/2879/983 3982/2876/983
f 3986/2880/985 3983/2881/984 3984/2878/984
f 3988/2882/986 3985/2883/985 3986/2880/985
f 3990/2884/987 3987/2885/986 3988/2882/986
f 3992/2886/988 3989/2887/987 3990/2884/987
f 3994/2888/989 3991/2889/988 3992/2886/988
f 3996/2890/990 3993/2891/989 3994/2888/989
f 3998/2892/991 3995/2893/990 3996/2890/990
f 4000/2894/992 3997/2895/991 3998/2892/991
f 3780/2896/881 3999/2897/992 4000/2894/992
f 4004/2898/993 4001/2539/994 4002/2679/994
f 4006/2899/995 4003/2900/993 4004/2898/993
f 4008/2901/996 4005/2902/995 4006/2899/995
f 4010/2903/997 4007/2904/996 4008/2901/996
f 4012/2905/998 4009/2906/997 4010/2903/997
f 4014/2907/999 4011/2908/998 4012/2905/998
f 4016/2909/1000 4013/2910/999 4014/2907/999
f 4018/2911/1001 4015/2912/1000 4016/2909/1000
f 4020/2913/1002 4017/2914/1001 4018/2911/1001
f 4022/2915/1003 4019/2916/1002 4020/2913/1002
f 4024/2917/1004 4021/2918/1003 4022/2915/1003
f 4026/2919/1005 4023/2920/1004 4024/2917/1004
f 4028/2921/1006 4025/2922/1005 4026/2919/1005
f 4030/2923/1007 4027/2584/1006 4028/2921/1006
f 4032/2924/1008 4029/2925/1007 4030/2923/1007
f 4034/2926/1009 4031/2927/1008 4032/2924/1008
f 4036/2928/1010 4033/2929/1009 4034/2926/1009
f 4038/2930/1011 4035/2931/1010 4036/2928/1010
f 4040/2932/1012 4037/2933/1011 4038/2930/1011
f 4042/2934/1013 4039/2935/1012 4040/2932/1012
f 4044/2936/1014 4041/2937/1015 4042/2934/1013
f 4046/2938/1016 4043/2939/1014 4044/2936/1014
f 4048/2940/1017 4045/2941/1016 4046/2938/1016
f 4050/2942/1018 4047/2943/1017 4048/2940/1017
f 4052/2944/1019 4049/2945/1018 4050/2942/1018
f 4002/2896/994 4051/2946/1019 4052/2944/1019
f 4056/2898/1020 4053/2539/1021 4054/2679/1021
f 4058/2899/1022 4055/2900/1020 4056/2898/1020
f 4060/2901/1023 4057/2902/1022 4058/2899/1022
f 4062/2903/1024 4059/2904/1023 4060/2901/1023
f 4064/2905/1025 4061/2906/1024 4062/2903/1024
f 4066/2907/1026 4063/2908/1025 4064/2905/1025
f 4068/2909/1027 4065/2910/1026 4066/2907/1026
f 4070/2911/1028 4067/2912/1027 4068/2909/1027
f 4072/2913/1029 4069/2914/1028 4070/2911/1028
f 4074/2915/1030 4071/2916/1031 4072/2913/1029
f 4076/2917/1032 4073/2918/1030 4074/2915/1030
f 4078/2919/1033 4075/2920/1032 4076/2917/1032
f 4080/2921/1034 4077/2922/1033 4078/2919/1033
f 4082/2923/1035 4079/2584/1034 4080/2921/1034
f 4084/2924/1036 4081/2925/1035 4082/2923/1035
f 4086/2926/1037 4083/2927/1036 4084/2924/1036
f 4088/2928/1038 4085/2929/1037 4086/2926/1037
f 4090/2930/1039 4087/2931/1038 4088/2928/1038
f 4092/2932/1040 4089/2933/1039 4090/2930/1039
f 4094/2934/1041 4091/2935/1040 4092/2932/1040
f 4096/2936/1042 4093/2937/1041 4094/2934/1041
f 4098/2938/1043 4095/2939/1042 4096/2936/1042
f 4100/2940/1044 4097/2941/1043 4098/2938/1043
f 4102/2942/1045 4099/2943/1044 4100/2940/1044
f 4104/2944/1046 4101/2945/1047 4102/2942/1045
f 4054/2896/1021 4103/2946/1046 4104/2944/1046
f 3782/2678/880 3781/2681/880 3779/2539/881
f 3784/2680/882 3783/2683/882 3781/2681/880
f 3786/2682/883 3785/2685/883 3783/2683/882
f 3788/2684/884 3787/2687/884 3785/2685/883
f 3790/2686/885 3789/2689/885 3787/2687/884
f 3792/2688/886 3791/2691/886 3789/2689/885
f 3794/2690/887 3793/2693/887 3791/2691/886
f 3796/2692/888 3795/2695/888 3793/2693/887
f 3798/2694/889 3797/2697/889 3795/2695/888
f 3800/2696/890 3799/2699/890 3797/2697/889
f 3802/2698/891 3801/2701/891 3799/2699/890
f 3804/2700/892 3803/2703/892 3801/2701/891
f 3806/2702/893 3805/2705/893 3803/2703/892
f 3808/2704/894 3807/2707/894 3805/2705/893
f 3810/2706/895 3809/2709/895 3807/2707/894
f 3812/2708/896 3811/2711/896 3809/2709/895
f 3814/2710/897 3813/2713/897 3811/2711/896
f 3816/2712/898 3815/2715/898 3813/2713/897
f 3818/2714/899 3817/2717/899 3815/2715/898
f 3820/2716/900 3819/2719/900 3817/2717/899
f 3822/2718/901 3821/2721/901 3819/2719/900
f 3824/2720/902 3823/2723/902 3821/2721/901
f 3826/2722/903 3825/2725/903 3823/2723/902
f 3828/2724/904 3827/2727/904 3825/2725/903
f 3830/2726/905 3829/2729/905 3827/2727/904
f 3832/2728/906 3831/2731/906 3829/2729/905
f 3834/2730/907 3833/2733/907 3831/2731/906
f 3836/2732/908 3835/2735/908 3833/2733/907
f 3838/2734/909 3837/2737/909 3835/2735/908
f 3840/2736/910 3839/2739/910 3837/2737/909
f 3842/2738/911 3841/2741/911 3839/2739/910
f 3844/2740/912 3843/2743/912 3841/2741/911
f 3846/2742/913 3845/2745/913 3843/2743/912
f 3848/2744/914 3847/2747/914 3845/2745/913
f 3850/2746/915 3849/2749/915 3847/2747/914
f 3852/2748/916 3851/2751/916 3849/2749/915
f 3854/2750/917 3853/2663/917 3851/2751/916
f 3856/2752/918 3855/2754/918 3853/2663/917
f 3858/2753/919 3857/2756/919 3855/2754/918
f 3860/2755/920 3859/2758/920 3857/2756/919
f 3862/2757/921 3861/2760/921 3859/2758/920
f 3864/2759/922 3863/2762/922 3861/2760/921
f 3866/2761/923 3865/2764/923 3863/2762/922
f 3868/2763/924 3867/2766/924 3865/2764/923
f 3870/2765/925 3869/2768/925 3867/2766/924
f 3872/2767/926 3871/2770/926 3869/2768/925
f 3874/2769/927 3873/2772/929 3871/2770/926
f 3876/2771/928 3875/2774/928 3873/2772/929
f 3878/2773/930 3877/2776/930 3875/2774/928
f 3880/2775/931 3879/2778/931 3877/2776/930
f 3882/2777/932 3881/2780/932 3879/2778/931
f 3884/2779/933 3883/2782/933 3881/2780/932
f 3886/2781/934 3885/2784/934 3883/2782/933
f 3888/2783/935 3887/2786/935 3885/2784/934
f 3890/2785/936 3889/2788/936 3887/2786/935
f 3892/2787/937 3891/2790/937 3889/2788/936
f 3894/2789/938 3893/2792/938 3891/2790/937
f 3896/2791/939 3895/2794/939 3893/2792/938
f 3898/2793/940 3897/2796/940 3895/2794/939
f 3900/2795/941 3899/2798/941 3897/2796/940
f 3902/2797/942 3901/2800/942 3899/2798/941
f 3904/2799/943 3903/2802/943 3901/2800/942
f 3906/2801/944 3905/2804/944 3903/2802/943
f 3908/2803/945 3907/2806/945 3905/2804/944
f 3910/2805/946 3909/2808/946 3907/2806/945
f 3912/2807/947 3911/2810/947 3909/2808/946
f 3914/2809/948 3913/2812/948 3911/2810/947
f 3916/2811/949 3915/2814/949 3913/2812/948
f 3918/2813/950 3917/2816/950 3915/2814/949
f 3920/2815/951 3919/2818/951 3917/2816/950
f 3922/2817/952 3921/2820/952 3919/2818/951
f 3924/2819/953 3923/2822/953 3921/2820/952
f 3926/2821/954 3925/2824/954 3923/2822/953
f 3928/2823/955 3927/2542/955 3925/2824/954
f 3930/2825/956 3929/2827/956 3927/2542/955
f 3932/2826/957 3931/2829/957 3929/2827/956
f 3934/2828/958 3933/2831/958 3931/2829/957
f 3936/2830/959 3935/2833/959 3933/2831/958
f 3938/2832/960 3937/2835/960 3935/2833/959
f 3940/2834/961 3939/2837/961 3937/2835/960
f 3942/2836/962 3941/2839/962 3939/2837/961
f 3944/2838/963 3943/2841/963 3941/2839/962
f 3946/2840/964 3945/2843/964 3943/2841/963
f 3948/2842/965 3947/2845/965 3945/2843/964
f 3950/2844/966 3949/2847/968 3947/2845/965
f 3952/2846/967 3951/2849/967 3949/2847/968
f 3954/2848/969 3953/2851/969 3951/2849/967
f 3956/2850/970 3955/2853/970 3953/2851/969
f 3958/2852/971 3957/2855/971 3955/2853/970
f 3960/2854/972 3959/2857/972 3957/2855/971
f 3962/2856/973 3961/2859/973 3959/2857/972
f 3964/2858/974 3963/2861/974 3961/2859/973
f 3966/2860/975 3965/2863/975 3963/2861/974
f 3968/2862/976 3967/2865/976 3965/2863/975
f 3970/2864/977 3969/2867/977 3967/2865/976
f 3972/2866/978 3971/2869/978 3969/2867/977
f 3974/2868/979 3973/2871/979 3971/2869/978
f 3976/2870/980 3975/2873/980 3973/2871/979
f 3978/2872/981 3977/2875/981 3975/2873/980
f 3980/2874/982 3979/2877/982 3977/2875/981
f 3982/2876/983 3981/2879/983 3979/2877/982
f 3984/2878/984 3983/2881/984 3981/2879/983
f 3986/2880/985 3985/2883/985 3983/2881/984
f 3988/2882/986 3987/2885/986 3985/2883/985
f 3990/2884/987 3989/2887/987 3987/2885/986
f 3992/2886/988 3991/2889/988 3989/2887/987
f 3994/2888/989 3993/2891/989 3991/2889/988
f 3996/2890/990 3995/2893/990 3993/2891/989
f 3998/2892/991 3997/2895/991 3995/2893/990
f 4000/2894/992 3999/2897/992 3997/2895/991
f 3780/2896/881 3779/2634/881 3999/2897/992
f 4004/2898/993 4003/2900/993 4001/2539/994
f 4006/2899/995 4005/2902/995 4003/2900/993
f 4008/2901/996 4007/2904/996 4005/2902/995
f 4010/2903/997 4009/2906/997 4007/2904/996
f 4012/2905/998 4011/2908/998 4009/2906/997
f 4014/2907/999 4013/2910/999 4011/2908/998
f 4016/2909/1000 4015/2912/1000 4013/2910/999
f 4018/2911/1001 4017/2914/1001 4015/2912/1000
f 4020/2913/1002 4019/2916/1002 4017/2914/1001
f 4022/2915/1003 4021/2918/1003 4019/2916/1002
f 4024/2917/1004 4023/2920/1004 4021/2918/1003
f 4026/2919/1005 4025/2922/1005 4023/2920/1004
f 4028/2921/1006 4027/2584/1006 4025/2922/1005
f 4030/2923/1007 4029/2925/1007 4027/2584/1006
f 4032/2924/1008 4031/2927/1008 4029/2925/1007
f 4034/2926/1009 4033/2929/1009 4031/2927/1008
f 4036/2928/1010 4035/2931/1010 4033/2929/1009
f 4038/2930/1011 4037/2933/1011 4035/2931/1010
f 4040/2932/1012 4039/2935/1012 4037/2933/1011
f 4042/2934/1013 4041/2937/1015 4039/2935/1012
f 4044/2936/1014 4043/2939/1014 4041/2937/1015
f 4046/2938/1016 4045/2941/1016 4043/2939/1014
f 4048/2940/1017 4047/2943/1017 4045/2941/1016
f 4050/2942/1018 4049/2945/1018 4047/2943/1017
f 4052/2944/1019 4051/2946/1019 4049/2945/1018
f 4002/2896/994 4001/2634/994 4051/2946/1019
f 4056/2898/1020 4055/2900/1020 4053/2539/1021
f 4058/2899/1022 4057/2902/1022 4055/2900/1020
f 4060/2901/1023 4059/2904/1023 4057/2902/1022
f 4062/2903/1024 4061/2906/1024 4059/2904/1023
f 4064/2905/1025 4063/2908/1025 4061/2906/1024
f 4066/2907/1026 4065/2910/1026 4063/2908/1025
f 4068/2909/1027 4067/2912/1027 4065/2910/1026
f 4070/2911/1028 4069/2914/1028 4067/2912/1027
f 4072/2913/1029 4071/2916/1031 4069/2914/1028
f 4074/2915/1030 4073/2918/1030 4071/2916/1031
f 4076/2917/1032 4075/2920/1032 4073/2918/1030
f 4078/2919/1033 4077/2922/1033 4075/2920/1032
f 4080/2921/1034 4079/2584/1034 4077/2922/1033
f 4082/2923/1035 4081/2925/1035 4079/2584/1034
f 4084/2924/1036 4083/2927/1036 4081/2925/1035
f 4086/2926/1037 4085/2929/1037 4083/2927/1036
f 4088/2928/1038 4087/2931/1038 4085/2929/1037
f 4090/2930/1039 4089/2933/1039 4087/2931/1038
f 4092/2932/1040 4091/2935/1040 4089/2933/1039
f 4094/2934/1041 4093/2937/1041 4091/2935/1040
f 4096/2936/1042 4095/2939/1042 4093/2937/1041
f 4098/2938/1043 4097/2941/1043 4095/2939/1042
f 4100/2940/1044 4099/2943/1044 4097/2941/1043
f 4102/2942/1045 4101/2945/1047 4099/2943/1044
f 4104/2944/1046 4103/2946/1046 4101/2945/1047
f 4054/2896/1021 4053/2634/1021 4103/2946/1046
o Text.004
v -4.714497 0.613454 -0.070000
v -4.723216 0.615232 -0.070000
v -4.731483 0.618093 -0.070000
v -4.739220 0.621954 -0.070000
v -4.746346 0.626732 -0.070000
v -4.752780 0.632343 -0.070000
v -4.758444 0.638704 -0.070000
v -4.763258 0.645732 -0.070000
v -4.767140 0.653343 -0.070000
v -4.770012 0.661454 -0.070000
v -4.771794 0.669982 -0.070000
v -4.772406 0.678843 -0.070000
v -4.771794 0.687934 -0.070000
v -4.770012 0.696653 -0.070000
v -4.767140 0.704921 -0.070000
v -4.763257 0.712658 -0.070000
v -4.758444 0.719784 -0.070000
v -4.752780 0.726218 -0.070000
v -4.746346 0.731882 -0.070000
v -4.739220 0.736695 -0.070000
v -4.731483 0.740578 -0.070000
v -4.723216 0.743450 -0.070000
v -4.714496 0.745232 -0.070000
v -4.705405 0.745843 -0.070000
v -4.696544 0.745231 -0.070000
v -4.688016 0.743450 -0.070000
v -4.679905 0.740578 -0.070000
v -4.672295 0.736695 -0.070000
v -4.665267 0.731882 -0.070000
v -4.658906 0.726218 -0.070000
v -4.653295 0.719784 -0.070000
v -4.648517 0.712658 -0.070000
v -4.644655 0.704921 -0.070000
v -4.641794 0.696653 -0.070000
v -4.640017 0.687934 -0.070000
v -4.639405 0.678843 -0.070000
v -4.640017 0.669982 -0.070000
v -4.641794 0.661454 -0.070000
v -4.644655 0.653343 -0.070000
v -4.648517 0.645732 -0.070000
v -4.653295 0.638704 -0.070000
v -4.658906 0.632343 -0.070000
v -4.665267 0.626732 -0.070000
v -4.672295 0.621954 -0.070000
v -4.679905 0.618093 -0.070000
v -4.688016 0.615232 -0.070000
v -4.696544 0.613454 -0.070000
v -4.705405 0.612843 -0.070000
v -4.720653 0.790804 -0.070000
v -4.735304 0.787778 -0.070000
v -4.749218 0.782906 -0.070000
v -4.762258 0.776325 -0.070000
v -4.774283 0.768174 -0.070000
v -4.785155 0.758593 -0.070000
v -4.794736 0.747721 -0.070000
v -4.802887 0.735695 -0.070000
v -4.809468 0.722656 -0.070000
v -4.814341 0.708741 -0.070000
v -4.817366 0.694091 -0.070000
v -4.818406 0.678843 -0.070000
v -4.817366 0.663615 -0.070000
v -4.814341 0.649019 -0.070000
v -4.809468 0.635187 -0.070000
v -4.802887 0.622251 -0.070000
v -4.794736 0.610342 -0.070000
v -4.785155 0.599593 -0.070000
v -4.774283 0.590136 -0.070000
v -4.762258 0.582102 -0.070000
v -4.749218 0.575624 -0.070000
v -4.735304 0.570834 -0.070000
v -4.720653 0.567863 -0.070000
v -4.705405 0.566843 -0.070000
v -4.702156 0.566885 -0.070000
v -4.698910 0.567010 -0.070000
v -4.695671 0.567218 -0.070000
v -4.692442 0.567510 -0.070000
v -4.689228 0.567885 -0.070000
v -4.686030 0.568343 -0.070000
v -4.682854 0.568885 -0.070000
v -4.679702 0.569510 -0.070000
v -4.676578 0.570218 -0.070000
v -4.673484 0.571010 -0.070000
v -4.670426 0.571885 -0.070000
v -4.667406 0.572843 -0.070000
v -4.665405 0.561843 -0.070000
v -4.659571 0.534492 -0.070000
v -4.652563 0.505204 -0.070000
v -4.644374 0.474374 -0.070000
v -4.634998 0.442399 -0.070000
v -4.624427 0.409673 -0.070000
v -4.612656 0.376593 -0.070000
v -4.599675 0.343555 -0.070000
v -4.585480 0.310954 -0.070000
v -4.570062 0.279187 -0.070000
v -4.553415 0.248649 -0.070000
v -4.535532 0.219736 -0.070000
v -4.516406 0.192843 -0.070000
v -4.493051 0.164100 -0.070000
v -4.468401 0.136399 -0.070000
v -4.442327 0.109781 -0.070000
v -4.414702 0.084288 -0.070000
v -4.385396 0.059961 -0.070000
v -4.354280 0.036843 -0.070000
v -4.321228 0.014975 -0.070000
v -4.286109 -0.005601 -0.070000
v -4.248796 -0.024844 -0.070000
v -4.209160 -0.042712 -0.070000
v -4.167073 -0.059164 -0.070000
v -4.122406 -0.074157 -0.070000
v -4.054405 0.000843 -0.070000
v -4.101247 0.013605 -0.070000
v -4.144892 0.027857 -0.070000
v -4.185515 0.043546 -0.070000
v -4.223294 0.060621 -0.070000
v -4.258407 0.079029 -0.070000
v -4.291030 0.098718 -0.070000
v -4.321341 0.119637 -0.070000
v -4.349516 0.141732 -0.070000
v -4.375733 0.164953 -0.070000
v -4.400169 0.189246 -0.070000
v -4.423001 0.214560 -0.070000
v -4.444406 0.240843 -0.070000
v -4.461649 0.264541 -0.070000
v -4.477859 0.289922 -0.070000
v -4.492999 0.316671 -0.070000
v -4.507035 0.344473 -0.070000
v -4.519932 0.373010 -0.070000
v -4.531655 0.401968 -0.070000
v -4.542171 0.431030 -0.070000
v -4.551443 0.459880 -0.070000
v -4.559437 0.488203 -0.070000
v -4.566118 0.515681 -0.070000
v -4.571453 0.542000 -0.070000
v -4.575406 0.566843 -0.070000
v -4.554255 0.566843 -0.070000
v -4.521373 0.566843 -0.070000
v -4.479109 0.566843 -0.070000
v -4.429813 0.566843 -0.070000
v -4.375836 0.566843 -0.070000
v -4.319530 0.566843 -0.070000
v -4.263245 0.566843 -0.070000
v -4.209332 0.566843 -0.070000
v -4.160140 0.566843 -0.070000
v -4.118021 0.566843 -0.070000
v -4.085326 0.566843 -0.070000
v -4.064405 0.566843 -0.070000
v -4.054532 0.566803 -0.070000
v -4.044915 0.566690 -0.070000
v -4.035562 0.566515 -0.070000
v -4.026480 0.566288 -0.070000
v -4.017675 0.566018 -0.070000
v -4.009155 0.565718 -0.070000
v -4.000927 0.565397 -0.070000
v -3.992998 0.565065 -0.070000
v -3.985374 0.564734 -0.070000
v -3.978063 0.564413 -0.070000
v -3.971071 0.564112 -0.070000
v -3.964406 0.563843 -0.070000
v -3.964406 0.652843 -0.070000
v -3.971625 0.651865 -0.070000
v -3.979244 0.650936 -0.070000
v -3.987202 0.650062 -0.070000
v -3.995442 0.649251 -0.070000
v -4.003905 0.648509 -0.070000
v -4.012530 0.647843 -0.070000
v -4.021260 0.647261 -0.070000
v -4.030035 0.646769 -0.070000
v -4.038796 0.646374 -0.070000
v -4.047484 0.646084 -0.070000
v -4.056040 0.645905 -0.070000
v -4.064405 0.645843 -0.070000
v -4.085378 0.645843 -0.070000
v -4.118188 0.645843 -0.070000
v -4.160421 0.645843 -0.070000
v -4.209664 0.645843 -0.070000
v -4.263505 0.645843 -0.070000
v -4.319530 0.645843 -0.070000
v -4.375326 0.645843 -0.070000
v -4.428480 0.645843 -0.070000
v -4.476577 0.645843 -0.070000
v -4.517206 0.645843 -0.070000
v -4.547954 0.645843 -0.070000
v -4.566405 0.645843 -0.070000
v -4.598405 0.646843 -0.070000
v -4.597677 0.649364 -0.070000
v -4.596993 0.651922 -0.070000
v -4.596359 0.654515 -0.070000
v -4.595776 0.657140 -0.070000
v -4.595249 0.659792 -0.070000
v -4.594780 0.662468 -0.070000
v -4.594375 0.665166 -0.070000
v -4.594035 0.667880 -0.070000
v -4.593765 0.670609 -0.070000
v -4.593567 0.673348 -0.070000
v -4.593447 0.676094 -0.070000
v -4.593406 0.678843 -0.070000
v -4.594425 0.694091 -0.070000
v -4.597396 0.708741 -0.070000
v -4.602187 0.722656 -0.070000
v -4.608665 0.735695 -0.070000
v -4.616698 0.747721 -0.070000
v -4.626155 0.758593 -0.070000
v -4.636904 0.768174 -0.070000
v -4.648813 0.776325 -0.070000
v -4.661749 0.782906 -0.070000
v -4.675581 0.787778 -0.070000
v -4.690177 0.790804 -0.070000
v -4.705405 0.791843 -0.070000
v -4.714497 0.613454 0.070000
v -4.723216 0.615232 0.070000
v -4.731483 0.618093 0.070000
v -4.739220 0.621954 0.070000
v -4.746346 0.626732 0.070000
v -4.752780 0.632343 0.070000
v -4.758444 0.638704 0.070000
v -4.763258 0.645732 0.070000
v -4.767140 0.653343 0.070000
v -4.770012 0.661454 0.070000
v -4.771794 0.669982 0.070000
v -4.772406 0.678843 0.070000
v -4.771794 0.687934 0.070000
v -4.770012 0.696653 0.070000
v -4.767140 0.704921 0.070000
v -4.763257 0.712658 0.070000
v -4.758444 0.719784 0.070000
v -4.752780 0.726218 0.070000
v -4.746346 0.731882 0.070000
v -4.739220 0.736695 0.070000
v -4.731483 0.740578 0.070000
v -4.723216 0.743450 0.070000
v -4.714496 0.745232 0.070000
v -4.705405 0.745843 0.070000
v -4.696544 0.745231 0.070000
v -4.688016 0.743450 0.070000
v -4.679905 0.740578 0.070000
v -4.672295 0.736695 0.070000
v -4.665267 0.731882 0.070000
v -4.658906 0.726218 0.070000
v -4.653295 0.719784 0.070000
v -4.648517 0.712658 0.070000
v -4.644655 0.704921 0.070000
v -4.641794 0.696653 0.070000
v -4.640017 0.687934 0.070000
v -4.639405 0.678843 0.070000
v -4.640017 0.669982 0.070000
v -4.641794 0.661454 0.070000
v -4.644655 0.653343 0.070000
v -4.648517 0.645732 0.070000
v -4.653295 0.638704 0.070000
v -4.658906 0.632343 0.070000
v -4.665267 0.626732 0.070000
v -4.672295 0.621954 0.070000
v -4.679905 0.618093 0.070000
v -4.688016 0.615232 0.070000
v -4.696544 0.613454 0.070000
v -4.705405 0.612843 0.070000
v -4.720653 0.790804 0.070000
v -4.735304 0.787778 0.070000
v -4.749218 0.782906 0.070000
v -4.762258 0.776325 0.070000
v -4.774283 0.768174 0.070000
v -4.785155 0.758593 0.070000
v -4.794736 0.747721 0.070000
v -4.802887 0.735695 0.070000
v -4.809468 0.722656 0.070000
v -4.814341 0.708741 0.070000
v -4.817366 0.694091 0.070000
v -4.818406 0.678843 0.070000
v -4.817366 0.663615 0.070000
v -4.814341 0.649019 0.070000
v -4.809468 0.635187 0.070000
v -4.802887 0.622251 0.070000
v -4.794736 0.610342 0.070000
v -4.785155 0.599593 0.070000
v -4.774283 0.590136 0.070000
v -4.762258 0.582102 0.070000
v -4.749218 0.575624 0.070000
v -4.735304 0.570834 0.070000
v -4.720653 0.567863 0.070000
v -4.705405 0.566843 0.070000
v -4.702156 0.566885 0.070000
v -4.698910 0.567010 0.070000
v -4.695671 0.567218 0.070000
v -4.692442 0.567510 0.070000
v -4.689228 0.567885 0.070000
v -4.686030 0.568343 0.070000
v -4.682854 0.568885 0.070000
v -4.679702 0.569510 0.070000
v -4.676578 0.570218 0.070000
v -4.673484 0.571010 0.070000
v -4.670426 0.571885 0.070000
v -4.667406 0.572843 0.070000
v -4.665405 0.561843 0.070000
v -4.659571 0.534492 0.070000
v -4.652563 0.505204 0.070000
v -4.644374 0.474374 0.070000
v -4.634998 0.442399 0.070000
v -4.624427 0.409673 0.070000
v -4.612656 0.376593 0.070000
v -4.599675 0.343555 0.070000
v -4.585480 0.310954 0.070000
v -4.570062 0.279187 0.070000
v -4.553415 0.248649 0.070000
v -4.535532 0.219736 0.070000
v -4.516406 0.192843 0.070000
v -4.493051 0.164100 0.070000
v -4.468401 0.136399 0.070000
v -4.442327 0.109781 0.070000
v -4.414702 0.084288 0.070000
v -4.385396 0.059961 0.070000
v -4.354280 0.036843 0.070000
v -4.321228 0.014975 0.070000
v -4.286109 -0.005601 0.070000
v -4.248796 -0.024844 0.070000
v -4.209160 -0.042712 0.070000
v -4.167073 -0.059164 0.070000
v -4.122406 -0.074157 0.070000
v -4.054405 0.000843 0.070000
v -4.101247 0.013605 0.070000
v -4.144892 0.027857 0.070000
v -4.185515 0.043546 0.070000
v -4.223294 0.060621 0.070000
v -4.258407 0.079029 0.070000
v -4.291030 0.098718 0.070000
v -4.321341 0.119637 0.070000
v -4.349516 0.141732 0.070000
v -4.375733 0.164953 0.070000
v -4.400169 0.189246 0.070000
v -4.423001 0.214560 0.070000
v -4.444406 0.240843 0.070000
v -4.461649 0.264541 0.070000
v -4.477859 0.289922 0.070000
v -4.492999 0.316671 0.070000
v -4.507035 0.344473 0.070000
v -4.519932 0.373010 0.070000
v -4.531655 0.401968 0.070000
v -4.542171 0.431030 0.070000
v -4.551443 0.459880 0.070000
v -4.559437 0.488203 0.070000
v -4.566118 0.515681 0.070000
v -4.571453 0.542000 0.070000
v -4.575406 0.566843 0.070000
v -4.554255 0.566843 0.070000
v -4.521373 0.566843 0.070000
v -4.479109 0.566843 0.070000
v -4.429813 0.566843 0.070000
v -4.375836 0.566843 0.070000
v -4.319530 0.566843 0.070000
v -4.263245 0.566843 0.070000
v -4.209332 0.566843 0.070000
v -4.160140 0.566843 0.070000
v -4.118021 0.566843 0.070000
v -4.085326 0.566843 0.070000
v -4.064405 0.566843 0.070000
v -4.054532 0.566803 0.070000
v -4.044915 0.566690 0.070000
v -4.035562 0.566515 0.070000
v -4.026480 0.566288 0.070000
v -4.017675 0.566018 0.070000
v -4.009155 0.565718 0.070000
v -4.000927 0.565397 0.070000
v -3.992998 0.565065 0.070000
v -3.985374 0.564734 0.070000
v -3.978063 0.564413 0.070000
v -3.971071 0.564112 0.070000
v -3.964406 0.563843 0.070000
v -3.964406 0.652843 0.070000
v -3.971625 0.651865 0.070000
v -3.979244 0.650936 0.070000
v -3.987202 0.650062 0.070000
v -3.995442 0.649251 0.070000
v -4.003905 0.648509 0.070000
v -4.012530 0.647843 0.070000
v -4.021260 0.647261 0.070000
v -4.030035 0.646769 0.070000
v -4.038796 0.646374 0.070000
v -4.047484 0.646084 0.070000
v -4.056040 0.645905 0.070000
v -4.064405 0.645843 0.070000
v -4.085378 0.645843 0.070000
v -4.118188 0.645843 0.070000
v -4.160421 0.645843 0.070000
v -4.209664 0.645843 0.070000
v -4.263505 0.645843 0.070000
v -4.319530 0.645843 0.070000
v -4.375326 0.645843 0.070000
v -4.428480 0.645843 0.070000
v -4.476577 0.645843 0.070000
v -4.517206 0.645843 0.070000
v -4.547954 0.645843 0.070000
v -4.566405 0.645843 0.070000
v -4.598405 0.646843 0.070000
v -4.597677 0.649364 0.070000
v -4.596993 0.651922 0.070000
v -4.596359 0.654515 0.070000
v -4.595776 0.657140 0.070000
v -4.595249 0.659792 0.070000
v -4.594780 0.662468 0.070000
v -4.594375 0.665166 0.070000
v -4.594035 0.667880 0.070000
v -4.593765 0.670609 0.070000
v -4.593567 0.673348 0.070000
v -4.593447 0.676094 0.070000
v -4.593406 0.678843 0.070000
v -4.594425 0.694091 0.070000
v -4.597396 0.708741 0.070000
v -4.602187 0.722656 0.070000
v -4.608665 0.735695 0.070000
v -4.616698 0.747721 0.070000
v -4.626155 0.758593 0.070000
v -4.636904 0.768174 0.070000
v -4.648813 0.776325 0.070000
v -4.661749 0.782906 0.070000
v -4.675581 0.787778 0.070000
v -4.690177 0.790804 0.070000
v -4.705405 0.791843 0.070000
v -4.714497 0.613454 0.070000
v -4.714497 0.613454 -0.070000
v -4.723216 0.615232 0.070000
v -4.723216 0.615232 -0.070000
v -4.731483 0.618093 0.070000
v -4.731483 0.618093 -0.070000
v -4.739220 0.621954 0.070000
v -4.739220 0.621954 -0.070000
v -4.746346 0.626732 0.070000
v -4.746346 0.626732 -0.070000
v -4.752780 0.632343 0.070000
v -4.752780 0.632343 -0.070000
v -4.758444 0.638704 0.070000
v -4.758444 0.638704 -0.070000
v -4.763258 0.645732 0.070000
v -4.763258 0.645732 -0.070000
v -4.767140 0.653343 0.070000
v -4.767140 0.653343 -0.070000
v -4.770012 0.661454 0.070000
v -4.770012 0.661454 -0.070000
v -4.771794 0.669982 0.070000
v -4.771794 0.669982 -0.070000
v -4.772406 0.678843 0.070000
v -4.772406 0.678843 -0.070000
v -4.771794 0.687934 0.070000
v -4.771794 0.687934 -0.070000
v -4.770012 0.696653 0.070000
v -4.770012 0.696653 -0.070000
v -4.767140 0.704921 0.070000
v -4.767140 0.704921 -0.070000
v -4.763257 0.712658 0.070000
v -4.763257 0.712658 -0.070000
v -4.758444 0.719784 0.070000
v -4.758444 0.719784 -0.070000
v -4.752780 0.726218 0.070000
v -4.752780 0.726218 -0.070000
v -4.746346 0.731882 0.070000
v -4.746346 0.731882 -0.070000
v -4.739220 0.736695 0.070000
v -4.739220 0.736695 -0.070000
v -4.731483 0.740578 0.070000
v -4.731483 0.740578 -0.070000
v -4.723216 0.743450 0.070000
v -4.723216 0.743450 -0.070000
v -4.714496 0.745232 0.070000
v -4.714496 0.745232 -0.070000
v -4.705405 0.745843 0.070000
v -4.705405 0.745843 -0.070000
v -4.696544 0.745231 0.070000
v -4.696544 0.745231 -0.070000
v -4.688016 0.743450 0.070000
v -4.688016 0.743450 -0.070000
v -4.679905 0.740578 0.070000
v -4.679905 0.740578 -0.070000
v -4.672295 0.736695 0.070000
v -4.672295 0.736695 -0.070000
v -4.665267 0.731882 0.070000
v -4.665267 0.731882 -0.070000
v -4.658906 0.726218 0.070000
v -4.658906 0.726218 -0.070000
v -4.653295 0.719784 0.070000
v -4.653295 0.719784 -0.070000
v -4.648517 0.712658 0.070000
v -4.648517 0.712658 -0.070000
v -4.644655 0.704921 0.070000
v -4.644655 0.704921 -0.070000
v -4.641794 0.696653 0.070000
v -4.641794 0.696653 -0.070000
v -4.640017 0.687934 0.070000
v -4.640017 0.687934 -0.070000
v -4.639405 0.678843 0.070000
v -4.639405 0.678843 -0.070000
v -4.640017 0.669982 0.070000
v -4.640017 0.669982 -0.070000
v -4.641794 0.661454 0.070000
v -4.641794 0.661454 -0.070000
v -4.644655 0.653343 0.070000
v -4.644655 0.653343 -0.070000
v -4.648517 0.645732 0.070000
v -4.648517 0.645732 -0.070000
v -4.653295 0.638704 0.070000
v -4.653295 0.638704 -0.070000
v -4.658906 0.632343 0.070000
v -4.658906 0.632343 -0.070000
v -4.665267 0.626732 0.070000
v -4.665267 0.626732 -0.070000
v -4.672295 0.621954 0.070000
v -4.672295 0.621954 -0.070000
v -4.679905 0.618093 0.070000
v -4.679905 0.618093 -0.070000
v -4.688016 0.615232 0.070000
v -4.688016 0.615232 -0.070000
v -4.696544 0.613454 0.070000
v -4.696544 0.613454 -0.070000
v -4.705405 0.612843 0.070000
v -4.705405 0.612843 -0.070000
v -4.720653 0.790804 0.070000
v -4.720653 0.790804 -0.070000
v -4.735304 0.787778 0.070000
v -4.735304 0.787778 -0.070000
v -4.749218 0.782906 0.070000
v -4.749218 0.782906 -0.070000
v -4.762258 0.776325 0.070000
v -4.762258 0.776325 -0.070000
v -4.774283 0.768174 0.070000
v -4.774283 0.768174 -0.070000
v -4.785155 0.758593 0.070000
v -4.785155 0.758593 -0.070000
v -4.794736 0.747721 0.070000
v -4.794736 0.747721 -0.070000
v -4.802887 0.735695 0.070000
v -4.802887 0.735695 -0.070000
v -4.809468 0.722656 0.070000
v -4.809468 0.722656 -0.070000
v -4.814341 0.708741 0.070000
v -4.814341 0.708741 -0.070000
v -4.817366 0.694091 0.070000
v -4.817366 0.694091 -0.070000
v -4.818406 0.678843 0.070000
v -4.818406 0.678843 -0.070000
v -4.817366 0.663615 0.070000
v -4.817366 0.663615 -0.070000
v -4.814341 0.649019 0.070000
v -4.814341 0.649019 -0.070000
v -4.809468 0.635187 0.070000
v -4.809468 0.635187 -0.070000
v -4.802887 0.622251 0.070000
v -4.802887 0.622251 -0.070000
v -4.794736 0.610342 0.070000
v -4.794736 0.610342 -0.070000
v -4.785155 0.599593 0.070000
v -4.785155 0.599593 -0.070000
v -4.774283 0.590136 0.070000
v -4.774283 0.590136 -0.070000
v -4.762258 0.582102 0.070000
v -4.762258 0.582102 -0.070000
v -4.749218 0.575624 0.070000
v -4.749218 0.575624 -0.070000
v -4.735304 0.570834 0.070000
v -4.735304 0.570834 -0.070000
v -4.720653 0.567863 0.070000
v -4.720653 0.567863 -0.070000
v -4.705405 0.566843 0.070000
v -4.705405 0.566843 -0.070000
v -4.702156 0.566885 0.070000
v -4.702156 0.566885 -0.070000
v -4.698910 0.567010 0.070000
v -4.698910 0.567010 -0.070000
v -4.695671 0.567218 0.070000
v -4.695671 0.567218 -0.070000
v -4.692442 0.567510 0.070000
v -4.692442 0.567510 -0.070000
v -4.689228 0.567885 0.070000
v -4.689228 0.567885 -0.070000
v -4.686030 0.568343 0.070000
v -4.686030 0.568343 -0.070000
v -4.682854 0.568885 0.070000
v -4.682854 0.568885 -0.070000
v -4.679702 0.569510 0.070000
v -4.679702 0.569510 -0.070000
v -4.676578 0.570218 0.070000
v -4.676578 0.570218 -0.070000
v -4.673484 0.571010 0.070000
v -4.673484 0.571010 -0.070000
v -4.670426 0.571885 0.070000
v -4.670426 0.571885 -0.070000
v -4.667406 0.572843 0.070000
v -4.667406 0.572843 -0.070000
v -4.665405 0.561843 0.070000
v -4.665405 0.561843 -0.070000
v -4.659571 0.534492 0.070000
v -4.659571 0.534492 -0.070000
v -4.652563 0.505204 0.070000
v -4.652563 0.505204 -0.070000
v -4.644374 0.474374 0.070000
v -4.644374 0.474374 -0.070000
v -4.634998 0.442399 0.070000
v -4.634998 0.442399 -0.070000
v -4.624427 0.409673 0.070000
v -4.624427 0.409673 -0.070000
v -4.612656 0.376593 0.070000
v -4.612656 0.376593 -0.070000
v -4.599675 0.343555 0.070000
v -4.599675 0.343555 -0.070000
v -4.585480 0.310954 0.070000
v -4.585480 0.310954 -0.070000
v -4.570062 0.279187 0.070000
v -4.570062 0.279187 -0.070000
v -4.553415 0.248649 0.070000
v -4.553415 0.248649 -0.070000
v -4.535532 0.219736 0.070000
v -4.535532 0.219736 -0.070000
v -4.516406 0.192843 0.070000
v -4.516406 0.192843 -0.070000
v -4.493051 0.164100 0.070000
v -4.493051 0.164100 -0.070000
v -4.468401 0.136399 0.070000
v -4.468401 0.136399 -0.070000
v -4.442327 0.109781 0.070000
v -4.442327 0.109781 -0.070000
v -4.414702 0.084288 0.070000
v -4.414702 0.084288 -0.070000
v -4.385396 0.059961 0.070000
v -4.385396 0.059961 -0.070000
v -4.354280 0.036843 0.070000
v -4.354280 0.036843 -0.070000
v -4.321228 0.014975 0.070000
v -4.321228 0.014975 -0.070000
v -4.286109 -0.005601 0.070000
v -4.286109 -0.005601 -0.070000
v -4.248796 -0.024844 0.070000
v -4.248796 -0.024844 -0.070000
v -4.209160 -0.042712 0.070000
v -4.209160 -0.042712 -0.070000
v -4.167073 -0.059164 0.070000
v -4.167073 -0.059164 -0.070000
v -4.122406 -0.074157 0.070000
v -4.122406 -0.074157 -0.070000
v -4.054405 0.000843 0.070000
v -4.054405 0.000843 -0.070000
v -4.101247 0.013605 0.070000
v -4.101247 0.013605 -0.070000
v -4.144892 0.027857 0.070000
v -4.144892 0.027857 -0.070000
v -4.185515 0.043546 0.070000
v -4.185515 0.043546 -0.070000
v -4.223294 0.060621 0.070000
v -4.223294 0.060621 -0.070000
v -4.258407 0.079029 0.070000
v -4.258407 0.079029 -0.070000
v -4.291030 0.098718 0.070000
v -4.291030 0.098718 -0.070000
v -4.321341 0.119637 0.070000
v -4.321341 0.119637 -0.070000
v -4.349516 0.141732 0.070000
v -4.349516 0.141732 -0.070000
v -4.375733 0.164953 0.070000
v -4.375733 0.164953 -0.070000
v -4.400169 0.189246 0.070000
v -4.400169 0.189246 -0.070000
v -4.423001 0.214560 0.070000
v -4.423001 0.214560 -0.070000
v -4.444406 0.240843 0.070000
v -4.444406 0.240843 -0.070000
v -4.461649 0.264541 0.070000
v -4.461649 0.264541 -0.070000
v -4.477859 0.289922 0.070000
v -4.477859 0.289922 -0.070000
v -4.492999 0.316671 0.070000
v -4.492999 0.316671 -0.070000
v -4.507035 0.344473 0.070000
v -4.507035 0.344473 -0.070000
v -4.519932 0.373010 0.070000
v -4.519932 0.373010 -0.070000
v -4.531655 0.401968 0.070000
v -4.531655 0.401968 -0.070000
v -4.542171 0.431030 0.070000
v -4.542171 0.431030 -0.070000
v -4.551443 0.459880 0.070000
v -4.551443 0.459880 -0.070000
v -4.559437 0.488203 0.070000
v -4.559437 0.488203 -0.070000
v -4.566118 0.515681 0.070000
v -4.566118 0.515681 -0.070000
v -4.571453 0.542000 0.070000
v -4.571453 0.542000 -0.070000
v -4.575406 0.566843 0.070000
v -4.575406 0.566843 -0.070000
v -4.554255 0.566843 0.070000
v -4.554255 0.566843 -0.070000
v -4.521373 0.566843 0.070000
v -4.521373 0.566843 -0.070000
v -4.479109 0.566843 0.070000
v -4.479109 0.566843 -0.070000
v -4.429813 0.566843 0.070000
v -4.429813 0.566843 -0.070000
v -4.375836 0.566843 0.070000
v -4.375836 0.566843 -0.070000
v -4.319530 0.566843 0.070000
v -4.319530 0.566843 -0.070000
v -4.263245 0.566843 0.070000
v -4.263245 0.566843 -0.070000
v -4.209332 0.566843 0.070000
v -4.209332 0.566843 -0.070000
v -4.160140 0.566843 0.070000
v -4.160140 0.566843 -0.070000
v -4.118021 0.566843 0.070000
v -4.118021 0.566843 -0.070000
v -4.085326 0.566843 0.070000
v -4.085326 0.566843 -0.070000
v -4.064405 0.566843 0.070000
v -4.064405 0.566843 -0.070000
v -4.054532 0.566803 0.070000
v -4.054532 0.566803 -0.070000
v -4.044915 0.566690 0.070000
v -4.044915 0.566690 -0.070000
v -4.035562 0.566515 0.070000
v -4.035562 0.566515 -0.070000
v -4.026480 0.566288 0.070000
v -4.026480 0.566288 -0.070000
v -4.017675 0.566018 0.070000
v -4.017675 0.566018 -0.070000
v -4.009155 0.565718 0.070000
v -4.009155 0.565718 -0.070000
v -4.000927 0.565397 0.070000
v -4.000927 0.565397 -0.070000
v -3.992998 0.565065 0.070000
v -3.992998 0.565065 -0.070000
v -3.985374 0.564734 0.070000
v -3.985374 0.564734 -0.070000
v -3.978063 0.564413 0.070000
v -3.978063 0.564413 -0.070000
v -3.971071 0.564112 0.070000
v -3.971071 0.564112 -0.070000
v -3.964406 0.563843 0.070000
v -3.964406 0.563843 -0.070000
v -3.964406 0.652843 0.070000
v -3.964406 0.652843 -0.070000
v -3.971625 0.651865 0.070000
v -3.971625 0.651865 -0.070000
v -3.979244 0.650936 0.070000
v -3.979244 0.650936 -0.070000
v -3.987202 0.650062 0.070000
v -3.987202 0.650062 -0.070000
v -3.995442 0.649251 0.070000
v -3.995442 0.649251 -0.070000
v -4.003905 0.648509 0.070000
v -4.003905 0.648509 -0.070000
v -4.012530 0.647843 0.070000
v -4.012530 0.647843 -0.070000
v -4.021260 0.647261 0.070000
v -4.021260 0.647261 -0.070000
v -4.030035 0.646769 0.070000
v -4.030035 0.646769 -0.070000
v -4.038796 0.646374 0.070000
v -4.038796 0.646374 -0.070000
v -4.047484 0.646084 0.070000
v -4.047484 0.646084 -0.070000
v -4.056040 0.645905 0.070000
v -4.056040 0.645905 -0.070000
v -4.064405 0.645843 0.070000
v -4.064405 0.645843 -0.070000
v -4.085378 0.645843 0.070000
v -4.085378 0.645843 -0.070000
v -4.118188 0.645843 0.070000
v -4.118188 0.645843 -0.070000
v -4.160421 0.645843 0.070000
v -4.160421 0.645843 -0.070000
v -4.209664 0.645843 0.070000
v -4.209664 0.645843 -0.070000
v -4.263505 0.645843 0.070000
v -4.263505 0.645843 -0.070000
v -4.319530 0.645843 0.070000
v -4.319530 0.645843 -0.070000
v -4.375326 0.645843 0.070000
v -4.375326 0.645843 -0.070000
v -4.428480 0.645843 0.070000
v -4.428480 0.645843 -0.070000
v -4.476577 0.645843 0.070000
v -4.476577 0.645843 -0.070000
v -4.517206 0.645843 0.070000
v -4.517206 0.645843 -0.070000
v -4.547954 0.645843 0.070000
v -4.547954 0.645843 -0.070000
v -4.566405 0.645843 0.070000
v -4.566405 0.645843 -0.070000
v -4.598405 0.646843 0.070000
v -4.598405 0.646843 -0.070000
v -4.597677 0.649364 0.070000
v -4.597677 0.649364 -0.070000
v -4.596993 0.651922 0.070000
v -4.596993 0.651922 -0.070000
v -4.596359 0.654515 0.070000
v -4.596359 0.654515 -0.070000
v -4.595776 0.657140 0.070000
v -4.595776 0.657140 -0.070000
v -4.595249 0.659792 0.070000
v -4.595249 0.659792 -0.070000
v -4.594780 0.662468 0.070000
v -4.594780 0.662468 -0.070000
v -4.594375 0.665166 0.070000
v -4.594375 0.665166 -0.070000
v -4.594035 0.667880 0.070000
v -4.594035 0.667880 -0.070000
v -4.593765 0.670609 0.070000
v -4.593765 0.670609 -0.070000
v -4.593567 0.673348 0.070000
v -4.593567 0.673348 -0.070000
v -4.593447 0.676094 0.070000
v -4.593447 0.676094 -0.070000
v -4.593406 0.678843 0.070000
v -4.593406 0.678843 -0.070000
v -4.594425 0.694091 0.070000
v -4.594425 0.694091 -0.070000
v -4.597396 0.708741 0.070000
v -4.597396 0.708741 -0.070000
v -4.602187 0.722656 0.070000
v -4.602187 0.722656 -0.070000
v -4.608665 0.735695 0.070000
v -4.608665 0.735695 -0.070000
v -4.616698 0.747721 0.070000
v -4.616698 0.747721 -0.070000
v -4.626155 0.758593 0.070000
v -4.626155 0.758593 -0.070000
v -4.636904 0.768174 0.070000
v -4.636904 0.768174 -0.070000
v -4.648813 0.776325 0.070000
v -4.648813 0.776325 -0.070000
v -4.661749 0.782906 0.070000
v -4.661749 0.782906 -0.070000
v -4.675581 0.787778 0.070000
v -4.675581 0.787778 -0.070000
v -4.690177 0.790804 0.070000
v -4.690177 0.790804 -0.070000
v -4.705405 0.791843 0.070000
v -4.705405 0.791843 -0.070000
vn -0.0000 -0.0000 -1.0000
vn -0.0000 -0.0000 1.0000
vn 0.0001 -0.0000 -1.0000
vn 0.0001 -0.0000 1.0000
vn 0.2640 0.9645 -0.0000
vn 0.1337 0.9910 -0.0000
vn 0.3876 0.9218 -0.0000
vn 0.5028 0.8644 -0.0000
vn 0.6083 0.7937 -0.0000
vn 0.5027 0.8644 -0.0000
vn 0.7034 0.7108 -0.0000
vn 0.7875 0.6163 -0.0000
vn 0.7034 0.7107 -0.0000
vn 0.8597 0.5108 -0.0000
vn 0.9187 0.3949 -0.0000
vn 0.9629 0.2698 -0.0000
vn 0.9187 0.3950 -0.0000
vn 0.9906 0.1370 -0.0000
vn 1.0000 0.0009 -0.0000
vn 0.9910 -0.1340 -0.0000
vn 0.9643 -0.2648 -0.0000
vn 0.9212 -0.3892 -0.0000
vn 0.8630 -0.5052 -0.0000
vn 0.7913 -0.6115 -0.0000
vn 0.7071 -0.7071 -0.0000
vn 0.6115 -0.7913 -0.0000
vn 0.5052 -0.8630 -0.0000
vn 0.3892 -0.9212 -0.0000
vn 0.2648 -0.9643 -0.0000
vn 0.1340 -0.9910 -0.0000
vn -0.0009 -1.0000 -0.0000
vn -0.1370 -0.9906 -0.0000
vn -0.2698 -0.9629 -0.0000
vn -0.3949 -0.9187 -0.0000
vn -0.5108 -0.8597 -0.0000
vn -0.6163 -0.7875 -0.0000
vn -0.7107 -0.7034 -0.0000
vn -0.7937 -0.6083 -0.0000
vn -0.8644 -0.5027 -0.0000
vn -0.9218 -0.3876 -0.0000
vn -0.8644 -0.5028 -0.0000
vn -0.9645 -0.2640 -0.0000
vn -0.9910 -0.1337 -0.0000
vn -1.0000 0.0009 -0.0000
vn -0.9906 0.1368 -0.0000
vn -0.9632 0.2690 -0.0000
vn -0.9194 0.3934 -0.0000
vn -0.8611 0.5084 -0.0000
vn -0.7900 0.6131 -0.0000
vn -0.8612 0.5083 -0.0000
vn -0.7071 0.7071 -0.0000
vn -0.6131 0.7900 -0.0000
vn -0.5084 0.8611 -0.0000
vn -0.3934 0.9194 -0.0000
vn -0.2690 0.9631 -0.0000
vn -0.1368 0.9906 -0.0000
vn -0.0009 1.0000 -0.0000
vn -0.2670 0.9637 -0.0000
vn -0.1354 0.9908 -0.0000
vn -0.3914 0.9202 -0.0000
vn -0.5068 0.8620 -0.0000
vn -0.6123 0.7906 -0.0000
vn -0.7906 0.6123 -0.0000
vn -0.8620 0.5069 -0.0000
vn -0.9202 0.3914 -0.0000
vn -0.8620 0.5068 -0.0000
vn -0.9637 0.2670 -0.0000
vn -0.9908 0.1354 -0.0000
vn -1.0000 -0.0000 -0.0000
vn -0.9907 -0.1358 -0.0000
vn -0.9634 -0.2682 -0.0000
vn -0.9192 -0.3937 -0.0000
vn -0.8601 -0.5102 -0.0000
vn -0.7875 -0.6164 -0.0000
vn -0.7028 -0.7114 -0.0000
vn -0.6071 -0.7946 -0.0000
vn -0.5012 -0.8653 -0.0000
vn -0.3860 -0.9225 -0.0000
vn -0.2627 -0.9649 -0.0000
vn -0.1330 -0.9911 -0.0000
vn -0.0270 -0.9996 -0.0000
vn 0.0257 -0.9997 -0.0000
vn 0.0513 -0.9987 -0.0000
vn 0.0771 -0.9970 -0.0000
vn 0.1029 -0.9947 -0.0000
vn 0.1289 -0.9917 -0.0000
vn 0.1550 -0.9879 -0.0000
vn 0.1813 -0.9834 -0.0000
vn 0.2078 -0.9782 -0.0000
vn 0.2345 -0.9721 -0.0000
vn 0.2615 -0.9652 -0.0000
vn 0.2346 -0.9721 -0.0000
vn 0.2888 -0.9574 -0.0000
vn -0.5157 -0.8568 -0.0000
vn -0.9810 -0.1938 -0.0000
vn -0.9753 -0.2207 -0.0000
vn -0.9696 -0.2447 -0.0000
vn -0.9631 -0.2691 -0.0000
vn -0.9557 -0.2944 -0.0000
vn -0.9470 -0.3214 -0.0000
vn -0.9366 -0.3505 -0.0000
vn -0.9239 -0.3825 -0.0000
vn -0.9084 -0.4180 -0.0000
vn -0.8891 -0.4578 -0.0000
vn -0.8646 -0.5025 -0.0000
vn -0.8331 -0.5531 -0.0000
vn -0.7959 -0.6054 -0.0000
vn -0.7618 -0.6478 -0.0000
vn -0.7309 -0.6825 -0.0000
vn -0.6965 -0.7176 -0.0000
vn -0.6587 -0.7524 -0.0000
vn -0.6178 -0.7864 -0.0000
vn -0.5743 -0.8186 -0.0000
vn -0.5288 -0.8487 -0.0000
vn -0.4821 -0.8761 -0.0000
vn -0.5289 -0.8487 -0.0000
vn -0.4348 -0.9005 -0.0000
vn -0.3876 -0.9218 -0.0000
vn -0.3412 -0.9400 -0.0000
vn 0.2525 -0.9676 -0.0000
vn 0.9599 0.2803 -0.0000
vn 0.2867 0.9580 -0.0000
vn 0.3355 0.9421 -0.0000
vn 0.3862 0.9224 -0.0000
vn 0.4383 0.8988 -0.0000
vn 0.4907 0.8713 -0.0000
vn 0.5426 0.8400 -0.0000
vn 0.5928 0.8053 -0.0000
vn 0.6403 0.7681 -0.0000
vn 0.6843 0.7292 -0.0000
vn 0.7241 0.6897 -0.0000
vn 0.7592 0.6508 -0.0000
vn 0.7923 0.6102 -0.0000
vn 0.8261 0.5636 -0.0000
vn 0.8568 0.5156 -0.0000
vn 0.8817 0.4718 -0.0000
vn 0.9022 0.4314 -0.0000
vn 0.9193 0.3936 -0.0000
vn 0.9338 0.3578 -0.0000
vn 0.9463 0.3232 -0.0000
vn 0.9574 0.2889 -0.0000
vn 0.9672 0.2540 -0.0000
vn 0.9761 0.2175 -0.0000
vn 0.9840 0.1779 -0.0000
vn 0.7606 -0.6492 -0.0000
vn -0.0000 -1.0000 -0.0000
vn -0.0020 -1.0000 -0.0000
vn -0.0079 -1.0000 -0.0000
vn -0.0152 -0.9999 -0.0000
vn -0.0219 -0.9998 -0.0000
vn -0.0278 -0.9996 -0.0000
vn -0.0329 -0.9995 -0.0000
vn -0.0371 -0.9993 -0.0000
vn -0.0404 -0.9992 -0.0000
vn -0.0426 -0.9991 -0.0000
vn -0.0437 -0.9990 -0.0000
vn -0.0434 -0.9991 -0.0000
vn -0.0416 -0.9991 -0.0000
vn 0.6927 -0.7212 -0.0000
vn 0.6579 0.7531 -0.0000
vn -0.1277 0.9918 -0.0000
vn -0.1151 0.9934 -0.0000
vn -0.1036 0.9946 -0.0000
vn -0.0927 0.9957 -0.0000
vn -0.0821 0.9966 -0.0000
vn -0.0717 0.9974 -0.0000
vn -0.0613 0.9981 -0.0000
vn -0.0505 0.9987 -0.0000
vn -0.0392 0.9992 -0.0000
vn -0.0272 0.9996 -0.0000
vn -0.0141 0.9999 -0.0000
vn -0.0037 1.0000 -0.0000
vn -0.0000 1.0000 -0.0000
vn 0.0156 0.9999 -0.0000
vn 0.8086 0.5884 -0.0000
vn 0.9634 -0.2679 -0.0000
vn 0.9688 -0.2480 -0.0000
vn 0.9738 -0.2273 -0.0000
vn 0.9688 -0.2479 -0.0000
vn 0.9786 -0.2059 -0.0000
vn 0.9830 -0.1836 -0.0000
vn 0.9870 -0.1605 -0.0000
vn 0.9830 -0.1837 -0.0000
vn 0.9906 -0.1365 -0.0000
vn 0.9938 -0.1114 -0.0000
vn 0.9906 -0.1364 -0.0000
vn 0.9964 -0.0852 -0.0000
vn 0.9983 -0.0579 -0.0000
vn 0.9996 -0.0295 -0.0000
vn 0.9997 0.0259 -0.0000
vn 0.9911 0.1330 -0.0000
vn 0.9649 0.2627 -0.0000
vn 0.9225 0.3860 -0.0000
vn 0.8653 0.5012 -0.0000
vn 0.7946 0.6071 -0.0000
vn 0.7114 0.7028 -0.0000
vn 0.6164 0.7875 -0.0000
vn 0.5102 0.8601 -0.0000
vn 0.3937 0.9192 -0.0000
vn 0.2682 0.9634 -0.0000
vn 0.1358 0.9907 -0.0000
vt 0.598104 0.903521
vt 0.546232 0.903521
vt 0.598432 0.903521
vt 0.597776 0.903521
vt 0.546561 0.903521
vt 0.597448 0.903521
vt 0.546889 0.903521
vt 0.597119 0.903521
vt 0.547217 0.903521
vt 0.596791 0.903521
vt 0.547546 0.903521
vt 0.596463 0.903521
vt 0.547874 0.903521
vt 0.596134 0.903521
vt 0.548202 0.903521
vt 0.595806 0.903521
vt 0.538353 0.903521
vt 0.538025 0.903521
vt 0.537697 0.903521
vt 0.548530 0.903521
vt 0.537368 0.903521
vt 0.538681 0.903521
vt 0.537040 0.903521
vt 0.539010 0.903521
vt 0.536712 0.903521
vt 0.539338 0.903521
vt 0.536383 0.903521
vt 0.539666 0.903521
vt 0.595478 0.903521
vt 0.548859 0.903521
vt 0.536055 0.903521
vt 0.539995 0.903521
vt 0.535727 0.903521
vt 0.540323 0.903521
vt 0.595149 0.903521
vt 0.549187 0.903521
vt 0.535398 0.903521
vt 0.540651 0.903521
vt 0.535070 0.903521
vt 0.540980 0.903521
vt 0.594821 0.903521
vt 0.549515 0.903521
vt 0.534742 0.903521
vt 0.541308 0.903521
vt 0.534413 0.903521
vt 0.541636 0.903521
vt 0.594493 0.903521
vt 0.549844 0.903521
vt 0.534085 0.903521
vt 0.541964 0.903521
vt 0.594164 0.903521
vt 0.542293 0.903521
vt 0.533757 0.903521
vt 0.550172 0.903521
vt 0.593836 0.903521
vt 0.593508 0.903521
vt 0.593180 0.903521
vt 0.542621 0.903521
vt 0.533429 0.903521
vt 0.592851 0.903521
vt 0.592523 0.903521
vt 0.550500 0.903521
vt 0.592195 0.903521
vt 0.542949 0.903521
vt 0.533100 0.903521
vt 0.591866 0.903521
vt 0.591538 0.903521
vt 0.591210 0.903521
vt 0.543278 0.903521
vt 0.532772 0.903521
vt 0.582017 0.903521
vt 0.582674 0.903521
vt 0.582346 0.903521
vt 0.590881 0.903521
vt 0.583002 0.903521
vt 0.583331 0.903521
vt 0.583659 0.903521
vt 0.590553 0.903521
vt 0.583987 0.903521
vt 0.550829 0.903521
vt 0.584315 0.903521
vt 0.584644 0.903521
vt 0.584972 0.903521
vt 0.590225 0.903521
vt 0.585300 0.903521
vt 0.585629 0.903521
vt 0.585957 0.903521
vt 0.586285 0.903521
vt 0.586614 0.903521
vt 0.586942 0.903521
vt 0.587270 0.903521
vt 0.587598 0.903521
vt 0.587927 0.903521
vt 0.588255 0.903521
vt 0.588583 0.903521
vt 0.588912 0.903521
vt 0.589240 0.903521
vt 0.589568 0.903521
vt 0.589897 0.903521
vt 0.543606 0.903521
vt 0.532444 0.903521
vt 0.543934 0.903521
vt 0.532115 0.903521
vt 0.551157 0.903521
vt 0.544263 0.903521
vt 0.531787 0.903521
vt 0.544591 0.903521
vt 0.531459 0.903521
vt 0.551485 0.903521
vt 0.544919 0.903521
vt 0.531130 0.903521
vt 0.545247 0.903521
vt 0.530802 0.903521
vt 0.545576 0.903521
vt 0.530474 0.903521
vt 0.545904 0.903521
vt 0.551813 0.903521
vt 0.580704 0.903521
vt 0.580376 0.903521
vt 0.580047 0.903521
vt 0.579719 0.903521
vt 0.552142 0.903521
vt 0.579391 0.903521
vt 0.579063 0.903521
vt 0.552470 0.903521
vt 0.578734 0.903521
vt 0.552798 0.903521
vt 0.578406 0.903521
vt 0.557723 0.903521
vt 0.553127 0.903521
vt 0.578078 0.903521
vt 0.577421 0.903521
vt 0.577093 0.903521
vt 0.576764 0.903521
vt 0.576108 0.903521
vt 0.575780 0.903521
vt 0.575451 0.903521
vt 0.575123 0.903521
vt 0.574466 0.903521
vt 0.574138 0.903521
vt 0.558051 0.903521
vt 0.557395 0.903521
vt 0.557066 0.903521
vt 0.556738 0.903521
vt 0.553455 0.903521
vt 0.556410 0.903521
vt 0.556081 0.903521
vt 0.555753 0.903521
vt 0.555425 0.903521
vt 0.555097 0.903521
vt 0.553783 0.903521
vt 0.554768 0.903521
vt 0.554440 0.903521
vt 0.554112 0.903521
vt 0.577749 0.903521
vt 0.576436 0.903521
vt 0.574795 0.903521
vt 0.573810 0.903521
vt 0.581032 0.903521
vt 0.581361 0.903521
vt 0.581689 0.903521
vt 0.558380 0.903521
vt 0.573481 0.903521
vt 0.558708 0.903521
vt 0.573153 0.903521
vt 0.559036 0.903521
vt 0.572825 0.903521
vt 0.559364 0.903521
vt 0.572497 0.903521
vt 0.559693 0.903521
vt 0.572168 0.903521
vt 0.560021 0.903521
vt 0.571840 0.903521
vt 0.560349 0.903521
vt 0.571512 0.903521
vt 0.571183 0.903521
vt 0.560678 0.903521
vt 0.570855 0.903521
vt 0.561006 0.903521
vt 0.570527 0.903521
vt 0.561334 0.903521
vt 0.570198 0.903521
vt 0.561663 0.903521
vt 0.569870 0.903521
vt 0.561991 0.903521
vt 0.569542 0.903521
vt 0.562319 0.903521
vt 0.569214 0.903521
vt 0.568885 0.903521
vt 0.562647 0.903521
vt 0.568557 0.903521
vt 0.562976 0.903521
vt 0.568229 0.903521
vt 0.563304 0.903521
vt 0.567900 0.903521
vt 0.563632 0.903521
vt 0.567572 0.903521
vt 0.567244 0.903521
vt 0.563961 0.903521
vt 0.566915 0.903521
vt 0.564289 0.903521
vt 0.566587 0.903521
vt 0.564617 0.903521
vt 0.566259 0.903521
vt 0.565930 0.903521
vt 0.564946 0.903521
vt 0.565274 0.903521
vt 0.565602 0.903521
vt 0.531890 0.971479
vt 0.530474 0.971479
vt 0.533305 0.971479
vt 0.531890 0.903521
vt 0.534721 0.971479
vt 0.533305 0.903521
vt 0.536137 0.971479
vt 0.534721 0.903521
vt 0.537553 0.971479
vt 0.536137 0.903521
vt 0.538969 0.971479
vt 0.537553 0.903521
vt 0.540384 0.971479
vt 0.538969 0.903521
vt 0.541800 0.971479
vt 0.540384 0.903521
vt 0.543216 0.971479
vt 0.541800 0.903521
vt 0.544632 0.971479
vt 0.543216 0.903521
vt 0.546048 0.971479
vt 0.544632 0.903521
vt 0.547463 0.971479
vt 0.546048 0.903521
vt 0.548879 0.971479
vt 0.547463 0.903521
vt 0.550295 0.971479
vt 0.548879 0.903521
vt 0.551711 0.971479
vt 0.550295 0.903521
vt 0.553127 0.971479
vt 0.551711 0.903521
vt 0.554542 0.971479
vt 0.555958 0.971479
vt 0.554542 0.903521
vt 0.557374 0.971479
vt 0.555958 0.903521
vt 0.558790 0.971479
vt 0.557374 0.903521
vt 0.560206 0.971479
vt 0.558790 0.903521
vt 0.561621 0.971479
vt 0.560206 0.903521
vt 0.563037 0.971479
vt 0.561621 0.903521
vt 0.564453 0.971479
vt 0.563037 0.903521
vt 0.565869 0.971479
vt 0.564453 0.903521
vt 0.567285 0.971479
vt 0.565869 0.903521
vt 0.568701 0.971479
vt 0.567285 0.903521
vt 0.570116 0.971479
vt 0.568701 0.903521
vt 0.571532 0.971479
vt 0.570116 0.903521
vt 0.572948 0.971479
vt 0.571532 0.903521
vt 0.574364 0.971479
vt 0.572948 0.903521
vt 0.575780 0.971479
vt 0.574364 0.903521
vt 0.577195 0.971479
vt 0.578611 0.971479
vt 0.577195 0.903521
vt 0.580027 0.971479
vt 0.578611 0.903521
vt 0.581443 0.971479
vt 0.580027 0.903521
vt 0.582859 0.971479
vt 0.581443 0.903521
vt 0.584274 0.971479
vt 0.582859 0.903521
vt 0.585690 0.971479
vt 0.584274 0.903521
vt 0.587106 0.971479
vt 0.585690 0.903521
vt 0.588522 0.971479
vt 0.587106 0.903521
vt 0.589938 0.971479
vt 0.588522 0.903521
vt 0.591353 0.971479
vt 0.589938 0.903521
vt 0.592769 0.971479
vt 0.591353 0.903521
vt 0.594185 0.971479
vt 0.592769 0.903521
vt 0.595601 0.971479
vt 0.594185 0.903521
vt 0.597017 0.971479
vt 0.595601 0.903521
vt 0.598432 0.971479
vt 0.597017 0.903521
vt 0.530899 0.971479
vt 0.531323 0.971479
vt 0.530899 0.903521
vt 0.531748 0.971479
vt 0.531323 0.903521
vt 0.532173 0.971479
vt 0.531748 0.903521
vt 0.532598 0.971479
vt 0.532173 0.903521
vt 0.533022 0.971479
vt 0.532598 0.903521
vt 0.533447 0.971479
vt 0.533022 0.903521
vt 0.533872 0.971479
vt 0.533447 0.903521
vt 0.534297 0.971479
vt 0.533872 0.903521
vt 0.534297 0.903521
vt 0.535146 0.971479
vt 0.535571 0.971479
vt 0.535146 0.903521
vt 0.535995 0.971479
vt 0.535571 0.903521
vt 0.536420 0.971479
vt 0.535995 0.903521
vt 0.536845 0.971479
vt 0.536420 0.903521
vt 0.537270 0.971479
vt 0.536845 0.903521
vt 0.537694 0.971479
vt 0.537270 0.903521
vt 0.538119 0.971479
vt 0.537694 0.903521
vt 0.538544 0.971479
vt 0.538119 0.903521
vt 0.538544 0.903521
vt 0.539393 0.971479
vt 0.539818 0.971479
vt 0.539393 0.903521
vt 0.540243 0.971479
vt 0.539818 0.903521
vt 0.540668 0.971479
vt 0.540243 0.903521
vt 0.541092 0.971479
vt 0.540668 0.903521
vt 0.541517 0.971479
vt 0.541092 0.903521
vt 0.541942 0.971479
vt 0.541517 0.903521
vt 0.542367 0.971479
vt 0.541942 0.903521
vt 0.542791 0.971479
vt 0.542367 0.903521
vt 0.542791 0.903521
vt 0.543641 0.971479
vt 0.544066 0.971479
vt 0.543641 0.903521
vt 0.544490 0.971479
vt 0.544066 0.903521
vt 0.544915 0.971479
vt 0.544490 0.903521
vt 0.545340 0.971479
vt 0.544915 0.903521
vt 0.545765 0.971479
vt 0.545340 0.903521
vt 0.546189 0.971479
vt 0.545765 0.903521
vt 0.546614 0.971479
vt 0.546189 0.903521
vt 0.547039 0.971479
vt 0.546614 0.903521
vt 0.547039 0.903521
vt 0.547888 0.971479
vt 0.548313 0.971479
vt 0.547888 0.903521
vt 0.548738 0.971479
vt 0.548313 0.903521
vt 0.549162 0.971479
vt 0.548738 0.903521
vt 0.549587 0.971479
vt 0.549162 0.903521
vt 0.550012 0.971479
vt 0.549587 0.903521
vt 0.550437 0.971479
vt 0.550012 0.903521
vt 0.550861 0.971479
vt 0.550437 0.903521
vt 0.551286 0.971479
vt 0.550861 0.903521
vt 0.551286 0.903521
vt 0.552136 0.971479
vt 0.552560 0.971479
vt 0.552136 0.903521
vt 0.552985 0.971479
vt 0.552560 0.903521
vt 0.553410 0.971479
vt 0.552985 0.903521
vt 0.553835 0.971479
vt 0.553410 0.903521
vt 0.554259 0.971479
vt 0.553835 0.903521
vt 0.554684 0.971479
vt 0.554259 0.903521
vt 0.555109 0.971479
vt 0.554684 0.903521
vt 0.555534 0.971479
vt 0.555109 0.903521
vt 0.555534 0.903521
vt 0.556383 0.971479
vt 0.556808 0.971479
vt 0.556383 0.903521
vt 0.557232 0.971479
vt 0.556808 0.903521
vt 0.557657 0.971479
vt 0.557232 0.903521
vt 0.558082 0.971479
vt 0.557657 0.903521
vt 0.558507 0.971479
vt 0.558082 0.903521
vt 0.558931 0.971479
vt 0.558507 0.903521
vt 0.559356 0.971479
vt 0.558931 0.903521
vt 0.559781 0.971479
vt 0.559356 0.903521
vt 0.559781 0.903521
vt 0.560630 0.971479
vt 0.561055 0.971479
vt 0.560630 0.903521
vt 0.561480 0.971479
vt 0.561055 0.903521
vt 0.561905 0.971479
vt 0.561480 0.903521
vt 0.562329 0.971479
vt 0.561905 0.903521
vt 0.562754 0.971479
vt 0.562329 0.903521
vt 0.563179 0.971479
vt 0.562754 0.903521
vt 0.563604 0.971479
vt 0.563179 0.903521
vt 0.564028 0.971479
vt 0.563604 0.903521
vt 0.564028 0.903521
vt 0.564878 0.971479
vt 0.565303 0.971479
vt 0.564878 0.903521
vt 0.565727 0.971479
vt 0.565303 0.903521
vt 0.566152 0.971479
vt 0.565727 0.903521
vt 0.566577 0.971479
vt 0.566152 0.903521
vt 0.567002 0.971479
vt 0.566577 0.903521
vt 0.567426 0.971479
vt 0.567002 0.903521
vt 0.567851 0.971479
vt 0.567426 0.903521
vt 0.568276 0.971479
vt 0.567851 0.903521
vt 0.568276 0.903521
vt 0.569125 0.971479
vt 0.569550 0.971479
vt 0.569125 0.903521
vt 0.569975 0.971479
vt 0.569550 0.903521
vt 0.570400 0.971479
vt 0.569975 0.903521
vt 0.570824 0.971479
vt 0.570400 0.903521
vt 0.571249 0.971479
vt 0.570824 0.903521
vt 0.571674 0.971479
vt 0.571249 0.903521
vt 0.572098 0.971479
vt 0.571674 0.903521
vt 0.572523 0.971479
vt 0.572098 0.903521
vt 0.572523 0.903521
vt 0.573373 0.971479
vt 0.573797 0.971479
vt 0.573373 0.903521
vt 0.574222 0.971479
vt 0.573797 0.903521
vt 0.574647 0.971479
vt 0.574222 0.903521
vt 0.575072 0.971479
vt 0.574647 0.903521
vt 0.575496 0.971479
vt 0.575072 0.903521
vt 0.575921 0.971479
vt 0.575496 0.903521
vt 0.576346 0.971479
vt 0.575921 0.903521
vt 0.576771 0.971479
vt 0.576346 0.903521
vt 0.576771 0.903521
vt 0.577620 0.971479
vt 0.578045 0.971479
vt 0.577620 0.903521
vt 0.578470 0.971479
vt 0.578045 0.903521
vt 0.578894 0.971479
vt 0.578470 0.903521
vt 0.579319 0.971479
vt 0.578894 0.903521
vt 0.579744 0.971479
vt 0.579319 0.903521
vt 0.580169 0.971479
vt 0.579744 0.903521
vt 0.580593 0.971479
vt 0.580169 0.903521
vt 0.581018 0.971479
vt 0.580593 0.903521
vt 0.581018 0.903521
vt 0.581868 0.971479
vt 0.582292 0.971479
vt 0.581868 0.903521
vt 0.582717 0.971479
vt 0.582292 0.903521
vt 0.583142 0.971479
vt 0.582717 0.903521
vt 0.583566 0.971479
vt 0.583142 0.903521
vt 0.583991 0.971479
vt 0.583566 0.903521
vt 0.584416 0.971479
vt 0.583991 0.903521
vt 0.584841 0.971479
vt 0.584416 0.903521
vt 0.585265 0.971479
vt 0.584841 0.903521
vt 0.585265 0.903521
vt 0.586115 0.971479
vt 0.586540 0.971479
vt 0.586115 0.903521
vt 0.586964 0.971479
vt 0.586540 0.903521
vt 0.587389 0.971479
vt 0.586964 0.903521
vt 0.587814 0.971479
vt 0.587389 0.903521
vt 0.588239 0.971479
vt 0.587814 0.903521
vt 0.588663 0.971479
vt 0.588239 0.903521
vt 0.589088 0.971479
vt 0.588663 0.903521
vt 0.589513 0.971479
vt 0.589088 0.903521
vt 0.589513 0.903521
vt 0.590362 0.971479
vt 0.590787 0.971479
vt 0.590362 0.903521
vt 0.591212 0.971479
vt 0.590787 0.903521
vt 0.591637 0.971479
vt 0.591212 0.903521
vt 0.592061 0.971479
vt 0.591637 0.903521
vt 0.592486 0.971479
vt 0.592061 0.903521
vt 0.592911 0.971479
vt 0.592486 0.903521
vt 0.593336 0.971479
vt 0.592911 0.903521
vt 0.593760 0.971479
vt 0.593336 0.903521
vt 0.593760 0.903521
vt 0.594610 0.971479
vt 0.595034 0.971479
vt 0.594610 0.903521
vt 0.595459 0.971479
vt 0.595034 0.903521
vt 0.595884 0.971479
vt 0.595459 0.903521
vt 0.596309 0.971479
vt 0.595884 0.903521
vt 0.596733 0.971479
vt 0.596309 0.903521
vt 0.597158 0.971479
vt 0.596733 0.903521
vt 0.597583 0.971479
vt 0.597158 0.903521
vt 0.598008 0.971479
vt 0.597583 0.903521
vt 0.598008 0.903521
s 0
usemtl Material.001
f 4311/2947/1048 4153/2948/1048 4312/2949/1048
f 4310/2950/1048 4153/2948/1048 4311/2947/1048
f 4310/2950/1048 4154/2951/1048 4153/2948/1048
f 4309/2952/1048 4154/2951/1048 4310/2950/1048
f 4309/2952/1048 4155/2953/1048 4154/2951/1048
f 4308/2954/1048 4155/2953/1048 4309/2952/1048
f 4308/2954/1048 4156/2955/1048 4155/2953/1048
f 4307/2956/1048 4156/2955/1048 4308/2954/1048
f 4307/2956/1048 4157/2957/1048 4156/2955/1048
f 4306/2958/1048 4157/2957/1048 4307/2956/1048
f 4306/2958/1048 4158/2959/1048 4157/2957/1048
f 4305/2960/1048 4158/2959/1048 4306/2958/1048
f 4305/2960/1048 4159/2961/1048 4158/2959/1048
f 4304/2962/1048 4129/2963/1048 4305/2960/1048
f 4129/2963/1048 4128/2964/1048 4305/2960/1048
f 4128/2964/1048 4159/2961/1048 4305/2960/1048
f 4128/2964/1048 4127/2965/1048 4159/2961/1048
f 4127/2965/1048 4160/2966/1048 4159/2961/1048
f 4126/2967/1048 4160/2966/1048 4127/2965/1048
f 4304/2962/1048 4130/2968/1048 4129/2963/1048
f 4125/2969/1048 4160/2966/1048 4126/2967/1048
f 4304/2962/1048 4131/2970/1048 4130/2968/1048
f 4124/2971/1048 4160/2966/1048 4125/2969/1048
f 4304/2962/1048 4132/2972/1048 4131/2970/1048
f 4123/2973/1048 4160/2966/1048 4124/2971/1048
f 4304/2962/1048 4133/2974/1048 4132/2972/1048
f 4303/2975/1048 4133/2974/1048 4304/2962/1048
f 4123/2973/1048 4161/2976/1048 4160/2966/1048
f 4122/2977/1048 4161/2976/1048 4123/2973/1048
f 4303/2975/1048 4134/2978/1048 4133/2974/1048
f 4121/2979/1048 4161/2976/1048 4122/2977/1048
f 4303/2975/1048 4135/2980/1048 4134/2978/1048
f 4302/2981/1048 4135/2980/1048 4303/2975/1048
f 4121/2979/1048 4162/2982/1048 4161/2976/1048
f 4120/2983/1048 4162/2982/1048 4121/2979/1048
f 4302/2981/1048 4136/2984/1048 4135/2980/1048
f 4119/2985/1048 4162/2982/1048 4120/2983/1048
f 4302/2981/1048 4137/2986/1048 4136/2984/1048
f 4301/2987/1048 4137/2986/1048 4302/2981/1048
f 4119/2985/1048 4163/2988/1048 4162/2982/1048
f 4118/2989/1048 4163/2988/1048 4119/2985/1048
f 4301/2987/1048 4138/2990/1048 4137/2986/1048
f 4117/2991/1048 4163/2988/1048 4118/2989/1048
f 4301/2987/1048 4139/2992/1048 4138/2990/1048
f 4300/2993/1048 4139/2992/1048 4301/2987/1048
f 4117/2991/1048 4164/2994/1048 4163/2988/1048
f 4116/2995/1048 4164/2994/1048 4117/2991/1048
f 4300/2993/1048 4140/2996/1048 4139/2992/1048
f 4299/2997/1048 4140/2996/1048 4300/2993/1048
f 4299/2997/1048 4141/2998/1048 4140/2996/1048
f 4115/2999/1048 4164/2994/1048 4116/2995/1048
f 4115/2999/1048 4165/3000/1048 4164/2994/1048
f 4298/3001/1048 4141/2998/1048 4299/2997/1048
f 4297/3002/1048 4141/2998/1048 4298/3001/1048
f 4296/3003/1048 4141/2998/1048 4297/3002/1048
f 4296/3003/1048 4142/3004/1048 4141/2998/1048
f 4114/3005/1048 4165/3000/1048 4115/2999/1048
f 4295/3006/1048 4142/3004/1048 4296/3003/1048
f 4294/3007/1048 4142/3004/1048 4295/3006/1048
f 4114/3005/1048 4166/3008/1048 4165/3000/1048
f 4293/3009/1048 4142/3004/1048 4294/3007/1048
f 4293/3009/1048 4143/3010/1048 4142/3004/1048
f 4113/3011/1048 4166/3008/1048 4114/3005/1048
f 4292/3012/1048 4143/3010/1048 4293/3009/1048
f 4291/3013/1048 4143/3010/1048 4292/3012/1048
f 4290/3014/1048 4143/3010/1048 4291/3013/1048
f 4290/3014/1048 4144/3015/1048 4143/3010/1048
f 4112/3016/1048 4166/3008/1048 4113/3011/1048
f 4262/3017/1048 4264/3018/1048 4263/3019/1048
f 4289/3020/1048 4144/3015/1048 4290/3014/1048
f 4262/3017/1048 4265/3021/1048 4264/3018/1048
f 4262/3017/1048 4266/3022/1048 4265/3021/1048
f 4262/3017/1048 4267/3023/1048 4266/3022/1048
f 4288/3024/1048 4144/3015/1048 4289/3020/1048
f 4262/3017/1048 4268/3025/1048 4267/3023/1048
f 4112/3016/1048 4167/3026/1048 4166/3008/1048
f 4262/3017/1048 4269/3027/1048 4268/3025/1048
f 4262/3017/1048 4270/3028/1048 4269/3027/1048
f 4262/3017/1048 4271/3029/1048 4270/3028/1048
f 4287/3030/1048 4144/3015/1048 4288/3024/1048
f 4262/3017/1048 4272/3031/1048 4271/3029/1048
f 4262/3017/1048 4273/3032/1048 4272/3031/1048
f 4262/3017/1048 4274/3033/1048 4273/3032/1048
f 4262/3017/1048 4275/3034/1048 4274/3033/1048
f 4262/3017/1048 4276/3035/1048 4275/3034/1048
f 4262/3017/1048 4277/3036/1048 4276/3035/1048
f 4262/3017/1048 4278/3037/1048 4277/3036/1048
f 4262/3017/1048 4279/3038/1048 4278/3037/1048
f 4262/3017/1048 4280/3039/1048 4279/3038/1048
f 4262/3017/1048 4281/3040/1048 4280/3039/1048
f 4262/3017/1048 4282/3041/1048 4281/3040/1048
f 4262/3017/1048 4283/3042/1048 4282/3041/1048
f 4262/3017/1048 4284/3043/1048 4283/3042/1048
f 4262/3017/1048 4285/3044/1048 4284/3043/1048
f 4262/3017/1048 4286/3045/1048 4285/3044/1048
f 4262/3017/1048 4287/3030/1048 4286/3045/1048
f 4262/3017/1048 4144/3015/1048 4287/3030/1048
f 4262/3017/1048 4145/3046/1048 4144/3015/1048
f 4111/3047/1048 4167/3026/1048 4112/3016/1048
f 4262/3017/1048 4146/3048/1048 4145/3046/1048
f 4110/3049/1048 4167/3026/1048 4111/3047/1048
f 4110/3049/1048 4168/3050/1048 4167/3026/1048
f 4262/3017/1048 4147/3051/1048 4146/3048/1048
f 4109/3052/1048 4168/3050/1048 4110/3049/1048
f 4262/3017/1048 4148/3053/1048 4147/3051/1048
f 4108/3054/1048 4168/3050/1048 4109/3052/1048
f 4108/3054/1048 4169/3055/1048 4168/3050/1048
f 4262/3017/1048 4149/3056/1048 4148/3053/1048
f 4107/3057/1048 4169/3055/1048 4108/3054/1048
f 4262/3017/1048 4150/3058/1048 4149/3056/1048
f 4106/3059/1048 4169/3055/1048 4107/3057/1048
f 4262/3017/1048 4151/3060/1048 4150/3058/1048
f 4105/3061/1048 4169/3055/1048 4106/3059/1048
f 4262/3017/1048 4152/3062/1048 4151/3060/1048
f 4152/3062/1048 4169/3055/1048 4105/3061/1048
f 4262/3017/1048 4169/3055/1048 4152/3062/1048
f 4262/3017/1048 4170/3063/1048 4169/3055/1048
f 4262/3017/1048 4258/3064/1048 4170/3063/1048
f 4258/3064/1048 4257/3065/1048 4170/3063/1048
f 4257/3065/1048 4256/3066/1048 4170/3063/1048
f 4256/3066/1048 4255/3067/1048 4170/3063/1048
f 4255/3067/1048 4171/3068/1048 4170/3063/1048
f 4255/3067/1048 4254/3069/1048 4171/3068/1048
f 4254/3069/1048 4253/3070/1048 4171/3068/1048
f 4253/3070/1048 4172/3071/1048 4171/3068/1048
f 4253/3070/1048 4252/3072/1048 4172/3071/1048
f 4252/3072/1048 4173/3073/1048 4172/3071/1048
f 4252/3072/1048 4251/3074/1048 4173/3073/1048
f 4251/3074/1048 4188/3075/1048 4173/3073/1048
f 4188/3075/1048 4174/3076/1048 4173/3073/1048
f 4251/3074/1048 4250/3077/1048 4188/3075/1048
f 4250/3077/1048 4248/3078/1048 4188/3075/1048
f 4248/3078/1048 4247/3079/1048 4188/3075/1048
f 4247/3079/1048 4246/3080/1048 4188/3075/1048
f 4246/3080/1048 4244/3081/1048 4188/3075/1048
f 4244/3081/1048 4243/3082/1048 4188/3075/1048
f 4243/3082/1048 4242/3083/1048 4188/3075/1048
f 4242/3083/1048 4241/3084/1048 4188/3075/1048
f 4241/3084/1048 4239/3085/1048 4188/3075/1048
f 4239/3085/1048 4238/3086/1048 4188/3075/1048
f 4238/3086/1048 4189/3087/1048 4188/3075/1048
f 4187/3088/1048 4174/3076/1048 4188/3075/1048
f 4186/3089/1048 4174/3076/1048 4187/3088/1048
f 4185/3090/1048 4174/3076/1048 4186/3089/1048
f 4185/3090/1048 4175/3091/1048 4174/3076/1048
f 4184/3092/1048 4175/3091/1048 4185/3090/1048
f 4183/3093/1048 4175/3091/1048 4184/3092/1048
f 4182/3094/1048 4175/3091/1048 4183/3093/1048
f 4181/3095/1048 4175/3091/1048 4182/3094/1048
f 4180/3096/1048 4175/3091/1048 4181/3095/1048
f 4180/3096/1048 4176/3097/1048 4175/3091/1048
f 4179/3098/1048 4176/3097/1048 4180/3096/1048
f 4178/3099/1048 4176/3097/1048 4179/3098/1048
f 4177/3100/1048 4176/3097/1048 4178/3099/1048
f 4249/3101/1048 4248/3078/1048 4250/3077/1048
f 4245/3102/1049 4244/3081/1049 4246/3080/1049
f 4240/3103/1048 4239/3085/1048 4241/3084/1048
f 4237/3104/1048 4189/3087/1048 4238/3086/1048
f 4262/3017/1050 4259/3105/1050 4258/3064/1050
f 4262/3017/1048 4260/3106/1048 4259/3105/1048
f 4262/3017/1048 4261/3107/1048 4260/3106/1048
f 4237/3104/1048 4190/3108/1048 4189/3087/1048
f 4236/3109/1048 4190/3108/1048 4237/3104/1048
f 4236/3109/1048 4191/3110/1048 4190/3108/1048
f 4235/3111/1048 4191/3110/1048 4236/3109/1048
f 4235/3111/1048 4192/3112/1048 4191/3110/1048
f 4234/3113/1048 4192/3112/1048 4235/3111/1048
f 4234/3113/1048 4193/3114/1048 4192/3112/1048
f 4233/3115/1048 4193/3114/1048 4234/3113/1048
f 4233/3115/1048 4194/3116/1048 4193/3114/1048
f 4232/3117/1048 4194/3116/1048 4233/3115/1048
f 4232/3117/1048 4195/3118/1048 4194/3116/1048
f 4231/3119/1048 4195/3118/1048 4232/3117/1048
f 4231/3119/1048 4196/3120/1048 4195/3118/1048
f 4230/3121/1048 4196/3120/1048 4231/3119/1048
f 4229/3122/1048 4196/3120/1048 4230/3121/1048
f 4229/3122/1048 4197/3123/1048 4196/3120/1048
f 4228/3124/1048 4197/3123/1048 4229/3122/1048
f 4228/3124/1048 4198/3125/1048 4197/3123/1048
f 4227/3126/1048 4198/3125/1048 4228/3124/1048
f 4227/3126/1048 4199/3127/1048 4198/3125/1048
f 4226/3128/1048 4199/3127/1048 4227/3126/1048
f 4226/3128/1048 4200/3129/1048 4199/3127/1048
f 4225/3130/1048 4200/3129/1048 4226/3128/1048
f 4225/3130/1048 4201/3131/1048 4200/3129/1048
f 4224/3132/1048 4201/3131/1048 4225/3130/1048
f 4224/3132/1048 4202/3133/1048 4201/3131/1048
f 4223/3134/1048 4202/3133/1048 4224/3132/1048
f 4222/3135/1048 4202/3133/1048 4223/3134/1048
f 4222/3135/1048 4203/3136/1048 4202/3133/1048
f 4221/3137/1048 4203/3136/1048 4222/3135/1048
f 4221/3137/1048 4204/3138/1048 4203/3136/1048
f 4220/3139/1048 4204/3138/1048 4221/3137/1048
f 4220/3139/1048 4205/3140/1048 4204/3138/1048
f 4219/3141/1048 4205/3140/1048 4220/3139/1048
f 4219/3141/1048 4206/3142/1048 4205/3140/1048
f 4218/3143/1048 4206/3142/1048 4219/3141/1048
f 4217/3144/1048 4206/3142/1048 4218/3143/1048
f 4217/3144/1048 4207/3145/1048 4206/3142/1048
f 4216/3146/1048 4207/3145/1048 4217/3144/1048
f 4216/3146/1048 4208/3147/1048 4207/3145/1048
f 4215/3148/1048 4208/3147/1048 4216/3146/1048
f 4215/3148/1048 4209/3149/1048 4208/3147/1048
f 4214/3150/1048 4209/3149/1048 4215/3148/1048
f 4213/3151/1048 4209/3149/1048 4214/3150/1048
f 4213/3151/1048 4210/3152/1048 4209/3149/1048
f 4213/3151/1048 4211/3153/1048 4210/3152/1048
f 4213/3151/1048 4212/3154/1048 4211/3153/1048
f 4519/2947/1049 4520/2949/1049 4361/2948/1049
f 4518/2950/1049 4519/2947/1049 4361/2948/1049
f 4518/2950/1049 4361/2948/1049 4362/2951/1049
f 4517/2952/1049 4518/2950/1049 4362/2951/1049
f 4517/2952/1049 4362/2951/1049 4363/2953/1049
f 4516/2954/1049 4517/2952/1049 4363/2953/1049
f 4516/2954/1049 4363/2953/1049 4364/2955/1049
f 4515/2956/1049 4516/2954/1049 4364/2955/1049
f 4515/2956/1049 4364/2955/1049 4365/2957/1049
f 4514/2958/1049 4515/2956/1049 4365/2957/1049
f 4514/2958/1049 4365/2957/1049 4366/2959/1049
f 4513/2960/1049 4514/2958/1049 4366/2959/1049
f 4513/2960/1049 4366/2959/1049 4367/2961/1049
f 4512/2962/1049 4513/2960/1049 4337/2963/1049
f 4337/2963/1049 4513/2960/1049 4336/2964/1049
f 4336/2964/1049 4513/2960/1049 4367/2961/1049
f 4336/2964/1049 4367/2961/1049 4335/2965/1049
f 4335/2965/1049 4367/2961/1049 4368/2966/1049
f 4334/2967/1049 4335/2965/1049 4368/2966/1049
f 4512/2962/1049 4337/2963/1049 4338/2968/1049
f 4333/2969/1049 4334/2967/1049 4368/2966/1049
f 4512/2962/1049 4338/2968/1049 4339/2970/1049
f 4332/2971/1049 4333/2969/1049 4368/2966/1049
f 4512/2962/1049 4339/2970/1049 4340/2972/1049
f 4331/2973/1049 4332/2971/1049 4368/2966/1049
f 4512/2962/1049 4340/2972/1049 4341/2974/1049
f 4511/2975/1049 4512/2962/1049 4341/2974/1049
f 4331/2973/1049 4368/2966/1049 4369/2976/1049
f 4330/2977/1049 4331/2973/1049 4369/2976/1049
f 4511/2975/1049 4341/2974/1049 4342/2978/1049
f 4329/2979/1049 4330/2977/1049 4369/2976/1049
f 4511/2975/1049 4342/2978/1049 4343/2980/1049
f 4510/2981/1049 4511/2975/1049 4343/2980/1049
f 4329/2979/1049 4369/2976/1049 4370/2982/1049
f 4328/2983/1049 4329/2979/1049 4370/2982/1049
f 4510/2981/1049 4343/2980/1049 4344/2984/1049
f 4327/2985/1049 4328/2983/1049 4370/2982/1049
f 4510/2981/1049 4344/2984/1049 4345/2986/1049
f 4509/2987/1049 4510/2981/1049 4345/2986/1049
f 4327/2985/1049 4370/2982/1049 4371/2988/1049
f 4326/2989/1049 4327/2985/1049 4371/2988/1049
f 4509/2987/1049 4345/2986/1049 4346/2990/1049
f 4325/2991/1049 4326/2989/1049 4371/2988/1049
f 4509/2987/1049 4346/2990/1049 4347/2992/1049
f 4508/2993/1049 4509/2987/1049 4347/2992/1049
f 4325/2991/1049 4371/2988/1049 4372/2994/1049
f 4324/2995/1049 4325/2991/1049 4372/2994/1049
f 4508/2993/1049 4347/2992/1049 4348/2996/1049
f 4507/2997/1049 4508/2993/1049 4348/2996/1049
f 4507/2997/1049 4348/2996/1049 4349/2998/1049
f 4323/2999/1049 4324/2995/1049 4372/2994/1049
f 4323/2999/1049 4372/2994/1049 4373/3000/1049
f 4506/3001/1049 4507/2997/1049 4349/2998/1049
f 4505/3002/1049 4506/3001/1049 4349/2998/1049
f 4504/3003/1049 4505/3002/1049 4349/2998/1049
f 4504/3003/1049 4349/2998/1049 4350/3004/1049
f 4322/3005/1049 4323/2999/1049 4373/3000/1049
f 4503/3006/1049 4504/3003/1049 4350/3004/1049
f 4502/3007/1049 4503/3006/1049 4350/3004/1049
f 4322/3005/1049 4373/3000/1049 4374/3008/1049
f 4501/3009/1049 4502/3007/1049 4350/3004/1049
f 4501/3009/1049 4350/3004/1049 4351/3010/1049
f 4321/3011/1049 4322/3005/1049 4374/3008/1049
f 4500/3012/1049 4501/3009/1049 4351/3010/1049
f 4499/3013/1049 4500/3012/1049 4351/3010/1049
f 4498/3014/1049 4499/3013/1049 4351/3010/1049
f 4498/3014/1049 4351/3010/1049 4352/3015/1049
f 4320/3016/1049 4321/3011/1049 4374/3008/1049
f 4470/3017/1049 4471/3019/1049 4472/3018/1049
f 4497/3020/1049 4498/3014/1049 4352/3015/1049
f 4470/3017/1049 4472/3018/1049 4473/3021/1049
f 4470/3017/1049 4473/3021/1049 4474/3022/1049
f 4470/3017/1049 4474/3022/1049 4475/3023/1049
f 4496/3024/1049 4497/3020/1049 4352/3015/1049
f 4470/3017/1049 4475/3023/1049 4476/3025/1049
f 4320/3016/1049 4374/3008/1049 4375/3026/1049
f 4470/3017/1049 4476/3025/1049 4477/3027/1049
f 4470/3017/1049 4477/3027/1049 4478/3028/1049
f 4470/3017/1049 4478/3028/1049 4479/3029/1049
f 4495/3030/1049 4496/3024/1049 4352/3015/1049
f 4470/3017/1049 4479/3029/1049 4480/3031/1049
f 4470/3017/1049 4480/3031/1049 4481/3032/1049
f 4470/3017/1049 4481/3032/1049 4482/3033/1049
f 4470/3017/1049 4482/3033/1049 4483/3034/1049
f 4470/3017/1049 4483/3034/1049 4484/3035/1049
f 4470/3017/1049 4484/3035/1049 4485/3036/1049
f 4470/3017/1049 4485/3036/1049 4486/3037/1049
f 4470/3017/1049 4486/3037/1049 4487/3038/1049
f 4470/3017/1049 4487/3038/1049 4488/3039/1049
f 4470/3017/1049 4488/3039/1049 4489/3040/1049
f 4470/3017/1049 4489/3040/1049 4490/3041/1049
f 4470/3017/1049 4490/3041/1049 4491/3042/1049
f 4470/3017/1049 4491/3042/1049 4492/3043/1049
f 4470/3017/1049 4492/3043/1049 4493/3044/1049
f 4470/3017/1049 4493/3044/1049 4494/3045/1049
f 4470/3017/1049 4494/3045/1049 4495/3030/1049
f 4470/3017/1049 4495/3030/1049 4352/3015/1049
f 4470/3017/1049 4352/3015/1049 4353/3046/1049
f 4319/3047/1049 4320/3016/1049 4375/3026/1049
f 4470/3017/1049 4353/3046/1049 4354/3048/1049
f 4318/3049/1049 4319/3047/1049 4375/3026/1049
f 4318/3049/1049 4375/3026/1049 4376/3050/1049
f 4470/3017/1049 4354/3048/1049 4355/3051/1049
f 4317/3052/1049 4318/3049/1049 4376/3050/1049
f 4470/3017/1049 4355/3051/1049 4356/3053/1049
f 4316/3054/1049 4317/3052/1049 4376/3050/1049
f 4316/3054/1049 4376/3050/1049 4377/3055/1049
f 4470/3017/1049 4356/3053/1049 4357/3056/1049
f 4315/3057/1049 4316/3054/1049 4377/3055/1049
f 4470/3017/1049 4357/3056/1049 4358/3058/1049
f 4314/3059/1049 4315/3057/1049 4377/3055/1049
f 4470/3017/1049 4358/3058/1049 4359/3060/1049
f 4313/3061/1049 4314/3059/1049 4377/3055/1049
f 4470/3017/1049 4359/3060/1049 4360/3062/1049
f 4360/3062/1049 4313/3061/1049 4377/3055/1049
f 4470/3017/1049 4360/3062/1049 4377/3055/1049
f 4470/3017/1049 4377/3055/1049 4378/3063/1049
f 4470/3017/1049 4378/3063/1049 4466/3064/1049
f 4466/3064/1049 4378/3063/1049 4465/3065/1049
f 4465/3065/1049 4378/3063/1049 4464/3066/1049
f 4464/3066/1049 4378/3063/1049 4463/3067/1049
f 4463/3067/1049 4378/3063/1049 4379/3068/1049
f 4463/3067/1049 4379/3068/1049 4462/3069/1049
f 4462/3069/1049 4379/3068/1049 4461/3070/1049
f 4461/3070/1049 4379/3068/1049 4380/3071/1049
f 4461/3070/1049 4380/3071/1049 4460/3072/1049
f 4460/3072/1049 4380/3071/1049 4381/3073/1049
f 4460/3072/1049 4381/3073/1049 4459/3074/1049
f 4459/3074/1049 4381/3073/1049 4396/3075/1049
f 4396/3075/1049 4381/3073/1049 4382/3076/1049
f 4459/3074/1049 4396/3075/1049 4458/3077/1049
f 4458/3077/1049 4396/3075/1049 4456/3078/1049
f 4456/3078/1049 4396/3075/1049 4455/3079/1049
f 4455/3079/1049 4396/3075/1049 4454/3080/1049
f 4454/3080/1049 4396/3075/1049 4452/3081/1049
f 4452/3081/1049 4396/3075/1049 4451/3082/1049
f 4451/3082/1049 4396/3075/1049 4450/3083/1049
f 4450/3083/1049 4396/3075/1049 4449/3084/1049
f 4449/3084/1049 4396/3075/1049 4447/3085/1049
f 4447/3085/1049 4396/3075/1049 4446/3086/1049
f 4446/3086/1049 4396/3075/1049 4397/3087/1049
f 4395/3088/1049 4396/3075/1049 4382/3076/1049
f 4394/3089/1049 4395/3088/1049 4382/3076/1049
f 4393/3090/1049 4394/3089/1049 4382/3076/1049
f 4393/3090/1049 4382/3076/1049 4383/3091/1049
f 4392/3092/1049 4393/3090/1049 4383/3091/1049
f 4391/3093/1049 4392/3092/1049 4383/3091/1049
f 4390/3094/1049 4391/3093/1049 4383/3091/1049
f 4389/3095/1049 4390/3094/1049 4383/3091/1049
f 4388/3096/1049 4389/3095/1049 4383/3091/1049
f 4388/3096/1049 4383/3091/1049 4384/3097/1049
f 4387/3098/1049 4388/3096/1049 4384/3097/1049
f 4386/3099/1049 4387/3098/1049 4384/3097/1049
f 4385/3100/1049 4386/3099/1049 4384/3097/1049
f 4457/3101/1048 4458/3077/1048 4456/3078/1048
f 4453/3102/1048 4454/3080/1048 4452/3081/1048
f 4448/3103/1048 4449/3084/1048 4447/3085/1048
f 4445/3104/1049 4446/3086/1049 4397/3087/1049
f 4470/3017/1051 4466/3064/1051 4467/3105/1051
f 4470/3017/1049 4467/3105/1049 4468/3106/1049
f 4470/3017/1049 4468/3106/1049 4469/3107/1049
f 4445/3104/1049 4397/3087/1049 4398/3108/1049
f 4444/3109/1049 4445/3104/1049 4398/3108/1049
f 4444/3109/1049 4398/3108/1049 4399/3110/1049
f 4443/3111/1049 4444/3109/1049 4399/3110/1049
f 4443/3111/1049 4399/3110/1049 4400/3112/1049
f 4442/3113/1049 4443/3111/1049 4400/3112/1049
f 4442/3113/1049 4400/3112/1049 4401/3114/1049
f 4441/3115/1049 4442/3113/1049 4401/3114/1049
f 4441/3115/1049 4401/3114/1049 4402/3116/1049
f 4440/3117/1049 4441/3115/1049 4402/3116/1049
f 4440/3117/1049 4402/3116/1049 4403/3118/1049
f 4439/3119/1049 4440/3117/1049 4403/3118/1049
f 4439/3119/1049 4403/3118/1049 4404/3120/1049
f 4438/3121/1049 4439/3119/1049 4404/3120/1049
f 4437/3122/1049 4438/3121/1049 4404/3120/1049
f 4437/3122/1049 4404/3120/1049 4405/3123/1049
f 4436/3124/1049 4437/3122/1049 4405/3123/1049
f 4436/3124/1049 4405/3123/1049 4406/3125/1049
f 4435/3126/1049 4436/3124/1049 4406/3125/1049
f 4435/3126/1049 4406/3125/1049 4407/3127/1049
f 4434/3128/1049 4435/3126/1049 4407/3127/1049
f 4434/3128/1049 4407/3127/1049 4408/3129/1049
f 4433/3130/1049 4434/3128/1049 4408/3129/1049
f 4433/3130/1049 4408/3129/1049 4409/3131/1049
f 4432/3132/1049 4433/3130/1049 4409/3131/1049
f 4432/3132/1049 4409/3131/1049 4410/3133/1049
f 4431/3134/1049 4432/3132/1049 4410/3133/1049
f 4430/3135/1049 4431/3134/1049 4410/3133/1049
f 4430/3135/1049 4410/3133/1049 4411/3136/1049
f 4429/3137/1049 4430/3135/1049 4411/3136/1049
f 4429/3137/1049 4411/3136/1049 4412/3138/1049
f 4428/3139/1049 4429/3137/1049 4412/3138/1049
f 4428/3139/1049 4412/3138/1049 4413/3140/1049
f 4427/3141/1049 4428/3139/1049 4413/3140/1049
f 4427/3141/1049 4413/3140/1049 4414/3142/1049
f 4426/3143/1049 4427/3141/1049 4414/3142/1049
f 4425/3144/1049 4426/3143/1049 4414/3142/1049
f 4425/3144/1049 4414/3142/1049 4415/3145/1049
f 4424/3146/1049 4425/3144/1049 4415/3145/1049
f 4424/3146/1049 4415/3145/1049 4416/3147/1049
f 4423/3148/1049 4424/3146/1049 4416/3147/1049
f 4423/3148/1049 4416/3147/1049 4417/3149/1049
f 4422/3150/1049 4423/3148/1049 4417/3149/1049
f 4421/3151/1049 4422/3150/1049 4417/3149/1049
f 4421/3151/1049 4417/3149/1049 4418/3152/1049
f 4421/3151/1049 4418/3152/1049 4419/3153/1049
f 4421/3151/1049 4419/3153/1049 4420/3154/1049
s 1
f 4524/3155/1052 4521/3061/1053 4522/3156/1053
f 4526/3157/1054 4523/3158/1052 4524/3155/1052
f 4528/3159/1055 4525/3160/1054 4526/3157/1054
f 4530/3161/1056 4527/3162/1057 4528/3159/1055
f 4532/3163/1058 4529/3164/1056 4530/3161/1056
f 4534/3165/1059 4531/3166/1060 4532/3163/1058
f 4536/3167/1061 4533/3168/1059 4534/3165/1059
f 4538/3169/1062 4535/3170/1061 4536/3167/1061
f 4540/3171/1063 4537/3172/1064 4538/3169/1062
f 4542/3173/1065 4539/3174/1063 4540/3171/1063
f 4544/3175/1066 4541/3176/1065 4542/3173/1065
f 4546/3177/1067 4543/3178/1066 4544/3175/1066
f 4548/3179/1068 4545/3180/1067 4546/3177/1067
f 4550/3181/1069 4547/3182/1068 4548/3179/1068
f 4552/3183/1070 4549/3184/1069 4550/3181/1069
f 4554/3185/1071 4551/3186/1070 4552/3183/1070
f 4556/3187/1072 4553/3076/1071 4554/3185/1071
f 4558/3188/1073 4555/3189/1072 4556/3187/1072
f 4560/3190/1074 4557/3191/1073 4558/3188/1073
f 4562/3192/1075 4559/3193/1074 4560/3190/1074
f 4564/3194/1076 4561/3195/1075 4562/3192/1075
f 4566/3196/1077 4563/3197/1076 4564/3194/1076
f 4568/3198/1078 4565/3199/1077 4566/3196/1077
f 4570/3200/1079 4567/3201/1078 4568/3198/1078
f 4572/3202/1080 4569/3203/1079 4570/3200/1079
f 4574/3204/1081 4571/3205/1080 4572/3202/1080
f 4576/3206/1082 4573/3207/1081 4574/3204/1081
f 4578/3208/1083 4575/3209/1082 4576/3206/1082
f 4580/3210/1084 4577/3211/1083 4578/3208/1083
f 4582/3212/1085 4579/3213/1084 4580/3210/1084
f 4584/3214/1086 4581/3215/1085 4582/3212/1085
f 4586/3216/1087 4583/3217/1088 4584/3214/1086
f 4588/3218/1089 4585/3082/1087 4586/3216/1087
f 4590/3219/1090 4587/3220/1089 4588/3218/1089
f 4592/3221/1091 4589/3222/1090 4590/3219/1090
f 4594/3223/1092 4591/3224/1091 4592/3221/1091
f 4596/3225/1093 4593/3226/1092 4594/3223/1092
f 4598/3227/1094 4595/3228/1093 4596/3225/1093
f 4600/3229/1095 4597/3230/1094 4598/3227/1094
f 4602/3231/1096 4599/3232/1097 4600/3229/1095
f 4604/3233/1098 4601/3234/1096 4602/3231/1096
f 4606/3235/1099 4603/3236/1098 4604/3233/1098
f 4608/3237/1100 4605/3238/1099 4606/3235/1099
f 4610/3239/1101 4607/3240/1100 4608/3237/1100
f 4612/3241/1102 4609/3242/1101 4610/3239/1101
f 4614/3243/1103 4611/3244/1102 4612/3241/1102
f 4616/3245/1104 4613/3246/1103 4614/3243/1103
f 4522/3247/1053 4615/3248/1104 4616/3245/1104
f 4620/3249/1105 4617/3061/1106 4618/3156/1106
f 4622/3250/1107 4619/3251/1105 4620/3249/1105
f 4624/3252/1108 4621/3253/1107 4622/3250/1107
f 4626/3254/1109 4623/3255/1108 4624/3252/1108
f 4628/3256/1098 4625/3257/1109 4626/3254/1109
f 4630/3258/1110 4627/3259/1098 4628/3256/1098
f 4632/3260/1111 4629/3261/1110 4630/3258/1110
f 4634/3262/1112 4631/3263/1113 4632/3260/1111
f 4636/3264/1114 4633/3265/1112 4634/3262/1112
f 4638/3159/1115 4635/3266/1114 4636/3264/1114
f 4640/3267/1116 4637/3162/1115 4638/3159/1115
f 4642/3268/1117 4639/3269/1116 4640/3267/1116
f 4644/3270/1118 4641/3271/1117 4642/3268/1117
f 4646/3272/1119 4643/3273/1118 4644/3270/1118
f 4648/3274/1120 4645/3275/1119 4646/3272/1119
f 4650/3276/1121 4647/3277/1120 4648/3274/1120
f 4652/3278/1122 4649/3279/1121 4650/3276/1121
f 4654/3280/1123 4651/3281/1122 4652/3278/1122
f 4656/3282/1124 4653/3283/1123 4654/3280/1123
f 4658/3165/1125 4655/3284/1124 4656/3282/1124
f 4660/3285/1126 4657/3168/1125 4658/3165/1125
f 4662/3286/1127 4659/3287/1126 4660/3285/1126
f 4664/3288/1128 4661/3289/1127 4662/3286/1127
f 4666/3290/1129 4663/3291/1128 4664/3288/1128
f 4668/3292/1130 4665/3293/1129 4666/3290/1129
f 4670/3294/1131 4667/3295/1130 4668/3292/1130
f 4672/3296/1132 4669/3297/1131 4670/3294/1131
f 4674/3298/1133 4671/3299/1132 4672/3296/1132
f 4676/3300/1134 4673/3301/1133 4674/3298/1133
f 4678/3171/1135 4675/3302/1134 4676/3300/1134
f 4680/3303/1136 4677/3174/1135 4678/3171/1135
f 4682/3304/1137 4679/3305/1136 4680/3303/1136
f 4684/3306/1138 4681/3307/1139 4682/3304/1137
f 4686/3308/1140 4683/3309/1138 4684/3306/1138
f 4688/3310/1141 4685/3311/1140 4686/3308/1140
f 4690/3312/1142 4687/3313/1141 4688/3310/1141
f 4692/3314/1143 4689/3315/1142 4690/3312/1142
f 4694/3316/1144 4691/3317/1143 4692/3314/1143
f 4696/3318/1145 4693/3319/1144 4694/3316/1144
f 4698/3177/1146 4695/3320/1145 4696/3318/1145
f 4700/3321/1147 4697/3180/1146 4698/3177/1146
f 4702/3322/1148 4699/3323/1147 4700/3321/1147
f 4704/3324/1149 4701/3325/1148 4702/3322/1148
f 4706/3326/1150 4703/3327/1149 4704/3324/1149
f 4708/3328/1151 4705/3329/1150 4706/3326/1150
f 4710/3330/1152 4707/3331/1151 4708/3328/1151
f 4712/3332/1153 4709/3333/1152 4710/3330/1152
f 4714/3334/1154 4711/3335/1153 4712/3332/1153
f 4716/3336/1155 4713/3337/1154 4714/3334/1154
f 4718/3183/1156 4715/3338/1155 4716/3336/1155
f 4720/3339/1157 4717/3186/1156 4718/3183/1156
f 4722/3340/1158 4719/3341/1157 4720/3339/1157
f 4724/3342/1159 4721/3343/1158 4722/3340/1158
f 4726/3344/1160 4723/3345/1159 4724/3342/1159
f 4728/3346/1161 4725/3347/1160 4726/3344/1160
f 4730/3348/1162 4727/3349/1163 4728/3346/1161
f 4732/3350/1164 4729/3351/1162 4730/3348/1162
f 4734/3352/1165 4731/3353/1164 4732/3350/1164
f 4736/3354/1166 4733/3355/1165 4734/3352/1165
f 4738/3188/1167 4735/3356/1166 4736/3354/1166
f 4740/3357/1168 4737/3191/1167 4738/3188/1167
f 4742/3358/1169 4739/3359/1168 4740/3357/1168
f 4744/3360/1170 4741/3361/1169 4742/3358/1169
f 4746/3362/1171 4743/3363/1170 4744/3360/1170
f 4748/3364/1172 4745/3365/1171 4746/3362/1171
f 4750/3366/1173 4747/3367/1172 4748/3364/1172
f 4752/3368/1174 4749/3369/1173 4750/3366/1173
f 4754/3370/1175 4751/3371/1174 4752/3368/1174
f 4756/3372/1176 4753/3373/1175 4754/3370/1175
f 4758/3194/1177 4755/3374/1176 4756/3372/1176
f 4760/3375/1178 4757/3197/1177 4758/3194/1177
f 4762/3376/1179 4759/3377/1178 4760/3375/1178
f 4764/3378/1180 4761/3379/1179 4762/3376/1179
f 4766/3380/1181 4763/3381/1180 4764/3378/1180
f 4768/3382/1182 4765/3383/1181 4766/3380/1181
f 4770/3384/1183 4767/3385/1182 4768/3382/1182
f 4772/3386/1184 4769/3387/1183 4770/3384/1183
f 4774/3388/1185 4771/3389/1184 4772/3386/1184
f 4776/3390/1186 4773/3391/1185 4774/3388/1185
f 4778/3200/1187 4775/3392/1186 4776/3390/1186
f 4780/3393/1188 4777/3203/1187 4778/3200/1187
f 4782/3394/1189 4779/3395/1188 4780/3393/1188
f 4784/3396/1190 4781/3397/1189 4782/3394/1189
f 4786/3398/1191 4783/3399/1190 4784/3396/1190
f 4788/3400/1192 4785/3401/1191 4786/3398/1191
f 4790/3402/1193 4787/3403/1192 4788/3400/1192
f 4792/3404/1193 4789/3405/1193 4790/3402/1193
f 4794/3406/1193 4791/3407/1193 4792/3404/1193
f 4796/3408/1193 4793/3409/1193 4794/3406/1193
f 4798/3206/1193 4795/3410/1193 4796/3408/1193
f 4800/3411/1193 4797/3209/1193 4798/3206/1193
f 4802/3412/1193 4799/3413/1193 4800/3411/1193
f 4804/3414/1193 4801/3415/1193 4802/3412/1193
f 4806/3416/1193 4803/3417/1193 4804/3414/1193
f 4808/3418/1193 4805/3419/1193 4806/3416/1193
f 4810/3420/1193 4807/3421/1193 4808/3418/1193
f 4812/3422/1194 4809/3423/1193 4810/3420/1193
f 4814/3424/1195 4811/3425/1194 4812/3422/1194
f 4816/3426/1196 4813/3427/1195 4814/3424/1195
f 4818/3212/1197 4815/3428/1196 4816/3426/1196
f 4820/3429/1198 4817/3215/1197 4818/3212/1197
f 4822/3430/1199 4819/3431/1198 4820/3429/1198
f 4824/3432/1200 4821/3433/1199 4822/3430/1199
f 4826/3434/1201 4823/3435/1200 4824/3432/1200
f 4828/3436/1202 4825/3437/1201 4826/3434/1201
f 4830/3438/1203 4827/3439/1202 4828/3436/1202
f 4832/3440/1204 4829/3441/1203 4830/3438/1203
f 4834/3442/1205 4831/3443/1204 4832/3440/1204
f 4836/3444/1206 4833/3445/1205 4834/3442/1205
f 4838/3218/1207 4835/3446/1206 4836/3444/1206
f 4840/3447/1208 4837/3220/1207 4838/3218/1207
f 4842/3448/1209 4839/3449/1208 4840/3447/1208
f 4844/3450/1210 4841/3451/1209 4842/3448/1209
f 4846/3452/1211 4843/3453/1210 4844/3450/1210
f 4848/3454/1212 4845/3455/1211 4846/3452/1211
f 4850/3456/1213 4847/3457/1212 4848/3454/1212
f 4852/3458/1214 4849/3459/1213 4850/3456/1213
f 4854/3460/1215 4851/3461/1214 4852/3458/1214
f 4856/3462/1216 4853/3463/1215 4854/3460/1215
f 4858/3223/1217 4855/3464/1216 4856/3462/1216
f 4860/3465/1218 4857/3226/1217 4858/3223/1217
f 4862/3466/1219 4859/3467/1218 4860/3465/1218
f 4864/3468/1220 4861/3469/1219 4862/3466/1219
f 4866/3470/1220 4863/3471/1220 4864/3468/1220
f 4868/3472/1220 4865/3473/1220 4866/3470/1220
f 4870/3474/1220 4867/3475/1220 4868/3472/1220
f 4872/3476/1220 4869/3477/1220 4870/3474/1220
f 4874/3478/1220 4871/3479/1220 4872/3476/1220
f 4876/3480/1220 4873/3481/1220 4874/3478/1220
f 4878/3229/1220 4875/3482/1220 4876/3480/1220
f 4880/3483/1220 4877/3232/1220 4878/3229/1220
f 4882/3484/1220 4879/3485/1220 4880/3483/1220
f 4884/3486/1220 4881/3487/1220 4882/3484/1220
f 4886/3488/1221 4883/3489/1220 4884/3486/1220
f 4888/3490/1222 4885/3491/1221 4886/3488/1221
f 4890/3492/1223 4887/3493/1222 4888/3490/1222
f 4892/3494/1224 4889/3495/1223 4890/3492/1223
f 4894/3496/1225 4891/3497/1226 4892/3494/1224
f 4896/3498/1227 4893/3499/1225 4894/3496/1225
f 4898/3235/1228 4895/3500/1227 4896/3498/1227
f 4900/3501/1229 4897/3238/1230 4898/3235/1228
f 4902/3502/1231 4899/3503/1229 4900/3501/1229
f 4904/3504/1232 4901/3505/1233 4902/3502/1231
f 4906/3506/1234 4903/3507/1232 4904/3504/1232
f 4908/3508/1235 4905/3509/1234 4906/3506/1234
f 4910/3510/1236 4907/3511/1235 4908/3508/1235
f 4912/3512/1237 4909/3513/1236 4910/3510/1236
f 4914/3514/1238 4911/3515/1237 4912/3512/1237
f 4916/3516/1239 4913/3517/1238 4914/3514/1238
f 4918/3241/1240 4915/3518/1239 4916/3516/1239
f 4920/3519/1241 4917/3244/1240 4918/3241/1240
f 4922/3520/1242 4919/3521/1241 4920/3519/1241
f 4924/3522/1243 4921/3523/1242 4922/3520/1242
f 4926/3524/1244 4923/3525/1243 4924/3522/1243
f 4928/3526/1245 4925/3527/1244 4926/3524/1244
f 4930/3528/1246 4927/3529/1245 4928/3526/1245
f 4932/3530/1247 4929/3531/1246 4930/3528/1246
f 4934/3532/1248 4931/3533/1247 4932/3530/1247
f 4936/3534/1220 4933/3535/1248 4934/3532/1248
f 4618/3247/1106 4935/3536/1220 4936/3534/1220
f 4524/3155/1052 4523/3158/1052 4521/3061/1053
f 4526/3157/1054 4525/3160/1054 4523/3158/1052
f 4528/3159/1055 4527/3162/1057 4525/3160/1054
f 4530/3161/1056 4529/3164/1056 4527/3162/1057
f 4532/3163/1058 4531/3166/1060 4529/3164/1056
f 4534/3165/1059 4533/3168/1059 4531/3166/1060
f 4536/3167/1061 4535/3170/1061 4533/3168/1059
f 4538/3169/1062 4537/3172/1064 4535/3170/1061
f 4540/3171/1063 4539/3174/1063 4537/3172/1064
f 4542/3173/1065 4541/3176/1065 4539/3174/1063
f 4544/3175/1066 4543/3178/1066 4541/3176/1065
f 4546/3177/1067 4545/3180/1067 4543/3178/1066
f 4548/3179/1068 4547/3182/1068 4545/3180/1067
f 4550/3181/1069 4549/3184/1069 4547/3182/1068
f 4552/3183/1070 4551/3186/1070 4549/3184/1069
f 4554/3185/1071 4553/3076/1071 4551/3186/1070
f 4556/3187/1072 4555/3189/1072 4553/3076/1071
f 4558/3188/1073 4557/3191/1073 4555/3189/1072
f 4560/3190/1074 4559/3193/1074 4557/3191/1073
f 4562/3192/1075 4561/3195/1075 4559/3193/1074
f 4564/3194/1076 4563/3197/1076 4561/3195/1075
f 4566/3196/1077 4565/3199/1077 4563/3197/1076
f 4568/3198/1078 4567/3201/1078 4565/3199/1077
f 4570/3200/1079 4569/3203/1079 4567/3201/1078
f 4572/3202/1080 4571/3205/1080 4569/3203/1079
f 4574/3204/1081 4573/3207/1081 4571/3205/1080
f 4576/3206/1082 4575/3209/1082 4573/3207/1081
f 4578/3208/1083 4577/3211/1083 4575/3209/1082
f 4580/3210/1084 4579/3213/1084 4577/3211/1083
f 4582/3212/1085 4581/3215/1085 4579/3213/1084
f 4584/3214/1086 4583/3217/1088 4581/3215/1085
f 4586/3216/1087 4585/3082/1087 4583/3217/1088
f 4588/3218/1089 4587/3220/1089 4585/3082/1087
f 4590/3219/1090 4589/3222/1090 4587/3220/1089
f 4592/3221/1091 4591/3224/1091 4589/3222/1090
f 4594/3223/1092 4593/3226/1092 4591/3224/1091
f 4596/3225/1093 4595/3228/1093 4593/3226/1092
f 4598/3227/1094 4597/3230/1094 4595/3228/1093
f 4600/3229/1095 4599/3232/1097 4597/3230/1094
f 4602/3231/1096 4601/3234/1096 4599/3232/1097
f 4604/3233/1098 4603/3236/1098 4601/3234/1096
f 4606/3235/1099 4605/3238/1099 4603/3236/1098
f 4608/3237/1100 4607/3240/1100 4605/3238/1099
f 4610/3239/1101 4609/3242/1101 4607/3240/1100
f 4612/3241/1102 4611/3244/1102 4609/3242/1101
f 4614/3243/1103 4613/3246/1103 4611/3244/1102
f 4616/3245/1104 4615/3248/1104 4613/3246/1103
f 4522/3247/1053 4521/2949/1053 4615/3248/1104
f 4620/3249/1105 4619/3251/1105 4617/3061/1106
f 4622/3250/1107 4621/3253/1107 4619/3251/1105
f 4624/3252/1108 4623/3255/1108 4621/3253/1107
f 4626/3254/1109 4625/3257/1109 4623/3255/1108
f 4628/3256/1098 4627/3259/1098 4625/3257/1109
f 4630/3258/1110 4629/3261/1110 4627/3259/1098
f 4632/3260/1111 4631/3263/1113 4629/3261/1110
f 4634/3262/1112 4633/3265/1112 4631/3263/1113
f 4636/3264/1114 4635/3266/1114 4633/3265/1112
f 4638/3159/1115 4637/3162/1115 4635/3266/1114
f 4640/3267/1116 4639/3269/1116 4637/3162/1115
f 4642/3268/1117 4641/3271/1117 4639/3269/1116
f 4644/3270/1118 4643/3273/1118 4641/3271/1117
f 4646/3272/1119 4645/3275/1119 4643/3273/1118
f 4648/3274/1120 4647/3277/1120 4645/3275/1119
f 4650/3276/1121 4649/3279/1121 4647/3277/1120
f 4652/3278/1122 4651/3281/1122 4649/3279/1121
f 4654/3280/1123 4653/3283/1123 4651/3281/1122
f 4656/3282/1124 4655/3284/1124 4653/3283/1123
f 4658/3165/1125 4657/3168/1125 4655/3284/1124
f 4660/3285/1126 4659/3287/1126 4657/3168/1125
f 4662/3286/1127 4661/3289/1127 4659/3287/1126
f 4664/3288/1128 4663/3291/1128 4661/3289/1127
f 4666/3290/1129 4665/3293/1129 4663/3291/1128
f 4668/3292/1130 4667/3295/1130 4665/3293/1129
f 4670/3294/1131 4669/3297/1131 4667/3295/1130
f 4672/3296/1132 4671/3299/1132 4669/3297/1131
f 4674/3298/1133 4673/3301/1133 4671/3299/1132
f 4676/3300/1134 4675/3302/1134 4673/3301/1133
f 4678/3171/1135 4677/3174/1135 4675/3302/1134
f 4680/3303/1136 4679/3305/1136 4677/3174/1135
f 4682/3304/1137 4681/3307/1139 4679/3305/1136
f 4684/3306/1138 4683/3309/1138 4681/3307/1139
f 4686/3308/1140 4685/3311/1140 4683/3309/1138
f 4688/3310/1141 4687/3313/1141 4685/3311/1140
f 4690/3312/1142 4689/3315/1142 4687/3313/1141
f 4692/3314/1143 4691/3317/1143 4689/3315/1142
f 4694/3316/1144 4693/3319/1144 4691/3317/1143
f 4696/3318/1145 4695/3320/1145 4693/3319/1144
f 4698/3177/1146 4697/3180/1146 4695/3320/1145
f 4700/3321/1147 4699/3323/1147 4697/3180/1146
f 4702/3322/1148 4701/3325/1148 4699/3323/1147
f 4704/3324/1149 4703/3327/1149 4701/3325/1148
f 4706/3326/1150 4705/3329/1150 4703/3327/1149
f 4708/3328/1151 4707/3331/1151 4705/3329/1150
f 4710/3330/1152 4709/3333/1152 4707/3331/1151
f 4712/3332/1153 4711/3335/1153 4709/3333/1152
f 4714/3334/1154 4713/3337/1154 4711/3335/1153
f 4716/3336/1155 4715/3338/1155 4713/3337/1154
f 4718/3183/1156 4717/3186/1156 4715/3338/1155
f 4720/3339/1157 4719/3341/1157 4717/3186/1156
f 4722/3340/1158 4721/3343/1158 4719/3341/1157
f 4724/3342/1159 4723/3345/1159 4721/3343/1158
f 4726/3344/1160 4725/3347/1160 4723/3345/1159
f 4728/3346/1161 4727/3349/1163 4725/3347/1160
f 4730/3348/1162 4729/3351/1162 4727/3349/1163
f 4732/3350/1164 4731/3353/1164 4729/3351/1162
f 4734/3352/1165 4733/3355/1165 4731/3353/1164
f 4736/3354/1166 4735/3356/1166 4733/3355/1165
f 4738/3188/1167 4737/3191/1167 4735/3356/1166
f 4740/3357/1168 4739/3359/1168 4737/3191/1167
f 4742/3358/1169 4741/3361/1169 4739/3359/1168
f 4744/3360/1170 4743/3363/1170 4741/3361/1169
f 4746/3362/1171 4745/3365/1171 4743/3363/1170
f 4748/3364/1172 4747/3367/1172 4745/3365/1171
f 4750/3366/1173 4749/3369/1173 4747/3367/1172
f 4752/3368/1174 4751/3371/1174 4749/3369/1173
f 4754/3370/1175 4753/3373/1175 4751/3371/1174
f 4756/3372/1176 4755/3374/1176 4753/3373/1175
f 4758/3194/1177 4757/3197/1177 4755/3374/1176
f 4760/3375/1178 4759/3377/1178 4757/3197/1177
f 4762/3376/1179 4761/3379/1179 4759/3377/1178
f 4764/3378/1180 4763/3381/1180 4761/3379/1179
f 4766/3380/1181 4765/3383/1181 4763/3381/1180
f 4768/3382/1182 4767/3385/1182 4765/3383/1181
f 4770/3384/1183 4769/3387/1183 4767/3385/1182
f 4772/3386/1184 4771/3389/1184 4769/3387/1183
f 4774/3388/1185 4773/3391/1185 4771/3389/1184
f 4776/3390/1186 4775/3392/1186 4773/3391/1185
f 4778/3200/1187 4777/3203/1187 4775/3392/1186
f 4780/3393/1188 4779/3395/1188 4777/3203/1187
f 4782/3394/1189 4781/3397/1189 4779/3395/1188
f 4784/3396/1190 4783/3399/1190 4781/3397/1189
f 4786/3398/1191 4785/3401/1191 4783/3399/1190
f 4788/3400/1192 4787/3403/1192 4785/3401/1191
f 4790/3402/1193 4789/3405/1193 4787/3403/1192
f 4792/3404/1193 4791/3407/1193 4789/3405/1193
f 4794/3406/1193 4793/3409/1193 4791/3407/1193
f 4796/3408/1193 4795/3410/1193 4793/3409/1193
f 4798/3206/1193 4797/3209/1193 4795/3410/1193
f 4800/3411/1193 4799/3413/1193 4797/3209/1193
f 4802/3412/1193 4801/3415/1193 4799/3413/1193
f 4804/3414/1193 4803/3417/1193 4801/3415/1193
f 4806/3416/1193 4805/3419/1193 4803/3417/1193
f 4808/3418/1193 4807/3421/1193 4805/3419/1193
f 4810/3420/1193 4809/3423/1193 4807/3421/1193
f 4812/3422/1194 4811/3425/1194 4809/3423/1193
f 4814/3424/1195 4813/3427/1195 4811/3425/1194
f 4816/3426/1196 4815/3428/1196 4813/3427/1195
f 4818/3212/1197 4817/3215/1197 4815/3428/1196
f 4820/3429/1198 4819/3431/1198 4817/3215/1197
f 4822/3430/1199 4821/3433/1199 4819/3431/1198
f 4824/3432/1200 4823/3435/1200 4821/3433/1199
f 4826/3434/1201 4825/3437/1201 4823/3435/1200
f 4828/3436/1202 4827/3439/1202 4825/3437/1201
f 4830/3438/1203 4829/3441/1203 4827/3439/1202
f 4832/3440/1204 4831/3443/1204 4829/3441/1203
f 4834/3442/1205 4833/3445/1205 4831/3443/1204
f 4836/3444/1206 4835/3446/1206 4833/3445/1205
f 4838/3218/1207 4837/3220/1207 4835/3446/1206
f 4840/3447/1208 4839/3449/1208 4837/3220/1207
f 4842/3448/1209 4841/3451/1209 4839/3449/1208
f 4844/3450/1210 4843/3453/1210 4841/3451/1209
f 4846/3452/1211 4845/3455/1211 4843/3453/1210
f 4848/3454/1212 4847/3457/1212 4845/3455/1211
f 4850/3456/1213 4849/3459/1213 4847/3457/1212
f 4852/3458/1214 4851/3461/1214 4849/3459/1213
f 4854/3460/1215 4853/3463/1215 4851/3461/1214
f 4856/3462/1216 4855/3464/1216 4853/3463/1215
f 4858/3223/1217 4857/3226/1217 4855/3464/1216
f 4860/3465/1218 4859/3467/1218 4857/3226/1217
f 4862/3466/1219 4861/3469/1219 4859/3467/1218
f 4864/3468/1220 4863/3471/1220 4861/3469/1219
f 4866/3470/1220 4865/3473/1220 4863/3471/1220
f 4868/3472/1220 4867/3475/1220 4865/3473/1220
f 4870/3474/1220 4869/3477/1220 4867/3475/1220
f 4872/3476/1220 4871/3479/1220 4869/3477/1220
f 4874/3478/1220 4873/3481/1220 4871/3479/1220
f 4876/3480/1220 4875/3482/1220 4873/3481/1220
f 4878/3229/1220 4877/3232/1220 4875/3482/1220
f 4880/3483/1220 4879/3485/1220 4877/3232/1220
f 4882/3484/1220 4881/3487/1220 4879/3485/1220
f 4884/3486/1220 4883/3489/1220 4881/3487/1220
f 4886/3488/1221 4885/3491/1221 4883/3489/1220
f 4888/3490/1222 4887/3493/1222 4885/3491/1221
f 4890/3492/1223 4889/3495/1223 4887/3493/1222
f 4892/3494/1224 4891/3497/1226 4889/3495/1223
f 4894/3496/1225 4893/3499/1225 4891/3497/1226
f 4896/3498/1227 4895/3500/1227 4893/3499/1225
f 4898/3235/1228 4897/3238/1230 4895/3500/1227
f 4900/3501/1229 4899/3503/1229 4897/3238/1230
f 4902/3502/1231 4901/3505/1233 4899/3503/1229
f 4904/3504/1232 4903/3507/1232 4901/3505/1233
f 4906/3506/1234 4905/3509/1234 4903/3507/1232
f 4908/3508/1235 4907/3511/1235 4905/3509/1234
f 4910/3510/1236 4909/3513/1236 4907/3511/1235
f 4912/3512/1237 4911/3515/1237 4909/3513/1236
f 4914/3514/1238 4913/3517/1238 4911/3515/1237
f 4916/3516/1239 4915/3518/1239 4913/3517/1238
f 4918/3241/1240 4917/3244/1240 4915/3518/1239
f 4920/3519/1241 4919/3521/1241 4917/3244/1240
f 4922/3520/1242 4921/3523/1242 4919/3521/1241
f 4924/3522/1243 4923/3525/1243 4921/3523/1242
f 4926/3524/1244 4925/3527/1244 4923/3525/1243
f 4928/3526/1245 4927/3529/1245 4925/3527/1244
f 4930/3528/1246 4929/3531/1246 4927/3529/1245
f 4932/3530/1247 4931/3533/1247 4929/3531/1246
f 4934/3532/1248 4933/3535/1248 4931/3533/1247
f 4936/3534/1220 4935/3536/1220 4933/3535/1248
f 4618/3247/1106 4617/2949/1106 4935/3536/1220
o Text.005
v -4.986169 0.064308 -0.070000
v -4.986169 0.099144 -0.070000
v -4.986169 0.144015 -0.070000
v -4.986169 0.196584 -0.070000
v -4.986169 0.254514 -0.070000
v -4.986169 0.315468 -0.070000
v -4.986169 0.377110 -0.070000
v -4.986169 0.437102 -0.070000
v -4.986169 0.493109 -0.070000
v -4.986169 0.542792 -0.070000
v -4.986169 0.583816 -0.070000
v -4.986169 0.613843 -0.070000
v -4.986068 0.620714 -0.070000
v -4.985780 0.628223 -0.070000
v -4.985325 0.636218 -0.070000
v -4.984725 0.644547 -0.070000
v -4.983999 0.653056 -0.070000
v -4.983169 0.661593 -0.070000
v -4.982256 0.670005 -0.070000
v -4.981280 0.678139 -0.070000
v -4.980263 0.685843 -0.070000
v -4.979225 0.692964 -0.070000
v -4.978186 0.699348 -0.070000
v -4.977169 0.704843 -0.070000
v -5.076169 0.704843 -0.070000
v -5.075191 0.698355 -0.070000
v -5.074262 0.691436 -0.070000
v -5.073388 0.684156 -0.070000
v -5.072577 0.676584 -0.070000
v -5.071835 0.668790 -0.070000
v -5.071169 0.660843 -0.070000
v -5.070587 0.652813 -0.070000
v -5.070095 0.644769 -0.070000
v -5.069700 0.636781 -0.070000
v -5.069410 0.628917 -0.070000
v -5.069231 0.621248 -0.070000
v -5.069169 0.613843 -0.070000
v -5.069169 0.583704 -0.070000
v -5.069169 0.542399 -0.070000
v -5.069169 0.492343 -0.070000
v -5.069169 0.435954 -0.070000
v -5.069169 0.375649 -0.070000
v -5.069169 0.313843 -0.070000
v -5.069169 0.252954 -0.070000
v -5.069169 0.195399 -0.070000
v -5.069169 0.143593 -0.070000
v -5.069169 0.099954 -0.070000
v -5.069169 0.066899 -0.070000
v -5.069169 0.046843 -0.070000
v -5.117687 0.060561 -0.070000
v -5.167396 0.077589 -0.070000
v -5.217778 0.097734 -0.070000
v -5.268317 0.120806 -0.070000
v -5.318495 0.146615 -0.070000
v -5.367794 0.174968 -0.070000
v -5.415698 0.205676 -0.070000
v -5.461688 0.238547 -0.070000
v -5.505247 0.273390 -0.070000
v -5.545859 0.310014 -0.070000
v -5.583005 0.348229 -0.070000
v -5.616169 0.387843 -0.070000
v -5.661169 0.317843 -0.070000
v -5.627105 0.278373 -0.070000
v -5.589989 0.240496 -0.070000
v -5.549934 0.204265 -0.070000
v -5.507058 0.169732 -0.070000
v -5.461473 0.136949 -0.070000
v -5.413294 0.105968 -0.070000
v -5.362636 0.076841 -0.070000
v -5.309613 0.049621 -0.070000
v -5.254341 0.024359 -0.070000
v -5.196933 0.001107 -0.070000
v -5.137504 -0.020082 -0.070000
v -5.076169 -0.039157 -0.070000
v -5.073338 -0.039950 -0.070000
v -5.070350 -0.040837 -0.070000
v -5.067216 -0.041829 -0.070000
v -5.063947 -0.042935 -0.070000
v -5.060553 -0.044166 -0.070000
v -5.057044 -0.045532 -0.070000
v -5.053431 -0.047044 -0.070000
v -5.049725 -0.048712 -0.070000
v -5.045935 -0.050547 -0.070000
v -5.042072 -0.052560 -0.070000
v -5.038146 -0.054759 -0.070000
v -5.034169 -0.057157 -0.070000
v -4.976169 -0.007157 -0.070000
v -4.977836 -0.003214 -0.070000
v -4.979340 0.000639 -0.070000
v -4.980685 0.004437 -0.070000
v -4.981873 0.008214 -0.070000
v -4.982908 0.012004 -0.070000
v -4.983794 0.015843 -0.070000
v -4.984534 0.019766 -0.070000
v -4.985132 0.023806 -0.070000
v -4.985591 0.027999 -0.070000
v -4.985914 0.032380 -0.070000
v -4.986106 0.036983 -0.070000
v -4.986169 0.041843 -0.070000
v -4.986169 0.064308 0.070000
v -4.986169 0.099144 0.070000
v -4.986169 0.144015 0.070000
v -4.986169 0.196584 0.070000
v -4.986169 0.254514 0.070000
v -4.986169 0.315468 0.070000
v -4.986169 0.377110 0.070000
v -4.986169 0.437102 0.070000
v -4.986169 0.493109 0.070000
v -4.986169 0.542792 0.070000
v -4.986169 0.583816 0.070000
v -4.986169 0.613843 0.070000
v -4.986068 0.620714 0.070000
v -4.985780 0.628223 0.070000
v -4.985325 0.636218 0.070000
v -4.984725 0.644547 0.070000
v -4.983999 0.653056 0.070000
v -4.983169 0.661593 0.070000
v -4.982256 0.670005 0.070000
v -4.981280 0.678139 0.070000
v -4.980263 0.685843 0.070000
v -4.979225 0.692964 0.070000
v -4.978186 0.699348 0.070000
v -4.977169 0.704843 0.070000
v -5.076169 0.704843 0.070000
v -5.075191 0.698355 0.070000
v -5.074262 0.691436 0.070000
v -5.073388 0.684156 0.070000
v -5.072577 0.676584 0.070000
v -5.071835 0.668790 0.070000
v -5.071169 0.660843 0.070000
v -5.070587 0.652813 0.070000
v -5.070095 0.644769 0.070000
v -5.069700 0.636781 0.070000
v -5.069410 0.628917 0.070000
v -5.069231 0.621248 0.070000
v -5.069169 0.613843 0.070000
v -5.069169 0.583704 0.070000
v -5.069169 0.542399 0.070000
v -5.069169 0.492343 0.070000
v -5.069169 0.435954 0.070000
v -5.069169 0.375649 0.070000
v -5.069169 0.313843 0.070000
v -5.069169 0.252954 0.070000
v -5.069169 0.195399 0.070000
v -5.069169 0.143593 0.070000
v -5.069169 0.099954 0.070000
v -5.069169 0.066899 0.070000
v -5.069169 0.046843 0.070000
v -5.117687 0.060561 0.070000
v -5.167396 0.077589 0.070000
v -5.217778 0.097734 0.070000
v -5.268317 0.120806 0.070000
v -5.318495 0.146615 0.070000
v -5.367794 0.174968 0.070000
v -5.415698 0.205676 0.070000
v -5.461688 0.238547 0.070000
v -5.505247 0.273390 0.070000
v -5.545859 0.310014 0.070000
v -5.583005 0.348229 0.070000
v -5.616169 0.387843 0.070000
v -5.661169 0.317843 0.070000
v -5.627105 0.278373 0.070000
v -5.589989 0.240496 0.070000
v -5.549934 0.204265 0.070000
v -5.507058 0.169732 0.070000
v -5.461473 0.136949 0.070000
v -5.413294 0.105968 0.070000
v -5.362636 0.076841 0.070000
v -5.309613 0.049621 0.070000
v -5.254341 0.024359 0.070000
v -5.196933 0.001107 0.070000
v -5.137504 -0.020082 0.070000
v -5.076169 -0.039157 0.070000
v -5.073338 -0.039950 0.070000
v -5.070350 -0.040837 0.070000
v -5.067216 -0.041829 0.070000
v -5.063947 -0.042935 0.070000
v -5.060553 -0.044166 0.070000
v -5.057044 -0.045532 0.070000
v -5.053431 -0.047044 0.070000
v -5.049725 -0.048712 0.070000
v -5.045935 -0.050547 0.070000
v -5.042072 -0.052560 0.070000
v -5.038146 -0.054759 0.070000
v -5.034169 -0.057157 0.070000
v -4.976169 -0.007157 0.070000
v -4.977836 -0.003214 0.070000
v -4.979340 0.000639 0.070000
v -4.980685 0.004437 0.070000
v -4.981873 0.008214 0.070000
v -4.982908 0.012004 0.070000
v -4.983794 0.015843 0.070000
v -4.984534 0.019766 0.070000
v -4.985132 0.023806 0.070000
v -4.985591 0.027999 0.070000
v -4.985914 0.032380 0.070000
v -4.986106 0.036983 0.070000
v -4.986169 0.041843 0.070000
v -4.986169 0.064308 0.070000
v -4.986169 0.064308 -0.070000
v -4.986169 0.099144 0.070000
v -4.986169 0.099144 -0.070000
v -4.986169 0.144015 0.070000
v -4.986169 0.144015 -0.070000
v -4.986169 0.196584 0.070000
v -4.986169 0.196584 -0.070000
v -4.986169 0.254514 0.070000
v -4.986169 0.254514 -0.070000
v -4.986169 0.315468 0.070000
v -4.986169 0.315468 -0.070000
v -4.986169 0.377110 0.070000
v -4.986169 0.377110 -0.070000
v -4.986169 0.437102 0.070000
v -4.986169 0.437102 -0.070000
v -4.986169 0.493109 0.070000
v -4.986169 0.493109 -0.070000
v -4.986169 0.542792 0.070000
v -4.986169 0.542792 -0.070000
v -4.986169 0.583816 0.070000
v -4.986169 0.583816 -0.070000
v -4.986169 0.613843 0.070000
v -4.986169 0.613843 -0.070000
v -4.986068 0.620714 0.070000
v -4.986068 0.620714 -0.070000
v -4.985780 0.628223 0.070000
v -4.985780 0.628223 -0.070000
v -4.985325 0.636218 0.070000
v -4.985325 0.636218 -0.070000
v -4.984725 0.644547 0.070000
v -4.984725 0.644547 -0.070000
v -4.983999 0.653056 0.070000
v -4.983999 0.653056 -0.070000
v -4.983169 0.661593 0.070000
v -4.983169 0.661593 -0.070000
v -4.982256 0.670005 0.070000
v -4.982256 0.670005 -0.070000
v -4.981280 0.678139 0.070000
v -4.981280 0.678139 -0.070000
v -4.980263 0.685843 0.070000
v -4.980263 0.685843 -0.070000
v -4.979225 0.692964 0.070000
v -4.979225 0.692964 -0.070000
v -4.978186 0.699348 0.070000
v -4.978186 0.699348 -0.070000
v -4.977169 0.704843 0.070000
v -4.977169 0.704843 -0.070000
v -5.076169 0.704843 0.070000
v -5.076169 0.704843 -0.070000
v -5.075191 0.698355 0.070000
v -5.075191 0.698355 -0.070000
v -5.074262 0.691436 0.070000
v -5.074262 0.691436 -0.070000
v -5.073388 0.684156 0.070000
v -5.073388 0.684156 -0.070000
v -5.072577 0.676584 0.070000
v -5.072577 0.676584 -0.070000
v -5.071835 0.668790 0.070000
v -5.071835 0.668790 -0.070000
v -5.071169 0.660843 0.070000
v -5.071169 0.660843 -0.070000
v -5.070587 0.652813 0.070000
v -5.070587 0.652813 -0.070000
v -5.070095 0.644769 0.070000
v -5.070095 0.644769 -0.070000
v -5.069700 0.636781 0.070000
v -5.069700 0.636781 -0.070000
v -5.069410 0.628917 0.070000
v -5.069410 0.628917 -0.070000
v -5.069231 0.621248 0.070000
v -5.069231 0.621248 -0.070000
v -5.069169 0.613843 0.070000
v -5.069169 0.613843 -0.070000
v -5.069169 0.583704 0.070000
v -5.069169 0.583704 -0.070000
v -5.069169 0.542399 0.070000
v -5.069169 0.542399 -0.070000
v -5.069169 0.492343 0.070000
v -5.069169 0.492343 -0.070000
v -5.069169 0.435954 0.070000
v -5.069169 0.435954 -0.070000
v -5.069169 0.375649 0.070000
v -5.069169 0.375649 -0.070000
v -5.069169 0.313843 0.070000
v -5.069169 0.313843 -0.070000
v -5.069169 0.252954 0.070000
v -5.069169 0.252954 -0.070000
v -5.069169 0.195399 0.070000
v -5.069169 0.195399 -0.070000
v -5.069169 0.143593 0.070000
v -5.069169 0.143593 -0.070000
v -5.069169 0.099954 0.070000
v -5.069169 0.099954 -0.070000
v -5.069169 0.066899 0.070000
v -5.069169 0.066899 -0.070000
v -5.069169 0.046843 0.070000
v -5.069169 0.046843 -0.070000
v -5.117687 0.060561 0.070000
v -5.117687 0.060561 -0.070000
v -5.167396 0.077589 0.070000
v -5.167396 0.077589 -0.070000
v -5.217778 0.097734 0.070000
v -5.217778 0.097734 -0.070000
v -5.268317 0.120806 0.070000
v -5.268317 0.120806 -0.070000
v -5.318495 0.146615 0.070000
v -5.318495 0.146615 -0.070000
v -5.367794 0.174968 0.070000
v -5.367794 0.174968 -0.070000
v -5.415698 0.205676 0.070000
v -5.415698 0.205676 -0.070000
v -5.461688 0.238547 0.070000
v -5.461688 0.238547 -0.070000
v -5.505247 0.273390 0.070000
v -5.505247 0.273390 -0.070000
v -5.545859 0.310014 0.070000
v -5.545859 0.310014 -0.070000
v -5.583005 0.348229 0.070000
v -5.583005 0.348229 -0.070000
v -5.616169 0.387843 0.070000
v -5.616169 0.387843 -0.070000
v -5.661169 0.317843 0.070000
v -5.661169 0.317843 -0.070000
v -5.627105 0.278373 0.070000
v -5.627105 0.278373 -0.070000
v -5.589989 0.240496 0.070000
v -5.589989 0.240496 -0.070000
v -5.549934 0.204265 0.070000
v -5.549934 0.204265 -0.070000
v -5.507058 0.169732 0.070000
v -5.507058 0.169732 -0.070000
v -5.461473 0.136949 0.070000
v -5.461473 0.136949 -0.070000
v -5.413294 0.105968 0.070000
v -5.413294 0.105968 -0.070000
v -5.362636 0.076841 0.070000
v -5.362636 0.076841 -0.070000
v -5.309613 0.049621 0.070000
v -5.309613 0.049621 -0.070000
v -5.254341 0.024359 0.070000
v -5.254341 0.024359 -0.070000
v -5.196933 0.001107 0.070000
v -5.196933 0.001107 -0.070000
v -5.137504 -0.020082 0.070000
v -5.137504 -0.020082 -0.070000
v -5.076169 -0.039157 0.070000
v -5.076169 -0.039157 -0.070000
v -5.073338 -0.039950 0.070000
v -5.073338 -0.039950 -0.070000
v -5.070350 -0.040837 0.070000
v -5.070350 -0.040837 -0.070000
v -5.067216 -0.041829 0.070000
v -5.067216 -0.041829 -0.070000
v -5.063947 -0.042935 0.070000
v -5.063947 -0.042935 -0.070000
v -5.060553 -0.044166 0.070000
v -5.060553 -0.044166 -0.070000
v -5.057044 -0.045532 0.070000
v -5.057044 -0.045532 -0.070000
v -5.053431 -0.047044 0.070000
v -5.053431 -0.047044 -0.070000
v -5.049725 -0.048712 0.070000
v -5.049725 -0.048712 -0.070000
v -5.045935 -0.050547 0.070000
v -5.045935 -0.050547 -0.070000
v -5.042072 -0.052560 0.070000
v -5.042072 -0.052560 -0.070000
v -5.038146 -0.054759 0.070000
v -5.038146 -0.054759 -0.070000
v -5.034169 -0.057157 0.070000
v -5.034169 -0.057157 -0.070000
v -4.976169 -0.007157 0.070000
v -4.976169 -0.007157 -0.070000
v -4.977836 -0.003214 0.070000
v -4.977836 -0.003214 -0.070000
v -4.979340 0.000639 0.070000
v -4.979340 0.000639 -0.070000
v -4.980685 0.004437 0.070000
v -4.980685 0.004437 -0.070000
v -4.981873 0.008214 0.070000
v -4.981873 0.008214 -0.070000
v -4.982908 0.012004 0.070000
v -4.982908 0.012004 -0.070000
v -4.983794 0.015843 0.070000
v -4.983794 0.015843 -0.070000
v -4.984534 0.019766 0.070000
v -4.984534 0.019766 -0.070000
v -4.985132 0.023806 0.070000
v -4.985132 0.023806 -0.070000
v -4.985591 0.027999 0.070000
v -4.985591 0.027999 -0.070000
v -4.985914 0.032380 0.070000
v -4.985914 0.032380 -0.070000
v -4.986106 0.036983 0.070000
v -4.986106 0.036983 -0.070000
v -4.986169 0.041843 0.070000
v -4.986169 0.041843 -0.070000
vn -0.0000 -0.0000 -1.0000
vn 0.0001 -0.0000 -1.0000
vn -0.0000 -0.0000 1.0000
vn 0.0001 -0.0000 1.0000
vn 1.0000 -0.0000 -0.0000
vn 1.0000 -0.0073 -0.0000
vn 0.9996 -0.0265 -0.0000
vn 0.9989 -0.0476 -0.0000
vn 0.9979 -0.0644 -0.0000
vn 0.9969 -0.0785 -0.0000
vn 0.9959 -0.0909 -0.0000
vn 0.9947 -0.1023 -0.0000
vn 0.9935 -0.1135 -0.0000
vn 0.9922 -0.1250 -0.0000
vn 0.9905 -0.1376 -0.0000
vn 0.9883 -0.1524 -0.0000
vn 0.9852 -0.1713 -0.0000
vn 0.7688 0.6395 -0.0000
vn -0.7580 0.6523 -0.0000
vn -0.9900 -0.1411 -0.0000
vn -0.9920 -0.1262 -0.0000
vn -0.9936 -0.1129 -0.0000
vn -0.9949 -0.1007 -0.0000
vn -0.9960 -0.0891 -0.0000
vn -0.9970 -0.0779 -0.0000
vn -0.9978 -0.0667 -0.0000
vn -0.9985 -0.0552 -0.0000
vn -0.9991 -0.0431 -0.0000
vn -0.9995 -0.0302 -0.0000
vn -0.9999 -0.0158 -0.0000
vn -1.0000 -0.0041 -0.0000
vn -1.0000 -0.0000 -0.0000
vn -0.6033 0.7975 -0.0000
vn 0.2982 0.9545 -0.0000
vn 0.3478 0.9376 -0.0000
vn 0.3934 0.9194 -0.0000
vn 0.4365 0.8997 -0.0000
vn 0.4781 0.8783 -0.0000
vn 0.5193 0.8546 -0.0000
vn 0.5608 0.8280 -0.0000
vn 0.6033 0.7975 -0.0000
vn 0.6475 0.7621 -0.0000
vn 0.6938 0.7202 -0.0000
vn 0.7424 0.6699 -0.0000
vn -0.0628 0.9980 -0.0000
vn -0.9975 -0.0703 -0.0000
vn -0.7360 -0.6770 -0.0000
vn -0.6928 -0.7211 -0.0000
vn -0.6493 -0.7605 -0.0000
vn -0.6058 -0.7956 -0.0000
vn -0.5626 -0.8268 -0.0000
vn -0.5198 -0.8543 -0.0000
vn -0.4777 -0.8785 -0.0000
vn -0.4363 -0.8998 -0.0000
vn -0.3956 -0.9184 -0.0000
vn -0.3557 -0.9346 -0.0000
vn -0.3165 -0.9486 -0.0000
vn -0.2834 -0.9590 -0.0000
vn -0.2772 -0.9608 -0.0000
vn -0.2931 -0.9561 -0.0000
vn -0.3110 -0.9504 -0.0000
vn -0.3307 -0.9437 -0.0000
vn -0.3519 -0.9360 -0.0000
vn -0.3745 -0.9272 -0.0000
vn -0.3983 -0.9172 -0.0000
vn -0.4232 -0.9061 -0.0000
vn -0.3983 -0.9173 -0.0000
vn -0.4489 -0.8936 -0.0000
vn -0.4755 -0.8797 -0.0000
vn -0.5026 -0.8645 -0.0000
vn 0.0844 -0.9964 -0.0000
vn 0.9737 -0.2276 -0.0000
vn 0.9264 0.3766 -0.0000
vn 0.9372 0.3487 -0.0000
vn 0.9484 0.3170 -0.0000
vn 0.9595 0.2818 -0.0000
vn 0.9697 0.2442 -0.0000
vn 0.9787 0.2052 -0.0000
vn 0.9861 0.1659 -0.0000
vn 0.9918 0.1276 -0.0000
vn 0.9958 0.0912 -0.0000
vn 0.9983 0.0576 -0.0000
vn 0.9996 0.0273 -0.0000
vn 1.0000 0.0065 -0.0000
vt 0.673035 0.902206
vt 0.674396 0.902206
vt 0.673715 0.902206
vt 0.675076 0.902206
vt 0.672354 0.902206
vt 0.675756 0.902206
vt 0.671674 0.902206
vt 0.676437 0.902206
vt 0.670993 0.902206
vt 0.677117 0.902206
vt 0.670313 0.902206
vt 0.677798 0.902206
vt 0.669632 0.902206
vt 0.678478 0.902206
vt 0.668952 0.902206
vt 0.679159 0.902206
vt 0.668272 0.902206
vt 0.679839 0.902206
vt 0.680519 0.902206
vt 0.667591 0.902206
vt 0.681200 0.902206
vt 0.666911 0.902206
vt 0.681880 0.902206
vt 0.666230 0.902206
vt 0.682561 0.902206
vt 0.665550 0.902206
vt 0.664869 0.902206
vt 0.683241 0.902206
vt 0.664189 0.902206
vt 0.683921 0.902206
vt 0.663509 0.902206
vt 0.684602 0.902206
vt 0.662828 0.902206
vt 0.685282 0.902206
vt 0.662148 0.902206
vt 0.685963 0.902206
vt 0.698210 0.902206
vt 0.699571 0.902206
vt 0.698891 0.902206
vt 0.661467 0.902206
vt 0.686643 0.902206
vt 0.697530 0.902206
vt 0.700252 0.902206
vt 0.660787 0.902206
vt 0.687324 0.902206
vt 0.696850 0.902206
vt 0.700932 0.902206
vt 0.696169 0.902206
vt 0.660106 0.902206
vt 0.688004 0.902206
vt 0.701613 0.902206
vt 0.695489 0.902206
vt 0.694808 0.902206
vt 0.702293 0.902206
vt 0.659426 0.902206
vt 0.688684 0.902206
vt 0.694128 0.902206
vt 0.702973 0.902206
vt 0.693447 0.902206
vt 0.658746 0.902206
vt 0.689365 0.902206
vt 0.703654 0.902206
vt 0.692767 0.902206
vt 0.704334 0.902206
vt 0.690045 0.902206
vt 0.658065 0.902206
vt 0.692087 0.902206
vt 0.691406 0.902206
vt 0.705015 0.902206
vt 0.690726 0.902206
vt 0.724747 0.902206
vt 0.705695 0.902206
vt 0.724067 0.902206
vt 0.723386 0.902206
vt 0.722706 0.902206
vt 0.722026 0.902206
vt 0.706376 0.902206
vt 0.721345 0.902206
vt 0.720665 0.902206
vt 0.719984 0.902206
vt 0.719304 0.902206
vt 0.718623 0.902206
vt 0.717943 0.902206
vt 0.707056 0.902206
vt 0.717263 0.902206
vt 0.716582 0.902206
vt 0.715902 0.902206
vt 0.715221 0.902206
vt 0.714541 0.902206
vt 0.713860 0.902206
vt 0.713180 0.902206
vt 0.712499 0.902206
vt 0.711819 0.902206
vt 0.711139 0.902206
vt 0.710458 0.902206
vt 0.709778 0.902206
vt 0.709097 0.902206
vt 0.708417 0.902206
vt 0.707736 0.902206
vt 0.658739 0.968888
vt 0.658065 0.968888
vt 0.659412 0.968888
vt 0.658739 0.902206
vt 0.660086 0.968888
vt 0.659412 0.902206
vt 0.660759 0.968888
vt 0.660086 0.902206
vt 0.661433 0.968888
vt 0.660759 0.902206
vt 0.662107 0.968888
vt 0.661433 0.902206
vt 0.662780 0.968888
vt 0.662107 0.902206
vt 0.663454 0.968888
vt 0.662780 0.902206
vt 0.664127 0.968888
vt 0.663454 0.902206
vt 0.664801 0.968888
vt 0.664127 0.902206
vt 0.665474 0.968888
vt 0.664801 0.902206
vt 0.666148 0.968888
vt 0.665474 0.902206
vt 0.666821 0.968888
vt 0.666148 0.902206
vt 0.667495 0.968888
vt 0.666821 0.902206
vt 0.668169 0.968888
vt 0.667495 0.902206
vt 0.668842 0.968888
vt 0.668169 0.902206
vt 0.669516 0.968888
vt 0.668842 0.902206
vt 0.670189 0.968888
vt 0.669516 0.902206
vt 0.670863 0.968888
vt 0.670189 0.902206
vt 0.671536 0.968888
vt 0.670863 0.902206
vt 0.672210 0.968888
vt 0.671536 0.902206
vt 0.672883 0.968888
vt 0.672210 0.902206
vt 0.673557 0.968888
vt 0.672883 0.902206
vt 0.674231 0.968888
vt 0.673557 0.902206
vt 0.674904 0.968888
vt 0.674231 0.902206
vt 0.675578 0.968888
vt 0.674904 0.902206
vt 0.676251 0.968888
vt 0.675578 0.902206
vt 0.676925 0.968888
vt 0.676251 0.902206
vt 0.677598 0.968888
vt 0.676925 0.902206
vt 0.678272 0.968888
vt 0.677598 0.902206
vt 0.678945 0.968888
vt 0.678272 0.902206
vt 0.679619 0.968888
vt 0.678945 0.902206
vt 0.680293 0.968888
vt 0.679619 0.902206
vt 0.680966 0.968888
vt 0.680293 0.902206
vt 0.681640 0.968888
vt 0.680966 0.902206
vt 0.682313 0.968888
vt 0.681640 0.902206
vt 0.682987 0.968888
vt 0.682313 0.902206
vt 0.683660 0.968888
vt 0.682987 0.902206
vt 0.684334 0.968888
vt 0.683660 0.902206
vt 0.685007 0.968888
vt 0.684334 0.902206
vt 0.685681 0.968888
vt 0.685007 0.902206
vt 0.686355 0.968888
vt 0.685681 0.902206
vt 0.687028 0.968888
vt 0.686355 0.902206
vt 0.687702 0.968888
vt 0.687028 0.902206
vt 0.688375 0.968888
vt 0.687702 0.902206
vt 0.689049 0.968888
vt 0.688375 0.902206
vt 0.689722 0.968888
vt 0.689049 0.902206
vt 0.690396 0.968888
vt 0.689722 0.902206
vt 0.691069 0.968888
vt 0.690396 0.902206
vt 0.691743 0.968888
vt 0.691069 0.902206
vt 0.692417 0.968888
vt 0.691743 0.902206
vt 0.693090 0.968888
vt 0.692417 0.902206
vt 0.693764 0.968888
vt 0.693090 0.902206
vt 0.694437 0.968888
vt 0.693764 0.902206
vt 0.695111 0.968888
vt 0.694437 0.902206
vt 0.695784 0.968888
vt 0.695111 0.902206
vt 0.696458 0.968888
vt 0.695784 0.902206
vt 0.697131 0.968888
vt 0.696458 0.902206
vt 0.697805 0.968888
vt 0.697131 0.902206
vt 0.698479 0.968888
vt 0.697805 0.902206
vt 0.699152 0.968888
vt 0.698479 0.902206
vt 0.699826 0.968888
vt 0.699152 0.902206
vt 0.700499 0.968888
vt 0.699826 0.902206
vt 0.701173 0.968888
vt 0.700499 0.902206
vt 0.701846 0.968888
vt 0.701173 0.902206
vt 0.702520 0.968888
vt 0.701846 0.902206
vt 0.703193 0.968888
vt 0.702520 0.902206
vt 0.703867 0.968888
vt 0.703193 0.902206
vt 0.704541 0.968888
vt 0.703867 0.902206
vt 0.705214 0.968888
vt 0.704541 0.902206
vt 0.705888 0.968888
vt 0.705214 0.902206
vt 0.706561 0.968888
vt 0.705888 0.902206
vt 0.707235 0.968888
vt 0.706561 0.902206
vt 0.707908 0.968888
vt 0.707235 0.902206
vt 0.708582 0.968888
vt 0.707908 0.902206
vt 0.709255 0.968888
vt 0.708582 0.902206
vt 0.709929 0.968888
vt 0.709255 0.902206
vt 0.710603 0.968888
vt 0.709929 0.902206
vt 0.711276 0.968888
vt 0.710603 0.902206
vt 0.711950 0.968888
vt 0.711276 0.902206
vt 0.712623 0.968888
vt 0.711950 0.902206
vt 0.713297 0.968888
vt 0.712623 0.902206
vt 0.713970 0.968888
vt 0.713297 0.902206
vt 0.714644 0.968888
vt 0.713970 0.902206
vt 0.715317 0.968888
vt 0.714644 0.902206
vt 0.715991 0.968888
vt 0.715317 0.902206
vt 0.716665 0.968888
vt 0.715991 0.902206
vt 0.717338 0.968888
vt 0.716665 0.902206
vt 0.718012 0.968888
vt 0.717338 0.902206
vt 0.718685 0.968888
vt 0.718012 0.902206
vt 0.719359 0.968888
vt 0.718685 0.902206
vt 0.720032 0.968888
vt 0.719359 0.902206
vt 0.720706 0.968888
vt 0.720032 0.902206
vt 0.721379 0.968888
vt 0.720706 0.902206
vt 0.722053 0.968888
vt 0.721379 0.902206
vt 0.722727 0.968888
vt 0.722053 0.902206
vt 0.723400 0.968888
vt 0.722727 0.902206
vt 0.724074 0.968888
vt 0.723400 0.902206
vt 0.724747 0.968888
vt 0.724074 0.902206
s 0
usemtl Material.001
f 4959/3537/1249 4961/3538/1249 4960/3539/1249
f 4959/3537/1249 4962/3540/1249 4961/3538/1249
f 4958/3541/1249 4962/3540/1249 4959/3537/1249
f 4958/3541/1249 4963/3542/1249 4962/3540/1249
f 4957/3543/1249 4963/3542/1249 4958/3541/1249
f 4957/3543/1249 4964/3544/1249 4963/3542/1249
f 4956/3545/1249 4964/3544/1249 4957/3543/1249
f 4956/3545/1249 4965/3546/1249 4964/3544/1249
f 4955/3547/1249 4965/3546/1249 4956/3545/1249
f 4955/3547/1249 4966/3548/1249 4965/3546/1249
f 4954/3549/1249 4966/3548/1249 4955/3547/1249
f 4954/3549/1249 4967/3550/1249 4966/3548/1249
f 4953/3551/1249 4967/3550/1249 4954/3549/1249
f 4953/3551/1249 4968/3552/1249 4967/3550/1249
f 4952/3553/1249 4968/3552/1249 4953/3551/1249
f 4952/3553/1249 4969/3554/1249 4968/3552/1249
f 4952/3553/1249 4970/3555/1249 4969/3554/1249
f 4951/3556/1249 4970/3555/1249 4952/3553/1249
f 4951/3556/1249 4971/3557/1249 4970/3555/1249
f 4950/3558/1249 4971/3557/1249 4951/3556/1249
f 4950/3558/1249 4972/3559/1249 4971/3557/1249
f 4949/3560/1249 4972/3559/1249 4950/3558/1249
f 4949/3560/1249 4973/3561/1249 4972/3559/1249
f 4948/3562/1249 4973/3561/1249 4949/3560/1249
f 4947/3563/1249 4973/3561/1249 4948/3562/1249
f 4947/3563/1249 4974/3564/1249 4973/3561/1249
f 4946/3565/1249 4974/3564/1249 4947/3563/1249
f 4946/3565/1249 4975/3566/1249 4974/3564/1249
f 4945/3567/1249 4975/3566/1249 4946/3565/1249
f 4945/3567/1249 4976/3568/1249 4975/3566/1249
f 4944/3569/1249 4976/3568/1249 4945/3567/1249
f 4944/3569/1249 4977/3570/1249 4976/3568/1249
f 4943/3571/1249 4977/3570/1249 4944/3569/1249
f 4943/3571/1249 4978/3572/1249 4977/3570/1249
f 4996/3573/1249 4998/3574/1249 4997/3575/1249
f 4942/3576/1249 4978/3572/1249 4943/3571/1249
f 4942/3576/1249 4979/3577/1249 4978/3572/1249
f 4995/3578/1249 4998/3574/1249 4996/3573/1249
f 4995/3578/1249 4999/3579/1249 4998/3574/1249
f 4941/3580/1249 4979/3577/1249 4942/3576/1249
f 4941/3580/1249 4980/3581/1249 4979/3577/1249
f 4994/3582/1249 4999/3579/1249 4995/3578/1249
f 4994/3582/1249 5000/3583/1249 4999/3579/1249
f 4993/3584/1249 5000/3583/1249 4994/3582/1249
f 4940/3585/1249 4980/3581/1249 4941/3580/1249
f 4940/3585/1249 4981/3586/1249 4980/3581/1249
f 4993/3584/1249 5001/3587/1249 5000/3583/1249
f 4992/3588/1249 5001/3587/1249 4993/3584/1249
f 4991/3589/1249 5001/3587/1249 4992/3588/1249
f 4991/3589/1249 5002/3590/1249 5001/3587/1249
f 4939/3591/1249 4981/3586/1249 4940/3585/1249
f 4939/3591/1249 4982/3592/1249 4981/3586/1249
f 4990/3593/1249 5002/3590/1249 4991/3589/1249
f 4990/3593/1249 5003/3594/1249 5002/3590/1249
f 4989/3595/1249 5003/3594/1249 4990/3593/1249
f 4938/3596/1249 4982/3592/1249 4939/3591/1249
f 4938/3596/1249 4983/3597/1249 4982/3592/1249
f 4989/3595/1249 5004/3598/1249 5003/3594/1249
f 4988/3599/1249 5004/3598/1249 4989/3595/1249
f 4988/3599/1249 5005/3600/1249 5004/3598/1249
f 4938/3596/1249 4984/3601/1249 4983/3597/1249
f 4937/3602/1249 4984/3601/1249 4938/3596/1249
f 4987/3603/1249 5005/3600/1249 4988/3599/1249
f 4986/3604/1249 5005/3600/1249 4987/3603/1249
f 4986/3604/1249 5006/3605/1249 5005/3600/1249
f 4937/3602/1249 4985/3606/1249 4984/3601/1249
f 5035/3607/1249 4985/3606/1249 4937/3602/1249
f 4985/3606/1249 5006/3605/1249 4986/3604/1249
f 4985/3606/1249 5007/3608/1249 5006/3605/1249
f 5035/3607/1249 5007/3608/1249 4985/3606/1249
f 5034/3609/1249 5007/3608/1249 5035/3607/1249
f 5033/3610/1249 5007/3608/1249 5034/3609/1249
f 5032/3611/1249 5007/3608/1249 5033/3610/1249
f 5031/3612/1249 5007/3608/1249 5032/3611/1249
f 5031/3612/1249 5008/3613/1249 5007/3608/1249
f 5030/3614/1249 5008/3613/1249 5031/3612/1249
f 5029/3615/1249 5008/3613/1249 5030/3614/1249
f 5028/3616/1249 5008/3613/1249 5029/3615/1249
f 5027/3617/1249 5008/3613/1249 5028/3616/1249
f 5026/3618/1249 5008/3613/1249 5027/3617/1249
f 5025/3619/1249 5008/3613/1249 5026/3618/1249
f 5025/3619/1249 5009/3620/1249 5008/3613/1249
f 5024/3621/1249 5009/3620/1249 5025/3619/1249
f 5023/3622/1249 5009/3620/1249 5024/3621/1249
f 5022/3623/1249 5021/3624/1249 5023/3622/1249
f 5021/3624/1249 5020/3625/1249 5023/3622/1249
f 5020/3625/1249 5019/3626/1249 5023/3622/1249
f 5019/3626/1249 5018/3627/1249 5023/3622/1249
f 5018/3627/1249 5017/3628/1249 5023/3622/1249
f 5017/3628/1249 5016/3629/1249 5023/3622/1249
f 5016/3629/1249 5015/3630/1249 5023/3622/1249
f 5015/3630/1249 5014/3631/1249 5023/3622/1249
f 5014/3631/1249 5013/3632/1249 5023/3622/1249
f 5013/3632/1249 5012/3633/1249 5023/3622/1249
f 5012/3633/1249 5009/3620/1249 5023/3622/1249
f 5012/3633/1250 5011/3634/1250 5009/3620/1250
f 5011/3634/1249 5010/3635/1249 5009/3620/1249
f 5058/3537/1251 5059/3539/1251 5060/3538/1251
f 5058/3537/1251 5060/3538/1251 5061/3540/1251
f 5057/3541/1251 5058/3537/1251 5061/3540/1251
f 5057/3541/1251 5061/3540/1251 5062/3542/1251
f 5056/3543/1251 5057/3541/1251 5062/3542/1251
f 5056/3543/1251 5062/3542/1251 5063/3544/1251
f 5055/3545/1251 5056/3543/1251 5063/3544/1251
f 5055/3545/1251 5063/3544/1251 5064/3546/1251
f 5054/3547/1251 5055/3545/1251 5064/3546/1251
f 5054/3547/1251 5064/3546/1251 5065/3548/1251
f 5053/3549/1251 5054/3547/1251 5065/3548/1251
f 5053/3549/1251 5065/3548/1251 5066/3550/1251
f 5052/3551/1251 5053/3549/1251 5066/3550/1251
f 5052/3551/1251 5066/3550/1251 5067/3552/1251
f 5051/3553/1251 5052/3551/1251 5067/3552/1251
f 5051/3553/1251 5067/3552/1251 5068/3554/1251
f 5051/3553/1251 5068/3554/1251 5069/3555/1251
f 5050/3556/1251 5051/3553/1251 5069/3555/1251
f 5050/3556/1251 5069/3555/1251 5070/3557/1251
f 5049/3558/1251 5050/3556/1251 5070/3557/1251
f 5049/3558/1251 5070/3557/1251 5071/3559/1251
f 5048/3560/1251 5049/3558/1251 5071/3559/1251
f 5048/3560/1251 5071/3559/1251 5072/3561/1251
f 5047/3562/1251 5048/3560/1251 5072/3561/1251
f 5046/3563/1251 5047/3562/1251 5072/3561/1251
f 5046/3563/1251 5072/3561/1251 5073/3564/1251
f 5045/3565/1251 5046/3563/1251 5073/3564/1251
f 5045/3565/1251 5073/3564/1251 5074/3566/1251
f 5044/3567/1251 5045/3565/1251 5074/3566/1251
f 5044/3567/1251 5074/3566/1251 5075/3568/1251
f 5043/3569/1251 5044/3567/1251 5075/3568/1251
f 5043/3569/1251 5075/3568/1251 5076/3570/1251
f 5042/3571/1251 5043/3569/1251 5076/3570/1251
f 5042/3571/1251 5076/3570/1251 5077/3572/1251
f 5095/3573/1251 5096/3575/1251 5097/3574/1251
f 5041/3576/1251 5042/3571/1251 5077/3572/1251
f 5041/3576/1251 5077/3572/1251 5078/3577/1251
f 5094/3578/1251 5095/3573/1251 5097/3574/1251
f 5094/3578/1251 5097/3574/1251 5098/3579/1251
f 5040/3580/1251 5041/3576/1251 5078/3577/1251
f 5040/3580/1251 5078/3577/1251 5079/3581/1251
f 5093/3582/1251 5094/3578/1251 5098/3579/1251
f 5093/3582/1251 5098/3579/1251 5099/3583/1251
f 5092/3584/1251 5093/3582/1251 5099/3583/1251
f 5039/3585/1251 5040/3580/1251 5079/3581/1251
f 5039/3585/1251 5079/3581/1251 5080/3586/1251
f 5092/3584/1251 5099/3583/1251 5100/3587/1251
f 5091/3588/1251 5092/3584/1251 5100/3587/1251
f 5090/3589/1251 5091/3588/1251 5100/3587/1251
f 5090/3589/1251 5100/3587/1251 5101/3590/1251
f 5038/3591/1251 5039/3585/1251 5080/3586/1251
f 5038/3591/1251 5080/3586/1251 5081/3592/1251
f 5089/3593/1251 5090/3589/1251 5101/3590/1251
f 5089/3593/1251 5101/3590/1251 5102/3594/1251
f 5088/3595/1251 5089/3593/1251 5102/3594/1251
f 5037/3596/1251 5038/3591/1251 5081/3592/1251
f 5037/3596/1251 5081/3592/1251 5082/3597/1251
f 5088/3595/1251 5102/3594/1251 5103/3598/1251
f 5087/3599/1251 5088/3595/1251 5103/3598/1251
f 5087/3599/1251 5103/3598/1251 5104/3600/1251
f 5037/3596/1251 5082/3597/1251 5083/3601/1251
f 5036/3602/1251 5037/3596/1251 5083/3601/1251
f 5086/3603/1251 5087/3599/1251 5104/3600/1251
f 5085/3604/1251 5086/3603/1251 5104/3600/1251
f 5085/3604/1251 5104/3600/1251 5105/3605/1251
f 5036/3602/1251 5083/3601/1251 5084/3606/1251
f 5134/3607/1251 5036/3602/1251 5084/3606/1251
f 5084/3606/1251 5085/3604/1251 5105/3605/1251
f 5084/3606/1251 5105/3605/1251 5106/3608/1251
f 5134/3607/1251 5084/3606/1251 5106/3608/1251
f 5133/3609/1251 5134/3607/1251 5106/3608/1251
f 5132/3610/1251 5133/3609/1251 5106/3608/1251
f 5131/3611/1251 5132/3610/1251 5106/3608/1251
f 5130/3612/1251 5131/3611/1251 5106/3608/1251
f 5130/3612/1251 5106/3608/1251 5107/3613/1251
f 5129/3614/1251 5130/3612/1251 5107/3613/1251
f 5128/3615/1251 5129/3614/1251 5107/3613/1251
f 5127/3616/1251 5128/3615/1251 5107/3613/1251
f 5126/3617/1251 5127/3616/1251 5107/3613/1251
f 5125/3618/1251 5126/3617/1251 5107/3613/1251
f 5124/3619/1251 5125/3618/1251 5107/3613/1251
f 5124/3619/1251 5107/3613/1251 5108/3620/1251
f 5123/3621/1251 5124/3619/1251 5108/3620/1251
f 5122/3622/1251 5123/3621/1251 5108/3620/1251
f 5121/3623/1251 5122/3622/1251 5120/3624/1251
f 5120/3624/1251 5122/3622/1251 5119/3625/1251
f 5119/3625/1251 5122/3622/1251 5118/3626/1251
f 5118/3626/1251 5122/3622/1251 5117/3627/1251
f 5117/3627/1251 5122/3622/1251 5116/3628/1251
f 5116/3628/1251 5122/3622/1251 5115/3629/1251
f 5115/3629/1251 5122/3622/1251 5114/3630/1251
f 5114/3630/1251 5122/3622/1251 5113/3631/1251
f 5113/3631/1251 5122/3622/1251 5112/3632/1251
f 5112/3632/1251 5122/3622/1251 5111/3633/1251
f 5111/3633/1251 5122/3622/1251 5108/3620/1251
f 5111/3633/1252 5108/3620/1252 5110/3634/1252
f 5110/3634/1251 5108/3620/1251 5109/3635/1251
s 1
f 5138/3636/1253 5135/3602/1253 5136/3637/1253
f 5140/3638/1253 5137/3639/1253 5138/3636/1253
f 5142/3640/1253 5139/3641/1253 5140/3638/1253
f 5144/3642/1253 5141/3643/1253 5142/3640/1253
f 5146/3644/1253 5143/3645/1253 5144/3642/1253
f 5148/3646/1253 5145/3647/1253 5146/3644/1253
f 5150/3648/1253 5147/3649/1253 5148/3646/1253
f 5152/3650/1253 5149/3651/1253 5150/3648/1253
f 5154/3652/1253 5151/3653/1253 5152/3650/1253
f 5156/3654/1253 5153/3655/1253 5154/3652/1253
f 5158/3656/1254 5155/3657/1253 5156/3654/1253
f 5160/3658/1255 5157/3659/1254 5158/3656/1254
f 5162/3660/1256 5159/3661/1255 5160/3658/1255
f 5164/3662/1257 5161/3663/1256 5162/3660/1256
f 5166/3664/1258 5163/3665/1257 5164/3662/1257
f 5168/3666/1259 5165/3667/1258 5166/3664/1258
f 5170/3668/1260 5167/3669/1259 5168/3666/1259
f 5172/3670/1261 5169/3671/1260 5170/3668/1260
f 5174/3672/1262 5171/3673/1261 5172/3670/1261
f 5176/3674/1263 5173/3675/1262 5174/3672/1262
f 5178/3676/1264 5175/3677/1263 5176/3674/1263
f 5180/3678/1265 5177/3679/1264 5178/3676/1264
f 5182/3680/1266 5179/3681/1265 5180/3678/1265
f 5184/3682/1267 5181/3683/1266 5182/3680/1266
f 5186/3684/1268 5183/3685/1267 5184/3682/1267
f 5188/3686/1269 5185/3687/1268 5186/3684/1268
f 5190/3688/1270 5187/3689/1269 5188/3686/1269
f 5192/3690/1271 5189/3691/1270 5190/3688/1270
f 5194/3692/1272 5191/3693/1271 5192/3690/1271
f 5196/3694/1273 5193/3695/1272 5194/3692/1272
f 5198/3696/1274 5195/3697/1273 5196/3694/1273
f 5200/3698/1275 5197/3699/1274 5198/3696/1274
f 5202/3700/1276 5199/3701/1275 5200/3698/1275
f 5204/3702/1277 5201/3703/1276 5202/3700/1276
f 5206/3704/1278 5203/3705/1277 5204/3702/1277
f 5208/3706/1279 5205/3707/1278 5206/3704/1278
f 5210/3708/1280 5207/3709/1279 5208/3706/1279
f 5212/3710/1280 5209/3711/1280 5210/3708/1280
f 5214/3712/1280 5211/3713/1280 5212/3710/1280
f 5216/3714/1280 5213/3715/1280 5214/3712/1280
f 5218/3716/1280 5215/3717/1280 5216/3714/1280
f 5220/3718/1280 5217/3719/1280 5218/3716/1280
f 5222/3720/1280 5219/3721/1280 5220/3718/1280
f 5224/3722/1280 5221/3723/1280 5222/3720/1280
f 5226/3724/1280 5223/3725/1280 5224/3722/1280
f 5228/3726/1280 5225/3727/1280 5226/3724/1280
f 5230/3728/1280 5227/3729/1280 5228/3726/1280
f 5232/3730/1281 5229/3731/1280 5230/3728/1280
f 5234/3732/1282 5231/3733/1281 5232/3730/1281
f 5236/3734/1283 5233/3735/1282 5234/3732/1282
f 5238/3736/1284 5235/3737/1283 5236/3734/1283
f 5240/3738/1285 5237/3739/1284 5238/3736/1284
f 5242/3740/1286 5239/3741/1285 5240/3738/1285
f 5244/3742/1287 5241/3743/1286 5242/3740/1286
f 5246/3744/1288 5243/3745/1287 5244/3742/1287
f 5248/3746/1289 5245/3747/1288 5246/3744/1288
f 5250/3748/1290 5247/3749/1289 5248/3746/1289
f 5252/3750/1291 5249/3751/1290 5250/3748/1290
f 5254/3752/1292 5251/3753/1291 5252/3750/1291
f 5256/3754/1293 5253/3755/1292 5254/3752/1292
f 5258/3756/1294 5255/3757/1293 5256/3754/1293
f 5260/3758/1295 5257/3759/1294 5258/3756/1294
f 5262/3760/1296 5259/3761/1295 5260/3758/1295
f 5264/3762/1297 5261/3763/1296 5262/3760/1296
f 5266/3764/1298 5263/3765/1297 5264/3762/1297
f 5268/3766/1299 5265/3767/1298 5266/3764/1298
f 5270/3768/1300 5267/3769/1299 5268/3766/1299
f 5272/3770/1301 5269/3771/1300 5270/3768/1300
f 5274/3772/1302 5271/3773/1301 5272/3770/1301
f 5276/3774/1303 5273/3775/1302 5274/3772/1302
f 5278/3776/1304 5275/3777/1303 5276/3774/1303
f 5280/3778/1305 5277/3779/1304 5278/3776/1304
f 5282/3780/1306 5279/3781/1305 5280/3778/1305
f 5284/3782/1307 5281/3783/1306 5282/3780/1306
f 5286/3784/1308 5283/3785/1307 5284/3782/1307
f 5288/3786/1309 5285/3787/1308 5286/3784/1308
f 5290/3788/1310 5287/3789/1309 5288/3786/1309
f 5292/3790/1311 5289/3791/1310 5290/3788/1310
f 5294/3792/1312 5291/3793/1311 5292/3790/1311
f 5296/3794/1313 5293/3795/1312 5294/3792/1312
f 5298/3796/1314 5295/3797/1315 5296/3794/1313
f 5300/3798/1316 5297/3799/1314 5298/3796/1314
f 5302/3800/1317 5299/3801/1316 5300/3798/1316
f 5304/3802/1318 5301/3803/1317 5302/3800/1317
f 5306/3804/1319 5303/3805/1318 5304/3802/1318
f 5308/3806/1320 5305/3807/1319 5306/3804/1319
f 5310/3808/1321 5307/3809/1320 5308/3806/1320
f 5312/3810/1322 5309/3811/1321 5310/3808/1321
f 5314/3812/1323 5311/3813/1322 5312/3810/1322
f 5316/3814/1324 5313/3815/1323 5314/3812/1323
f 5318/3816/1325 5315/3817/1324 5316/3814/1324
f 5320/3818/1326 5317/3819/1325 5318/3816/1325
f 5322/3820/1327 5319/3821/1326 5320/3818/1326
f 5324/3822/1328 5321/3823/1327 5322/3820/1327
f 5326/3824/1329 5323/3825/1328 5324/3822/1328
f 5328/3826/1330 5325/3827/1329 5326/3824/1329
f 5330/3828/1331 5327/3829/1330 5328/3826/1330
f 5332/3830/1332 5329/3831/1331 5330/3828/1331
f 5136/3832/1253 5331/3833/1332 5332/3830/1332
f 5138/3636/1253 5137/3639/1253 5135/3602/1253
f 5140/3638/1253 5139/3641/1253 5137/3639/1253
f 5142/3640/1253 5141/3643/1253 5139/3641/1253
f 5144/3642/1253 5143/3645/1253 5141/3643/1253
f 5146/3644/1253 5145/3647/1253 5143/3645/1253
f 5148/3646/1253 5147/3649/1253 5145/3647/1253
f 5150/3648/1253 5149/3651/1253 5147/3649/1253
f 5152/3650/1253 5151/3653/1253 5149/3651/1253
f 5154/3652/1253 5153/3655/1253 5151/3653/1253
f 5156/3654/1253 5155/3657/1253 5153/3655/1253
f 5158/3656/1254 5157/3659/1254 5155/3657/1253
f 5160/3658/1255 5159/3661/1255 5157/3659/1254
f 5162/3660/1256 5161/3663/1256 5159/3661/1255
f 5164/3662/1257 5163/3665/1257 5161/3663/1256
f 5166/3664/1258 5165/3667/1258 5163/3665/1257
f 5168/3666/1259 5167/3669/1259 5165/3667/1258
f 5170/3668/1260 5169/3671/1260 5167/3669/1259
f 5172/3670/1261 5171/3673/1261 5169/3671/1260
f 5174/3672/1262 5173/3675/1262 5171/3673/1261
f 5176/3674/1263 5175/3677/1263 5173/3675/1262
f 5178/3676/1264 5177/3679/1264 5175/3677/1263
f 5180/3678/1265 5179/3681/1265 5177/3679/1264
f 5182/3680/1266 5181/3683/1266 5179/3681/1265
f 5184/3682/1267 5183/3685/1267 5181/3683/1266
f 5186/3684/1268 5185/3687/1268 5183/3685/1267
f 5188/3686/1269 5187/3689/1269 5185/3687/1268
f 5190/3688/1270 5189/3691/1270 5187/3689/1269
f 5192/3690/1271 5191/3693/1271 5189/3691/1270
f 5194/3692/1272 5193/3695/1272 5191/3693/1271
f 5196/3694/1273 5195/3697/1273 5193/3695/1272
f 5198/3696/1274 5197/3699/1274 5195/3697/1273
f 5200/3698/1275 5199/3701/1275 5197/3699/1274
f 5202/3700/1276 5201/3703/1276 5199/3701/1275
f 5204/3702/1277 5203/3705/1277 5201/3703/1276
f 5206/3704/1278 5205/3707/1278 5203/3705/1277
f 5208/3706/1279 5207/3709/1279 5205/3707/1278
f 5210/3708/1280 5209/3711/1280 5207/3709/1279
f 5212/3710/1280 5211/3713/1280 5209/3711/1280
f 5214/3712/1280 5213/3715/1280 5211/3713/1280
f 5216/3714/1280 5215/3717/1280 5213/3715/1280
f 5218/3716/1280 5217/3719/1280 5215/3717/1280
f 5220/3718/1280 5219/3721/1280 5217/3719/1280
f 5222/3720/1280 5221/3723/1280 5219/3721/1280
f 5224/3722/1280 5223/3725/1280 5221/3723/1280
f 5226/3724/1280 5225/3727/1280 5223/3725/1280
f 5228/3726/1280 5227/3729/1280 5225/3727/1280
f 5230/3728/1280 5229/3731/1280 5227/3729/1280
f 5232/3730/1281 5231/3733/1281 5229/3731/1280
f 5234/3732/1282 5233/3735/1282 5231/3733/1281
f 5236/3734/1283 5235/3737/1283 5233/3735/1282
f 5238/3736/1284 5237/3739/1284 5235/3737/1283
f 5240/3738/1285 5239/3741/1285 5237/3739/1284
f 5242/3740/1286 5241/3743/1286 5239/3741/1285
f 5244/3742/1287 5243/3745/1287 5241/3743/1286
f 5246/3744/1288 5245/3747/1288 5243/3745/1287
f 5248/3746/1289 5247/3749/1289 5245/3747/1288
f 5250/3748/1290 5249/3751/1290 5247/3749/1289
f 5252/3750/1291 5251/3753/1291 5249/3751/1290
f 5254/3752/1292 5253/3755/1292 5251/3753/1291
f 5256/3754/1293 5255/3757/1293 5253/3755/1292
f 5258/3756/1294 5257/3759/1294 5255/3757/1293
f 5260/3758/1295 5259/3761/1295 5257/3759/1294
f 5262/3760/1296 5261/3763/1296 5259/3761/1295
f 5264/3762/1297 5263/3765/1297 5261/3763/1296
f 5266/3764/1298 5265/3767/1298 5263/3765/1297
f 5268/3766/1299 5267/3769/1299 5265/3767/1298
f 5270/3768/1300 5269/3771/1300 5267/3769/1299
f 5272/3770/1301 5271/3773/1301 5269/3771/1300
f 5274/3772/1302 5273/3775/1302 5271/3773/1301
f 5276/3774/1303 5275/3777/1303 5273/3775/1302
f 5278/3776/1304 5277/3779/1304 5275/3777/1303
f 5280/3778/1305 5279/3781/1305 5277/3779/1304
f 5282/3780/1306 5281/3783/1306 5279/3781/1305
f 5284/3782/1307 5283/3785/1307 5281/3783/1306
f 5286/3784/1308 5285/3787/1308 5283/3785/1307
f 5288/3786/1309 5287/3789/1309 5285/3787/1308
f 5290/3788/1310 5289/3791/1310 5287/3789/1309
f 5292/3790/1311 5291/3793/1311 5289/3791/1310
f 5294/3792/1312 5293/3795/1312 5291/3793/1311
f 5296/3794/1313 5295/3797/1315 5293/3795/1312
f 5298/3796/1314 5297/3799/1314 5295/3797/1315
f 5300/3798/1316 5299/3801/1316 5297/3799/1314
f 5302/3800/1317 5301/3803/1317 5299/3801/1316
f 5304/3802/1318 5303/3805/1318 5301/3803/1317
f 5306/3804/1319 5305/3807/1319 5303/3805/1318
f 5308/3806/1320 5307/3809/1320 5305/3807/1319
f 5310/3808/1321 5309/3811/1321 5307/3809/1320
f 5312/3810/1322 5311/3813/1322 5309/3811/1321
f 5314/3812/1323 5313/3815/1323 5311/3813/1322
f 5316/3814/1324 5315/3817/1324 5313/3815/1323
f 5318/3816/1325 5317/3819/1325 5315/3817/1324
f 5320/3818/1326 5319/3821/1326 5317/3819/1325
f 5322/3820/1327 5321/3823/1327 5319/3821/1326
f 5324/3822/1328 5323/3825/1328 5321/3823/1327
f 5326/3824/1329 5325/3827/1329 5323/3825/1328
f 5328/3826/1330 5327/3829/1330 5325/3827/1329
f 5330/3828/1331 5329/3831/1331 5327/3829/1330
f 5332/3830/1332 5331/3833/1332 5329/3831/1331
f 5136/3832/1253 5135/3607/1253 5331/3833/1332
o Text.006
v -6.287839 0.525536 -0.070000
v -6.313479 0.543056 -0.070000
v -6.338766 0.561312 -0.070000
v -6.363605 0.580214 -0.070000
v -6.387901 0.599671 -0.070000
v -6.411563 0.619593 -0.070000
v -6.434495 0.639891 -0.070000
v -6.456604 0.660473 -0.070000
v -6.477798 0.681249 -0.070000
v -6.497980 0.702130 -0.070000
v -6.517058 0.723025 -0.070000
v -6.534938 0.743843 -0.070000
v -6.601938 0.681843 -0.070000
v -6.582608 0.662159 -0.070000
v -6.562633 0.642616 -0.070000
v -6.542032 0.623234 -0.070000
v -6.520827 0.604028 -0.070000
v -6.499039 0.585017 -0.070000
v -6.476688 0.566218 -0.070000
v -6.453795 0.547648 -0.070000
v -6.430382 0.529325 -0.070000
v -6.406469 0.511265 -0.070000
v -6.382077 0.493487 -0.070000
v -6.357226 0.476007 -0.070000
v -6.331938 0.458843 -0.070000
v -6.331938 0.036843 -0.070000
v -6.331980 0.027137 -0.070000
v -6.332105 0.017112 -0.070000
v -6.332313 0.006906 -0.070000
v -6.332604 -0.003342 -0.070000
v -6.332980 -0.013492 -0.070000
v -6.333438 -0.023407 -0.070000
v -6.333980 -0.032946 -0.070000
v -6.334605 -0.041972 -0.070000
v -6.335313 -0.050344 -0.070000
v -6.336104 -0.057925 -0.070000
v -6.336979 -0.064576 -0.070000
v -6.337938 -0.070157 -0.070000
v -6.239938 -0.070157 -0.070000
v -6.240686 -0.064786 -0.070000
v -6.241424 -0.058273 -0.070000
v -6.242141 -0.050766 -0.070000
v -6.242827 -0.042416 -0.070000
v -6.243471 -0.033372 -0.070000
v -6.244063 -0.023782 -0.070000
v -6.244593 -0.013796 -0.070000
v -6.245049 -0.003564 -0.070000
v -6.245422 0.006765 -0.070000
v -6.245702 0.017042 -0.070000
v -6.245877 0.027118 -0.070000
v -6.245938 0.036843 -0.070000
v -6.245938 0.406843 -0.070000
v -6.219038 0.391853 -0.070000
v -6.190910 0.376922 -0.070000
v -6.161656 0.362109 -0.070000
v -6.131382 0.347473 -0.070000
v -6.100191 0.333073 -0.070000
v -6.068188 0.318968 -0.070000
v -6.035476 0.305218 -0.070000
v -6.002160 0.291880 -0.070000
v -5.968344 0.279015 -0.070000
v -5.934132 0.266681 -0.070000
v -5.899629 0.254938 -0.070000
v -5.864938 0.243843 -0.070000
v -5.824938 0.321843 -0.070000
v -5.867758 0.334059 -0.070000
v -5.909669 0.347153 -0.070000
v -5.950594 0.361046 -0.070000
v -5.990457 0.375658 -0.070000
v -6.029180 0.390909 -0.070000
v -6.066688 0.406718 -0.070000
v -6.102904 0.423007 -0.070000
v -6.137753 0.439695 -0.070000
v -6.171157 0.456703 -0.070000
v -6.203040 0.473950 -0.070000
v -6.233325 0.491357 -0.070000
v -6.261938 0.508843 -0.070000
v -6.287839 0.525536 0.070000
v -6.313479 0.543056 0.070000
v -6.338766 0.561312 0.070000
v -6.363605 0.580214 0.070000
v -6.387901 0.599671 0.070000
v -6.411563 0.619593 0.070000
v -6.434495 0.639891 0.070000
v -6.456604 0.660473 0.070000
v -6.477798 0.681249 0.070000
v -6.497980 0.702130 0.070000
v -6.517058 0.723025 0.070000
v -6.534938 0.743843 0.070000
v -6.601938 0.681843 0.070000
v -6.582608 0.662159 0.070000
v -6.562633 0.642616 0.070000
v -6.542032 0.623234 0.070000
v -6.520827 0.604028 0.070000
v -6.499039 0.585017 0.070000
v -6.476688 0.566218 0.070000
v -6.453795 0.547648 0.070000
v -6.430382 0.529325 0.070000
v -6.406469 0.511265 0.070000
v -6.382077 0.493487 0.070000
v -6.357226 0.476007 0.070000
v -6.331938 0.458843 0.070000
v -6.331938 0.036843 0.070000
v -6.331980 0.027137 0.070000
v -6.332105 0.017112 0.070000
v -6.332313 0.006906 0.070000
v -6.332604 -0.003342 0.070000
v -6.332980 -0.013492 0.070000
v -6.333438 -0.023407 0.070000
v -6.333980 -0.032946 0.070000
v -6.334605 -0.041972 0.070000
v -6.335313 -0.050344 0.070000
v -6.336104 -0.057925 0.070000
v -6.336979 -0.064576 0.070000
v -6.337938 -0.070157 0.070000
v -6.239938 -0.070157 0.070000
v -6.240686 -0.064786 0.070000
v -6.241424 -0.058273 0.070000
v -6.242141 -0.050766 0.070000
v -6.242827 -0.042416 0.070000
v -6.243471 -0.033372 0.070000
v -6.244063 -0.023782 0.070000
v -6.244593 -0.013796 0.070000
v -6.245049 -0.003564 0.070000
v -6.245422 0.006765 0.070000
v -6.245702 0.017042 0.070000
v -6.245877 0.027118 0.070000
v -6.245938 0.036843 0.070000
v -6.245938 0.406843 0.070000
v -6.219038 0.391853 0.070000
v -6.190910 0.376922 0.070000
v -6.161656 0.362109 0.070000
v -6.131382 0.347473 0.070000
v -6.100191 0.333073 0.070000
v -6.068188 0.318968 0.070000
v -6.035476 0.305218 0.070000
v -6.002160 0.291880 0.070000
v -5.968344 0.279015 0.070000
v -5.934132 0.266681 0.070000
v -5.899629 0.254938 0.070000
v -5.864938 0.243843 0.070000
v -5.824938 0.321843 0.070000
v -5.867758 0.334059 0.070000
v -5.909669 0.347153 0.070000
v -5.950594 0.361046 0.070000
v -5.990457 0.375658 0.070000
v -6.029180 0.390909 0.070000
v -6.066688 0.406718 0.070000
v -6.102904 0.423007 0.070000
v -6.137753 0.439695 0.070000
v -6.171157 0.456703 0.070000
v -6.203040 0.473950 0.070000
v -6.233325 0.491357 0.070000
v -6.261938 0.508843 0.070000
v -6.287839 0.525536 0.070000
v -6.287839 0.525536 -0.070000
v -6.313479 0.543056 0.070000
v -6.313479 0.543056 -0.070000
v -6.338766 0.561312 0.070000
v -6.338766 0.561312 -0.070000
v -6.363605 0.580214 0.070000
v -6.363605 0.580214 -0.070000
v -6.387901 0.599671 0.070000
v -6.387901 0.599671 -0.070000
v -6.411563 0.619593 0.070000
v -6.411563 0.619593 -0.070000
v -6.434495 0.639891 0.070000
v -6.434495 0.639891 -0.070000
v -6.456604 0.660473 0.070000
v -6.456604 0.660473 -0.070000
v -6.477798 0.681249 0.070000
v -6.477798 0.681249 -0.070000
v -6.497980 0.702130 0.070000
v -6.497980 0.702130 -0.070000
v -6.517058 0.723025 0.070000
v -6.517058 0.723025 -0.070000
v -6.534938 0.743843 0.070000
v -6.534938 0.743843 -0.070000
v -6.601938 0.681843 0.070000
v -6.601938 0.681843 -0.070000
v -6.582608 0.662159 0.070000
v -6.582608 0.662159 -0.070000
v -6.562633 0.642616 0.070000
v -6.562633 0.642616 -0.070000
v -6.542032 0.623234 0.070000
v -6.542032 0.623234 -0.070000
v -6.520827 0.604028 0.070000
v -6.520827 0.604028 -0.070000
v -6.499039 0.585017 0.070000
v -6.499039 0.585017 -0.070000
v -6.476688 0.566218 0.070000
v -6.476688 0.566218 -0.070000
v -6.453795 0.547648 0.070000
v -6.453795 0.547648 -0.070000
v -6.430382 0.529325 0.070000
v -6.430382 0.529325 -0.070000
v -6.406469 0.511265 0.070000
v -6.406469 0.511265 -0.070000
v -6.382077 0.493487 0.070000
v -6.382077 0.493487 -0.070000
v -6.357226 0.476007 0.070000
v -6.357226 0.476007 -0.070000
v -6.331938 0.458843 0.070000
v -6.331938 0.458843 -0.070000
v -6.331938 0.036843 0.070000
v -6.331938 0.036843 -0.070000
v -6.331980 0.027137 0.070000
v -6.331980 0.027137 -0.070000
v -6.332105 0.017112 0.070000
v -6.332105 0.017112 -0.070000
v -6.332313 0.006906 0.070000
v -6.332313 0.006906 -0.070000
v -6.332604 -0.003342 0.070000
v -6.332604 -0.003342 -0.070000
v -6.332980 -0.013492 0.070000
v -6.332980 -0.013492 -0.070000
v -6.333438 -0.023407 0.070000
v -6.333438 -0.023407 -0.070000
v -6.333980 -0.032946 0.070000
v -6.333980 -0.032946 -0.070000
v -6.334605 -0.041972 0.070000
v -6.334605 -0.041972 -0.070000
v -6.335313 -0.050344 0.070000
v -6.335313 -0.050344 -0.070000
v -6.336104 -0.057925 0.070000
v -6.336104 -0.057925 -0.070000
v -6.336979 -0.064576 0.070000
v -6.336979 -0.064576 -0.070000
v -6.337938 -0.070157 0.070000
v -6.337938 -0.070157 -0.070000
v -6.239938 -0.070157 0.070000
v -6.239938 -0.070157 -0.070000
v -6.240686 -0.064786 0.070000
v -6.240686 -0.064786 -0.070000
v -6.241424 -0.058273 0.070000
v -6.241424 -0.058273 -0.070000
v -6.242141 -0.050766 0.070000
v -6.242141 -0.050766 -0.070000
v -6.242827 -0.042416 0.070000
v -6.242827 -0.042416 -0.070000
v -6.243471 -0.033372 0.070000
v -6.243471 -0.033372 -0.070000
v -6.244063 -0.023782 0.070000
v -6.244063 -0.023782 -0.070000
v -6.244593 -0.013796 0.070000
v -6.244593 -0.013796 -0.070000
v -6.245049 -0.003564 0.070000
v -6.245049 -0.003564 -0.070000
v -6.245422 0.006765 0.070000
v -6.245422 0.006765 -0.070000
v -6.245702 0.017042 0.070000
v -6.245702 0.017042 -0.070000
v -6.245877 0.027118 0.070000
v -6.245877 0.027118 -0.070000
v -6.245938 0.036843 0.070000
v -6.245938 0.036843 -0.070000
v -6.245938 0.406843 0.070000
v -6.245938 0.406843 -0.070000
v -6.219038 0.391853 0.070000
v -6.219038 0.391853 -0.070000
v -6.190910 0.376922 0.070000
v -6.190910 0.376922 -0.070000
v -6.161656 0.362109 0.070000
v -6.161656 0.362109 -0.070000
v -6.131382 0.347473 0.070000
v -6.131382 0.347473 -0.070000
v -6.100191 0.333073 0.070000
v -6.100191 0.333073 -0.070000
v -6.068188 0.318968 0.070000
v -6.068188 0.318968 -0.070000
v -6.035476 0.305218 0.070000
v -6.035476 0.305218 -0.070000
v -6.002160 0.291880 0.070000
v -6.002160 0.291880 -0.070000
v -5.968344 0.279015 0.070000
v -5.968344 0.279015 -0.070000
v -5.934132 0.266681 0.070000
v -5.934132 0.266681 -0.070000
v -5.899629 0.254938 0.070000
v -5.899629 0.254938 -0.070000
v -5.864938 0.243843 0.070000
v -5.864938 0.243843 -0.070000
v -5.824938 0.321843 0.070000
v -5.824938 0.321843 -0.070000
v -5.867758 0.334059 0.070000
v -5.867758 0.334059 -0.070000
v -5.909669 0.347153 0.070000
v -5.909669 0.347153 -0.070000
v -5.950594 0.361046 0.070000
v -5.950594 0.361046 -0.070000
v -5.990457 0.375658 0.070000
v -5.990457 0.375658 -0.070000
v -6.029180 0.390909 0.070000
v -6.029180 0.390909 -0.070000
v -6.066688 0.406718 0.070000
v -6.066688 0.406718 -0.070000
v -6.102904 0.423007 0.070000
v -6.102904 0.423007 -0.070000
v -6.137753 0.439695 0.070000
v -6.137753 0.439695 -0.070000
v -6.171157 0.456703 0.070000
v -6.171157 0.456703 -0.070000
v -6.203040 0.473950 0.070000
v -6.203040 0.473950 -0.070000
v -6.233325 0.491357 0.070000
v -6.233325 0.491357 -0.070000
v -6.261938 0.508843 0.070000
v -6.261938 0.508843 -0.070000
vn -0.0000 -0.0000 -1.0000
vn -0.0000 -0.0000 1.0000
vn 0.5748 0.8183 -0.0000
vn 0.5530 0.8332 -0.0000
vn 0.5955 0.8033 -0.0000
vn 0.6154 0.7882 -0.0000
vn 0.6346 0.7728 -0.0000
vn 0.6535 0.7569 -0.0000
vn 0.6721 0.7404 -0.0000
vn 0.6908 0.7231 -0.0000
vn 0.7096 0.7046 -0.0000
vn 0.7288 0.6847 -0.0000
vn 0.7486 0.6630 -0.0000
vn 0.0572 0.9984 -0.0000
vn -0.9997 0.0239 -0.0000
vn -0.7064 -0.7078 -0.0000
vn -0.6923 -0.7216 -0.0000
vn -0.6783 -0.7348 -0.0000
vn -0.6644 -0.7474 -0.0000
vn -0.6506 -0.7594 -0.0000
vn -0.6369 -0.7710 -0.0000
vn -0.6232 -0.7821 -0.0000
vn -0.6095 -0.7928 -0.0000
vn -0.5959 -0.8031 -0.0000
vn -0.5822 -0.8131 -0.0000
vn -0.5685 -0.8227 -0.0000
vn -0.8836 -0.4682 -0.0000
vn -1.0000 0.0021 -0.0000
vn -1.0000 0.0084 -0.0000
vn -0.9999 0.0164 -0.0000
vn -0.9997 0.0244 -0.0000
vn -0.9995 0.0327 -0.0000
vn -0.9991 0.0416 -0.0000
vn -0.9987 0.0514 -0.0000
vn -0.9991 0.0415 -0.0000
vn -0.9980 0.0629 -0.0000
vn -0.9971 0.0767 -0.0000
vn -0.9956 0.0941 -0.0000
vn -0.9931 0.1172 -0.0000
vn -0.9887 0.1499 -0.0000
vn -0.7646 -0.6445 -0.0000
vn 0.7543 -0.6565 -0.0000
vn 0.9921 0.1253 -0.0000
vn 0.9946 0.1038 -0.0000
vn 0.9961 0.0885 -0.0000
vn 0.9971 0.0764 -0.0000
vn 0.9978 0.0663 -0.0000
vn 0.9984 0.0573 -0.0000
vn 0.9988 0.0488 -0.0000
vn 0.9992 0.0403 -0.0000
vn 0.9995 0.0317 -0.0000
vn 0.9998 0.0223 -0.0000
vn 0.9999 0.0118 -0.0000
vn 1.0000 0.0031 -0.0000
vn 0.5065 -0.8622 -0.0000
vn -0.4778 -0.8784 -0.0000
vn 0.5066 -0.8622 -0.0000
vn -0.4603 -0.8877 -0.0000
vn -0.4435 -0.8963 -0.0000
vn -0.4272 -0.9041 -0.0000
vn -0.4112 -0.9115 -0.0000
vn -0.3954 -0.9185 -0.0000
vn -0.3796 -0.9252 -0.0000
vn -0.3636 -0.9315 -0.0000
vn -0.3474 -0.9377 -0.0000
vn -0.3307 -0.9437 -0.0000
vn -0.3134 -0.9496 -0.0000
vn 0.3836 -0.9235 -0.0000
vn 0.9173 0.3982 -0.0000
vn 0.2863 0.9581 -0.0000
vn 0.9173 0.3981 -0.0000
vn 0.3099 0.9508 -0.0000
vn 0.3328 0.9430 -0.0000
vn 0.3553 0.9347 -0.0000
vn 0.3774 0.9260 -0.0000
vn 0.3993 0.9168 -0.0000
vn 0.4211 0.9070 -0.0000
vn 0.4428 0.8966 -0.0000
vn 0.4648 0.8854 -0.0000
vn 0.4871 0.8734 -0.0000
vn 0.5099 0.8602 -0.0000
vn 0.5316 0.8470 -0.0000
vt 0.786530 0.910207
vt 0.787966 0.910207
vt 0.787248 0.910207
vt 0.785811 0.910207
vt 0.785093 0.910207
vt 0.788684 0.910207
vt 0.784375 0.910207
vt 0.789403 0.910207
vt 0.783657 0.910207
vt 0.790121 0.910207
vt 0.782938 0.910207
vt 0.790839 0.910207
vt 0.782220 0.910207
vt 0.791557 0.910207
vt 0.781502 0.910207
vt 0.792276 0.910207
vt 0.780784 0.910207
vt 0.792994 0.910207
vt 0.780066 0.910207
vt 0.793712 0.910207
vt 0.779347 0.910207
vt 0.794430 0.910207
vt 0.833934 0.910207
vt 0.795149 0.910207
vt 0.833216 0.910207
vt 0.795867 0.910207
vt 0.832497 0.910207
vt 0.796585 0.910207
vt 0.831779 0.910207
vt 0.815978 0.910207
vt 0.797303 0.910207
vt 0.831061 0.910207
vt 0.830343 0.910207
vt 0.829624 0.910207
vt 0.816696 0.910207
vt 0.815260 0.910207
vt 0.828906 0.910207
vt 0.817414 0.910207
vt 0.828188 0.910207
vt 0.818133 0.910207
vt 0.827470 0.910207
vt 0.818851 0.910207
vt 0.826751 0.910207
vt 0.819569 0.910207
vt 0.826033 0.910207
vt 0.825315 0.910207
vt 0.820287 0.910207
vt 0.824597 0.910207
vt 0.821005 0.910207
vt 0.821724 0.910207
vt 0.822442 0.910207
vt 0.823160 0.910207
vt 0.823879 0.910207
vt 0.814541 0.910207
vt 0.798022 0.910207
vt 0.798740 0.910207
vt 0.813823 0.910207
vt 0.799458 0.910207
vt 0.813105 0.910207
vt 0.800176 0.910207
vt 0.812387 0.910207
vt 0.800895 0.910207
vt 0.811668 0.910207
vt 0.801613 0.910207
vt 0.810950 0.910207
vt 0.802331 0.910207
vt 0.810232 0.910207
vt 0.803049 0.910207
vt 0.809514 0.910207
vt 0.803768 0.910207
vt 0.808795 0.910207
vt 0.804486 0.910207
vt 0.808077 0.910207
vt 0.805204 0.910207
vt 0.807359 0.910207
vt 0.805922 0.910207
vt 0.806641 0.910207
vt 0.780056 0.964793
vt 0.779347 0.964793
vt 0.780765 0.964793
vt 0.780056 0.910207
vt 0.781474 0.964793
vt 0.780765 0.910207
vt 0.782183 0.964793
vt 0.781474 0.910207
vt 0.782892 0.964793
vt 0.782183 0.910207
vt 0.783601 0.964793
vt 0.782892 0.910207
vt 0.784310 0.964793
vt 0.783601 0.910207
vt 0.785019 0.964793
vt 0.784310 0.910207
vt 0.785728 0.964793
vt 0.785019 0.910207
vt 0.786436 0.964793
vt 0.785728 0.910207
vt 0.787145 0.964793
vt 0.786436 0.910207
vt 0.787854 0.964793
vt 0.787145 0.910207
vt 0.788563 0.964793
vt 0.787854 0.910207
vt 0.789272 0.964793
vt 0.788563 0.910207
vt 0.789981 0.964793
vt 0.789272 0.910207
vt 0.790690 0.964793
vt 0.789981 0.910207
vt 0.791399 0.964793
vt 0.790690 0.910207
vt 0.792108 0.964793
vt 0.791399 0.910207
vt 0.792817 0.964793
vt 0.792108 0.910207
vt 0.793526 0.964793
vt 0.792817 0.910207
vt 0.794235 0.964793
vt 0.793526 0.910207
vt 0.794943 0.964793
vt 0.794235 0.910207
vt 0.795652 0.964793
vt 0.794943 0.910207
vt 0.796361 0.964793
vt 0.795652 0.910207
vt 0.797070 0.964793
vt 0.796361 0.910207
vt 0.797779 0.964793
vt 0.797070 0.910207
vt 0.798488 0.964793
vt 0.797779 0.910207
vt 0.799197 0.964793
vt 0.798488 0.910207
vt 0.799906 0.964793
vt 0.799197 0.910207
vt 0.800615 0.964793
vt 0.799906 0.910207
vt 0.801324 0.964793
vt 0.800615 0.910207
vt 0.802033 0.964793
vt 0.801324 0.910207
vt 0.802742 0.964793
vt 0.802033 0.910207
vt 0.803450 0.964793
vt 0.802742 0.910207
vt 0.804159 0.964793
vt 0.803450 0.910207
vt 0.804868 0.964793
vt 0.804159 0.910207
vt 0.805577 0.964793
vt 0.804868 0.910207
vt 0.806286 0.964793
vt 0.805577 0.910207
vt 0.806995 0.964793
vt 0.806286 0.910207
vt 0.807704 0.964793
vt 0.806995 0.910207
vt 0.808413 0.964793
vt 0.807704 0.910207
vt 0.809122 0.964793
vt 0.808413 0.910207
vt 0.809831 0.964793
vt 0.809122 0.910207
vt 0.810540 0.964793
vt 0.809831 0.910207
vt 0.811249 0.964793
vt 0.810540 0.910207
vt 0.811957 0.964793
vt 0.811249 0.910207
vt 0.812666 0.964793
vt 0.811957 0.910207
vt 0.813375 0.964793
vt 0.812666 0.910207
vt 0.814084 0.964793
vt 0.813375 0.910207
vt 0.814793 0.964793
vt 0.814084 0.910207
vt 0.815502 0.964793
vt 0.814793 0.910207
vt 0.816211 0.964793
vt 0.815502 0.910207
vt 0.816920 0.964793
vt 0.816211 0.910207
vt 0.817629 0.964793
vt 0.816920 0.910207
vt 0.818338 0.964793
vt 0.817629 0.910207
vt 0.819047 0.964793
vt 0.818338 0.910207
vt 0.819756 0.964793
vt 0.819047 0.910207
vt 0.820464 0.964793
vt 0.819756 0.910207
vt 0.821173 0.964793
vt 0.820464 0.910207
vt 0.821882 0.964793
vt 0.821173 0.910207
vt 0.822591 0.964793
vt 0.821882 0.910207
vt 0.823300 0.964793
vt 0.822591 0.910207
vt 0.824009 0.964793
vt 0.823300 0.910207
vt 0.824718 0.964793
vt 0.824009 0.910207
vt 0.825427 0.964793
vt 0.824718 0.910207
vt 0.826136 0.964793
vt 0.825427 0.910207
vt 0.826845 0.964793
vt 0.826136 0.910207
vt 0.827554 0.964793
vt 0.826845 0.910207
vt 0.828263 0.964793
vt 0.827554 0.910207
vt 0.828972 0.964793
vt 0.828263 0.910207
vt 0.829680 0.964793
vt 0.828972 0.910207
vt 0.830389 0.964793
vt 0.829680 0.910207
vt 0.831098 0.964793
vt 0.830389 0.910207
vt 0.831807 0.964793
vt 0.831098 0.910207
vt 0.832516 0.964793
vt 0.831807 0.910207
vt 0.833225 0.964793
vt 0.832516 0.910207
vt 0.833934 0.964793
vt 0.833225 0.910207
s 0
usemtl Material.001
f 5343/3834/1333 5345/3835/1333 5344/3836/1333
f 5342/3837/1333 5345/3835/1333 5343/3834/1333
f 5341/3838/1333 5345/3835/1333 5342/3837/1333
f 5341/3838/1333 5346/3839/1333 5345/3835/1333
f 5340/3840/1333 5346/3839/1333 5341/3838/1333
f 5340/3840/1333 5347/3841/1333 5346/3839/1333
f 5339/3842/1333 5347/3841/1333 5340/3840/1333
f 5339/3842/1333 5348/3843/1333 5347/3841/1333
f 5338/3844/1333 5348/3843/1333 5339/3842/1333
f 5338/3844/1333 5349/3845/1333 5348/3843/1333
f 5337/3846/1333 5349/3845/1333 5338/3844/1333
f 5337/3846/1333 5350/3847/1333 5349/3845/1333
f 5336/3848/1333 5350/3847/1333 5337/3846/1333
f 5336/3848/1333 5351/3849/1333 5350/3847/1333
f 5335/3850/1333 5351/3849/1333 5336/3848/1333
f 5335/3850/1333 5352/3851/1333 5351/3849/1333
f 5334/3852/1333 5352/3851/1333 5335/3850/1333
f 5334/3852/1333 5353/3853/1333 5352/3851/1333
f 5333/3854/1333 5353/3853/1333 5334/3852/1333
f 5333/3854/1333 5354/3855/1333 5353/3853/1333
f 5409/3856/1333 5354/3855/1333 5333/3854/1333
f 5409/3856/1333 5355/3857/1333 5354/3855/1333
f 5408/3858/1333 5355/3857/1333 5409/3856/1333
f 5408/3858/1333 5356/3859/1333 5355/3857/1333
f 5407/3860/1333 5356/3859/1333 5408/3858/1333
f 5407/3860/1333 5357/3861/1333 5356/3859/1333
f 5406/3862/1333 5357/3861/1333 5407/3860/1333
f 5406/3862/1333 5384/3863/1333 5357/3861/1333
f 5384/3863/1333 5358/3864/1333 5357/3861/1333
f 5405/3865/1333 5384/3863/1333 5406/3862/1333
f 5404/3866/1333 5384/3863/1333 5405/3865/1333
f 5403/3867/1333 5384/3863/1333 5404/3866/1333
f 5403/3867/1333 5385/3868/1333 5384/3863/1333
f 5383/3869/1333 5358/3864/1333 5384/3863/1333
f 5402/3870/1333 5385/3868/1333 5403/3867/1333
f 5402/3870/1333 5386/3871/1333 5385/3868/1333
f 5401/3872/1333 5386/3871/1333 5402/3870/1333
f 5401/3872/1333 5387/3873/1333 5386/3871/1333
f 5400/3874/1333 5387/3873/1333 5401/3872/1333
f 5400/3874/1333 5388/3875/1333 5387/3873/1333
f 5399/3876/1333 5388/3875/1333 5400/3874/1333
f 5399/3876/1333 5389/3877/1333 5388/3875/1333
f 5398/3878/1333 5389/3877/1333 5399/3876/1333
f 5397/3879/1333 5389/3877/1333 5398/3878/1333
f 5397/3879/1333 5390/3880/1333 5389/3877/1333
f 5396/3881/1333 5390/3880/1333 5397/3879/1333
f 5396/3881/1333 5391/3882/1333 5390/3880/1333
f 5396/3881/1333 5392/3883/1333 5391/3882/1333
f 5396/3881/1333 5393/3884/1333 5392/3883/1333
f 5396/3881/1333 5394/3885/1333 5393/3884/1333
f 5396/3881/1333 5395/3886/1333 5394/3885/1333
f 5382/3887/1333 5358/3864/1333 5383/3869/1333
f 5382/3887/1333 5359/3888/1333 5358/3864/1333
f 5382/3887/1333 5360/3889/1333 5359/3888/1333
f 5381/3890/1333 5360/3889/1333 5382/3887/1333
f 5381/3890/1333 5361/3891/1333 5360/3889/1333
f 5380/3892/1333 5361/3891/1333 5381/3890/1333
f 5380/3892/1333 5362/3893/1333 5361/3891/1333
f 5379/3894/1333 5362/3893/1333 5380/3892/1333
f 5379/3894/1333 5363/3895/1333 5362/3893/1333
f 5378/3896/1333 5363/3895/1333 5379/3894/1333
f 5378/3896/1333 5364/3897/1333 5363/3895/1333
f 5377/3898/1333 5364/3897/1333 5378/3896/1333
f 5377/3898/1333 5365/3899/1333 5364/3897/1333
f 5376/3900/1333 5365/3899/1333 5377/3898/1333
f 5376/3900/1333 5366/3901/1333 5365/3899/1333
f 5375/3902/1333 5366/3901/1333 5376/3900/1333
f 5375/3902/1333 5367/3903/1333 5366/3901/1333
f 5374/3904/1333 5367/3903/1333 5375/3902/1333
f 5374/3904/1333 5368/3905/1333 5367/3903/1333
f 5373/3906/1333 5368/3905/1333 5374/3904/1333
f 5373/3906/1333 5369/3907/1333 5368/3905/1333
f 5372/3908/1333 5369/3907/1333 5373/3906/1333
f 5372/3908/1333 5370/3909/1333 5369/3907/1333
f 5371/3910/1333 5370/3909/1333 5372/3908/1333
f 5420/3834/1334 5421/3836/1334 5422/3835/1334
f 5419/3837/1334 5420/3834/1334 5422/3835/1334
f 5418/3838/1334 5419/3837/1334 5422/3835/1334
f 5418/3838/1334 5422/3835/1334 5423/3839/1334
f 5417/3840/1334 5418/3838/1334 5423/3839/1334
f 5417/3840/1334 5423/3839/1334 5424/3841/1334
f 5416/3842/1334 5417/3840/1334 5424/3841/1334
f 5416/3842/1334 5424/3841/1334 5425/3843/1334
f 5415/3844/1334 5416/3842/1334 5425/3843/1334
f 5415/3844/1334 5425/3843/1334 5426/3845/1334
f 5414/3846/1334 5415/3844/1334 5426/3845/1334
f 5414/3846/1334 5426/3845/1334 5427/3847/1334
f 5413/3848/1334 5414/3846/1334 5427/3847/1334
f 5413/3848/1334 5427/3847/1334 5428/3849/1334
f 5412/3850/1334 5413/3848/1334 5428/3849/1334
f 5412/3850/1334 5428/3849/1334 5429/3851/1334
f 5411/3852/1334 5412/3850/1334 5429/3851/1334
f 5411/3852/1334 5429/3851/1334 5430/3853/1334
f 5410/3854/1334 5411/3852/1334 5430/3853/1334
f 5410/3854/1334 5430/3853/1334 5431/3855/1334
f 5486/3856/1334 5410/3854/1334 5431/3855/1334
f 5486/3856/1334 5431/3855/1334 5432/3857/1334
f 5485/3858/1334 5486/3856/1334 5432/3857/1334
f 5485/3858/1334 5432/3857/1334 5433/3859/1334
f 5484/3860/1334 5485/3858/1334 5433/3859/1334
f 5484/3860/1334 5433/3859/1334 5434/3861/1334
f 5483/3862/1334 5484/3860/1334 5434/3861/1334
f 5483/3862/1334 5434/3861/1334 5461/3863/1334
f 5461/3863/1334 5434/3861/1334 5435/3864/1334
f 5482/3865/1334 5483/3862/1334 5461/3863/1334
f 5481/3866/1334 5482/3865/1334 5461/3863/1334
f 5480/3867/1334 5481/3866/1334 5461/3863/1334
f 5480/3867/1334 5461/3863/1334 5462/3868/1334
f 5460/3869/1334 5461/3863/1334 5435/3864/1334
f 5479/3870/1334 5480/3867/1334 5462/3868/1334
f 5479/3870/1334 5462/3868/1334 5463/3871/1334
f 5478/3872/1334 5479/3870/1334 5463/3871/1334
f 5478/3872/1334 5463/3871/1334 5464/3873/1334
f 5477/3874/1334 5478/3872/1334 5464/3873/1334
f 5477/3874/1334 5464/3873/1334 5465/3875/1334
f 5476/3876/1334 5477/3874/1334 5465/3875/1334
f 5476/3876/1334 5465/3875/1334 5466/3877/1334
f 5475/3878/1334 5476/3876/1334 5466/3877/1334
f 5474/3879/1334 5475/3878/1334 5466/3877/1334
f 5474/3879/1334 5466/3877/1334 5467/3880/1334
f 5473/3881/1334 5474/3879/1334 5467/3880/1334
f 5473/3881/1334 5467/3880/1334 5468/3882/1334
f 5473/3881/1334 5468/3882/1334 5469/3883/1334
f 5473/3881/1334 5469/3883/1334 5470/3884/1334
f 5473/3881/1334 5470/3884/1334 5471/3885/1334
f 5473/3881/1334 5471/3885/1334 5472/3886/1334
f 5459/3887/1334 5460/3869/1334 5435/3864/1334
f 5459/3887/1334 5435/3864/1334 5436/3888/1334
f 5459/3887/1334 5436/3888/1334 5437/3889/1334
f 5458/3890/1334 5459/3887/1334 5437/3889/1334
f 5458/3890/1334 5437/3889/1334 5438/3891/1334
f 5457/3892/1334 5458/3890/1334 5438/3891/1334
f 5457/3892/1334 5438/3891/1334 5439/3893/1334
f 5456/3894/1334 5457/3892/1334 5439/3893/1334
f 5456/3894/1334 5439/3893/1334 5440/3895/1334
f 5455/3896/1334 5456/3894/1334 5440/3895/1334
f 5455/3896/1334 5440/3895/1334 5441/3897/1334
f 5454/3898/1334 5455/3896/1334 5441/3897/1334
f 5454/3898/1334 5441/3897/1334 5442/3899/1334
f 5453/3900/1334 5454/3898/1334 5442/3899/1334
f 5453/3900/1334 5442/3899/1334 5443/3901/1334
f 5452/3902/1334 5453/3900/1334 5443/3901/1334
f 5452/3902/1334 5443/3901/1334 5444/3903/1334
f 5451/3904/1334 5452/3902/1334 5444/3903/1334
f 5451/3904/1334 5444/3903/1334 5445/3905/1334
f 5450/3906/1334 5451/3904/1334 5445/3905/1334
f 5450/3906/1334 5445/3905/1334 5446/3907/1334
f 5449/3908/1334 5450/3906/1334 5446/3907/1334
f 5449/3908/1334 5446/3907/1334 5447/3909/1334
f 5448/3910/1334 5449/3908/1334 5447/3909/1334
s 1
f 5490/3911/1335 5487/3854/1336 5488/3912/1336
f 5492/3913/1337 5489/3914/1335 5490/3911/1335
f 5494/3915/1338 5491/3916/1337 5492/3913/1337
f 5496/3917/1339 5493/3918/1338 5494/3915/1338
f 5498/3919/1340 5495/3920/1339 5496/3917/1339
f 5500/3921/1341 5497/3922/1340 5498/3919/1340
f 5502/3923/1342 5499/3924/1341 5500/3921/1341
f 5504/3925/1343 5501/3926/1342 5502/3923/1342
f 5506/3927/1344 5503/3928/1343 5504/3925/1343
f 5508/3929/1345 5505/3930/1344 5506/3927/1344
f 5510/3931/1346 5507/3932/1345 5508/3929/1345
f 5512/3933/1347 5509/3934/1346 5510/3931/1346
f 5514/3935/1348 5511/3936/1347 5512/3933/1347
f 5516/3937/1349 5513/3938/1348 5514/3935/1348
f 5518/3939/1350 5515/3940/1349 5516/3937/1349
f 5520/3941/1351 5517/3942/1350 5518/3939/1350
f 5522/3943/1352 5519/3944/1351 5520/3941/1351
f 5524/3945/1353 5521/3946/1352 5522/3943/1352
f 5526/3947/1354 5523/3948/1353 5524/3945/1353
f 5528/3949/1355 5525/3950/1354 5526/3947/1354
f 5530/3951/1356 5527/3952/1355 5528/3949/1355
f 5532/3953/1357 5529/3954/1356 5530/3951/1356
f 5534/3955/1358 5531/3956/1357 5532/3953/1357
f 5536/3957/1359 5533/3958/1358 5534/3955/1358
f 5538/3959/1360 5535/3960/1359 5536/3957/1359
f 5540/3961/1361 5537/3962/1360 5538/3959/1360
f 5542/3963/1362 5539/3964/1361 5540/3961/1361
f 5544/3965/1363 5541/3966/1362 5542/3963/1362
f 5546/3967/1364 5543/3968/1363 5544/3965/1363
f 5548/3969/1365 5545/3970/1364 5546/3967/1364
f 5550/3971/1366 5547/3972/1367 5548/3969/1365
f 5552/3973/1368 5549/3974/1366 5550/3971/1366
f 5554/3975/1369 5551/3976/1368 5552/3973/1368
f 5556/3977/1370 5553/3978/1369 5554/3975/1369
f 5558/3979/1371 5555/3980/1370 5556/3977/1370
f 5560/3981/1372 5557/3982/1371 5558/3979/1371
f 5562/3983/1373 5559/3984/1372 5560/3981/1372
f 5564/3985/1374 5561/3986/1373 5562/3983/1373
f 5566/3987/1375 5563/3988/1374 5564/3985/1374
f 5568/3989/1376 5565/3990/1375 5566/3987/1375
f 5570/3991/1377 5567/3992/1376 5568/3989/1376
f 5572/3993/1378 5569/3994/1377 5570/3991/1377
f 5574/3995/1379 5571/3996/1378 5572/3993/1378
f 5576/3997/1380 5573/3998/1379 5574/3995/1379
f 5578/3999/1381 5575/4000/1380 5576/3997/1380
f 5580/4001/1382 5577/4002/1381 5578/3999/1381
f 5582/4003/1383 5579/4004/1382 5580/4001/1382
f 5584/4005/1384 5581/4006/1383 5582/4003/1383
f 5586/4007/1385 5583/4008/1384 5584/4005/1384
f 5588/4009/1386 5585/4010/1385 5586/4007/1385
f 5590/4011/1387 5587/4012/1386 5588/4009/1386
f 5592/4013/1388 5589/4014/1389 5590/4011/1387
f 5594/4015/1390 5591/4016/1388 5592/4013/1388
f 5596/4017/1391 5593/4018/1390 5594/4015/1390
f 5598/4019/1392 5595/4020/1391 5596/4017/1391
f 5600/4021/1393 5597/4022/1392 5598/4019/1392
f 5602/4023/1394 5599/4024/1393 5600/4021/1393
f 5604/4025/1395 5601/4026/1394 5602/4023/1394
f 5606/4027/1396 5603/4028/1395 5604/4025/1395
f 5608/4029/1397 5605/4030/1396 5606/4027/1396
f 5610/4031/1398 5607/4032/1397 5608/4029/1397
f 5612/4033/1399 5609/4034/1398 5610/4031/1398
f 5614/4035/1400 5611/4036/1399 5612/4033/1399
f 5616/4037/1401 5613/4038/1400 5614/4035/1400
f 5618/4039/1402 5615/4040/1403 5616/4037/1401
f 5620/4041/1404 5617/4042/1402 5618/4039/1402
f 5622/4043/1405 5619/4044/1404 5620/4041/1404
f 5624/4045/1406 5621/4046/1405 5622/4043/1405
f 5626/4047/1407 5623/4048/1406 5624/4045/1406
f 5628/4049/1408 5625/4050/1407 5626/4047/1407
f 5630/4051/1409 5627/4052/1408 5628/4049/1408
f 5632/4053/1410 5629/4054/1409 5630/4051/1409
f 5634/4055/1411 5631/4056/1410 5632/4053/1410
f 5636/4057/1412 5633/4058/1411 5634/4055/1411
f 5638/4059/1413 5635/4060/1412 5636/4057/1412
f 5640/4061/1414 5637/4062/1413 5638/4059/1413
f 5488/4063/1336 5639/4064/1414 5640/4061/1414
f 5490/3911/1335 5489/3914/1335 5487/3854/1336
f 5492/3913/1337 5491/3916/1337 5489/3914/1335
f 5494/3915/1338 5493/3918/1338 5491/3916/1337
f 5496/3917/1339 5495/3920/1339 5493/3918/1338
f 5498/3919/1340 5497/3922/1340 5495/3920/1339
f 5500/3921/1341 5499/3924/1341 5497/3922/1340
f 5502/3923/1342 5501/3926/1342 5499/3924/1341
f 5504/3925/1343 5503/3928/1343 5501/3926/1342
f 5506/3927/1344 5505/3930/1344 5503/3928/1343
f 5508/3929/1345 5507/3932/1345 5505/3930/1344
f 5510/3931/1346 5509/3934/1346 5507/3932/1345
f 5512/3933/1347 5511/3936/1347 5509/3934/1346
f 5514/3935/1348 5513/3938/1348 5511/3936/1347
f 5516/3937/1349 5515/3940/1349 5513/3938/1348
f 5518/3939/1350 5517/3942/1350 5515/3940/1349
f 5520/3941/1351 5519/3944/1351 5517/3942/1350
f 5522/3943/1352 5521/3946/1352 5519/3944/1351
f 5524/3945/1353 5523/3948/1353 5521/3946/1352
f 5526/3947/1354 5525/3950/1354 5523/3948/1353
f 5528/3949/1355 5527/3952/1355 5525/3950/1354
f 5530/3951/1356 5529/3954/1356 5527/3952/1355
f 5532/3953/1357 5531/3956/1357 5529/3954/1356
f 5534/3955/1358 5533/3958/1358 5531/3956/1357
f 5536/3957/1359 5535/3960/1359 5533/3958/1358
f 5538/3959/1360 5537/3962/1360 5535/3960/1359
f 5540/3961/1361 5539/3964/1361 5537/3962/1360
f 5542/3963/1362 5541/3966/1362 5539/3964/1361
f 5544/3965/1363 5543/3968/1363 5541/3966/1362
f 5546/3967/1364 5545/3970/1364 5543/3968/1363
f 5548/3969/1365 5547/3972/1367 5545/3970/1364
f 5550/3971/1366 5549/3974/1366 5547/3972/1367
f 5552/3973/1368 5551/3976/1368 5549/3974/1366
f 5554/3975/1369 5553/3978/1369 5551/3976/1368
f 5556/3977/1370 5555/3980/1370 5553/3978/1369
f 5558/3979/1371 5557/3982/1371 5555/3980/1370
f 5560/3981/1372 5559/3984/1372 5557/3982/1371
f 5562/3983/1373 5561/3986/1373 5559/3984/1372
f 5564/3985/1374 5563/3988/1374 5561/3986/1373
f 5566/3987/1375 5565/3990/1375 5563/3988/1374
f 5568/3989/1376 5567/3992/1376 5565/3990/1375
f 5570/3991/1377 5569/3994/1377 5567/3992/1376
f 5572/3993/1378 5571/3996/1378 5569/3994/1377
f 5574/3995/1379 5573/3998/1379 5571/3996/1378
f 5576/3997/1380 5575/4000/1380 5573/3998/1379
f 5578/3999/1381 5577/4002/1381 5575/4000/1380
f 5580/4001/1382 5579/4004/1382 5577/4002/1381
f 5582/4003/1383 5581/4006/1383 5579/4004/1382
f 5584/4005/1384 5583/4008/1384 5581/4006/1383
f 5586/4007/1385 5585/4010/1385 5583/4008/1384
f 5588/4009/1386 5587/4012/1386 5585/4010/1385
f 5590/4011/1387 5589/4014/1389 5587/4012/1386
f 5592/4013/1388 5591/4016/1388 5589/4014/1389
f 5594/4015/1390 5593/4018/1390 5591/4016/1388
f 5596/4017/1391 5595/4020/1391 5593/4018/1390
f 5598/4019/1392 5597/4022/1392 5595/4020/1391
f 5600/4021/1393 5599/4024/1393 5597/4022/1392
f 5602/4023/1394 5601/4026/1394 5599/4024/1393
f 5604/4025/1395 5603/4028/1395 5601/4026/1394
f 5606/4027/1396 5605/4030/1396 5603/4028/1395
f 5608/4029/1397 5607/4032/1397 5605/4030/1396
f 5610/4031/1398 5609/4034/1398 5607/4032/1397
f 5612/4033/1399 5611/4036/1399 5609/4034/1398
f 5614/4035/1400 5613/4038/1400 5611/4036/1399
f 5616/4037/1401 5615/4040/1403 5613/4038/1400
f 5618/4039/1402 5617/4042/1402 5615/4040/1403
f 5620/4041/1404 5619/4044/1404 5617/4042/1402
f 5622/4043/1405 5621/4046/1405 5619/4044/1404
f 5624/4045/1406 5623/4048/1406 5621/4046/1405
f 5626/4047/1407 5625/4050/1407 5623/4048/1406
f 5628/4049/1408 5627/4052/1408 5625/4050/1407
f 5630/4051/1409 5629/4054/1409 5627/4052/1408
f 5632/4053/1410 5631/4056/1410 5629/4054/1409
f 5634/4055/1411 5633/4058/1411 5631/4056/1410
f 5636/4057/1412 5635/4060/1412 5633/4058/1411
f 5638/4059/1413 5637/4062/1413 5635/4060/1412
f 5640/4061/1414 5639/4064/1414 5637/4062/1413
f 5488/4063/1336 5487/3856/1336 5639/4064/1414
o Text.007
v -6.939615 0.608152 -0.070000
v -6.938276 0.573065 -0.070000
v -6.936917 0.534312 -0.070000
v -6.935568 0.492621 -0.070000
v -6.934261 0.448722 -0.070000
v -6.933026 0.403343 -0.070000
v -6.931896 0.357215 -0.070000
v -6.930902 0.311065 -0.070000
v -6.930073 0.265624 -0.070000
v -6.929443 0.221621 -0.070000
v -6.929042 0.179784 -0.070000
v -6.928902 0.140843 -0.070000
v -6.930314 0.114804 -0.070000
v -6.934453 0.091612 -0.070000
v -6.941167 0.071156 -0.070000
v -6.950309 0.053325 -0.070000
v -6.961729 0.038008 -0.070000
v -6.975276 0.025093 -0.070000
v -6.990804 0.014470 -0.070000
v -7.008161 0.006028 -0.070000
v -7.027198 -0.000344 -0.070000
v -7.047767 -0.004759 -0.070000
v -7.069718 -0.007326 -0.070000
v -7.092901 -0.008157 -0.070000
v -7.137013 -0.006070 -0.070000
v -7.177961 -0.000046 -0.070000
v -7.215917 0.009562 -0.070000
v -7.251050 0.022399 -0.070000
v -7.283529 0.038111 -0.070000
v -7.313527 0.056343 -0.070000
v -7.341211 0.076742 -0.070000
v -7.366754 0.098954 -0.070000
v -7.390323 0.122624 -0.070000
v -7.412091 0.147399 -0.070000
v -7.432227 0.172923 -0.070000
v -7.450902 0.198843 -0.070000
v -7.507902 0.130843 -0.070000
v -7.489384 0.106538 -0.070000
v -7.468258 0.081487 -0.070000
v -7.444417 0.056234 -0.070000
v -7.417753 0.031325 -0.070000
v -7.388159 0.007304 -0.070000
v -7.355526 -0.015282 -0.070000
v -7.319748 -0.035889 -0.070000
v -7.280716 -0.053972 -0.070000
v -7.238323 -0.068985 -0.070000
v -7.192461 -0.080384 -0.070000
v -7.143023 -0.087623 -0.070000
v -7.089901 -0.090157 -0.070000
v -7.054870 -0.088882 -0.070000
v -7.021902 -0.084958 -0.070000
v -6.991183 -0.078235 -0.070000
v -6.962902 -0.068564 -0.070000
v -6.937245 -0.055796 -0.070000
v -6.914402 -0.039782 -0.070000
v -6.894558 -0.020372 -0.070000
v -6.877902 0.002584 -0.070000
v -6.864620 0.029234 -0.070000
v -6.854901 0.059727 -0.070000
v -6.848933 0.094214 -0.070000
v -6.846901 0.132843 -0.070000
v -6.847098 0.171884 -0.070000
v -6.847642 0.214422 -0.070000
v -6.848464 0.259578 -0.070000
v -6.849494 0.306473 -0.070000
v -6.850663 0.354229 -0.070000
v -6.851902 0.401968 -0.070000
v -6.853140 0.448811 -0.070000
v -6.854309 0.493880 -0.070000
v -6.855339 0.536296 -0.070000
v -6.856161 0.575181 -0.070000
v -6.856705 0.609656 -0.070000
v -6.856902 0.638843 -0.070000
v -6.856859 0.648069 -0.070000
v -6.856726 0.657232 -0.070000
v -6.856495 0.666312 -0.070000
v -6.856161 0.675288 -0.070000
v -6.855715 0.684138 -0.070000
v -6.855152 0.692843 -0.070000
v -6.854463 0.701381 -0.070000
v -6.853642 0.709732 -0.070000
v -6.852683 0.717874 -0.070000
v -6.851577 0.725788 -0.070000
v -6.850319 0.733451 -0.070000
v -6.848901 0.740843 -0.070000
v -6.949902 0.739843 -0.070000
v -6.948693 0.731554 -0.070000
v -6.947568 0.723195 -0.070000
v -6.946527 0.714781 -0.070000
v -6.945568 0.706325 -0.070000
v -6.944693 0.697841 -0.070000
v -6.943902 0.689343 -0.070000
v -6.943193 0.680845 -0.070000
v -6.942568 0.672362 -0.070000
v -6.942027 0.663906 -0.070000
v -6.941568 0.655491 -0.070000
v -6.941193 0.647133 -0.070000
v -6.940901 0.638843 -0.070000
v -6.939615 0.608152 0.070000
v -6.938276 0.573065 0.070000
v -6.936917 0.534312 0.070000
v -6.935568 0.492621 0.070000
v -6.934261 0.448722 0.070000
v -6.933026 0.403343 0.070000
v -6.931896 0.357215 0.070000
v -6.930902 0.311065 0.070000
v -6.930073 0.265624 0.070000
v -6.929443 0.221621 0.070000
v -6.929042 0.179784 0.070000
v -6.928902 0.140843 0.070000
v -6.930314 0.114804 0.070000
v -6.934453 0.091612 0.070000
v -6.941167 0.071156 0.070000
v -6.950309 0.053325 0.070000
v -6.961729 0.038008 0.070000
v -6.975276 0.025093 0.070000
v -6.990804 0.014470 0.070000
v -7.008161 0.006028 0.070000
v -7.027198 -0.000344 0.070000
v -7.047767 -0.004759 0.070000
v -7.069718 -0.007326 0.070000
v -7.092901 -0.008157 0.070000
v -7.137013 -0.006070 0.070000
v -7.177961 -0.000046 0.070000
v -7.215917 0.009562 0.070000
v -7.251050 0.022399 0.070000
v -7.283529 0.038111 0.070000
v -7.313527 0.056343 0.070000
v -7.341211 0.076742 0.070000
v -7.366754 0.098954 0.070000
v -7.390323 0.122624 0.070000
v -7.412091 0.147399 0.070000
v -7.432227 0.172923 0.070000
v -7.450902 0.198843 0.070000
v -7.507902 0.130843 0.070000
v -7.489384 0.106538 0.070000
v -7.468258 0.081487 0.070000
v -7.444417 0.056234 0.070000
v -7.417753 0.031325 0.070000
v -7.388159 0.007304 0.070000
v -7.355526 -0.015282 0.070000
v -7.319748 -0.035889 0.070000
v -7.280716 -0.053972 0.070000
v -7.238323 -0.068985 0.070000
v -7.192461 -0.080384 0.070000
v -7.143023 -0.087623 0.070000
v -7.089901 -0.090157 0.070000
v -7.054870 -0.088882 0.070000
v -7.021902 -0.084958 0.070000
v -6.991183 -0.078235 0.070000
v -6.962902 -0.068564 0.070000
v -6.937245 -0.055796 0.070000
v -6.914402 -0.039782 0.070000
v -6.894558 -0.020372 0.070000
v -6.877902 0.002584 0.070000
v -6.864620 0.029234 0.070000
v -6.854901 0.059727 0.070000
v -6.848933 0.094214 0.070000
v -6.846901 0.132843 0.070000
v -6.847098 0.171884 0.070000
v -6.847642 0.214422 0.070000
v -6.848464 0.259578 0.070000
v -6.849494 0.306473 0.070000
v -6.850663 0.354229 0.070000
v -6.851902 0.401968 0.070000
v -6.853140 0.448811 0.070000
v -6.854309 0.493880 0.070000
v -6.855339 0.536296 0.070000
v -6.856161 0.575181 0.070000
v -6.856705 0.609656 0.070000
v -6.856902 0.638843 0.070000
v -6.856859 0.648069 0.070000
v -6.856726 0.657232 0.070000
v -6.856495 0.666312 0.070000
v -6.856161 0.675288 0.070000
v -6.855715 0.684138 0.070000
v -6.855152 0.692843 0.070000
v -6.854463 0.701381 0.070000
v -6.853642 0.709732 0.070000
v -6.852683 0.717874 0.070000
v -6.851577 0.725788 0.070000
v -6.850319 0.733451 0.070000
v -6.848901 0.740843 0.070000
v -6.949902 0.739843 0.070000
v -6.948693 0.731554 0.070000
v -6.947568 0.723195 0.070000
v -6.946527 0.714781 0.070000
v -6.945568 0.706325 0.070000
v -6.944693 0.697841 0.070000
v -6.943902 0.689343 0.070000
v -6.943193 0.680845 0.070000
v -6.942568 0.672362 0.070000
v -6.942027 0.663906 0.070000
v -6.941568 0.655491 0.070000
v -6.941193 0.647133 0.070000
v -6.940901 0.638843 0.070000
v -6.939615 0.608152 0.070000
v -6.939615 0.608152 -0.070000
v -6.938276 0.573065 0.070000
v -6.938276 0.573065 -0.070000
v -6.936917 0.534312 0.070000
v -6.936917 0.534312 -0.070000
v -6.935568 0.492621 0.070000
v -6.935568 0.492621 -0.070000
v -6.934261 0.448722 0.070000
v -6.934261 0.448722 -0.070000
v -6.933026 0.403343 0.070000
v -6.933026 0.403343 -0.070000
v -6.931896 0.357215 0.070000
v -6.931896 0.357215 -0.070000
v -6.930902 0.311065 0.070000
v -6.930902 0.311065 -0.070000
v -6.930073 0.265624 0.070000
v -6.930073 0.265624 -0.070000
v -6.929443 0.221621 0.070000
v -6.929443 0.221621 -0.070000
v -6.929042 0.179784 0.070000
v -6.929042 0.179784 -0.070000
v -6.928902 0.140843 0.070000
v -6.928902 0.140843 -0.070000
v -6.930314 0.114804 0.070000
v -6.930314 0.114804 -0.070000
v -6.934453 0.091612 0.070000
v -6.934453 0.091612 -0.070000
v -6.941167 0.071156 0.070000
v -6.941167 0.071156 -0.070000
v -6.950309 0.053325 0.070000
v -6.950309 0.053325 -0.070000
v -6.961729 0.038008 0.070000
v -6.961729 0.038008 -0.070000
v -6.975276 0.025093 0.070000
v -6.975276 0.025093 -0.070000
v -6.990804 0.014470 0.070000
v -6.990804 0.014470 -0.070000
v -7.008161 0.006028 0.070000
v -7.008161 0.006028 -0.070000
v -7.027198 -0.000344 0.070000
v -7.027198 -0.000344 -0.070000
v -7.047767 -0.004759 0.070000
v -7.047767 -0.004759 -0.070000
v -7.069718 -0.007326 0.070000
v -7.069718 -0.007326 -0.070000
v -7.092901 -0.008157 0.070000
v -7.092901 -0.008157 -0.070000
v -7.137013 -0.006070 0.070000
v -7.137013 -0.006070 -0.070000
v -7.177961 -0.000046 0.070000
v -7.177961 -0.000046 -0.070000
v -7.215917 0.009562 0.070000
v -7.215917 0.009562 -0.070000
v -7.251050 0.022399 0.070000
v -7.251050 0.022399 -0.070000
v -7.283529 0.038111 0.070000
v -7.283529 0.038111 -0.070000
v -7.313527 0.056343 0.070000
v -7.313527 0.056343 -0.070000
v -7.341211 0.076742 0.070000
v -7.341211 0.076742 -0.070000
v -7.366754 0.098954 0.070000
v -7.366754 0.098954 -0.070000
v -7.390323 0.122624 0.070000
v -7.390323 0.122624 -0.070000
v -7.412091 0.147399 0.070000
v -7.412091 0.147399 -0.070000
v -7.432227 0.172923 0.070000
v -7.432227 0.172923 -0.070000
v -7.450902 0.198843 0.070000
v -7.450902 0.198843 -0.070000
v -7.507902 0.130843 0.070000
v -7.507902 0.130843 -0.070000
v -7.489384 0.106538 0.070000
v -7.489384 0.106538 -0.070000
v -7.468258 0.081487 0.070000
v -7.468258 0.081487 -0.070000
v -7.444417 0.056234 0.070000
v -7.444417 0.056234 -0.070000
v -7.417753 0.031325 0.070000
v -7.417753 0.031325 -0.070000
v -7.388159 0.007304 0.070000
v -7.388159 0.007304 -0.070000
v -7.355526 -0.015282 0.070000
v -7.355526 -0.015282 -0.070000
v -7.319748 -0.035889 0.070000
v -7.319748 -0.035889 -0.070000
v -7.280716 -0.053972 0.070000
v -7.280716 -0.053972 -0.070000
v -7.238323 -0.068985 0.070000
v -7.238323 -0.068985 -0.070000
v -7.192461 -0.080384 0.070000
v -7.192461 -0.080384 -0.070000
v -7.143023 -0.087623 0.070000
v -7.143023 -0.087623 -0.070000
v -7.089901 -0.090157 0.070000
v -7.089901 -0.090157 -0.070000
v -7.054870 -0.088882 0.070000
v -7.054870 -0.088882 -0.070000
v -7.021902 -0.084958 0.070000
v -7.021902 -0.084958 -0.070000
v -6.991183 -0.078235 0.070000
v -6.991183 -0.078235 -0.070000
v -6.962902 -0.068564 0.070000
v -6.962902 -0.068564 -0.070000
v -6.937245 -0.055796 0.070000
v -6.937245 -0.055796 -0.070000
v -6.914402 -0.039782 0.070000
v -6.914402 -0.039782 -0.070000
v -6.894558 -0.020372 0.070000
v -6.894558 -0.020372 -0.070000
v -6.877902 0.002584 0.070000
v -6.877902 0.002584 -0.070000
v -6.864620 0.029234 0.070000
v -6.864620 0.029234 -0.070000
v -6.854901 0.059727 0.070000
v -6.854901 0.059727 -0.070000
v -6.848933 0.094214 0.070000
v -6.848933 0.094214 -0.070000
v -6.846901 0.132843 0.070000
v -6.846901 0.132843 -0.070000
v -6.847098 0.171884 0.070000
v -6.847098 0.171884 -0.070000
v -6.847642 0.214422 0.070000
v -6.847642 0.214422 -0.070000
v -6.848464 0.259578 0.070000
v -6.848464 0.259578 -0.070000
v -6.849494 0.306473 0.070000
v -6.849494 0.306473 -0.070000
v -6.850663 0.354229 0.070000
v -6.850663 0.354229 -0.070000
v -6.851902 0.401968 0.070000
v -6.851902 0.401968 -0.070000
v -6.853140 0.448811 0.070000
v -6.853140 0.448811 -0.070000
v -6.854309 0.493880 0.070000
v -6.854309 0.493880 -0.070000
v -6.855339 0.536296 0.070000
v -6.855339 0.536296 -0.070000
v -6.856161 0.575181 0.070000
v -6.856161 0.575181 -0.070000
v -6.856705 0.609656 0.070000
v -6.856705 0.609656 -0.070000
v -6.856902 0.638843 0.070000
v -6.856902 0.638843 -0.070000
v -6.856859 0.648069 0.070000
v -6.856859 0.648069 -0.070000
v -6.856726 0.657232 0.070000
v -6.856726 0.657232 -0.070000
v -6.856495 0.666312 0.070000
v -6.856495 0.666312 -0.070000
v -6.856161 0.675288 0.070000
v -6.856161 0.675288 -0.070000
v -6.855715 0.684138 0.070000
v -6.855715 0.684138 -0.070000
v -6.855152 0.692843 0.070000
v -6.855152 0.692843 -0.070000
v -6.854463 0.701381 0.070000
v -6.854463 0.701381 -0.070000
v -6.853642 0.709732 0.070000
v -6.853642 0.709732 -0.070000
v -6.852683 0.717874 0.070000
v -6.852683 0.717874 -0.070000
v -6.851577 0.725788 0.070000
v -6.851577 0.725788 -0.070000
v -6.850319 0.733451 0.070000
v -6.850319 0.733451 -0.070000
v -6.848901 0.740843 0.070000
v -6.848901 0.740843 -0.070000
v -6.949902 0.739843 0.070000
v -6.949902 0.739843 -0.070000
v -6.948693 0.731554 0.070000
v -6.948693 0.731554 -0.070000
v -6.947568 0.723195 0.070000
v -6.947568 0.723195 -0.070000
v -6.946527 0.714781 0.070000
v -6.946527 0.714781 -0.070000
v -6.945568 0.706325 0.070000
v -6.945568 0.706325 -0.070000
v -6.944693 0.697841 0.070000
v -6.944693 0.697841 -0.070000
v -6.943902 0.689343 0.070000
v -6.943902 0.689343 -0.070000
v -6.943193 0.680845 0.070000
v -6.943193 0.680845 -0.070000
v -6.942568 0.672362 0.070000
v -6.942568 0.672362 -0.070000
v -6.942027 0.663906 0.070000
v -6.942027 0.663906 -0.070000
v -6.941568 0.655491 0.070000
v -6.941568 0.655491 -0.070000
v -6.941193 0.647133 0.070000
v -6.941193 0.647133 -0.070000
v -6.940901 0.638843 0.070000
v -6.940901 0.638843 -0.070000
vn -0.0000 -0.0000 -1.0000
vn -0.0000 -0.0000 1.0000
vn -0.9993 -0.0366 -0.0000
vn -0.9992 -0.0400 -0.0000
vn -0.9994 -0.0337 -0.0000
vn -0.9995 -0.0311 -0.0000
vn -0.9996 -0.0285 -0.0000
vn -0.9997 -0.0258 -0.0000
vn -0.9997 -0.0230 -0.0000
vn -0.9998 -0.0199 -0.0000
vn -0.9999 -0.0163 -0.0000
vn -0.9999 -0.0120 -0.0000
vn -1.0000 -0.0066 -0.0000
vn -0.9997 0.0253 -0.0000
vn -0.9934 0.1151 -0.0000
vn -0.9697 0.2444 -0.0000
vn -0.9228 0.3852 -0.0000
vn -0.8487 0.5288 -0.0000
vn -0.7485 0.6631 -0.0000
vn -0.6294 0.7771 -0.0000
vn -0.5024 0.8646 -0.0000
vn -0.3782 0.9257 -0.0000
vn -0.2640 0.9645 -0.0000
vn -0.1632 0.9866 -0.0000
vn -0.0761 0.9971 -0.0000
vn 0.0057 1.0000 -0.0000
vn 0.0965 0.9953 -0.0000
vn 0.1957 0.9807 -0.0000
vn 0.2947 0.9556 -0.0000
vn 0.3898 0.9209 -0.0000
vn 0.4780 0.8784 -0.0000
vn 0.5568 0.8306 -0.0000
vn 0.6252 0.7805 -0.0000
vn 0.6828 0.7306 -0.0000
vn 0.7303 0.6832 -0.0000
vn 0.7684 0.6399 -0.0000
vn 0.7984 0.6021 -0.0000
vn 0.0366 0.9993 -0.0000
vn -0.9997 0.0233 -0.0000
vn -0.7802 -0.6255 -0.0000
vn -0.7461 -0.6658 -0.0000
vn -0.7052 -0.7090 -0.0000
vn -0.6568 -0.7540 -0.0000
vn -0.6001 -0.7999 -0.0000
vn -0.5346 -0.8451 -0.0000
vn -0.4602 -0.8878 -0.0000
vn -0.3775 -0.9260 -0.0000
vn -0.2879 -0.9577 -0.0000
vn -0.1933 -0.9811 -0.0000
vn -0.0964 -0.9953 -0.0000
vn -0.0056 -1.0000 -0.0000
vn 0.0773 -0.9970 -0.0000
vn 0.1662 -0.9861 -0.0000
vn 0.2691 -0.9631 -0.0000
vn 0.3854 -0.9228 -0.0000
vn 0.5112 -0.8595 -0.0000
vn 0.6388 -0.7694 -0.0000
vn 0.7570 -0.6534 -0.0000
vn 0.8551 -0.5184 -0.0000
vn 0.9266 -0.3760 -0.0000
vn 0.9713 -0.2377 -0.0000
vn 0.9937 -0.1117 -0.0000
vn 0.9997 -0.0237 -0.0000
vn 1.0000 0.0089 -0.0000
vn 0.9999 0.0155 -0.0000
vn 0.9998 0.0201 -0.0000
vn 0.9997 0.0232 -0.0000
vn 0.9997 0.0252 -0.0000
vn 0.9997 0.0262 -0.0000
vn 0.9997 0.0251 -0.0000
vn 0.9997 0.0227 -0.0000
vn 0.9998 0.0185 -0.0000
vn 0.9999 0.0113 -0.0000
vn 1.0000 0.0011 -0.0000
vn 1.0000 -0.0096 -0.0000
vn 0.9998 -0.0199 -0.0000
vn 0.9995 -0.0313 -0.0000
vn 0.9990 -0.0438 -0.0000
vn 0.9983 -0.0574 -0.0000
vn 0.9974 -0.0725 -0.0000
vn 0.9983 -0.0575 -0.0000
vn 0.9960 -0.0891 -0.0000
vn 0.9942 -0.1074 -0.0000
vn 0.9918 -0.1277 -0.0000
vn 0.9887 -0.1502 -0.0000
vn 0.9845 -0.1752 -0.0000
vn 0.7677 0.6408 -0.0000
vn -0.7596 0.6504 -0.0000
vn 0.7677 0.6409 -0.0000
vn -0.9903 -0.1388 -0.0000
vn -0.9918 -0.1281 -0.0000
vn -0.9930 -0.1177 -0.0000
vn -0.9942 -0.1076 -0.0000
vn -0.9952 -0.0977 -0.0000
vn -0.9961 -0.0879 -0.0000
vn -0.9969 -0.0783 -0.0000
vn -0.9976 -0.0687 -0.0000
vn -0.9982 -0.0592 -0.0000
vn -0.9988 -0.0496 -0.0000
vn -0.9993 -0.0385 -0.0000
vt 0.969571 0.899860
vt 0.971203 0.899860
vt 0.970387 0.899860
vt 0.972020 0.899860
vt 0.968754 0.899860
vt 0.972836 0.899860
vt 0.967938 0.899860
vt 0.973652 0.899860
vt 0.967121 0.899860
vt 0.974469 0.899860
vt 0.966305 0.899860
vt 0.975285 0.899860
vt 0.965489 0.899860
vt 0.976102 0.899860
vt 0.964672 0.899860
vt 0.976918 0.899860
vt 0.963856 0.899860
vt 0.977734 0.899860
vt 0.963040 0.899860
vt 0.978551 0.899860
vt 0.962223 0.899860
vt 0.979367 0.899860
vt 0.961407 0.899860
vt 0.980183 0.899860
vt 0.960591 0.899860
vt 0.981000 0.899860
vt 0.959774 0.899860
vt 0.901813 0.899860
vt 0.958958 0.899860
vt 0.902629 0.899860
vt 0.958142 0.899860
vt 0.903445 0.899860
vt 0.957325 0.899860
vt 0.904262 0.899860
vt 0.956509 0.899860
vt 0.905078 0.899860
vt 0.955692 0.899860
vt 0.905895 0.899860
vt 0.906711 0.899860
vt 0.954876 0.899860
vt 0.907527 0.899860
vt 0.954060 0.899860
vt 0.908344 0.899860
vt 0.953243 0.899860
vt 0.909160 0.899860
vt 0.952427 0.899860
vt 0.909976 0.899860
vt 0.951611 0.899860
vt 0.929569 0.899860
vt 0.931202 0.899860
vt 0.930385 0.899860
vt 0.910793 0.899860
vt 0.928753 0.899860
vt 0.950794 0.899860
vt 0.927936 0.899860
vt 0.911609 0.899860
vt 0.949978 0.899860
vt 0.932018 0.899860
vt 0.927120 0.899860
vt 0.912425 0.899860
vt 0.932834 0.899860
vt 0.926304 0.899860
vt 0.949162 0.899860
vt 0.913242 0.899860
vt 0.933651 0.899860
vt 0.925487 0.899860
vt 0.914058 0.899860
vt 0.948345 0.899860
vt 0.924671 0.899860
vt 0.934467 0.899860
vt 0.914874 0.899860
vt 0.923854 0.899860
vt 0.915691 0.899860
vt 0.935283 0.899860
vt 0.947529 0.899860
vt 0.916507 0.899860
vt 0.923038 0.899860
vt 0.917324 0.899860
vt 0.922222 0.899860
vt 0.936100 0.899860
vt 0.918140 0.899860
vt 0.946712 0.899860
vt 0.921405 0.899860
vt 0.918956 0.899860
vt 0.919773 0.899860
vt 0.920589 0.899860
vt 0.936916 0.899860
vt 0.945896 0.899860
vt 0.937733 0.899860
vt 0.945080 0.899860
vt 0.938549 0.899860
vt 0.944263 0.899860
vt 0.943447 0.899860
vt 0.939365 0.899860
vt 0.942631 0.899860
vt 0.940182 0.899860
vt 0.941814 0.899860
vt 0.940998 0.899860
vt 0.902621 0.979047
vt 0.901813 0.979047
vt 0.903429 0.979047
vt 0.902621 0.899860
vt 0.904237 0.979047
vt 0.903429 0.899860
vt 0.905045 0.979047
vt 0.904237 0.899860
vt 0.905853 0.979047
vt 0.905045 0.899860
vt 0.906661 0.979047
vt 0.905853 0.899860
vt 0.907469 0.979047
vt 0.906661 0.899860
vt 0.908277 0.979047
vt 0.907469 0.899860
vt 0.909085 0.979047
vt 0.908277 0.899860
vt 0.909893 0.979047
vt 0.909085 0.899860
vt 0.910701 0.979047
vt 0.909893 0.899860
vt 0.911509 0.979047
vt 0.910701 0.899860
vt 0.912317 0.979047
vt 0.911509 0.899860
vt 0.913125 0.979047
vt 0.912317 0.899860
vt 0.913933 0.979047
vt 0.913125 0.899860
vt 0.914741 0.979047
vt 0.913933 0.899860
vt 0.915549 0.979047
vt 0.914741 0.899860
vt 0.916357 0.979047
vt 0.915549 0.899860
vt 0.917165 0.979047
vt 0.916357 0.899860
vt 0.917973 0.979047
vt 0.917165 0.899860
vt 0.918781 0.979047
vt 0.917973 0.899860
vt 0.919589 0.979047
vt 0.918781 0.899860
vt 0.920397 0.979047
vt 0.919589 0.899860
vt 0.921205 0.979047
vt 0.920397 0.899860
vt 0.922013 0.979047
vt 0.921205 0.899860
vt 0.922821 0.979047
vt 0.922013 0.899860
vt 0.923630 0.979047
vt 0.922821 0.899860
vt 0.924438 0.979047
vt 0.923630 0.899860
vt 0.925246 0.979047
vt 0.924438 0.899860
vt 0.926054 0.979047
vt 0.925246 0.899860
vt 0.926862 0.979047
vt 0.926054 0.899860
vt 0.927670 0.979047
vt 0.926862 0.899860
vt 0.928478 0.979047
vt 0.927670 0.899860
vt 0.929286 0.979047
vt 0.928478 0.899860
vt 0.930094 0.979047
vt 0.929286 0.899860
vt 0.930902 0.979047
vt 0.930094 0.899860
vt 0.931710 0.979047
vt 0.930902 0.899860
vt 0.932518 0.979047
vt 0.931710 0.899860
vt 0.933326 0.979047
vt 0.932518 0.899860
vt 0.934134 0.979047
vt 0.933326 0.899860
vt 0.934942 0.979047
vt 0.934134 0.899860
vt 0.935750 0.979047
vt 0.934942 0.899860
vt 0.936558 0.979047
vt 0.935750 0.899860
vt 0.937366 0.979047
vt 0.936558 0.899860
vt 0.938174 0.979047
vt 0.937366 0.899860
vt 0.938982 0.979047
vt 0.938174 0.899860
vt 0.939790 0.979047
vt 0.938982 0.899860
vt 0.940598 0.979047
vt 0.939790 0.899860
vt 0.941406 0.979047
vt 0.940598 0.899860
vt 0.942214 0.979047
vt 0.941406 0.899860
vt 0.943022 0.979047
vt 0.942214 0.899860
vt 0.943830 0.979047
vt 0.943022 0.899860
vt 0.944638 0.979047
vt 0.943830 0.899860
vt 0.945446 0.979047
vt 0.944638 0.899860
vt 0.946254 0.979047
vt 0.945446 0.899860
vt 0.947062 0.979047
vt 0.946254 0.899860
vt 0.947870 0.979047
vt 0.947062 0.899860
vt 0.948678 0.979047
vt 0.947870 0.899860
vt 0.949486 0.979047
vt 0.948678 0.899860
vt 0.950294 0.979047
vt 0.949486 0.899860
vt 0.951102 0.979047
vt 0.950294 0.899860
vt 0.951910 0.979047
vt 0.951102 0.899860
vt 0.952719 0.979047
vt 0.951910 0.899860
vt 0.953527 0.979047
vt 0.952719 0.899860
vt 0.954335 0.979047
vt 0.953527 0.899860
vt 0.955143 0.979047
vt 0.954335 0.899860
vt 0.955951 0.979047
vt 0.955143 0.899860
vt 0.956759 0.979047
vt 0.955951 0.899860
vt 0.957567 0.979047
vt 0.956759 0.899860
vt 0.958375 0.979047
vt 0.957567 0.899860
vt 0.959183 0.979047
vt 0.958375 0.899860
vt 0.959991 0.979047
vt 0.959183 0.899860
vt 0.960799 0.979047
vt 0.959991 0.899860
vt 0.961607 0.979047
vt 0.960799 0.899860
vt 0.962415 0.979047
vt 0.961607 0.899860
vt 0.963223 0.979047
vt 0.962415 0.899860
vt 0.964031 0.979047
vt 0.963223 0.899860
vt 0.964839 0.979047
vt 0.964031 0.899860
vt 0.965647 0.979047
vt 0.964839 0.899860
vt 0.966455 0.979047
vt 0.965647 0.899860
vt 0.967263 0.979047
vt 0.966455 0.899860
vt 0.968071 0.979047
vt 0.967263 0.899860
vt 0.968879 0.979047
vt 0.968071 0.899860
vt 0.969687 0.979047
vt 0.968879 0.899860
vt 0.970495 0.979047
vt 0.969687 0.899860
vt 0.971303 0.979047
vt 0.970495 0.899860
vt 0.972111 0.979047
vt 0.971303 0.899860
vt 0.972919 0.979047
vt 0.972111 0.899860
vt 0.973727 0.979047
vt 0.972919 0.899860
vt 0.974535 0.979047
vt 0.973727 0.899860
vt 0.975343 0.979047
vt 0.974535 0.899860
vt 0.976151 0.979047
vt 0.975343 0.899860
vt 0.976959 0.979047
vt 0.976151 0.899860
vt 0.977767 0.979047
vt 0.976959 0.899860
vt 0.978576 0.979047
vt 0.977767 0.899860
vt 0.979384 0.979047
vt 0.978576 0.899860
vt 0.980192 0.979047
vt 0.979384 0.899860
vt 0.981000 0.979047
vt 0.980192 0.899860
s 0
usemtl Material.001
f 5724/4065/1415 5726/4066/1415 5725/4067/1415
f 5724/4065/1415 5727/4068/1415 5726/4066/1415
f 5723/4069/1415 5727/4068/1415 5724/4065/1415
f 5723/4069/1415 5728/4070/1415 5727/4068/1415
f 5722/4071/1415 5728/4070/1415 5723/4069/1415
f 5722/4071/1415 5729/4072/1415 5728/4070/1415
f 5721/4073/1415 5729/4072/1415 5722/4071/1415
f 5721/4073/1415 5730/4074/1415 5729/4072/1415
f 5720/4075/1415 5730/4074/1415 5721/4073/1415
f 5720/4075/1415 5731/4076/1415 5730/4074/1415
f 5719/4077/1415 5731/4076/1415 5720/4075/1415
f 5719/4077/1415 5732/4078/1415 5731/4076/1415
f 5718/4079/1415 5732/4078/1415 5719/4077/1415
f 5718/4079/1415 5733/4080/1415 5732/4078/1415
f 5717/4081/1415 5733/4080/1415 5718/4079/1415
f 5717/4081/1415 5734/4082/1415 5733/4080/1415
f 5716/4083/1415 5734/4082/1415 5717/4081/1415
f 5716/4083/1415 5735/4084/1415 5734/4082/1415
f 5715/4085/1415 5735/4084/1415 5716/4083/1415
f 5715/4085/1415 5736/4086/1415 5735/4084/1415
f 5714/4087/1415 5736/4086/1415 5715/4085/1415
f 5714/4087/1415 5737/4088/1415 5736/4086/1415
f 5713/4089/1415 5737/4088/1415 5714/4087/1415
f 5713/4089/1415 5738/4090/1415 5737/4088/1415
f 5712/4091/1415 5738/4090/1415 5713/4089/1415
f 5712/4091/1415 5641/4092/1415 5738/4090/1415
f 5711/4093/1415 5641/4092/1415 5712/4091/1415
f 5711/4093/1415 5642/4094/1415 5641/4092/1415
f 5710/4095/1415 5642/4094/1415 5711/4093/1415
f 5710/4095/1415 5643/4096/1415 5642/4094/1415
f 5709/4097/1415 5643/4096/1415 5710/4095/1415
f 5709/4097/1415 5644/4098/1415 5643/4096/1415
f 5708/4099/1415 5644/4098/1415 5709/4097/1415
f 5708/4099/1415 5645/4100/1415 5644/4098/1415
f 5707/4101/1415 5645/4100/1415 5708/4099/1415
f 5707/4101/1415 5646/4102/1415 5645/4100/1415
f 5707/4101/1415 5647/4103/1415 5646/4102/1415
f 5706/4104/1415 5647/4103/1415 5707/4101/1415
f 5706/4104/1415 5648/4105/1415 5647/4103/1415
f 5705/4106/1415 5648/4105/1415 5706/4104/1415
f 5705/4106/1415 5649/4107/1415 5648/4105/1415
f 5704/4108/1415 5649/4107/1415 5705/4106/1415
f 5704/4108/1415 5650/4109/1415 5649/4107/1415
f 5703/4110/1415 5650/4109/1415 5704/4108/1415
f 5703/4110/1415 5651/4111/1415 5650/4109/1415
f 5702/4112/1415 5651/4111/1415 5703/4110/1415
f 5675/4113/1415 5677/4114/1415 5676/4115/1415
f 5702/4112/1415 5652/4116/1415 5651/4111/1415
f 5674/4117/1415 5677/4114/1415 5675/4113/1415
f 5701/4118/1415 5652/4116/1415 5702/4112/1415
f 5673/4119/1415 5677/4114/1415 5674/4117/1415
f 5701/4118/1415 5653/4120/1415 5652/4116/1415
f 5700/4121/1415 5653/4120/1415 5701/4118/1415
f 5673/4119/1415 5678/4122/1415 5677/4114/1415
f 5672/4123/1415 5678/4122/1415 5673/4119/1415
f 5700/4121/1415 5654/4124/1415 5653/4120/1415
f 5672/4123/1415 5679/4125/1415 5678/4122/1415
f 5671/4126/1415 5679/4125/1415 5672/4123/1415
f 5699/4127/1415 5654/4124/1415 5700/4121/1415
f 5699/4127/1415 5655/4128/1415 5654/4124/1415
f 5671/4126/1415 5680/4129/1415 5679/4125/1415
f 5670/4130/1415 5680/4129/1415 5671/4126/1415
f 5699/4127/1415 5656/4131/1415 5655/4128/1415
f 5698/4132/1415 5656/4131/1415 5699/4127/1415
f 5669/4133/1415 5680/4129/1415 5670/4130/1415
f 5669/4133/1415 5681/4134/1415 5680/4129/1415
f 5698/4132/1415 5657/4135/1415 5656/4131/1415
f 5668/4136/1415 5681/4134/1415 5669/4133/1415
f 5698/4132/1415 5658/4137/1415 5657/4135/1415
f 5668/4136/1415 5682/4138/1415 5681/4134/1415
f 5697/4139/1415 5658/4137/1415 5698/4132/1415
f 5697/4139/1415 5659/4140/1415 5658/4137/1415
f 5667/4141/1415 5682/4138/1415 5668/4136/1415
f 5697/4139/1415 5660/4142/1415 5659/4140/1415
f 5666/4143/1415 5682/4138/1415 5667/4141/1415
f 5666/4143/1415 5683/4144/1415 5682/4138/1415
f 5697/4139/1415 5661/4145/1415 5660/4142/1415
f 5696/4146/1415 5661/4145/1415 5697/4139/1415
f 5665/4147/1415 5683/4144/1415 5666/4143/1415
f 5696/4146/1415 5662/4148/1415 5661/4145/1415
f 5696/4146/1415 5663/4149/1415 5662/4148/1415
f 5664/4150/1415 5683/4144/1415 5665/4147/1415
f 5696/4146/1415 5664/4150/1415 5663/4149/1415
f 5696/4146/1415 5683/4144/1415 5664/4150/1415
f 5696/4146/1415 5684/4151/1415 5683/4144/1415
f 5695/4152/1415 5684/4151/1415 5696/4146/1415
f 5695/4152/1415 5685/4153/1415 5684/4151/1415
f 5694/4154/1415 5685/4153/1415 5695/4152/1415
f 5694/4154/1415 5686/4155/1415 5685/4153/1415
f 5693/4156/1415 5686/4155/1415 5694/4154/1415
f 5692/4157/1415 5686/4155/1415 5693/4156/1415
f 5692/4157/1415 5687/4158/1415 5686/4155/1415
f 5691/4159/1415 5687/4158/1415 5692/4157/1415
f 5691/4159/1415 5688/4160/1415 5687/4158/1415
f 5690/4161/1415 5688/4160/1415 5691/4159/1415
f 5690/4161/1415 5689/4162/1415 5688/4160/1415
f 5822/4065/1416 5823/4067/1416 5824/4066/1416
f 5822/4065/1416 5824/4066/1416 5825/4068/1416
f 5821/4069/1416 5822/4065/1416 5825/4068/1416
f 5821/4069/1416 5825/4068/1416 5826/4070/1416
f 5820/4071/1416 5821/4069/1416 5826/4070/1416
f 5820/4071/1416 5826/4070/1416 5827/4072/1416
f 5819/4073/1416 5820/4071/1416 5827/4072/1416
f 5819/4073/1416 5827/4072/1416 5828/4074/1416
f 5818/4075/1416 5819/4073/1416 5828/4074/1416
f 5818/4075/1416 5828/4074/1416 5829/4076/1416
f 5817/4077/1416 5818/4075/1416 5829/4076/1416
f 5817/4077/1416 5829/4076/1416 5830/4078/1416
f 5816/4079/1416 5817/4077/1416 5830/4078/1416
f 5816/4079/1416 5830/4078/1416 5831/4080/1416
f 5815/4081/1416 5816/4079/1416 5831/4080/1416
f 5815/4081/1416 5831/4080/1416 5832/4082/1416
f 5814/4083/1416 5815/4081/1416 5832/4082/1416
f 5814/4083/1416 5832/4082/1416 5833/4084/1416
f 5813/4085/1416 5814/4083/1416 5833/4084/1416
f 5813/4085/1416 5833/4084/1416 5834/4086/1416
f 5812/4087/1416 5813/4085/1416 5834/4086/1416
f 5812/4087/1416 5834/4086/1416 5835/4088/1416
f 5811/4089/1416 5812/4087/1416 5835/4088/1416
f 5811/4089/1416 5835/4088/1416 5836/4090/1416
f 5810/4091/1416 5811/4089/1416 5836/4090/1416
f 5810/4091/1416 5836/4090/1416 5739/4092/1416
f 5809/4093/1416 5810/4091/1416 5739/4092/1416
f 5809/4093/1416 5739/4092/1416 5740/4094/1416
f 5808/4095/1416 5809/4093/1416 5740/4094/1416
f 5808/4095/1416 5740/4094/1416 5741/4096/1416
f 5807/4097/1416 5808/4095/1416 5741/4096/1416
f 5807/4097/1416 5741/4096/1416 5742/4098/1416
f 5806/4099/1416 5807/4097/1416 5742/4098/1416
f 5806/4099/1416 5742/4098/1416 5743/4100/1416
f 5805/4101/1416 5806/4099/1416 5743/4100/1416
f 5805/4101/1416 5743/4100/1416 5744/4102/1416
f 5805/4101/1416 5744/4102/1416 5745/4103/1416
f 5804/4104/1416 5805/4101/1416 5745/4103/1416
f 5804/4104/1416 5745/4103/1416 5746/4105/1416
f 5803/4106/1416 5804/4104/1416 5746/4105/1416
f 5803/4106/1416 5746/4105/1416 5747/4107/1416
f 5802/4108/1416 5803/4106/1416 5747/4107/1416
f 5802/4108/1416 5747/4107/1416 5748/4109/1416
f 5801/4110/1416 5802/4108/1416 5748/4109/1416
f 5801/4110/1416 5748/4109/1416 5749/4111/1416
f 5800/4112/1416 5801/4110/1416 5749/4111/1416
f 5773/4113/1416 5774/4115/1416 5775/4114/1416
f 5800/4112/1416 5749/4111/1416 5750/4116/1416
f 5772/4117/1416 5773/4113/1416 5775/4114/1416
f 5799/4118/1416 5800/4112/1416 5750/4116/1416
f 5771/4119/1416 5772/4117/1416 5775/4114/1416
f 5799/4118/1416 5750/4116/1416 5751/4120/1416
f 5798/4121/1416 5799/4118/1416 5751/4120/1416
f 5771/4119/1416 5775/4114/1416 5776/4122/1416
f 5770/4123/1416 5771/4119/1416 5776/4122/1416
f 5798/4121/1416 5751/4120/1416 5752/4124/1416
f 5770/4123/1416 5776/4122/1416 5777/4125/1416
f 5769/4126/1416 5770/4123/1416 5777/4125/1416
f 5797/4127/1416 5798/4121/1416 5752/4124/1416
f 5797/4127/1416 5752/4124/1416 5753/4128/1416
f 5769/4126/1416 5777/4125/1416 5778/4129/1416
f 5768/4130/1416 5769/4126/1416 5778/4129/1416
f 5797/4127/1416 5753/4128/1416 5754/4131/1416
f 5796/4132/1416 5797/4127/1416 5754/4131/1416
f 5767/4133/1416 5768/4130/1416 5778/4129/1416
f 5767/4133/1416 5778/4129/1416 5779/4134/1416
f 5796/4132/1416 5754/4131/1416 5755/4135/1416
f 5766/4136/1416 5767/4133/1416 5779/4134/1416
f 5796/4132/1416 5755/4135/1416 5756/4137/1416
f 5766/4136/1416 5779/4134/1416 5780/4138/1416
f 5795/4139/1416 5796/4132/1416 5756/4137/1416
f 5795/4139/1416 5756/4137/1416 5757/4140/1416
f 5765/4141/1416 5766/4136/1416 5780/4138/1416
f 5795/4139/1416 5757/4140/1416 5758/4142/1416
f 5764/4143/1416 5765/4141/1416 5780/4138/1416
f 5764/4143/1416 5780/4138/1416 5781/4144/1416
f 5795/4139/1416 5758/4142/1416 5759/4145/1416
f 5794/4146/1416 5795/4139/1416 5759/4145/1416
f 5763/4147/1416 5764/4143/1416 5781/4144/1416
f 5794/4146/1416 5759/4145/1416 5760/4148/1416
f 5794/4146/1416 5760/4148/1416 5761/4149/1416
f 5762/4150/1416 5763/4147/1416 5781/4144/1416
f 5794/4146/1416 5761/4149/1416 5762/4150/1416
f 5794/4146/1416 5762/4150/1416 5781/4144/1416
f 5794/4146/1416 5781/4144/1416 5782/4151/1416
f 5793/4152/1416 5794/4146/1416 5782/4151/1416
f 5793/4152/1416 5782/4151/1416 5783/4153/1416
f 5792/4154/1416 5793/4152/1416 5783/4153/1416
f 5792/4154/1416 5783/4153/1416 5784/4155/1416
f 5791/4156/1416 5792/4154/1416 5784/4155/1416
f 5790/4157/1416 5791/4156/1416 5784/4155/1416
f 5790/4157/1416 5784/4155/1416 5785/4158/1416
f 5789/4159/1416 5790/4157/1416 5785/4158/1416
f 5789/4159/1416 5785/4158/1416 5786/4160/1416
f 5788/4161/1416 5789/4159/1416 5786/4160/1416
f 5788/4161/1416 5786/4160/1416 5787/4162/1416
s 1
f 5840/4163/1417 5837/4092/1418 5838/4164/1418
f 5842/4165/1419 5839/4166/1417 5840/4163/1417
f 5844/4167/1420 5841/4168/1419 5842/4165/1419
f 5846/4169/1421 5843/4170/1420 5844/4167/1420
f 5848/4171/1422 5845/4172/1421 5846/4169/1421
f 5850/4173/1423 5847/4174/1422 5848/4171/1422
f 5852/4175/1424 5849/4176/1423 5850/4173/1423
f 5854/4177/1425 5851/4178/1424 5852/4175/1424
f 5856/4179/1426 5853/4180/1425 5854/4177/1425
f 5858/4181/1427 5855/4182/1426 5856/4179/1426
f 5860/4183/1428 5857/4184/1427 5858/4181/1427
f 5862/4185/1429 5859/4186/1428 5860/4183/1428
f 5864/4187/1430 5861/4188/1429 5862/4185/1429
f 5866/4189/1431 5863/4190/1430 5864/4187/1430
f 5868/4191/1432 5865/4192/1431 5866/4189/1431
f 5870/4193/1433 5867/4194/1432 5868/4191/1432
f 5872/4195/1434 5869/4196/1433 5870/4193/1433
f 5874/4197/1435 5871/4198/1434 5872/4195/1434
f 5876/4199/1436 5873/4200/1435 5874/4197/1435
f 5878/4201/1437 5875/4202/1436 5876/4199/1436
f 5880/4203/1438 5877/4204/1437 5878/4201/1437
f 5882/4205/1439 5879/4206/1438 5880/4203/1438
f 5884/4207/1440 5881/4208/1439 5882/4205/1439
f 5886/4209/1441 5883/4210/1440 5884/4207/1440
f 5888/4211/1442 5885/4212/1441 5886/4209/1441
f 5890/4213/1443 5887/4214/1442 5888/4211/1442
f 5892/4215/1444 5889/4216/1443 5890/4213/1443
f 5894/4217/1445 5891/4218/1444 5892/4215/1444
f 5896/4219/1446 5893/4220/1445 5894/4217/1445
f 5898/4221/1447 5895/4222/1446 5896/4219/1446
f 5900/4223/1448 5897/4224/1447 5898/4221/1447
f 5902/4225/1449 5899/4226/1448 5900/4223/1448
f 5904/4227/1450 5901/4228/1449 5902/4225/1449
f 5906/4229/1451 5903/4230/1450 5904/4227/1450
f 5908/4231/1452 5905/4232/1451 5906/4229/1451
f 5910/4233/1453 5907/4234/1452 5908/4231/1452
f 5912/4235/1454 5909/4236/1453 5910/4233/1453
f 5914/4237/1455 5911/4238/1454 5912/4235/1454
f 5916/4239/1456 5913/4240/1455 5914/4237/1455
f 5918/4241/1457 5915/4242/1456 5916/4239/1456
f 5920/4243/1458 5917/4244/1457 5918/4241/1457
f 5922/4245/1459 5919/4246/1458 5920/4243/1458
f 5924/4247/1460 5921/4248/1459 5922/4245/1459
f 5926/4249/1461 5923/4250/1460 5924/4247/1460
f 5928/4251/1462 5925/4252/1461 5926/4249/1461
f 5930/4253/1463 5927/4254/1462 5928/4251/1462
f 5932/4255/1464 5929/4256/1463 5930/4253/1463
f 5934/4257/1465 5931/4258/1464 5932/4255/1464
f 5936/4259/1466 5933/4260/1465 5934/4257/1465
f 5938/4261/1467 5935/4262/1466 5936/4259/1466
f 5940/4263/1468 5937/4264/1467 5938/4261/1467
f 5942/4265/1469 5939/4266/1468 5940/4263/1468
f 5944/4267/1470 5941/4268/1469 5942/4265/1469
f 5946/4269/1471 5943/4270/1470 5944/4267/1470
f 5948/4271/1472 5945/4272/1471 5946/4269/1471
f 5950/4273/1473 5947/4274/1472 5948/4271/1472
f 5952/4275/1474 5949/4276/1473 5950/4273/1473
f 5954/4277/1475 5951/4278/1474 5952/4275/1474
f 5956/4279/1476 5953/4280/1475 5954/4277/1475
f 5958/4281/1477 5955/4282/1476 5956/4279/1476
f 5960/4283/1478 5957/4284/1477 5958/4281/1477
f 5962/4285/1479 5959/4286/1478 5960/4283/1478
f 5964/4287/1480 5961/4288/1479 5962/4285/1479
f 5966/4289/1481 5963/4290/1480 5964/4287/1480
f 5968/4291/1482 5965/4292/1481 5966/4289/1481
f 5970/4293/1483 5967/4294/1482 5968/4291/1482
f 5972/4295/1483 5969/4296/1483 5970/4293/1483
f 5974/4297/1484 5971/4298/1483 5972/4295/1483
f 5976/4299/1485 5973/4300/1484 5974/4297/1484
f 5978/4301/1486 5975/4302/1485 5976/4299/1485
f 5980/4303/1487 5977/4304/1486 5978/4301/1486
f 5982/4305/1488 5979/4306/1487 5980/4303/1487
f 5984/4307/1489 5981/4308/1488 5982/4305/1488
f 5986/4309/1490 5983/4310/1489 5984/4307/1489
f 5988/4311/1491 5985/4312/1490 5986/4309/1490
f 5990/4313/1492 5987/4314/1491 5988/4311/1491
f 5992/4315/1493 5989/4316/1492 5990/4313/1492
f 5994/4317/1494 5991/4318/1495 5992/4315/1493
f 5996/4319/1496 5993/4320/1494 5994/4317/1494
f 5998/4321/1497 5995/4322/1496 5996/4319/1496
f 6000/4323/1498 5997/4324/1497 5998/4321/1497
f 6002/4325/1499 5999/4326/1498 6000/4323/1498
f 6004/4327/1500 6001/4328/1499 6002/4325/1499
f 6006/4329/1501 6003/4330/1500 6004/4327/1500
f 6008/4331/1502 6005/4332/1503 6006/4329/1501
f 6010/4333/1504 6007/4334/1502 6008/4331/1502
f 6012/4335/1505 6009/4336/1504 6010/4333/1504
f 6014/4337/1506 6011/4338/1505 6012/4335/1505
f 6016/4339/1507 6013/4340/1506 6014/4337/1506
f 6018/4341/1508 6015/4342/1507 6016/4339/1507
f 6020/4343/1509 6017/4344/1508 6018/4341/1508
f 6022/4345/1510 6019/4346/1509 6020/4343/1509
f 6024/4347/1511 6021/4348/1510 6022/4345/1510
f 6026/4349/1512 6023/4350/1511 6024/4347/1511
f 6028/4351/1513 6025/4352/1512 6026/4349/1512
f 6030/4353/1418 6027/4354/1513 6028/4351/1513
f 6032/4355/1514 6029/4356/1418 6030/4353/1418
f 5838/4357/1418 6031/4358/1514 6032/4355/1514
f 5840/4163/1417 5839/4166/1417 5837/4092/1418
f 5842/4165/1419 5841/4168/1419 5839/4166/1417
f 5844/4167/1420 5843/4170/1420 5841/4168/1419
f 5846/4169/1421 5845/4172/1421 5843/4170/1420
f 5848/4171/1422 5847/4174/1422 5845/4172/1421
f 5850/4173/1423 5849/4176/1423 5847/4174/1422
f 5852/4175/1424 5851/4178/1424 5849/4176/1423
f 5854/4177/1425 5853/4180/1425 5851/4178/1424
f 5856/4179/1426 5855/4182/1426 5853/4180/1425
f 5858/4181/1427 5857/4184/1427 5855/4182/1426
f 5860/4183/1428 5859/4186/1428 5857/4184/1427
f 5862/4185/1429 5861/4188/1429 5859/4186/1428
f 5864/4187/1430 5863/4190/1430 5861/4188/1429
f 5866/4189/1431 5865/4192/1431 5863/4190/1430
f 5868/4191/1432 5867/4194/1432 5865/4192/1431
f 5870/4193/1433 5869/4196/1433 5867/4194/1432
f 5872/4195/1434 5871/4198/1434 5869/4196/1433
f 5874/4197/1435 5873/4200/1435 5871/4198/1434
f 5876/4199/1436 5875/4202/1436 5873/4200/1435
f 5878/4201/1437 5877/4204/1437 5875/4202/1436
f 5880/4203/1438 5879/4206/1438 5877/4204/1437
f 5882/4205/1439 5881/4208/1439 5879/4206/1438
f 5884/4207/1440 5883/4210/1440 5881/4208/1439
f 5886/4209/1441 5885/4212/1441 5883/4210/1440
f 5888/4211/1442 5887/4214/1442 5885/4212/1441
f 5890/4213/1443 5889/4216/1443 5887/4214/1442
f 5892/4215/1444 5891/4218/1444 5889/4216/1443
f 5894/4217/1445 5893/4220/1445 5891/4218/1444
f 5896/4219/1446 5895/4222/1446 5893/4220/1445
f 5898/4221/1447 5897/4224/1447 5895/4222/1446
f 5900/4223/1448 5899/4226/1448 5897/4224/1447
f 5902/4225/1449 5901/4228/1449 5899/4226/1448
f 5904/4227/1450 5903/4230/1450 5901/4228/1449
f 5906/4229/1451 5905/4232/1451 5903/4230/1450
f 5908/4231/1452 5907/4234/1452 5905/4232/1451
f 5910/4233/1453 5909/4236/1453 5907/4234/1452
f 5912/4235/1454 5911/4238/1454 5909/4236/1453
f 5914/4237/1455 5913/4240/1455 5911/4238/1454
f 5916/4239/1456 5915/4242/1456 5913/4240/1455
f 5918/4241/1457 5917/4244/1457 5915/4242/1456
f 5920/4243/1458 5919/4246/1458 5917/4244/1457
f 5922/4245/1459 5921/4248/1459 5919/4246/1458
f 5924/4247/1460 5923/4250/1460 5921/4248/1459
f 5926/4249/1461 5925/4252/1461 5923/4250/1460
f 5928/4251/1462 5927/4254/1462 5925/4252/1461
f 5930/4253/1463 5929/4256/1463 5927/4254/1462
f 5932/4255/1464 5931/4258/1464 5929/4256/1463
f 5934/4257/1465 5933/4260/1465 5931/4258/1464
f 5936/4259/1466 5935/4262/1466 5933/4260/1465
f 5938/4261/1467 5937/4264/1467 5935/4262/1466
f 5940/4263/1468 5939/4266/1468 5937/4264/1467
f 5942/4265/1469 5941/4268/1469 5939/4266/1468
f 5944/4267/1470 5943/4270/1470 5941/4268/1469
f 5946/4269/1471 5945/4272/1471 5943/4270/1470
f 5948/4271/1472 5947/4274/1472 5945/4272/1471
f 5950/4273/1473 5949/4276/1473 5947/4274/1472
f 5952/4275/1474 5951/4278/1474 5949/4276/1473
f 5954/4277/1475 5953/4280/1475 5951/4278/1474
f 5956/4279/1476 5955/4282/1476 5953/4280/1475
f 5958/4281/1477 5957/4284/1477 5955/4282/1476
f 5960/4283/1478 5959/4286/1478 5957/4284/1477
f 5962/4285/1479 5961/4288/1479 5959/4286/1478
f 5964/4287/1480 5963/4290/1480 5961/4288/1479
f 5966/4289/1481 5965/4292/1481 5963/4290/1480
f 5968/4291/1482 5967/4294/1482 5965/4292/1481
f 5970/4293/1483 5969/4296/1483 5967/4294/1482
f 5972/4295/1483 5971/4298/1483 5969/4296/1483
f 5974/4297/1484 5973/4300/1484 5971/4298/1483
f 5976/4299/1485 5975/4302/1485 5973/4300/1484
f 5978/4301/1486 5977/4304/1486 5975/4302/1485
f 5980/4303/1487 5979/4306/1487 5977/4304/1486
f 5982/4305/1488 5981/4308/1488 5979/4306/1487
f 5984/4307/1489 5983/4310/1489 5981/4308/1488
f 5986/4309/1490 5985/4312/1490 5983/4310/1489
f 5988/4311/1491 5987/4314/1491 5985/4312/1490
f 5990/4313/1492 5989/4316/1492 5987/4314/1491
f 5992/4315/1493 5991/4318/1495 5989/4316/1492
f 5994/4317/1494 5993/4320/1494 5991/4318/1495
f 5996/4319/1496 5995/4322/1496 5993/4320/1494
f 5998/4321/1497 5997/4324/1497 5995/4322/1496
f 6000/4323/1498 5999/4326/1498 5997/4324/1497
f 6002/4325/1499 6001/4328/1499 5999/4326/1498
f 6004/4327/1500 6003/4330/1500 6001/4328/1499
f 6006/4329/1501 6005/4332/1503 6003/4330/1500
f 6008/4331/1502 6007/4334/1502 6005/4332/1503
f 6010/4333/1504 6009/4336/1504 6007/4334/1502
f 6012/4335/1505 6011/4338/1505 6009/4336/1504
f 6014/4337/1506 6013/4340/1506 6011/4338/1505
f 6016/4339/1507 6015/4342/1507 6013/4340/1506
f 6018/4341/1508 6017/4344/1508 6015/4342/1507
f 6020/4343/1509 6019/4346/1509 6017/4344/1508
f 6022/4345/1510 6021/4348/1510 6019/4346/1509
f 6024/4347/1511 6023/4350/1511 6021/4348/1510
f 6026/4349/1512 6025/4352/1512 6023/4350/1511
f 6028/4351/1513 6027/4354/1513 6025/4352/1512
f 6030/4353/1418 6029/4356/1418 6027/4354/1513
f 6032/4355/1514 6031/4358/1514 6029/4356/1418
f 5838/4357/1418 5837/4090/1418 6031/4358/1514
o Text.008
v -7.659092 0.631834 -0.070000
v -7.682570 0.634269 -0.070000
v -7.710318 0.637093 -0.070000
v -7.741889 0.640251 -0.070000
v -7.776835 0.643686 -0.070000
v -7.814709 0.647343 -0.070000
v -7.855062 0.651167 -0.070000
v -7.897445 0.655103 -0.070000
v -7.941412 0.659093 -0.070000
v -7.986515 0.663084 -0.070000
v -8.032305 0.667019 -0.070000
v -8.078334 0.670843 -0.070000
v -8.105265 0.673241 -0.070000
v -8.131529 0.675440 -0.070000
v -8.157084 0.677453 -0.070000
v -8.181890 0.679288 -0.070000
v -8.205903 0.680956 -0.070000
v -8.229084 0.682468 -0.070000
v -8.251390 0.683834 -0.070000
v -8.272779 0.685065 -0.070000
v -8.293209 0.686171 -0.070000
v -8.312639 0.687163 -0.070000
v -8.331028 0.688050 -0.070000
v -8.348334 0.688843 -0.070000
v -8.348334 0.608843 -0.070000
v -8.333477 0.608815 -0.070000
v -8.317566 0.608700 -0.070000
v -8.300834 0.608453 -0.070000
v -8.283519 0.608028 -0.070000
v -8.265857 0.607382 -0.070000
v -8.248084 0.606468 -0.070000
v -8.230435 0.605242 -0.070000
v -8.213149 0.603658 -0.070000
v -8.196459 0.601671 -0.070000
v -8.180602 0.599237 -0.070000
v -8.165815 0.596309 -0.070000
v -8.152334 0.592843 -0.070000
v -8.117998 0.579216 -0.070000
v -8.086065 0.561658 -0.070000
v -8.056646 0.540656 -0.070000
v -8.029853 0.516695 -0.070000
v -8.005795 0.490262 -0.070000
v -7.984584 0.461843 -0.070000
v -7.966331 0.431924 -0.070000
v -7.951149 0.400991 -0.070000
v -7.939147 0.369531 -0.070000
v -7.930436 0.338028 -0.070000
v -7.925128 0.306971 -0.070000
v -7.923334 0.276843 -0.070000
v -7.927009 0.230590 -0.070000
v -7.937570 0.189649 -0.070000
v -7.954318 0.153749 -0.070000
v -7.976556 0.122621 -0.070000
v -8.003586 0.095992 -0.070000
v -8.034709 0.073593 -0.070000
v -8.069228 0.055152 -0.070000
v -8.106445 0.040399 -0.070000
v -8.145662 0.029062 -0.070000
v -8.186181 0.020871 -0.070000
v -8.227304 0.015555 -0.070000
v -8.268333 0.012843 -0.070000
v -8.239334 -0.070157 -0.070000
v -8.192679 -0.066472 -0.070000
v -8.145764 -0.058842 -0.070000
v -8.099412 -0.047157 -0.070000
v -8.054445 -0.031305 -0.070000
v -8.011686 -0.011175 -0.070000
v -7.971959 0.013343 -0.070000
v -7.936086 0.042362 -0.070000
v -7.904890 0.075991 -0.070000
v -7.879193 0.114343 -0.070000
v -7.859820 0.157528 -0.070000
v -7.847592 0.205658 -0.070000
v -7.843334 0.258843 -0.070000
v -7.845256 0.297214 -0.070000
v -7.850797 0.334227 -0.070000
v -7.859615 0.369734 -0.070000
v -7.871371 0.403584 -0.070000
v -7.885724 0.435629 -0.070000
v -7.902334 0.465718 -0.070000
v -7.920860 0.493704 -0.070000
v -7.940964 0.519436 -0.070000
v -7.962303 0.542765 -0.070000
v -7.984538 0.563542 -0.070000
v -8.007328 0.581618 -0.070000
v -8.030334 0.596843 -0.070000
v -8.000671 0.593601 -0.070000
v -7.965867 0.589903 -0.070000
v -7.926943 0.585796 -0.070000
v -7.884927 0.581325 -0.070000
v -7.840840 0.576533 -0.070000
v -7.795709 0.571468 -0.070000
v -7.750557 0.566174 -0.070000
v -7.706408 0.560695 -0.070000
v -7.664287 0.555077 -0.070000
v -7.625218 0.549366 -0.070000
v -7.590226 0.543606 -0.070000
v -7.560334 0.537843 -0.070000
v -7.551334 0.624843 -0.070000
v -7.560705 0.625113 -0.070000
v -7.569801 0.625422 -0.070000
v -7.578599 0.625765 -0.070000
v -7.587075 0.626139 -0.070000
v -7.595202 0.626542 -0.070000
v -7.602959 0.626968 -0.070000
v -7.610320 0.627416 -0.070000
v -7.617260 0.627880 -0.070000
v -7.623756 0.628359 -0.070000
v -7.629783 0.628848 -0.070000
v -7.635317 0.629344 -0.070000
v -7.640334 0.629843 -0.070000
v -7.659092 0.631834 0.070000
v -7.682570 0.634269 0.070000
v -7.710318 0.637093 0.070000
v -7.741889 0.640251 0.070000
v -7.776835 0.643686 0.070000
v -7.814709 0.647343 0.070000
v -7.855062 0.651167 0.070000
v -7.897445 0.655103 0.070000
v -7.941412 0.659093 0.070000
v -7.986515 0.663084 0.070000
v -8.032305 0.667019 0.070000
v -8.078334 0.670843 0.070000
v -8.105265 0.673241 0.070000
v -8.131529 0.675440 0.070000
v -8.157084 0.677453 0.070000
v -8.181890 0.679288 0.070000
v -8.205903 0.680956 0.070000
v -8.229084 0.682468 0.070000
v -8.251390 0.683834 0.070000
v -8.272779 0.685065 0.070000
v -8.293209 0.686171 0.070000
v -8.312639 0.687163 0.070000
v -8.331028 0.688050 0.070000
v -8.348334 0.688843 0.070000
v -8.348334 0.608843 0.070000
v -8.333477 0.608815 0.070000
v -8.317566 0.608700 0.070000
v -8.300834 0.608453 0.070000
v -8.283519 0.608028 0.070000
v -8.265857 0.607382 0.070000
v -8.248084 0.606468 0.070000
v -8.230435 0.605242 0.070000
v -8.213149 0.603658 0.070000
v -8.196459 0.601671 0.070000
v -8.180602 0.599237 0.070000
v -8.165815 0.596309 0.070000
v -8.152334 0.592843 0.070000
v -8.117998 0.579216 0.070000
v -8.086065 0.561658 0.070000
v -8.056646 0.540656 0.070000
v -8.029853 0.516695 0.070000
v -8.005795 0.490262 0.070000
v -7.984584 0.461843 0.070000
v -7.966331 0.431924 0.070000
v -7.951149 0.400991 0.070000
v -7.939147 0.369531 0.070000
v -7.930436 0.338028 0.070000
v -7.925128 0.306971 0.070000
v -7.923334 0.276843 0.070000
v -7.927009 0.230590 0.070000
v -7.937570 0.189649 0.070000
v -7.954318 0.153749 0.070000
v -7.976556 0.122621 0.070000
v -8.003586 0.095992 0.070000
v -8.034709 0.073593 0.070000
v -8.069228 0.055152 0.070000
v -8.106445 0.040399 0.070000
v -8.145662 0.029062 0.070000
v -8.186181 0.020871 0.070000
v -8.227304 0.015555 0.070000
v -8.268333 0.012843 0.070000
v -8.239334 -0.070157 0.070000
v -8.192679 -0.066472 0.070000
v -8.145764 -0.058842 0.070000
v -8.099412 -0.047157 0.070000
v -8.054445 -0.031305 0.070000
v -8.011686 -0.011175 0.070000
v -7.971959 0.013343 0.070000
v -7.936086 0.042362 0.070000
v -7.904890 0.075991 0.070000
v -7.879193 0.114343 0.070000
v -7.859820 0.157528 0.070000
v -7.847592 0.205658 0.070000
v -7.843334 0.258843 0.070000
v -7.845256 0.297214 0.070000
v -7.850797 0.334227 0.070000
v -7.859615 0.369734 0.070000
v -7.871371 0.403584 0.070000
v -7.885724 0.435629 0.070000
v -7.902334 0.465718 0.070000
v -7.920860 0.493704 0.070000
v -7.940964 0.519436 0.070000
v -7.962303 0.542765 0.070000
v -7.984538 0.563542 0.070000
v -8.007328 0.581618 0.070000
v -8.030334 0.596843 0.070000
v -8.000671 0.593601 0.070000
v -7.965867 0.589903 0.070000
v -7.926943 0.585796 0.070000
v -7.884927 0.581325 0.070000
v -7.840840 0.576533 0.070000
v -7.795709 0.571468 0.070000
v -7.750557 0.566174 0.070000
v -7.706408 0.560695 0.070000
v -7.664287 0.555077 0.070000
v -7.625218 0.549366 0.070000
v -7.590226 0.543606 0.070000
v -7.560334 0.537843 0.070000
v -7.551334 0.624843 0.070000
v -7.560705 0.625113 0.070000
v -7.569801 0.625422 0.070000
v -7.578599 0.625765 0.070000
v -7.587075 0.626139 0.070000
v -7.595202 0.626542 0.070000
v -7.602959 0.626968 0.070000
v -7.610320 0.627416 0.070000
v -7.617260 0.627880 0.070000
v -7.623756 0.628359 0.070000
v -7.629783 0.628848 0.070000
v -7.635317 0.629344 0.070000
v -7.640334 0.629843 0.070000
v -7.659092 0.631834 0.070000
v -7.659092 0.631834 -0.070000
v -7.682570 0.634269 0.070000
v -7.682570 0.634269 -0.070000
v -7.710318 0.637093 0.070000
v -7.710318 0.637093 -0.070000
v -7.741889 0.640251 0.070000
v -7.741889 0.640251 -0.070000
v -7.776835 0.643686 0.070000
v -7.776835 0.643686 -0.070000
v -7.814709 0.647343 0.070000
v -7.814709 0.647343 -0.070000
v -7.855062 0.651167 0.070000
v -7.855062 0.651167 -0.070000
v -7.897445 0.655103 0.070000
v -7.897445 0.655103 -0.070000
v -7.941412 0.659093 0.070000
v -7.941412 0.659093 -0.070000
v -7.986515 0.663084 0.070000
v -7.986515 0.663084 -0.070000
v -8.032305 0.667019 0.070000
v -8.032305 0.667019 -0.070000
v -8.078334 0.670843 0.070000
v -8.078334 0.670843 -0.070000
v -8.105265 0.673241 0.070000
v -8.105265 0.673241 -0.070000
v -8.131529 0.675440 0.070000
v -8.131529 0.675440 -0.070000
v -8.157084 0.677453 0.070000
v -8.157084 0.677453 -0.070000
v -8.181890 0.679288 0.070000
v -8.181890 0.679288 -0.070000
v -8.205903 0.680956 0.070000
v -8.205903 0.680956 -0.070000
v -8.229084 0.682468 0.070000
v -8.229084 0.682468 -0.070000
v -8.251390 0.683834 0.070000
v -8.251390 0.683834 -0.070000
v -8.272779 0.685065 0.070000
v -8.272779 0.685065 -0.070000
v -8.293209 0.686171 0.070000
v -8.293209 0.686171 -0.070000
v -8.312639 0.687163 0.070000
v -8.312639 0.687163 -0.070000
v -8.331028 0.688050 0.070000
v -8.331028 0.688050 -0.070000
v -8.348334 0.688843 0.070000
v -8.348334 0.688843 -0.070000
v -8.348334 0.608843 0.070000
v -8.348334 0.608843 -0.070000
v -8.333477 0.608815 0.070000
v -8.333477 0.608815 -0.070000
v -8.317566 0.608700 0.070000
v -8.317566 0.608700 -0.070000
v -8.300834 0.608453 0.070000
v -8.300834 0.608453 -0.070000
v -8.283519 0.608028 0.070000
v -8.283519 0.608028 -0.070000
v -8.265857 0.607382 0.070000
v -8.265857 0.607382 -0.070000
v -8.248084 0.606468 0.070000
v -8.248084 0.606468 -0.070000
v -8.230435 0.605242 0.070000
v -8.230435 0.605242 -0.070000
v -8.213149 0.603658 0.070000
v -8.213149 0.603658 -0.070000
v -8.196459 0.601671 0.070000
v -8.196459 0.601671 -0.070000
v -8.180602 0.599237 0.070000
v -8.180602 0.599237 -0.070000
v -8.165815 0.596309 0.070000
v -8.165815 0.596309 -0.070000
v -8.152334 0.592843 0.070000
v -8.152334 0.592843 -0.070000
v -8.117998 0.579216 0.070000
v -8.117998 0.579216 -0.070000
v -8.086065 0.561658 0.070000
v -8.086065 0.561658 -0.070000
v -8.056646 0.540656 0.070000
v -8.056646 0.540656 -0.070000
v -8.029853 0.516695 0.070000
v -8.029853 0.516695 -0.070000
v -8.005795 0.490262 0.070000
v -8.005795 0.490262 -0.070000
v -7.984584 0.461843 0.070000
v -7.984584 0.461843 -0.070000
v -7.966331 0.431924 0.070000
v -7.966331 0.431924 -0.070000
v -7.951149 0.400991 0.070000
v -7.951149 0.400991 -0.070000
v -7.939147 0.369531 0.070000
v -7.939147 0.369531 -0.070000
v -7.930436 0.338028 0.070000
v -7.930436 0.338028 -0.070000
v -7.925128 0.306971 0.070000
v -7.925128 0.306971 -0.070000
v -7.923334 0.276843 0.070000
v -7.923334 0.276843 -0.070000
v -7.927009 0.230590 0.070000
v -7.927009 0.230590 -0.070000
v -7.937570 0.189649 0.070000
v -7.937570 0.189649 -0.070000
v -7.954318 0.153749 0.070000
v -7.954318 0.153749 -0.070000
v -7.976556 0.122621 0.070000
v -7.976556 0.122621 -0.070000
v -8.003586 0.095992 0.070000
v -8.003586 0.095992 -0.070000
v -8.034709 0.073593 0.070000
v -8.034709 0.073593 -0.070000
v -8.069228 0.055152 0.070000
v -8.069228 0.055152 -0.070000
v -8.106445 0.040399 0.070000
v -8.106445 0.040399 -0.070000
v -8.145662 0.029062 0.070000
v -8.145662 0.029062 -0.070000
v -8.186181 0.020871 0.070000
v -8.186181 0.020871 -0.070000
v -8.227304 0.015555 0.070000
v -8.227304 0.015555 -0.070000
v -8.268333 0.012843 0.070000
v -8.268333 0.012843 -0.070000
v -8.239334 -0.070157 0.070000
v -8.239334 -0.070157 -0.070000
v -8.192679 -0.066472 0.070000
v -8.192679 -0.066472 -0.070000
v -8.145764 -0.058842 0.070000
v -8.145764 -0.058842 -0.070000
v -8.099412 -0.047157 0.070000
v -8.099412 -0.047157 -0.070000
v -8.054445 -0.031305 0.070000
v -8.054445 -0.031305 -0.070000
v -8.011686 -0.011175 0.070000
v -8.011686 -0.011175 -0.070000
v -7.971959 0.013343 0.070000
v -7.971959 0.013343 -0.070000
v -7.936086 0.042362 0.070000
v -7.936086 0.042362 -0.070000
v -7.904890 0.075991 0.070000
v -7.904890 0.075991 -0.070000
v -7.879193 0.114343 0.070000
v -7.879193 0.114343 -0.070000
v -7.859820 0.157528 0.070000
v -7.859820 0.157528 -0.070000
v -7.847592 0.205658 0.070000
v -7.847592 0.205658 -0.070000
v -7.843334 0.258843 0.070000
v -7.843334 0.258843 -0.070000
v -7.845256 0.297214 0.070000
v -7.845256 0.297214 -0.070000
v -7.850797 0.334227 0.070000
v -7.850797 0.334227 -0.070000
v -7.859615 0.369734 0.070000
v -7.859615 0.369734 -0.070000
v -7.871371 0.403584 0.070000
v -7.871371 0.403584 -0.070000
v -7.885724 0.435629 0.070000
v -7.885724 0.435629 -0.070000
v -7.902334 0.465718 0.070000
v -7.902334 0.465718 -0.070000
v -7.920860 0.493704 0.070000
v -7.920860 0.493704 -0.070000
v -7.940964 0.519436 0.070000
v -7.940964 0.519436 -0.070000
v -7.962303 0.542765 0.070000
v -7.962303 0.542765 -0.070000
v -7.984538 0.563542 0.070000
v -7.984538 0.563542 -0.070000
v -8.007328 0.581618 0.070000
v -8.007328 0.581618 -0.070000
v -8.030334 0.596843 0.070000
v -8.030334 0.596843 -0.070000
v -8.000671 0.593601 0.070000
v -8.000671 0.593601 -0.070000
v -7.965867 0.589903 0.070000
v -7.965867 0.589903 -0.070000
v -7.926943 0.585796 0.070000
v -7.926943 0.585796 -0.070000
v -7.884927 0.581325 0.070000
v -7.884927 0.581325 -0.070000
v -7.840840 0.576533 0.070000
v -7.840840 0.576533 -0.070000
v -7.795709 0.571468 0.070000
v -7.795709 0.571468 -0.070000
v -7.750557 0.566174 0.070000
v -7.750557 0.566174 -0.070000
v -7.706408 0.560695 0.070000
v -7.706408 0.560695 -0.070000
v -7.664287 0.555077 0.070000
v -7.664287 0.555077 -0.070000
v -7.625218 0.549366 0.070000
v -7.625218 0.549366 -0.070000
v -7.590226 0.543606 0.070000
v -7.590226 0.543606 -0.070000
v -7.560334 0.537843 0.070000
v -7.560334 0.537843 -0.070000
v -7.551334 0.624843 0.070000
v -7.551334 0.624843 -0.070000
v -7.560705 0.625113 0.070000
v -7.560705 0.625113 -0.070000
v -7.569801 0.625422 0.070000
v -7.569801 0.625422 -0.070000
v -7.578599 0.625765 0.070000
v -7.578599 0.625765 -0.070000
v -7.587075 0.626139 0.070000
v -7.587075 0.626139 -0.070000
v -7.595202 0.626542 0.070000
v -7.595202 0.626542 -0.070000
v -7.602959 0.626968 0.070000
v -7.602959 0.626968 -0.070000
v -7.610320 0.627416 0.070000
v -7.610320 0.627416 -0.070000
v -7.617260 0.627880 0.070000
v -7.617260 0.627880 -0.070000
v -7.623756 0.628359 0.070000
v -7.623756 0.628359 -0.070000
v -7.629783 0.628848 0.070000
v -7.629783 0.628848 -0.070000
v -7.635317 0.629344 0.070000
v -7.635317 0.629344 -0.070000
v -7.640334 0.629843 0.070000
v -7.640334 0.629843 -0.070000
vn -0.0000 -0.0000 -1.0000
vn -0.0001 -0.0000 -1.0000
vn -0.0000 -0.0000 1.0000
vn -0.0001 -0.0000 1.0000
vn 0.1022 0.9948 -0.0000
vn 0.1044 0.9945 -0.0000
vn 0.1004 0.9949 -0.0000
vn 0.0987 0.9951 -0.0000
vn 0.0970 0.9953 -0.0000
vn 0.0952 0.9955 -0.0000
vn 0.0934 0.9956 -0.0000
vn 0.0914 0.9958 -0.0000
vn 0.0893 0.9960 -0.0000
vn 0.0869 0.9962 -0.0000
vn 0.0842 0.9964 -0.0000
vn 0.0857 0.9963 -0.0000
vn 0.0861 0.9963 -0.0000
vn 0.0810 0.9967 -0.0000
vn 0.0761 0.9971 -0.0000
vn 0.0715 0.9974 -0.0000
vn 0.0672 0.9977 -0.0000
vn 0.0631 0.9980 -0.0000
vn 0.0593 0.9982 -0.0000
vn 0.0558 0.9984 -0.0000
vn 0.0525 0.9986 -0.0000
vn 0.0496 0.9988 -0.0000
vn 0.0470 0.9989 -0.0000
vn -0.6907 0.7231 -0.0000
vn -0.7078 -0.7064 -0.0000
vn -0.0046 -1.0000 -0.0000
vn -0.0110 -0.9999 -0.0000
vn -0.0196 -0.9998 -0.0000
vn -0.0305 -0.9995 -0.0000
vn -0.0440 -0.9990 -0.0000
vn -0.0603 -0.9982 -0.0000
vn -0.0803 -0.9968 -0.0000
vn -0.1047 -0.9945 -0.0000
vn -0.1350 -0.9908 -0.0000
vn -0.1730 -0.9849 -0.0000
vn -0.2217 -0.9751 -0.0000
vn -0.3096 -0.9509 -0.0000
vn -0.4262 -0.9046 -0.0000
vn -0.5323 -0.8465 -0.0000
vn -0.6248 -0.7808 -0.0000
vn -0.7040 -0.7102 -0.0000
vn -0.7714 -0.6364 -0.0000
vn -0.8284 -0.5601 -0.0000
vn -0.8766 -0.4812 -0.0000
vn -0.9170 -0.3990 -0.0000
vn -0.9501 -0.3118 -0.0000
vn -0.9760 -0.2178 -0.0000
vn -0.9935 -0.1141 -0.0000
vn -1.0000 0.0099 -0.0000
vn -0.9863 0.1651 -0.0000
vn -0.9412 0.3377 -0.0000
vn -0.8636 0.5042 -0.0000
vn -0.9413 0.3377 -0.0000
vn -0.7606 0.6492 -0.0000
vn -0.6449 0.7643 -0.0000
vn -0.5288 0.8487 -0.0000
vn -0.4205 0.9073 -0.0000
vn -0.3235 0.9462 -0.0000
vn -0.2381 0.9712 -0.0000
vn -0.1633 0.9866 -0.0000
vn -0.0971 0.9953 -0.0000
vn -0.8341 0.5516 -0.0000
vn -0.5463 -0.8376 -0.0000
vn 0.1197 -0.9928 -0.0000
vn 0.2027 -0.9792 -0.0000
vn 0.2888 -0.9574 -0.0000
vn 0.3797 -0.9251 -0.0000
vn 0.4763 -0.8793 -0.0000
vn 0.5782 -0.8159 -0.0000
vn 0.6828 -0.7306 -0.0000
vn 0.7844 -0.6203 -0.0000
vn 0.8747 -0.4847 -0.0000
vn 0.9443 -0.3290 -0.0000
vn 0.9865 -0.1636 -0.0000
vn 0.9999 -0.0149 -0.0000
vn 0.9951 0.0992 -0.0000
vn 0.9809 0.1948 -0.0000
vn 0.9586 0.2848 -0.0000
vn 0.9295 0.3688 -0.0000
vn 0.8948 0.4464 -0.0000
vn 0.8553 0.5181 -0.0000
vn 0.8116 0.5843 -0.0000
vn 0.7635 0.6458 -0.0000
vn 0.7109 0.7033 -0.0000
vn 0.6526 0.7577 -0.0000
vn 0.5872 0.8095 -0.0000
vn 0.9405 -0.3399 -0.0000
vn -0.1072 -0.9942 -0.0000
vn 0.9405 -0.3398 -0.0000
vn -0.1053 -0.9944 -0.0000
vn -0.1054 -0.9944 -0.0000
vn -0.1069 -0.9943 -0.0000
vn -0.1098 -0.9940 -0.0000
vn -0.1140 -0.9935 -0.0000
vn -0.1198 -0.9928 -0.0000
vn -0.1277 -0.9918 -0.0000
vn -0.1384 -0.9904 -0.0000
vn -0.1535 -0.9881 -0.0000
vn -0.1759 -0.9844 -0.0000
vn 0.5961 -0.8029 -0.0000
vn 0.7522 0.6590 -0.0000
vn 0.0314 0.9995 -0.0000
vn 0.0364 0.9993 -0.0000
vn 0.0416 0.9991 -0.0000
vn 0.0468 0.9989 -0.0000
vn 0.0522 0.9986 -0.0000
vn 0.0578 0.9983 -0.0000
vn 0.0637 0.9980 -0.0000
vn 0.0701 0.9975 -0.0000
vn 0.0772 0.9970 -0.0000
vn 0.0851 0.9964 -0.0000
vn 0.0942 0.9956 -0.0000
vn 0.1023 0.9948 -0.0000
vt 0.035961 0.773476
vt 0.037096 0.773476
vt 0.036528 0.773476
vt 0.035393 0.773476
vt 0.034826 0.773476
vt 0.034259 0.773476
vt 0.033691 0.773476
vt 0.033124 0.773476
vt 0.032556 0.773476
vt 0.031989 0.773476
vt 0.031421 0.773476
vt 0.030854 0.773476
vt 0.030286 0.773476
vt 0.029719 0.773476
vt 0.029151 0.773476
vt 0.028584 0.773476
vt 0.028016 0.773476
vt 0.027449 0.773476
vt 0.026881 0.773476
vt 0.026314 0.773476
vt 0.025746 0.773476
vt 0.025179 0.773476
vt 0.024611 0.773476
vt 0.024044 0.773476
vt 0.023476 0.773476
vt 0.085899 0.773476
vt 0.085331 0.773476
vt 0.084764 0.773476
vt 0.084196 0.773476
vt 0.083629 0.773476
vt 0.083061 0.773476
vt 0.082494 0.773476
vt 0.081926 0.773476
vt 0.081359 0.773476
vt 0.080791 0.773476
vt 0.080224 0.773476
vt 0.079657 0.773476
vt 0.079089 0.773476
vt 0.078522 0.773476
vt 0.077954 0.773476
vt 0.077387 0.773476
vt 0.076819 0.773476
vt 0.076252 0.773476
vt 0.075684 0.773476
vt 0.075117 0.773476
vt 0.074549 0.773476
vt 0.073982 0.773476
vt 0.071712 0.773476
vt 0.039933 0.773476
vt 0.039366 0.773476
vt 0.038798 0.773476
vt 0.038231 0.773476
vt 0.037663 0.773476
vt 0.040501 0.773476
vt 0.041068 0.773476
vt 0.041636 0.773476
vt 0.042203 0.773476
vt 0.042771 0.773476
vt 0.043338 0.773476
vt 0.073414 0.773476
vt 0.072279 0.773476
vt 0.071144 0.773476
vt 0.043906 0.773476
vt 0.072847 0.773476
vt 0.044473 0.773476
vt 0.070577 0.773476
vt 0.045041 0.773476
vt 0.070009 0.773476
vt 0.045608 0.773476
vt 0.069442 0.773476
vt 0.046175 0.773476
vt 0.068874 0.773476
vt 0.046743 0.773476
vt 0.068307 0.773476
vt 0.047310 0.773476
vt 0.067740 0.773476
vt 0.047878 0.773476
vt 0.067172 0.773476
vt 0.048445 0.773476
vt 0.066605 0.773476
vt 0.049013 0.773476
vt 0.066037 0.773476
vt 0.049580 0.773476
vt 0.050148 0.773476
vt 0.065470 0.773476
vt 0.050715 0.773476
vt 0.064902 0.773476
vt 0.051283 0.773476
vt 0.064335 0.773476
vt 0.051850 0.773476
vt 0.063767 0.773476
vt 0.052418 0.773476
vt 0.063200 0.773476
vt 0.052985 0.773476
vt 0.053553 0.773476
vt 0.062632 0.773476
vt 0.054120 0.773476
vt 0.062065 0.773476
vt 0.054688 0.773476
vt 0.055255 0.773476
vt 0.061497 0.773476
vt 0.055823 0.773476
vt 0.056390 0.773476
vt 0.056958 0.773476
vt 0.057525 0.773476
vt 0.060930 0.773476
vt 0.058092 0.773476
vt 0.060362 0.773476
vt 0.059795 0.773476
vt 0.059227 0.773476
vt 0.058660 0.773476
vt 0.024039 0.835899
vt 0.023476 0.835899
vt 0.024601 0.835899
vt 0.024039 0.773476
vt 0.025164 0.835899
vt 0.024601 0.773476
vt 0.025726 0.835899
vt 0.025164 0.773476
vt 0.026288 0.835899
vt 0.025726 0.773476
vt 0.026851 0.835899
vt 0.026288 0.773476
vt 0.027413 0.835899
vt 0.026851 0.773476
vt 0.027975 0.835899
vt 0.027413 0.773476
vt 0.028538 0.835899
vt 0.027975 0.773476
vt 0.029100 0.835899
vt 0.028538 0.773476
vt 0.029662 0.835899
vt 0.029100 0.773476
vt 0.030225 0.835899
vt 0.029662 0.773476
vt 0.030787 0.835899
vt 0.030225 0.773476
vt 0.031350 0.835899
vt 0.030787 0.773476
vt 0.031912 0.835899
vt 0.031350 0.773476
vt 0.032474 0.835899
vt 0.031912 0.773476
vt 0.033037 0.835899
vt 0.032474 0.773476
vt 0.033599 0.835899
vt 0.033037 0.773476
vt 0.034161 0.835899
vt 0.033599 0.773476
vt 0.034724 0.835899
vt 0.034161 0.773476
vt 0.035286 0.835899
vt 0.034724 0.773476
vt 0.035848 0.835899
vt 0.035286 0.773476
vt 0.036411 0.835899
vt 0.035848 0.773476
vt 0.036973 0.835899
vt 0.036411 0.773476
vt 0.037536 0.835899
vt 0.036973 0.773476
vt 0.038098 0.835899
vt 0.037536 0.773476
vt 0.038660 0.835899
vt 0.038098 0.773476
vt 0.039223 0.835899
vt 0.038660 0.773476
vt 0.039785 0.835899
vt 0.039223 0.773476
vt 0.040347 0.835899
vt 0.039785 0.773476
vt 0.040910 0.835899
vt 0.040347 0.773476
vt 0.041472 0.835899
vt 0.040910 0.773476
vt 0.042034 0.835899
vt 0.041472 0.773476
vt 0.042597 0.835899
vt 0.042034 0.773476
vt 0.043159 0.835899
vt 0.042597 0.773476
vt 0.043722 0.835899
vt 0.043159 0.773476
vt 0.044284 0.835899
vt 0.043722 0.773476
vt 0.044846 0.835899
vt 0.044284 0.773476
vt 0.045409 0.835899
vt 0.044846 0.773476
vt 0.045971 0.835899
vt 0.045409 0.773476
vt 0.046533 0.835899
vt 0.045971 0.773476
vt 0.047096 0.835899
vt 0.046533 0.773476
vt 0.047658 0.835899
vt 0.047096 0.773476
vt 0.048220 0.835899
vt 0.047658 0.773476
vt 0.048783 0.835899
vt 0.048220 0.773476
vt 0.049345 0.835899
vt 0.048783 0.773476
vt 0.049908 0.835899
vt 0.049345 0.773476
vt 0.050470 0.835899
vt 0.049908 0.773476
vt 0.051032 0.835899
vt 0.050470 0.773476
vt 0.051595 0.835899
vt 0.051032 0.773476
vt 0.052157 0.835899
vt 0.051595 0.773476
vt 0.052719 0.835899
vt 0.052157 0.773476
vt 0.053282 0.835899
vt 0.052719 0.773476
vt 0.053844 0.835899
vt 0.053282 0.773476
vt 0.054406 0.835899
vt 0.053844 0.773476
vt 0.054969 0.835899
vt 0.054406 0.773476
vt 0.055531 0.835899
vt 0.054969 0.773476
vt 0.056093 0.835899
vt 0.055531 0.773476
vt 0.056656 0.835899
vt 0.056093 0.773476
vt 0.057218 0.835899
vt 0.056656 0.773476
vt 0.057781 0.835899
vt 0.057218 0.773476
vt 0.058343 0.835899
vt 0.057781 0.773476
vt 0.058905 0.835899
vt 0.058343 0.773476
vt 0.059468 0.835899
vt 0.058905 0.773476
vt 0.060030 0.835899
vt 0.059468 0.773476
vt 0.060592 0.835899
vt 0.060030 0.773476
vt 0.061155 0.835899
vt 0.060592 0.773476
vt 0.061717 0.835899
vt 0.061155 0.773476
vt 0.062279 0.835899
vt 0.061717 0.773476
vt 0.062842 0.835899
vt 0.062279 0.773476
vt 0.063404 0.835899
vt 0.062842 0.773476
vt 0.063967 0.835899
vt 0.063404 0.773476
vt 0.064529 0.835899
vt 0.063967 0.773476
vt 0.065091 0.835899
vt 0.064529 0.773476
vt 0.065654 0.835899
vt 0.065091 0.773476
vt 0.066216 0.835899
vt 0.065654 0.773476
vt 0.066778 0.835899
vt 0.066216 0.773476
vt 0.067341 0.835899
vt 0.066778 0.773476
vt 0.067903 0.835899
vt 0.067341 0.773476
vt 0.068465 0.835899
vt 0.067903 0.773476
vt 0.069028 0.835899
vt 0.068465 0.773476
vt 0.069590 0.835899
vt 0.069028 0.773476
vt 0.070153 0.835899
vt 0.069590 0.773476
vt 0.070715 0.835899
vt 0.070153 0.773476
vt 0.071277 0.835899
vt 0.070715 0.773476
vt 0.071840 0.835899
vt 0.071277 0.773476
vt 0.072402 0.835899
vt 0.071840 0.773476
vt 0.072964 0.835899
vt 0.072402 0.773476
vt 0.073527 0.835899
vt 0.072964 0.773476
vt 0.074089 0.835899
vt 0.073527 0.773476
vt 0.074651 0.835899
vt 0.074089 0.773476
vt 0.075214 0.835899
vt 0.074651 0.773476
vt 0.075776 0.835899
vt 0.075214 0.773476
vt 0.076339 0.835899
vt 0.075776 0.773476
vt 0.076901 0.835899
vt 0.076339 0.773476
vt 0.077463 0.835899
vt 0.076901 0.773476
vt 0.078026 0.835899
vt 0.077463 0.773476
vt 0.078588 0.835899
vt 0.078026 0.773476
vt 0.079150 0.835899
vt 0.078588 0.773476
vt 0.079713 0.835899
vt 0.079150 0.773476
vt 0.080275 0.835899
vt 0.079713 0.773476
vt 0.080837 0.835899
vt 0.080275 0.773476
vt 0.081400 0.835899
vt 0.080837 0.773476
vt 0.081962 0.835899
vt 0.081400 0.773476
vt 0.082525 0.835899
vt 0.081962 0.773476
vt 0.083087 0.835899
vt 0.082525 0.773476
vt 0.083649 0.835899
vt 0.083087 0.773476
vt 0.084212 0.835899
vt 0.083649 0.773476
vt 0.084774 0.835899
vt 0.084212 0.773476
vt 0.085336 0.835899
vt 0.084774 0.773476
vt 0.085899 0.835899
vt 0.085336 0.773476
s 0
usemtl Material.001
f 6055/4359/1515 6057/4360/1515 6056/4361/1515
f 6054/4362/1515 6057/4360/1515 6055/4359/1515
f 6053/4363/1515 6057/4360/1515 6054/4362/1515
f 6052/4364/1515 6057/4360/1515 6053/4363/1515
f 6051/4365/1515 6057/4360/1515 6052/4364/1515
f 6050/4366/1515 6057/4360/1515 6051/4365/1515
f 6049/4367/1515 6057/4360/1515 6050/4366/1515
f 6048/4368/1515 6057/4360/1515 6049/4367/1515
f 6047/4369/1515 6057/4360/1515 6048/4368/1515
f 6046/4370/1515 6057/4360/1515 6047/4369/1515
f 6045/4371/1515 6057/4360/1515 6046/4370/1515
f 6044/4372/1515 6057/4360/1515 6045/4371/1515
f 6043/4373/1515 6057/4360/1515 6044/4372/1515
f 6042/4374/1515 6057/4360/1515 6043/4373/1515
f 6041/4375/1515 6057/4360/1515 6042/4374/1515
f 6040/4376/1515 6057/4360/1515 6041/4375/1515
f 6039/4377/1515 6057/4360/1515 6040/4376/1515
f 6038/4378/1515 6057/4360/1515 6039/4377/1515
f 6037/4379/1515 6057/4360/1515 6038/4378/1515
f 6036/4380/1515 6057/4360/1515 6037/4379/1515
f 6035/4381/1515 6057/4360/1515 6036/4380/1515
f 6034/4382/1515 6057/4360/1515 6035/4381/1515
f 6033/4383/1515 6057/4360/1515 6034/4382/1515
f 6143/4384/1515 6057/4360/1515 6033/4383/1515
f 6142/4385/1515 6057/4360/1515 6143/4384/1515
f 6141/4386/1515 6057/4360/1515 6142/4385/1515
f 6140/4387/1515 6057/4360/1515 6141/4386/1515
f 6139/4388/1515 6057/4360/1515 6140/4387/1515
f 6138/4389/1515 6057/4360/1515 6139/4388/1515
f 6137/4390/1515 6057/4360/1515 6138/4389/1515
f 6136/4391/1515 6057/4360/1515 6137/4390/1515
f 6135/4392/1515 6057/4360/1515 6136/4391/1515
f 6134/4393/1515 6057/4360/1515 6135/4392/1515
f 6133/4394/1515 6057/4360/1515 6134/4393/1515
f 6132/4395/1515 6057/4360/1515 6133/4394/1515
f 6131/4396/1515 6057/4360/1515 6132/4395/1515
f 6130/4397/1515 6129/4398/1515 6131/4396/1515
f 6129/4398/1515 6128/4399/1515 6131/4396/1515
f 6128/4399/1515 6127/4400/1515 6131/4396/1515
f 6127/4400/1515 6126/4401/1515 6131/4396/1515
f 6126/4401/1515 6125/4402/1515 6131/4396/1515
f 6125/4402/1515 6124/4403/1515 6131/4396/1515
f 6124/4403/1515 6123/4404/1515 6131/4396/1515
f 6123/4404/1515 6122/4405/1515 6131/4396/1515
f 6122/4405/1515 6118/4406/1515 6131/4396/1515
f 6118/4406/1515 6062/4407/1515 6131/4396/1515
f 6062/4407/1515 6061/4408/1515 6131/4396/1515
f 6061/4408/1515 6060/4409/1515 6131/4396/1515
f 6060/4409/1515 6059/4410/1515 6131/4396/1515
f 6059/4410/1515 6058/4411/1515 6131/4396/1515
f 6058/4411/1515 6057/4360/1515 6131/4396/1515
f 6118/4406/1515 6063/4412/1515 6062/4407/1515
f 6118/4406/1515 6064/4413/1515 6063/4412/1515
f 6118/4406/1515 6065/4414/1515 6064/4413/1515
f 6118/4406/1515 6066/4415/1515 6065/4414/1515
f 6118/4406/1515 6067/4416/1515 6066/4415/1515
f 6118/4406/1515 6068/4417/1515 6067/4416/1515
f 6122/4405/1515 6121/4418/1515 6118/4406/1515
f 6121/4418/1515 6119/4419/1515 6118/4406/1515
f 6117/4420/1515 6068/4417/1515 6118/4406/1515
f 6117/4420/1515 6069/4421/1515 6068/4417/1515
f 6121/4418/1516 6120/4422/1516 6119/4419/1516
f 6117/4420/1515 6070/4423/1515 6069/4421/1515
f 6116/4424/1515 6070/4423/1515 6117/4420/1515
f 6116/4424/1515 6071/4425/1515 6070/4423/1515
f 6115/4426/1515 6071/4425/1515 6116/4424/1515
f 6115/4426/1515 6072/4427/1515 6071/4425/1515
f 6114/4428/1515 6072/4427/1515 6115/4426/1515
f 6114/4428/1515 6073/4429/1515 6072/4427/1515
f 6113/4430/1515 6073/4429/1515 6114/4428/1515
f 6113/4430/1515 6074/4431/1515 6073/4429/1515
f 6112/4432/1515 6074/4431/1515 6113/4430/1515
f 6112/4432/1515 6075/4433/1515 6074/4431/1515
f 6111/4434/1515 6075/4433/1515 6112/4432/1515
f 6111/4434/1515 6076/4435/1515 6075/4433/1515
f 6110/4436/1515 6076/4435/1515 6111/4434/1515
f 6110/4436/1515 6077/4437/1515 6076/4435/1515
f 6109/4438/1515 6077/4437/1515 6110/4436/1515
f 6109/4438/1515 6078/4439/1515 6077/4437/1515
f 6108/4440/1515 6078/4439/1515 6109/4438/1515
f 6108/4440/1515 6079/4441/1515 6078/4439/1515
f 6108/4440/1515 6080/4442/1515 6079/4441/1515
f 6107/4443/1515 6080/4442/1515 6108/4440/1515
f 6107/4443/1515 6081/4444/1515 6080/4442/1515
f 6106/4445/1515 6081/4444/1515 6107/4443/1515
f 6106/4445/1515 6082/4446/1515 6081/4444/1515
f 6105/4447/1515 6082/4446/1515 6106/4445/1515
f 6105/4447/1515 6083/4448/1515 6082/4446/1515
f 6104/4449/1515 6083/4448/1515 6105/4447/1515
f 6104/4449/1515 6084/4450/1515 6083/4448/1515
f 6103/4451/1515 6084/4450/1515 6104/4449/1515
f 6103/4451/1515 6085/4452/1515 6084/4450/1515
f 6103/4451/1515 6086/4453/1515 6085/4452/1515
f 6102/4454/1515 6086/4453/1515 6103/4451/1515
f 6102/4454/1515 6087/4455/1515 6086/4453/1515
f 6101/4456/1515 6087/4455/1515 6102/4454/1515
f 6101/4456/1515 6088/4457/1515 6087/4455/1515
f 6101/4456/1515 6089/4458/1515 6088/4457/1515
f 6100/4459/1515 6089/4458/1515 6101/4456/1515
f 6100/4459/1515 6090/4460/1515 6089/4458/1515
f 6100/4459/1515 6091/4461/1515 6090/4460/1515
f 6100/4459/1515 6092/4462/1515 6091/4461/1515
f 6100/4459/1515 6093/4463/1515 6092/4462/1515
f 6099/4464/1515 6093/4463/1515 6100/4459/1515
f 6099/4464/1515 6094/4465/1515 6093/4463/1515
f 6098/4466/1515 6094/4465/1515 6099/4464/1515
f 6097/4467/1515 6094/4465/1515 6098/4466/1515
f 6096/4468/1515 6094/4465/1515 6097/4467/1515
f 6095/4469/1515 6094/4465/1515 6096/4468/1515
f 6166/4359/1517 6167/4361/1517 6168/4360/1517
f 6165/4362/1517 6166/4359/1517 6168/4360/1517
f 6164/4363/1517 6165/4362/1517 6168/4360/1517
f 6163/4364/1517 6164/4363/1517 6168/4360/1517
f 6162/4365/1517 6163/4364/1517 6168/4360/1517
f 6161/4366/1517 6162/4365/1517 6168/4360/1517
f 6160/4367/1517 6161/4366/1517 6168/4360/1517
f 6159/4368/1517 6160/4367/1517 6168/4360/1517
f 6158/4369/1517 6159/4368/1517 6168/4360/1517
f 6157/4370/1517 6158/4369/1517 6168/4360/1517
f 6156/4371/1517 6157/4370/1517 6168/4360/1517
f 6155/4372/1517 6156/4371/1517 6168/4360/1517
f 6154/4373/1517 6155/4372/1517 6168/4360/1517
f 6153/4374/1517 6154/4373/1517 6168/4360/1517
f 6152/4375/1517 6153/4374/1517 6168/4360/1517
f 6151/4376/1517 6152/4375/1517 6168/4360/1517
f 6150/4377/1517 6151/4376/1517 6168/4360/1517
f 6149/4378/1517 6150/4377/1517 6168/4360/1517
f 6148/4379/1517 6149/4378/1517 6168/4360/1517
f 6147/4380/1517 6148/4379/1517 6168/4360/1517
f 6146/4381/1517 6147/4380/1517 6168/4360/1517
f 6145/4382/1517 6146/4381/1517 6168/4360/1517
f 6144/4383/1517 6145/4382/1517 6168/4360/1517
f 6254/4384/1517 6144/4383/1517 6168/4360/1517
f 6253/4385/1517 6254/4384/1517 6168/4360/1517
f 6252/4386/1517 6253/4385/1517 6168/4360/1517
f 6251/4387/1517 6252/4386/1517 6168/4360/1517
f 6250/4388/1517 6251/4387/1517 6168/4360/1517
f 6249/4389/1517 6250/4388/1517 6168/4360/1517
f 6248/4390/1517 6249/4389/1517 6168/4360/1517
f 6247/4391/1517 6248/4390/1517 6168/4360/1517
f 6246/4392/1517 6247/4391/1517 6168/4360/1517
f 6245/4393/1517 6246/4392/1517 6168/4360/1517
f 6244/4394/1517 6245/4393/1517 6168/4360/1517
f 6243/4395/1517 6244/4394/1517 6168/4360/1517
f 6242/4396/1517 6243/4395/1517 6168/4360/1517
f 6241/4397/1517 6242/4396/1517 6240/4398/1517
f 6240/4398/1517 6242/4396/1517 6239/4399/1517
f 6239/4399/1517 6242/4396/1517 6238/4400/1517
f 6238/4400/1517 6242/4396/1517 6237/4401/1517
f 6237/4401/1517 6242/4396/1517 6236/4402/1517
f 6236/4402/1517 6242/4396/1517 6235/4403/1517
f 6235/4403/1517 6242/4396/1517 6234/4404/1517
f 6234/4404/1517 6242/4396/1517 6233/4405/1517
f 6233/4405/1517 6242/4396/1517 6229/4406/1517
f 6229/4406/1517 6242/4396/1517 6173/4407/1517
f 6173/4407/1517 6242/4396/1517 6172/4408/1517
f 6172/4408/1517 6242/4396/1517 6171/4409/1517
f 6171/4409/1517 6242/4396/1517 6170/4410/1517
f 6170/4410/1517 6242/4396/1517 6169/4411/1517
f 6169/4411/1517 6242/4396/1517 6168/4360/1517
f 6229/4406/1517 6173/4407/1517 6174/4412/1517
f 6229/4406/1517 6174/4412/1517 6175/4413/1517
f 6229/4406/1517 6175/4413/1517 6176/4414/1517
f 6229/4406/1517 6176/4414/1517 6177/4415/1517
f 6229/4406/1517 6177/4415/1517 6178/4416/1517
f 6229/4406/1517 6178/4416/1517 6179/4417/1517
f 6233/4405/1517 6229/4406/1517 6232/4418/1517
f 6232/4418/1517 6229/4406/1517 6230/4419/1517
f 6228/4420/1517 6229/4406/1517 6179/4417/1517
f 6228/4420/1517 6179/4417/1517 6180/4421/1517
f 6232/4418/1518 6230/4419/1518 6231/4422/1518
f 6228/4420/1517 6180/4421/1517 6181/4423/1517
f 6227/4424/1517 6228/4420/1517 6181/4423/1517
f 6227/4424/1517 6181/4423/1517 6182/4425/1517
f 6226/4426/1517 6227/4424/1517 6182/4425/1517
f 6226/4426/1517 6182/4425/1517 6183/4427/1517
f 6225/4428/1517 6226/4426/1517 6183/4427/1517
f 6225/4428/1517 6183/4427/1517 6184/4429/1517
f 6224/4430/1517 6225/4428/1517 6184/4429/1517
f 6224/4430/1517 6184/4429/1517 6185/4431/1517
f 6223/4432/1517 6224/4430/1517 6185/4431/1517
f 6223/4432/1517 6185/4431/1517 6186/4433/1517
f 6222/4434/1517 6223/4432/1517 6186/4433/1517
f 6222/4434/1517 6186/4433/1517 6187/4435/1517
f 6221/4436/1517 6222/4434/1517 6187/4435/1517
f 6221/4436/1517 6187/4435/1517 6188/4437/1517
f 6220/4438/1517 6221/4436/1517 6188/4437/1517
f 6220/4438/1517 6188/4437/1517 6189/4439/1517
f 6219/4440/1517 6220/4438/1517 6189/4439/1517
f 6219/4440/1517 6189/4439/1517 6190/4441/1517
f 6219/4440/1517 6190/4441/1517 6191/4442/1517
f 6218/4443/1517 6219/4440/1517 6191/4442/1517
f 6218/4443/1517 6191/4442/1517 6192/4444/1517
f 6217/4445/1517 6218/4443/1517 6192/4444/1517
f 6217/4445/1517 6192/4444/1517 6193/4446/1517
f 6216/4447/1517 6217/4445/1517 6193/4446/1517
f 6216/4447/1517 6193/4446/1517 6194/4448/1517
f 6215/4449/1517 6216/4447/1517 6194/4448/1517
f 6215/4449/1517 6194/4448/1517 6195/4450/1517
f 6214/4451/1517 6215/4449/1517 6195/4450/1517
f 6214/4451/1517 6195/4450/1517 6196/4452/1517
f 6214/4451/1517 6196/4452/1517 6197/4453/1517
f 6213/4454/1517 6214/4451/1517 6197/4453/1517
f 6213/4454/1517 6197/4453/1517 6198/4455/1517
f 6212/4456/1517 6213/4454/1517 6198/4455/1517
f 6212/4456/1517 6198/4455/1517 6199/4457/1517
f 6212/4456/1517 6199/4457/1517 6200/4458/1517
f 6211/4459/1517 6212/4456/1517 6200/4458/1517
f 6211/4459/1517 6200/4458/1517 6201/4460/1517
f 6211/4459/1517 6201/4460/1517 6202/4461/1517
f 6211/4459/1517 6202/4461/1517 6203/4462/1517
f 6211/4459/1517 6203/4462/1517 6204/4463/1517
f 6210/4464/1517 6211/4459/1517 6204/4463/1517
f 6210/4464/1517 6204/4463/1517 6205/4465/1517
f 6209/4466/1517 6210/4464/1517 6205/4465/1517
f 6208/4467/1517 6209/4466/1517 6205/4465/1517
f 6207/4468/1517 6208/4467/1517 6205/4465/1517
f 6206/4469/1517 6207/4468/1517 6205/4465/1517
s 1
f 6258/4470/1519 6255/4383/1520 6256/4471/1520
f 6260/4472/1521 6257/4473/1519 6258/4470/1519
f 6262/4474/1522 6259/4475/1521 6260/4472/1521
f 6264/4476/1523 6261/4477/1522 6262/4474/1522
f 6266/4478/1524 6263/4479/1523 6264/4476/1523
f 6268/4480/1525 6265/4481/1524 6266/4478/1524
f 6270/4482/1526 6267/4483/1525 6268/4480/1525
f 6272/4484/1527 6269/4485/1526 6270/4482/1526
f 6274/4486/1528 6271/4487/1527 6272/4484/1527
f 6276/4488/1529 6273/4489/1528 6274/4486/1528
f 6278/4490/1530 6275/4491/1529 6276/4488/1529
f 6280/4492/1531 6277/4493/1530 6278/4490/1530
f 6282/4494/1532 6279/4495/1531 6280/4492/1531
f 6284/4496/1533 6281/4497/1532 6282/4494/1532
f 6286/4498/1534 6283/4499/1533 6284/4496/1533
f 6288/4500/1535 6285/4501/1534 6286/4498/1534
f 6290/4502/1536 6287/4503/1535 6288/4500/1535
f 6292/4504/1537 6289/4505/1536 6290/4502/1536
f 6294/4506/1538 6291/4507/1537 6292/4504/1537
f 6296/4508/1539 6293/4509/1538 6294/4506/1538
f 6298/4510/1540 6295/4511/1539 6296/4508/1539
f 6300/4512/1541 6297/4513/1540 6298/4510/1540
f 6302/4514/1542 6299/4515/1541 6300/4512/1541
f 6304/4516/1543 6301/4517/1542 6302/4514/1542
f 6306/4518/1544 6303/4519/1543 6304/4516/1543
f 6308/4520/1545 6305/4521/1544 6306/4518/1544
f 6310/4522/1546 6307/4523/1545 6308/4520/1545
f 6312/4524/1547 6309/4525/1546 6310/4522/1546
f 6314/4526/1548 6311/4527/1547 6312/4524/1547
f 6316/4528/1549 6313/4529/1548 6314/4526/1548
f 6318/4530/1550 6315/4531/1549 6316/4528/1549
f 6320/4532/1551 6317/4533/1550 6318/4530/1550
f 6322/4534/1552 6319/4535/1551 6320/4532/1551
f 6324/4536/1553 6321/4537/1552 6322/4534/1552
f 6326/4538/1554 6323/4539/1553 6324/4536/1553
f 6328/4540/1555 6325/4541/1554 6326/4538/1554
f 6330/4542/1556 6327/4543/1555 6328/4540/1555
f 6332/4544/1557 6329/4545/1556 6330/4542/1556
f 6334/4546/1558 6331/4547/1557 6332/4544/1557
f 6336/4548/1559 6333/4549/1558 6334/4546/1558
f 6338/4550/1560 6335/4551/1559 6336/4548/1559
f 6340/4552/1561 6337/4553/1560 6338/4550/1560
f 6342/4554/1562 6339/4555/1561 6340/4552/1561
f 6344/4556/1563 6341/4557/1562 6342/4554/1562
f 6346/4558/1564 6343/4559/1563 6344/4556/1563
f 6348/4560/1565 6345/4561/1564 6346/4558/1564
f 6350/4562/1566 6347/4563/1565 6348/4560/1565
f 6352/4564/1567 6349/4565/1566 6350/4562/1566
f 6354/4566/1568 6351/4567/1567 6352/4564/1567
f 6356/4568/1569 6353/4569/1568 6354/4566/1568
f 6358/4570/1570 6355/4571/1571 6356/4568/1569
f 6360/4572/1572 6357/4573/1570 6358/4570/1570
f 6362/4574/1573 6359/4575/1572 6360/4572/1572
f 6364/4576/1574 6361/4577/1573 6362/4574/1573
f 6366/4578/1575 6363/4579/1574 6364/4576/1574
f 6368/4580/1576 6365/4581/1575 6366/4578/1575
f 6370/4582/1577 6367/4583/1576 6368/4580/1576
f 6372/4584/1578 6369/4585/1577 6370/4582/1577
f 6374/4586/1579 6371/4587/1578 6372/4584/1578
f 6376/4588/1580 6373/4589/1579 6374/4586/1579
f 6378/4590/1581 6375/4591/1580 6376/4588/1580
f 6380/4592/1582 6377/4593/1581 6378/4590/1581
f 6382/4594/1583 6379/4595/1582 6380/4592/1582
f 6384/4596/1584 6381/4597/1583 6382/4594/1583
f 6386/4598/1585 6383/4599/1584 6384/4596/1584
f 6388/4600/1586 6385/4601/1585 6386/4598/1585
f 6390/4602/1587 6387/4603/1586 6388/4600/1586
f 6392/4604/1588 6389/4605/1587 6390/4602/1587
f 6394/4606/1589 6391/4607/1588 6392/4604/1588
f 6396/4608/1590 6393/4609/1589 6394/4606/1589
f 6398/4610/1591 6395/4611/1590 6396/4608/1590
f 6400/4612/1592 6397/4613/1591 6398/4610/1591
f 6402/4614/1593 6399/4615/1592 6400/4612/1592
f 6404/4616/1594 6401/4617/1593 6402/4614/1593
f 6406/4618/1595 6403/4619/1594 6404/4616/1594
f 6408/4620/1596 6405/4621/1595 6406/4618/1595
f 6410/4622/1597 6407/4623/1596 6408/4620/1596
f 6412/4624/1598 6409/4625/1597 6410/4622/1597
f 6414/4626/1599 6411/4627/1598 6412/4624/1598
f 6416/4628/1600 6413/4629/1599 6414/4626/1599
f 6418/4630/1601 6415/4631/1600 6416/4628/1600
f 6420/4632/1602 6417/4633/1601 6418/4630/1601
f 6422/4634/1603 6419/4635/1602 6420/4632/1602
f 6424/4636/1604 6421/4637/1603 6422/4634/1603
f 6426/4638/1605 6423/4639/1604 6424/4636/1604
f 6428/4640/1606 6425/4641/1607 6426/4638/1605
f 6430/4642/1608 6427/4643/1606 6428/4640/1606
f 6432/4644/1609 6429/4645/1608 6430/4642/1608
f 6434/4646/1610 6431/4647/1609 6432/4644/1609
f 6436/4648/1611 6433/4649/1610 6434/4646/1610
f 6438/4650/1612 6435/4651/1611 6436/4648/1611
f 6440/4652/1613 6437/4653/1612 6438/4650/1612
f 6442/4654/1614 6439/4655/1613 6440/4652/1613
f 6444/4656/1615 6441/4657/1614 6442/4654/1614
f 6446/4658/1616 6443/4659/1615 6444/4656/1615
f 6448/4660/1617 6445/4661/1616 6446/4658/1616
f 6450/4662/1618 6447/4663/1617 6448/4660/1617
f 6452/4664/1619 6449/4665/1618 6450/4662/1618
f 6454/4666/1620 6451/4667/1619 6452/4664/1619
f 6456/4668/1621 6453/4669/1620 6454/4666/1620
f 6458/4670/1622 6455/4671/1621 6456/4668/1621
f 6460/4672/1623 6457/4673/1622 6458/4670/1622
f 6462/4674/1624 6459/4675/1623 6460/4672/1623
f 6464/4676/1625 6461/4677/1624 6462/4674/1624
f 6466/4678/1626 6463/4679/1625 6464/4676/1625
f 6468/4680/1627 6465/4681/1626 6466/4678/1626
f 6470/4682/1628 6467/4683/1627 6468/4680/1627
f 6472/4684/1629 6469/4685/1628 6470/4682/1628
f 6474/4686/1630 6471/4687/1629 6472/4684/1629
f 6476/4688/1631 6473/4689/1630 6474/4686/1630
f 6256/4690/1520 6475/4691/1631 6476/4688/1631
f 6258/4470/1519 6257/4473/1519 6255/4383/1520
f 6260/4472/1521 6259/4475/1521 6257/4473/1519
f 6262/4474/1522 6261/4477/1522 6259/4475/1521
f 6264/4476/1523 6263/4479/1523 6261/4477/1522
f 6266/4478/1524 6265/4481/1524 6263/4479/1523
f 6268/4480/1525 6267/4483/1525 6265/4481/1524
f 6270/4482/1526 6269/4485/1526 6267/4483/1525
f 6272/4484/1527 6271/4487/1527 6269/4485/1526
f 6274/4486/1528 6273/4489/1528 6271/4487/1527
f 6276/4488/1529 6275/4491/1529 6273/4489/1528
f 6278/4490/1530 6277/4493/1530 6275/4491/1529
f 6280/4492/1531 6279/4495/1531 6277/4493/1530
f 6282/4494/1532 6281/4497/1532 6279/4495/1531
f 6284/4496/1533 6283/4499/1533 6281/4497/1532
f 6286/4498/1534 6285/4501/1534 6283/4499/1533
f 6288/4500/1535 6287/4503/1535 6285/4501/1534
f 6290/4502/1536 6289/4505/1536 6287/4503/1535
f 6292/4504/1537 6291/4507/1537 6289/4505/1536
f 6294/4506/1538 6293/4509/1538 6291/4507/1537
f 6296/4508/1539 6295/4511/1539 6293/4509/1538
f 6298/4510/1540 6297/4513/1540 6295/4511/1539
f 6300/4512/1541 6299/4515/1541 6297/4513/1540
f 6302/4514/1542 6301/4517/1542 6299/4515/1541
f 6304/4516/1543 6303/4519/1543 6301/4517/1542
f 6306/4518/1544 6305/4521/1544 6303/4519/1543
f 6308/4520/1545 6307/4523/1545 6305/4521/1544
f 6310/4522/1546 6309/4525/1546 6307/4523/1545
f 6312/4524/1547 6311/4527/1547 6309/4525/1546
f 6314/4526/1548 6313/4529/1548 6311/4527/1547
f 6316/4528/1549 6315/4531/1549 6313/4529/1548
f 6318/4530/1550 6317/4533/1550 6315/4531/1549
f 6320/4532/1551 6319/4535/1551 6317/4533/1550
f 6322/4534/1552 6321/4537/1552 6319/4535/1551
f 6324/4536/1553 6323/4539/1553 6321/4537/1552
f 6326/4538/1554 6325/4541/1554 6323/4539/1553
f 6328/4540/1555 6327/4543/1555 6325/4541/1554
f 6330/4542/1556 6329/4545/1556 6327/4543/1555
f 6332/4544/1557 6331/4547/1557 6329/4545/1556
f 6334/4546/1558 6333/4549/1558 6331/4547/1557
f 6336/4548/1559 6335/4551/1559 6333/4549/1558
f 6338/4550/1560 6337/4553/1560 6335/4551/1559
f 6340/4552/1561 6339/4555/1561 6337/4553/1560
f 6342/4554/1562 6341/4557/1562 6339/4555/1561
f 6344/4556/1563 6343/4559/1563 6341/4557/1562
f 6346/4558/1564 6345/4561/1564 6343/4559/1563
f 6348/4560/1565 6347/4563/1565 6345/4561/1564
f 6350/4562/1566 6349/4565/1566 6347/4563/1565
f 6352/4564/1567 6351/4567/1567 6349/4565/1566
f 6354/4566/1568 6353/4569/1568 6351/4567/1567
f 6356/4568/1569 6355/4571/1571 6353/4569/1568
f 6358/4570/1570 6357/4573/1570 6355/4571/1571
f 6360/4572/1572 6359/4575/1572 6357/4573/1570
f 6362/4574/1573 6361/4577/1573 6359/4575/1572
f 6364/4576/1574 6363/4579/1574 6361/4577/1573
f 6366/4578/1575 6365/4581/1575 6363/4579/1574
f 6368/4580/1576 6367/4583/1576 6365/4581/1575
f 6370/4582/1577 6369/4585/1577 6367/4583/1576
f 6372/4584/1578 6371/4587/1578 6369/4585/1577
f 6374/4586/1579 6373/4589/1579 6371/4587/1578
f 6376/4588/1580 6375/4591/1580 6373/4589/1579
f 6378/4590/1581 6377/4593/1581 6375/4591/1580
f 6380/4592/1582 6379/4595/1582 6377/4593/1581
f 6382/4594/1583 6381/4597/1583 6379/4595/1582
f 6384/4596/1584 6383/4599/1584 6381/4597/1583
f 6386/4598/1585 6385/4601/1585 6383/4599/1584
f 6388/4600/1586 6387/4603/1586 6385/4601/1585
f 6390/4602/1587 6389/4605/1587 6387/4603/1586
f 6392/4604/1588 6391/4607/1588 6389/4605/1587
f 6394/4606/1589 6393/4609/1589 6391/4607/1588
f 6396/4608/1590 6395/4611/1590 6393/4609/1589
f 6398/4610/1591 6397/4613/1591 6395/4611/1590
f 6400/4612/1592 6399/4615/1592 6397/4613/1591
f 6402/4614/1593 6401/4617/1593 6399/4615/1592
f 6404/4616/1594 6403/4619/1594 6401/4617/1593
f 6406/4618/1595 6405/4621/1595 6403/4619/1594
f 6408/4620/1596 6407/4623/1596 6405/4621/1595
f 6410/4622/1597 6409/4625/1597 6407/4623/1596
f 6412/4624/1598 6411/4627/1598 6409/4625/1597
f 6414/4626/1599 6413/4629/1599 6411/4627/1598
f 6416/4628/1600 6415/4631/1600 6413/4629/1599
f 6418/4630/1601 6417/4633/1601 6415/4631/1600
f 6420/4632/1602 6419/4635/1602 6417/4633/1601
f 6422/4634/1603 6421/4637/1603 6419/4635/1602
f 6424/4636/1604 6423/4639/1604 6421/4637/1603
f 6426/4638/1605 6425/4641/1607 6423/4639/1604
f 6428/4640/1606 6427/4643/1606 6425/4641/1607
f 6430/4642/1608 6429/4645/1608 6427/4643/1606
f 6432/4644/1609 6431/4647/1609 6429/4645/1608
f 6434/4646/1610 6433/4649/1610 6431/4647/1609
f 6436/4648/1611 6435/4651/1611 6433/4649/1610
f 6438/4650/1612 6437/4653/1612 6435/4651/1611
f 6440/4652/1613 6439/4655/1613 6437/4653/1612
f 6442/4654/1614 6441/4657/1614 6439/4655/1613
f 6444/4656/1615 6443/4659/1615 6441/4657/1614
f 6446/4658/1616 6445/4661/1616 6443/4659/1615
f 6448/4660/1617 6447/4663/1617 6445/4661/1616
f 6450/4662/1618 6449/4665/1618 6447/4663/1617
f 6452/4664/1619 6451/4667/1619 6449/4665/1618
f 6454/4666/1620 6453/4669/1620 6451/4667/1619
f 6456/4668/1621 6455/4671/1621 6453/4669/1620
f 6458/4670/1622 6457/4673/1622 6455/4671/1621
f 6460/4672/1623 6459/4675/1623 6457/4673/1622
f 6462/4674/1624 6461/4677/1624 6459/4675/1623
f 6464/4676/1625 6463/4679/1625 6461/4677/1624
f 6466/4678/1626 6465/4681/1626 6463/4679/1625
f 6468/4680/1627 6467/4683/1627 6465/4681/1626
f 6470/4682/1628 6469/4685/1628 6467/4683/1627
f 6472/4684/1629 6471/4687/1629 6469/4685/1628
f 6474/4686/1630 6473/4689/1630 6471/4687/1629
f 6476/4688/1631 6475/4691/1631 6473/4689/1630
f 6256/4690/1520 6255/4384/1520 6475/4691/1631
o Text.009
v -9.065042 0.625780 -0.070000
v -9.043884 0.607834 -0.070000
v -9.020573 0.588374 -0.070000
v -8.995616 0.567769 -0.070000
v -8.969520 0.546386 -0.070000
v -8.942792 0.524593 -0.070000
v -8.915938 0.502759 -0.070000
v -8.889467 0.481251 -0.070000
v -8.863885 0.460437 -0.070000
v -8.839699 0.440686 -0.070000
v -8.817415 0.422365 -0.070000
v -8.797542 0.405843 -0.070000
v -8.783774 0.393780 -0.070000
v -8.772486 0.382922 -0.070000
v -8.763698 0.373015 -0.070000
v -8.757431 0.363806 -0.070000
v -8.753705 0.355042 -0.070000
v -8.752542 0.346468 -0.070000
v -8.753962 0.337832 -0.070000
v -8.757986 0.328880 -0.070000
v -8.764635 0.319359 -0.070000
v -8.773931 0.309014 -0.070000
v -8.785892 0.297594 -0.070000
v -8.800542 0.284843 -0.070000
v -8.824992 0.264967 -0.070000
v -8.852482 0.242584 -0.070000
v -8.882463 0.218062 -0.070000
v -8.914393 0.191769 -0.070000
v -8.947726 0.164073 -0.070000
v -8.981916 0.135343 -0.070000
v -9.016419 0.105946 -0.070000
v -9.050690 0.076251 -0.070000
v -9.084183 0.046624 -0.070000
v -9.116352 0.017436 -0.070000
v -9.146653 -0.010947 -0.070000
v -9.174541 -0.038157 -0.070000
v -9.103541 -0.104157 -0.070000
v -9.098250 -0.098137 -0.070000
v -9.092875 -0.092083 -0.070000
v -9.087417 -0.086001 -0.070000
v -9.081875 -0.079898 -0.070000
v -9.076250 -0.073781 -0.070000
v -9.070541 -0.067657 -0.070000
v -9.064750 -0.061533 -0.070000
v -9.058875 -0.055416 -0.070000
v -9.052917 -0.049313 -0.070000
v -9.046875 -0.043231 -0.070000
v -9.040750 -0.037176 -0.070000
v -9.034542 -0.031157 -0.070000
v -9.015415 -0.012013 -0.070000
v -8.993361 0.009163 -0.070000
v -8.968870 0.031984 -0.070000
v -8.942430 0.056065 -0.070000
v -8.914533 0.081022 -0.070000
v -8.885667 0.106468 -0.070000
v -8.856321 0.132019 -0.070000
v -8.826986 0.157288 -0.070000
v -8.798151 0.181890 -0.070000
v -8.770306 0.205440 -0.070000
v -8.743939 0.227553 -0.070000
v -8.719542 0.247843 -0.070000
v -8.698004 0.266883 -0.070000
v -8.680824 0.284663 -0.070000
v -8.667901 0.301421 -0.070000
v -8.659134 0.317399 -0.070000
v -8.654423 0.332835 -0.070000
v -8.653666 0.347968 -0.070000
v -8.656764 0.363039 -0.070000
v -8.663616 0.378288 -0.070000
v -8.674120 0.393953 -0.070000
v -8.688176 0.410274 -0.070000
v -8.705684 0.427491 -0.070000
v -8.726542 0.445843 -0.070000
v -8.746802 0.462718 -0.070000
v -8.769713 0.481593 -0.070000
v -8.794714 0.502093 -0.070000
v -8.821245 0.523843 -0.070000
v -8.848749 0.546468 -0.070000
v -8.876667 0.569593 -0.070000
v -8.904438 0.592843 -0.070000
v -8.931504 0.615843 -0.070000
v -8.957307 0.638218 -0.070000
v -8.981287 0.659593 -0.070000
v -9.002885 0.679593 -0.070000
v -9.021542 0.697843 -0.070000
v -9.026635 0.703000 -0.070000
v -9.031875 0.708431 -0.070000
v -9.037198 0.714078 -0.070000
v -9.042542 0.719880 -0.070000
v -9.047844 0.725780 -0.070000
v -9.053041 0.731718 -0.070000
v -9.058073 0.737635 -0.070000
v -9.062875 0.743473 -0.070000
v -9.067386 0.749171 -0.070000
v -9.071542 0.754672 -0.070000
v -9.075281 0.759916 -0.070000
v -9.078542 0.764843 -0.070000
v -9.152542 0.698843 -0.070000
v -9.147098 0.694418 -0.070000
v -9.141319 0.689690 -0.070000
v -9.135292 0.684734 -0.070000
v -9.129097 0.679621 -0.070000
v -9.122820 0.674425 -0.070000
v -9.116542 0.669218 -0.070000
v -9.110347 0.664074 -0.070000
v -9.104320 0.659065 -0.070000
v -9.098541 0.654265 -0.070000
v -9.093098 0.649746 -0.070000
v -9.088070 0.645581 -0.070000
v -9.083542 0.641843 -0.070000
v -9.065042 0.625780 0.070000
v -9.043884 0.607834 0.070000
v -9.020573 0.588374 0.070000
v -8.995616 0.567769 0.070000
v -8.969520 0.546386 0.070000
v -8.942792 0.524593 0.070000
v -8.915938 0.502759 0.070000
v -8.889467 0.481251 0.070000
v -8.863885 0.460437 0.070000
v -8.839699 0.440686 0.070000
v -8.817415 0.422365 0.070000
v -8.797542 0.405843 0.070000
v -8.783774 0.393780 0.070000
v -8.772486 0.382922 0.070000
v -8.763698 0.373015 0.070000
v -8.757431 0.363806 0.070000
v -8.753705 0.355042 0.070000
v -8.752542 0.346468 0.070000
v -8.753962 0.337832 0.070000
v -8.757986 0.328880 0.070000
v -8.764635 0.319359 0.070000
v -8.773931 0.309014 0.070000
v -8.785892 0.297594 0.070000
v -8.800542 0.284843 0.070000
v -8.824992 0.264967 0.070000
v -8.852482 0.242584 0.070000
v -8.882463 0.218062 0.070000
v -8.914393 0.191769 0.070000
v -8.947726 0.164073 0.070000
v -8.981916 0.135343 0.070000
v -9.016419 0.105946 0.070000
v -9.050690 0.076251 0.070000
v -9.084183 0.046624 0.070000
v -9.116352 0.017436 0.070000
v -9.146653 -0.010947 0.070000
v -9.174541 -0.038157 0.070000
v -9.103541 -0.104157 0.070000
v -9.098250 -0.098137 0.070000
v -9.092875 -0.092083 0.070000
v -9.087417 -0.086001 0.070000
v -9.081875 -0.079898 0.070000
v -9.076250 -0.073781 0.070000
v -9.070541 -0.067657 0.070000
v -9.064750 -0.061533 0.070000
v -9.058875 -0.055416 0.070000
v -9.052917 -0.049313 0.070000
v -9.046875 -0.043231 0.070000
v -9.040750 -0.037177 0.070000
v -9.034542 -0.031157 0.070000
v -9.015415 -0.012013 0.070000
v -8.993361 0.009163 0.070000
v -8.968870 0.031984 0.070000
v -8.942430 0.056065 0.070000
v -8.914533 0.081022 0.070000
v -8.885667 0.106468 0.070000
v -8.856321 0.132019 0.070000
v -8.826986 0.157288 0.070000
v -8.798151 0.181890 0.070000
v -8.770306 0.205440 0.070000
v -8.743939 0.227553 0.070000
v -8.719542 0.247843 0.070000
v -8.698004 0.266883 0.070000
v -8.680824 0.284663 0.070000
v -8.667901 0.301421 0.070000
v -8.659134 0.317399 0.070000
v -8.654423 0.332835 0.070000
v -8.653666 0.347968 0.070000
v -8.656764 0.363039 0.070000
v -8.663616 0.378288 0.070000
v -8.674120 0.393953 0.070000
v -8.688176 0.410274 0.070000
v -8.705684 0.427491 0.070000
v -8.726542 0.445843 0.070000
v -8.746802 0.462718 0.070000
v -8.769713 0.481593 0.070000
v -8.794714 0.502093 0.070000
v -8.821245 0.523843 0.070000
v -8.848749 0.546468 0.070000
v -8.876667 0.569593 0.070000
v -8.904438 0.592843 0.070000
v -8.931504 0.615843 0.070000
v -8.957307 0.638218 0.070000
v -8.981287 0.659593 0.070000
v -9.002885 0.679593 0.070000
v -9.021542 0.697843 0.070000
v -9.026635 0.703000 0.070000
v -9.031875 0.708431 0.070000
v -9.037198 0.714078 0.070000
v -9.042542 0.719880 0.070000
v -9.047844 0.725780 0.070000
v -9.053041 0.731718 0.070000
v -9.058073 0.737635 0.070000
v -9.062875 0.743473 0.070000
v -9.067386 0.749171 0.070000
v -9.071542 0.754672 0.070000
v -9.075281 0.759916 0.070000
v -9.078542 0.764843 0.070000
v -9.152542 0.698843 0.070000
v -9.147098 0.694418 0.070000
v -9.141319 0.689690 0.070000
v -9.135292 0.684734 0.070000
v -9.129097 0.679621 0.070000
v -9.122820 0.674425 0.070000
v -9.116542 0.669218 0.070000
v -9.110347 0.664074 0.070000
v -9.104320 0.659065 0.070000
v -9.098541 0.654265 0.070000
v -9.093098 0.649746 0.070000
v -9.088070 0.645581 0.070000
v -9.083542 0.641843 0.070000
v -9.065042 0.625780 0.070000
v -9.065042 0.625780 -0.070000
v -9.043884 0.607834 0.070000
v -9.043884 0.607834 -0.070000
v -9.020573 0.588374 0.070000
v -9.020573 0.588374 -0.070000
v -8.995616 0.567769 0.070000
v -8.995616 0.567769 -0.070000
v -8.969520 0.546386 0.070000
v -8.969520 0.546386 -0.070000
v -8.942792 0.524593 0.070000
v -8.942792 0.524593 -0.070000
v -8.915938 0.502759 0.070000
v -8.915938 0.502759 -0.070000
v -8.889467 0.481251 0.070000
v -8.889467 0.481251 -0.070000
v -8.863885 0.460437 0.070000
v -8.863885 0.460437 -0.070000
v -8.839699 0.440686 0.070000
v -8.839699 0.440686 -0.070000
v -8.817415 0.422365 0.070000
v -8.817415 0.422365 -0.070000
v -8.797542 0.405843 0.070000
v -8.797542 0.405843 -0.070000
v -8.783774 0.393780 0.070000
v -8.783774 0.393780 -0.070000
v -8.772486 0.382922 0.070000
v -8.772486 0.382922 -0.070000
v -8.763698 0.373015 0.070000
v -8.763698 0.373015 -0.070000
v -8.757431 0.363806 0.070000
v -8.757431 0.363806 -0.070000
v -8.753705 0.355042 0.070000
v -8.753705 0.355042 -0.070000
v -8.752542 0.346468 0.070000
v -8.752542 0.346468 -0.070000
v -8.753962 0.337832 0.070000
v -8.753962 0.337832 -0.070000
v -8.757986 0.328880 0.070000
v -8.757986 0.328880 -0.070000
v -8.764635 0.319359 0.070000
v -8.764635 0.319359 -0.070000
v -8.773931 0.309014 0.070000
v -8.773931 0.309014 -0.070000
v -8.785892 0.297594 0.070000
v -8.785892 0.297594 -0.070000
v -8.800542 0.284843 0.070000
v -8.800542 0.284843 -0.070000
v -8.824992 0.264967 0.070000
v -8.824992 0.264967 -0.070000
v -8.852482 0.242584 0.070000
v -8.852482 0.242584 -0.070000
v -8.882463 0.218062 0.070000
v -8.882463 0.218062 -0.070000
v -8.914393 0.191769 0.070000
v -8.914393 0.191769 -0.070000
v -8.947726 0.164073 0.070000
v -8.947726 0.164073 -0.070000
v -8.981916 0.135343 0.070000
v -8.981916 0.135343 -0.070000
v -9.016419 0.105946 0.070000
v -9.016419 0.105946 -0.070000
v -9.050690 0.076251 0.070000
v -9.050690 0.076251 -0.070000
v -9.084183 0.046624 0.070000
v -9.084183 0.046624 -0.070000
v -9.116352 0.017436 0.070000
v -9.116352 0.017436 -0.070000
v -9.146653 -0.010947 0.070000
v -9.146653 -0.010947 -0.070000
v -9.174541 -0.038157 0.070000
v -9.174541 -0.038157 -0.070000
v -9.103541 -0.104157 0.070000
v -9.103541 -0.104157 -0.070000
v -9.098250 -0.098137 0.070000
v -9.098250 -0.098137 -0.070000
v -9.092875 -0.092083 0.070000
v -9.092875 -0.092083 -0.070000
v -9.087417 -0.086001 0.070000
v -9.087417 -0.086001 -0.070000
v -9.081875 -0.079898 0.070000
v -9.081875 -0.079898 -0.070000
v -9.076250 -0.073781 0.070000
v -9.076250 -0.073781 -0.070000
v -9.070541 -0.067657 0.070000
v -9.070541 -0.067657 -0.070000
v -9.064750 -0.061533 0.070000
v -9.064750 -0.061533 -0.070000
v -9.058875 -0.055416 0.070000
v -9.058875 -0.055416 -0.070000
v -9.052917 -0.049313 0.070000
v -9.052917 -0.049313 -0.070000
v -9.046875 -0.043231 0.070000
v -9.046875 -0.043231 -0.070000
v -9.040750 -0.037177 0.070000
v -9.040750 -0.037176 -0.070000
v -9.034542 -0.031157 0.070000
v -9.034542 -0.031157 -0.070000
v -9.015415 -0.012013 0.070000
v -9.015415 -0.012013 -0.070000
v -8.993361 0.009163 0.070000
v -8.993361 0.009163 -0.070000
v -8.968870 0.031984 0.070000
v -8.968870 0.031984 -0.070000
v -8.942430 0.056065 0.070000
v -8.942430 0.056065 -0.070000
v -8.914533 0.081022 0.070000
v -8.914533 0.081022 -0.070000
v -8.885667 0.106468 0.070000
v -8.885667 0.106468 -0.070000
v -8.856321 0.132019 0.070000
v -8.856321 0.132019 -0.070000
v -8.826986 0.157288 0.070000
v -8.826986 0.157288 -0.070000
v -8.798151 0.181890 0.070000
v -8.798151 0.181890 -0.070000
v -8.770306 0.205440 0.070000
v -8.770306 0.205440 -0.070000
v -8.743939 0.227553 0.070000
v -8.743939 0.227553 -0.070000
v -8.719542 0.247843 0.070000
v -8.719542 0.247843 -0.070000
v -8.698004 0.266883 0.070000
v -8.698004 0.266883 -0.070000
v -8.680824 0.284663 0.070000
v -8.680824 0.284663 -0.070000
v -8.667901 0.301421 0.070000
v -8.667901 0.301421 -0.070000
v -8.659134 0.317399 0.070000
v -8.659134 0.317399 -0.070000
v -8.654423 0.332835 0.070000
v -8.654423 0.332835 -0.070000
v -8.653666 0.347968 0.070000
v -8.653666 0.347968 -0.070000
v -8.656764 0.363039 0.070000
v -8.656764 0.363039 -0.070000
v -8.663616 0.378288 0.070000
v -8.663616 0.378288 -0.070000
v -8.674120 0.393953 0.070000
v -8.674120 0.393953 -0.070000
v -8.688176 0.410274 0.070000
v -8.688176 0.410274 -0.070000
v -8.705684 0.427491 0.070000
v -8.705684 0.427491 -0.070000
v -8.726542 0.445843 0.070000
v -8.726542 0.445843 -0.070000
v -8.746802 0.462718 0.070000
v -8.746802 0.462718 -0.070000
v -8.769713 0.481593 0.070000
v -8.769713 0.481593 -0.070000
v -8.794714 0.502093 0.070000
v -8.794714 0.502093 -0.070000
v -8.821245 0.523843 0.070000
v -8.821245 0.523843 -0.070000
v -8.848749 0.546468 0.070000
v -8.848749 0.546468 -0.070000
v -8.876667 0.569593 0.070000
v -8.876667 0.569593 -0.070000
v -8.904438 0.592843 0.070000
v -8.904438 0.592843 -0.070000
v -8.931504 0.615843 0.070000
v -8.931504 0.615843 -0.070000
v -8.957307 0.638218 0.070000
v -8.957307 0.638218 -0.070000
v -8.981287 0.659593 0.070000
v -8.981287 0.659593 -0.070000
v -9.002885 0.679593 0.070000
v -9.002885 0.679593 -0.070000
v -9.021542 0.697843 0.070000
v -9.021542 0.697843 -0.070000
v -9.026635 0.703000 0.070000
v -9.026635 0.703000 -0.070000
v -9.031875 0.708431 0.070000
v -9.031875 0.708431 -0.070000
v -9.037198 0.714078 0.070000
v -9.037198 0.714078 -0.070000
v -9.042542 0.719880 0.070000
v -9.042542 0.719880 -0.070000
v -9.047844 0.725780 0.070000
v -9.047844 0.725780 -0.070000
v -9.053041 0.731718 0.070000
v -9.053041 0.731718 -0.070000
v -9.058073 0.737635 0.070000
v -9.058073 0.737635 -0.070000
v -9.062875 0.743473 0.070000
v -9.062875 0.743473 -0.070000
v -9.067386 0.749171 0.070000
v -9.067386 0.749171 -0.070000
v -9.071542 0.754672 0.070000
v -9.071542 0.754672 -0.070000
v -9.075281 0.759916 0.070000
v -9.075281 0.759916 -0.070000
v -9.078542 0.764843 0.070000
v -9.078542 0.764843 -0.070000
v -9.152542 0.698843 0.070000
v -9.152542 0.698843 -0.070000
v -9.147098 0.694418 0.070000
v -9.147098 0.694418 -0.070000
v -9.141319 0.689690 0.070000
v -9.141319 0.689690 -0.070000
v -9.135292 0.684734 0.070000
v -9.135292 0.684734 -0.070000
v -9.129097 0.679621 0.070000
v -9.129097 0.679621 -0.070000
v -9.122820 0.674425 0.070000
v -9.122820 0.674425 -0.070000
v -9.116542 0.669218 0.070000
v -9.116542 0.669218 -0.070000
v -9.110347 0.664074 0.070000
v -9.110347 0.664074 -0.070000
v -9.104320 0.659065 0.070000
v -9.104320 0.659065 -0.070000
v -9.098541 0.654265 0.070000
v -9.098541 0.654265 -0.070000
v -9.093098 0.649746 0.070000
v -9.093098 0.649746 -0.070000
v -9.088070 0.645581 0.070000
v -9.088070 0.645581 -0.070000
v -9.083542 0.641843 0.070000
v -9.083542 0.641843 -0.070000
vn -0.0000 -0.0000 -1.0000
vn -0.0000 -0.0000 1.0000
vn -0.6438 -0.7652 -0.0000
vn -0.6513 -0.7589 -0.0000
vn -0.6388 -0.7694 -0.0000
vn -0.6352 -0.7723 -0.0000
vn -0.6329 -0.7743 -0.0000
vn -0.6314 -0.7755 -0.0000
vn -0.6307 -0.7760 -0.0000
vn -0.6309 -0.7759 -0.0000
vn -0.6318 -0.7751 -0.0000
vn -0.6338 -0.7735 -0.0000
vn -0.6372 -0.7707 -0.0000
vn -0.6492 -0.7606 -0.0000
vn -0.6763 -0.7366 -0.0000
vn -0.7212 -0.6927 -0.0000
vn -0.7890 -0.6144 -0.0000
vn -0.8777 -0.4792 -0.0000
vn -0.9642 -0.2652 -0.0000
vn -0.9999 0.0141 -0.0000
vn -0.9575 0.2886 -0.0000
vn -0.8698 0.4934 -0.0000
vn -0.7833 0.6216 -0.0000
vn -0.7177 0.6963 -0.0000
vn -0.6737 0.7390 -0.0000
vn -0.6437 0.7652 -0.0000
vn -0.6311 0.7757 -0.0000
vn -0.6323 0.7748 -0.0000
vn -0.6344 0.7730 -0.0000
vn -0.6374 0.7706 -0.0000
vn -0.6412 0.7674 -0.0000
vn -0.6459 0.7634 -0.0000
vn -0.6517 0.7585 -0.0000
vn -0.6587 0.7524 -0.0000
vn -0.6673 0.7448 -0.0000
vn -0.6778 0.7352 -0.0000
vn -0.6910 0.7228 -0.0000
vn -0.9999 -0.0121 -0.0000
vn 0.0503 -0.9987 -0.0000
vn 0.7494 -0.6621 -0.0000
vn 0.0504 -0.9987 -0.0000
vn 0.7460 -0.6659 -0.0000
vn 0.7423 -0.6701 -0.0000
vn 0.7382 -0.6746 -0.0000
vn 0.7338 -0.6794 -0.0000
vn 0.7290 -0.6845 -0.0000
vn 0.7239 -0.6899 -0.0000
vn 0.7184 -0.6956 -0.0000
vn 0.7125 -0.7017 -0.0000
vn 0.7062 -0.7080 -0.0000
vn 0.6996 -0.7146 -0.0000
vn 0.7018 -0.7124 -0.0000
vn 0.7000 -0.7141 -0.0000
vn 0.6872 -0.7265 -0.0000
vn 0.6776 -0.7355 -0.0000
vn 0.6701 -0.7423 -0.0000
vn 0.6640 -0.7477 -0.0000
vn 0.6590 -0.7522 -0.0000
vn 0.6547 -0.7559 -0.0000
vn 0.6509 -0.7592 -0.0000
vn 0.6474 -0.7621 -0.0000
vn 0.6442 -0.7649 -0.0000
vn 0.6410 -0.7675 -0.0000
vn 0.6509 -0.7591 -0.0000
vn 0.6913 -0.7226 -0.0000
vn 0.7567 -0.6538 -0.0000
vn 0.8368 -0.5475 -0.0000
vn 0.9214 -0.3885 -0.0000
vn 0.9851 -0.1722 -0.0000
vn 0.9971 0.0763 -0.0000
vn 0.9516 0.3074 -0.0000
vn 0.8745 0.4851 -0.0000
vn 0.7956 0.6058 -0.0000
vn 0.7301 0.6834 -0.0000
vn 0.6811 0.7322 -0.0000
vn 0.6503 0.7596 -0.0000
vn 0.6379 0.7701 -0.0000
vn 0.6350 0.7725 -0.0000
vn 0.6340 0.7733 -0.0000
vn 0.6346 0.7728 -0.0000
vn 0.6366 0.7712 -0.0000
vn 0.6399 0.7684 -0.0000
vn 0.6447 0.7644 -0.0000
vn 0.6514 0.7588 -0.0000
vn 0.6603 0.7510 -0.0000
vn 0.6513 0.7588 -0.0000
vn 0.6725 0.7401 -0.0000
vn 0.6894 0.7244 -0.0000
vn 0.7054 0.7088 -0.0000
vn 0.7156 0.6985 -0.0000
vn 0.7237 0.6901 -0.0000
vn 0.7316 0.6817 -0.0000
vn 0.7397 0.6729 -0.0000
vn 0.7481 0.6635 -0.0000
vn 0.7572 0.6532 -0.0000
vn 0.7481 0.6636 -0.0000
vn 0.7671 0.6416 -0.0000
vn 0.7782 0.6280 -0.0000
vn 0.7910 0.6118 -0.0000
vn 0.8061 0.5918 -0.0000
vn 0.8242 0.5663 -0.0000
vn 0.1286 0.9917 -0.0000
vn -0.9997 -0.0229 -0.0000
vn -0.6320 -0.7750 -0.0000
vn -0.6342 -0.7732 -0.0000
vn -0.6358 -0.7718 -0.0000
vn -0.6371 -0.7708 -0.0000
vn -0.6380 -0.7700 -0.0000
vn -0.6386 -0.7695 -0.0000
vn -0.6390 -0.7692 -0.0000
vn -0.6391 -0.7692 -0.0000
vn -0.6389 -0.7693 -0.0000
vn -0.6391 -0.7691 -0.0000
vn -0.6383 -0.7698 -0.0000
vn -0.6373 -0.7706 -0.0000
vn -0.6462 -0.7632 -0.0000
vt 0.207390 0.782431
vt 0.208565 0.782431
vt 0.207978 0.782431
vt 0.206803 0.782431
vt 0.206215 0.782431
vt 0.205627 0.782431
vt 0.205040 0.782431
vt 0.204452 0.782431
vt 0.203865 0.782431
vt 0.203277 0.782431
vt 0.202690 0.782431
vt 0.202102 0.782431
vt 0.201514 0.782431
vt 0.200927 0.782431
vt 0.209153 0.782431
vt 0.200339 0.782431
vt 0.209740 0.782431
vt 0.210328 0.782431
vt 0.210916 0.782431
vt 0.211503 0.782431
vt 0.199752 0.782431
vt 0.212091 0.782431
vt 0.212678 0.782431
vt 0.213266 0.782431
vt 0.199164 0.782431
vt 0.213853 0.782431
vt 0.214441 0.782431
vt 0.215028 0.782431
vt 0.215616 0.782431
vt 0.151572 0.782431
vt 0.198577 0.782431
vt 0.152159 0.782431
vt 0.197989 0.782431
vt 0.152747 0.782431
vt 0.197402 0.782431
vt 0.153334 0.782431
vt 0.196814 0.782431
vt 0.153922 0.782431
vt 0.196226 0.782431
vt 0.154509 0.782431
vt 0.155097 0.782431
vt 0.195639 0.782431
vt 0.155685 0.782431
vt 0.195051 0.782431
vt 0.194464 0.782431
vt 0.156272 0.782431
vt 0.193876 0.782431
vt 0.156860 0.782431
vt 0.193289 0.782431
vt 0.157447 0.782431
vt 0.192701 0.782431
vt 0.158035 0.782431
vt 0.192113 0.782431
vt 0.158622 0.782431
vt 0.191526 0.782431
vt 0.159210 0.782431
vt 0.159797 0.782431
vt 0.190938 0.782431
vt 0.160385 0.782431
vt 0.160973 0.782431
vt 0.190351 0.782431
vt 0.161560 0.782431
vt 0.189763 0.782431
vt 0.162148 0.782431
vt 0.162735 0.782431
vt 0.189176 0.782431
vt 0.163323 0.782431
vt 0.163910 0.782431
vt 0.188588 0.782431
vt 0.164498 0.782431
vt 0.188001 0.782431
vt 0.165086 0.782431
vt 0.165673 0.782431
vt 0.187413 0.782431
vt 0.186825 0.782431
vt 0.166261 0.782431
vt 0.186238 0.782431
vt 0.166848 0.782431
vt 0.185650 0.782431
vt 0.167436 0.782431
vt 0.185063 0.782431
vt 0.168023 0.782431
vt 0.184475 0.782431
vt 0.168611 0.782431
vt 0.183888 0.782431
vt 0.169198 0.782431
vt 0.183300 0.782431
vt 0.182712 0.782431
vt 0.169786 0.782431
vt 0.182125 0.782431
vt 0.170374 0.782431
vt 0.181537 0.782431
vt 0.170961 0.782431
vt 0.180950 0.782431
vt 0.171549 0.782431
vt 0.180362 0.782431
vt 0.172136 0.782431
vt 0.179775 0.782431
vt 0.179187 0.782431
vt 0.178600 0.782431
vt 0.178012 0.782431
vt 0.177424 0.782431
vt 0.176837 0.782431
vt 0.176249 0.782431
vt 0.175662 0.782431
vt 0.175074 0.782431
vt 0.174487 0.782431
vt 0.173899 0.782431
vt 0.173311 0.782431
vt 0.172724 0.782431
vt 0.152154 0.846475
vt 0.151572 0.846475
vt 0.152736 0.846475
vt 0.152154 0.782431
vt 0.153318 0.846475
vt 0.152736 0.782431
vt 0.153900 0.846475
vt 0.153318 0.782431
vt 0.154483 0.846475
vt 0.153900 0.782431
vt 0.155065 0.846475
vt 0.154483 0.782431
vt 0.155647 0.846475
vt 0.155065 0.782431
vt 0.156229 0.846475
vt 0.155647 0.782431
vt 0.156812 0.846475
vt 0.156229 0.782431
vt 0.157394 0.846475
vt 0.156812 0.782431
vt 0.157976 0.846475
vt 0.157394 0.782431
vt 0.158558 0.846475
vt 0.157976 0.782431
vt 0.159140 0.846475
vt 0.158558 0.782431
vt 0.159723 0.846475
vt 0.159140 0.782431
vt 0.160305 0.846475
vt 0.159723 0.782431
vt 0.160887 0.846475
vt 0.160305 0.782431
vt 0.161469 0.846475
vt 0.160887 0.782431
vt 0.162052 0.846475
vt 0.161469 0.782431
vt 0.162634 0.846475
vt 0.162052 0.782431
vt 0.163216 0.846475
vt 0.162634 0.782431
vt 0.163798 0.846475
vt 0.163216 0.782431
vt 0.164380 0.846475
vt 0.163798 0.782431
vt 0.164963 0.846475
vt 0.164380 0.782431
vt 0.165545 0.846475
vt 0.164963 0.782431
vt 0.166127 0.846475
vt 0.165545 0.782431
vt 0.166709 0.846475
vt 0.166127 0.782431
vt 0.167292 0.846475
vt 0.166709 0.782431
vt 0.167874 0.846475
vt 0.167292 0.782431
vt 0.168456 0.846475
vt 0.167874 0.782431
vt 0.169038 0.846475
vt 0.168456 0.782431
vt 0.169620 0.846475
vt 0.169038 0.782431
vt 0.170203 0.846475
vt 0.169620 0.782431
vt 0.170785 0.846475
vt 0.170203 0.782431
vt 0.171367 0.846475
vt 0.170785 0.782431
vt 0.171949 0.846475
vt 0.171367 0.782431
vt 0.172532 0.846475
vt 0.171949 0.782431
vt 0.173114 0.846475
vt 0.172532 0.782431
vt 0.173696 0.846475
vt 0.173114 0.782431
vt 0.174278 0.846475
vt 0.173696 0.782431
vt 0.174860 0.846475
vt 0.174278 0.782431
vt 0.175443 0.846475
vt 0.174860 0.782431
vt 0.176025 0.846475
vt 0.175443 0.782431
vt 0.176607 0.846475
vt 0.176025 0.782431
vt 0.177189 0.846475
vt 0.176607 0.782431
vt 0.177772 0.846475
vt 0.177189 0.782431
vt 0.178354 0.846475
vt 0.177772 0.782431
vt 0.178936 0.846475
vt 0.178354 0.782431
vt 0.179518 0.846475
vt 0.178936 0.782431
vt 0.180100 0.846475
vt 0.179518 0.782431
vt 0.180683 0.846475
vt 0.180100 0.782431
vt 0.181265 0.846475
vt 0.180683 0.782431
vt 0.181847 0.846475
vt 0.181265 0.782431
vt 0.182429 0.846475
vt 0.181847 0.782431
vt 0.183012 0.846475
vt 0.182429 0.782431
vt 0.183594 0.846475
vt 0.183012 0.782431
vt 0.184176 0.846475
vt 0.183594 0.782431
vt 0.184758 0.846475
vt 0.184176 0.782431
vt 0.185340 0.846475
vt 0.184758 0.782431
vt 0.185923 0.846475
vt 0.185340 0.782431
vt 0.186505 0.846475
vt 0.185923 0.782431
vt 0.187087 0.846475
vt 0.186505 0.782431
vt 0.187669 0.846475
vt 0.187087 0.782431
vt 0.188252 0.846475
vt 0.187669 0.782431
vt 0.188834 0.846475
vt 0.188252 0.782431
vt 0.189416 0.846475
vt 0.188834 0.782431
vt 0.189998 0.846475
vt 0.189416 0.782431
vt 0.190580 0.846475
vt 0.189998 0.782431
vt 0.191163 0.846475
vt 0.190580 0.782431
vt 0.191745 0.846475
vt 0.191163 0.782431
vt 0.192327 0.846475
vt 0.191745 0.782431
vt 0.192909 0.846475
vt 0.192327 0.782431
vt 0.193492 0.846475
vt 0.192909 0.782431
vt 0.194074 0.846475
vt 0.193492 0.782431
vt 0.194656 0.846475
vt 0.194074 0.782431
vt 0.195238 0.846475
vt 0.194656 0.782431
vt 0.195820 0.846475
vt 0.195238 0.782431
vt 0.196403 0.846475
vt 0.195820 0.782431
vt 0.196985 0.846475
vt 0.196403 0.782431
vt 0.197567 0.846475
vt 0.196985 0.782431
vt 0.198149 0.846475
vt 0.197567 0.782431
vt 0.198732 0.846475
vt 0.198149 0.782431
vt 0.199314 0.846475
vt 0.198732 0.782431
vt 0.199896 0.846475
vt 0.199314 0.782431
vt 0.200478 0.846475
vt 0.199896 0.782431
vt 0.201060 0.846475
vt 0.200478 0.782431
vt 0.201643 0.846475
vt 0.201060 0.782431
vt 0.202225 0.846475
vt 0.201643 0.782431
vt 0.202807 0.846475
vt 0.202225 0.782431
vt 0.203389 0.846475
vt 0.202807 0.782431
vt 0.203972 0.846475
vt 0.203389 0.782431
vt 0.204554 0.846475
vt 0.203972 0.782431
vt 0.205136 0.846475
vt 0.204554 0.782431
vt 0.205718 0.846475
vt 0.205136 0.782431
vt 0.206300 0.846475
vt 0.205718 0.782431
vt 0.206883 0.846475
vt 0.206300 0.782431
vt 0.207465 0.846475
vt 0.206883 0.782431
vt 0.208047 0.846475
vt 0.207465 0.782431
vt 0.208629 0.846475
vt 0.208047 0.782431
vt 0.209212 0.846475
vt 0.208629 0.782431
vt 0.209794 0.846475
vt 0.209212 0.782431
vt 0.210376 0.846475
vt 0.209794 0.782431
vt 0.210958 0.846475
vt 0.210376 0.782431
vt 0.211540 0.846475
vt 0.210958 0.782431
vt 0.212123 0.846475
vt 0.211540 0.782431
vt 0.212705 0.846475
vt 0.212123 0.782431
vt 0.213287 0.846475
vt 0.212705 0.782431
vt 0.213869 0.846475
vt 0.213287 0.782431
vt 0.214452 0.846475
vt 0.213869 0.782431
vt 0.215034 0.846475
vt 0.214452 0.782431
vt 0.215616 0.846475
vt 0.215034 0.782431
s 0
usemtl Material.001
f 6572/4692/1632 6574/4693/1632 6573/4694/1632
f 6571/4695/1632 6574/4693/1632 6572/4692/1632
f 6570/4696/1632 6574/4693/1632 6571/4695/1632
f 6569/4697/1632 6574/4693/1632 6570/4696/1632
f 6568/4698/1632 6574/4693/1632 6569/4697/1632
f 6567/4699/1632 6574/4693/1632 6568/4698/1632
f 6566/4700/1632 6574/4693/1632 6567/4699/1632
f 6565/4701/1632 6574/4693/1632 6566/4700/1632
f 6564/4702/1632 6574/4693/1632 6565/4701/1632
f 6563/4703/1632 6574/4693/1632 6564/4702/1632
f 6562/4704/1632 6574/4693/1632 6563/4703/1632
f 6561/4705/1632 6574/4693/1632 6562/4704/1632
f 6561/4705/1632 6575/4706/1632 6574/4693/1632
f 6560/4707/1632 6575/4706/1632 6561/4705/1632
f 6560/4707/1632 6576/4708/1632 6575/4706/1632
f 6560/4707/1632 6577/4709/1632 6576/4708/1632
f 6560/4707/1632 6578/4710/1632 6577/4709/1632
f 6560/4707/1632 6579/4711/1632 6578/4710/1632
f 6559/4712/1632 6579/4711/1632 6560/4707/1632
f 6559/4712/1632 6580/4713/1632 6579/4711/1632
f 6559/4712/1632 6581/4714/1632 6580/4713/1632
f 6559/4712/1632 6582/4715/1632 6581/4714/1632
f 6558/4716/1632 6582/4715/1632 6559/4712/1632
f 6558/4716/1632 6583/4717/1632 6582/4715/1632
f 6558/4716/1632 6584/4718/1632 6583/4717/1632
f 6558/4716/1632 6585/4719/1632 6584/4718/1632
f 6558/4716/1632 6586/4720/1632 6585/4719/1632
f 6558/4716/1632 6477/4721/1632 6586/4720/1632
f 6557/4722/1632 6477/4721/1632 6558/4716/1632
f 6557/4722/1632 6478/4723/1632 6477/4721/1632
f 6556/4724/1632 6478/4723/1632 6557/4722/1632
f 6556/4724/1632 6479/4725/1632 6478/4723/1632
f 6555/4726/1632 6479/4725/1632 6556/4724/1632
f 6555/4726/1632 6480/4727/1632 6479/4725/1632
f 6554/4728/1632 6480/4727/1632 6555/4726/1632
f 6554/4728/1632 6481/4729/1632 6480/4727/1632
f 6553/4730/1632 6481/4729/1632 6554/4728/1632
f 6553/4730/1632 6482/4731/1632 6481/4729/1632
f 6553/4730/1632 6483/4732/1632 6482/4731/1632
f 6552/4733/1632 6483/4732/1632 6553/4730/1632
f 6552/4733/1632 6484/4734/1632 6483/4732/1632
f 6551/4735/1632 6484/4734/1632 6552/4733/1632
f 6550/4736/1632 6484/4734/1632 6551/4735/1632
f 6550/4736/1632 6485/4737/1632 6484/4734/1632
f 6549/4738/1632 6485/4737/1632 6550/4736/1632
f 6549/4738/1632 6486/4739/1632 6485/4737/1632
f 6548/4740/1632 6486/4739/1632 6549/4738/1632
f 6548/4740/1632 6487/4741/1632 6486/4739/1632
f 6547/4742/1632 6487/4741/1632 6548/4740/1632
f 6547/4742/1632 6488/4743/1632 6487/4741/1632
f 6546/4744/1632 6488/4743/1632 6547/4742/1632
f 6546/4744/1632 6489/4745/1632 6488/4743/1632
f 6545/4746/1632 6489/4745/1632 6546/4744/1632
f 6545/4746/1632 6490/4747/1632 6489/4745/1632
f 6545/4746/1632 6491/4748/1632 6490/4747/1632
f 6544/4749/1632 6491/4748/1632 6545/4746/1632
f 6544/4749/1632 6492/4750/1632 6491/4748/1632
f 6544/4749/1632 6493/4751/1632 6492/4750/1632
f 6543/4752/1632 6493/4751/1632 6544/4749/1632
f 6543/4752/1632 6494/4753/1632 6493/4751/1632
f 6542/4754/1632 6494/4753/1632 6543/4752/1632
f 6542/4754/1632 6495/4755/1632 6494/4753/1632
f 6542/4754/1632 6496/4756/1632 6495/4755/1632
f 6541/4757/1632 6496/4756/1632 6542/4754/1632
f 6541/4757/1632 6497/4758/1632 6496/4756/1632
f 6541/4757/1632 6498/4759/1632 6497/4758/1632
f 6540/4760/1632 6498/4759/1632 6541/4757/1632
f 6540/4760/1632 6499/4761/1632 6498/4759/1632
f 6539/4762/1632 6499/4761/1632 6540/4760/1632
f 6539/4762/1632 6500/4763/1632 6499/4761/1632
f 6539/4762/1632 6501/4764/1632 6500/4763/1632
f 6538/4765/1632 6501/4764/1632 6539/4762/1632
f 6537/4766/1632 6501/4764/1632 6538/4765/1632
f 6537/4766/1632 6502/4767/1632 6501/4764/1632
f 6536/4768/1632 6502/4767/1632 6537/4766/1632
f 6536/4768/1632 6503/4769/1632 6502/4767/1632
f 6535/4770/1632 6503/4769/1632 6536/4768/1632
f 6535/4770/1632 6504/4771/1632 6503/4769/1632
f 6534/4772/1632 6504/4771/1632 6535/4770/1632
f 6534/4772/1632 6505/4773/1632 6504/4771/1632
f 6533/4774/1632 6505/4773/1632 6534/4772/1632
f 6533/4774/1632 6506/4775/1632 6505/4773/1632
f 6532/4776/1632 6506/4775/1632 6533/4774/1632
f 6532/4776/1632 6507/4777/1632 6506/4775/1632
f 6531/4778/1632 6507/4777/1632 6532/4776/1632
f 6530/4779/1632 6507/4777/1632 6531/4778/1632
f 6530/4779/1632 6508/4780/1632 6507/4777/1632
f 6529/4781/1632 6508/4780/1632 6530/4779/1632
f 6529/4781/1632 6509/4782/1632 6508/4780/1632
f 6528/4783/1632 6509/4782/1632 6529/4781/1632
f 6528/4783/1632 6510/4784/1632 6509/4782/1632
f 6527/4785/1632 6510/4784/1632 6528/4783/1632
f 6527/4785/1632 6511/4786/1632 6510/4784/1632
f 6526/4787/1632 6511/4786/1632 6527/4785/1632
f 6526/4787/1632 6512/4788/1632 6511/4786/1632
f 6525/4789/1632 6512/4788/1632 6526/4787/1632
f 6524/4790/1632 6512/4788/1632 6525/4789/1632
f 6523/4791/1632 6512/4788/1632 6524/4790/1632
f 6523/4791/1632 6522/4792/1632 6512/4788/1632
f 6522/4792/1632 6521/4793/1632 6512/4788/1632
f 6521/4793/1632 6520/4794/1632 6512/4788/1632
f 6520/4794/1632 6519/4795/1632 6512/4788/1632
f 6519/4795/1632 6518/4796/1632 6512/4788/1632
f 6518/4796/1632 6517/4797/1632 6512/4788/1632
f 6517/4797/1632 6516/4798/1632 6512/4788/1632
f 6516/4798/1632 6515/4799/1632 6512/4788/1632
f 6515/4799/1632 6514/4800/1632 6512/4788/1632
f 6514/4800/1632 6513/4801/1632 6512/4788/1632
f 6682/4692/1633 6683/4694/1633 6684/4693/1633
f 6681/4695/1633 6682/4692/1633 6684/4693/1633
f 6680/4696/1633 6681/4695/1633 6684/4693/1633
f 6679/4697/1633 6680/4696/1633 6684/4693/1633
f 6678/4698/1633 6679/4697/1633 6684/4693/1633
f 6677/4699/1633 6678/4698/1633 6684/4693/1633
f 6676/4700/1633 6677/4699/1633 6684/4693/1633
f 6675/4701/1633 6676/4700/1633 6684/4693/1633
f 6674/4702/1633 6675/4701/1633 6684/4693/1633
f 6673/4703/1633 6674/4702/1633 6684/4693/1633
f 6672/4704/1633 6673/4703/1633 6684/4693/1633
f 6671/4705/1633 6672/4704/1633 6684/4693/1633
f 6671/4705/1633 6684/4693/1633 6685/4706/1633
f 6670/4707/1633 6671/4705/1633 6685/4706/1633
f 6670/4707/1633 6685/4706/1633 6686/4708/1633
f 6670/4707/1633 6686/4708/1633 6687/4709/1633
f 6670/4707/1633 6687/4709/1633 6688/4710/1633
f 6670/4707/1633 6688/4710/1633 6689/4711/1633
f 6669/4712/1633 6670/4707/1633 6689/4711/1633
f 6669/4712/1633 6689/4711/1633 6690/4713/1633
f 6669/4712/1633 6690/4713/1633 6691/4714/1633
f 6669/4712/1633 6691/4714/1633 6692/4715/1633
f 6668/4716/1633 6669/4712/1633 6692/4715/1633
f 6668/4716/1633 6692/4715/1633 6693/4717/1633
f 6668/4716/1633 6693/4717/1633 6694/4718/1633
f 6668/4716/1633 6694/4718/1633 6695/4719/1633
f 6668/4716/1633 6695/4719/1633 6696/4720/1633
f 6668/4716/1633 6696/4720/1633 6587/4721/1633
f 6667/4722/1633 6668/4716/1633 6587/4721/1633
f 6667/4722/1633 6587/4721/1633 6588/4723/1633
f 6666/4724/1633 6667/4722/1633 6588/4723/1633
f 6666/4724/1633 6588/4723/1633 6589/4725/1633
f 6665/4726/1633 6666/4724/1633 6589/4725/1633
f 6665/4726/1633 6589/4725/1633 6590/4727/1633
f 6664/4728/1633 6665/4726/1633 6590/4727/1633
f 6664/4728/1633 6590/4727/1633 6591/4729/1633
f 6663/4730/1633 6664/4728/1633 6591/4729/1633
f 6663/4730/1633 6591/4729/1633 6592/4731/1633
f 6663/4730/1633 6592/4731/1633 6593/4732/1633
f 6662/4733/1633 6663/4730/1633 6593/4732/1633
f 6662/4733/1633 6593/4732/1633 6594/4734/1633
f 6661/4735/1633 6662/4733/1633 6594/4734/1633
f 6660/4736/1633 6661/4735/1633 6594/4734/1633
f 6660/4736/1633 6594/4734/1633 6595/4737/1633
f 6659/4738/1633 6660/4736/1633 6595/4737/1633
f 6659/4738/1633 6595/4737/1633 6596/4739/1633
f 6658/4740/1633 6659/4738/1633 6596/4739/1633
f 6658/4740/1633 6596/4739/1633 6597/4741/1633
f 6657/4742/1633 6658/4740/1633 6597/4741/1633
f 6657/4742/1633 6597/4741/1633 6598/4743/1633
f 6656/4744/1633 6657/4742/1633 6598/4743/1633
f 6656/4744/1633 6598/4743/1633 6599/4745/1633
f 6655/4746/1633 6656/4744/1633 6599/4745/1633
f 6655/4746/1633 6599/4745/1633 6600/4747/1633
f 6655/4746/1633 6600/4747/1633 6601/4748/1633
f 6654/4749/1633 6655/4746/1633 6601/4748/1633
f 6654/4749/1633 6601/4748/1633 6602/4750/1633
f 6654/4749/1633 6602/4750/1633 6603/4751/1633
f 6653/4752/1633 6654/4749/1633 6603/4751/1633
f 6653/4752/1633 6603/4751/1633 6604/4753/1633
f 6652/4754/1633 6653/4752/1633 6604/4753/1633
f 6652/4754/1633 6604/4753/1633 6605/4755/1633
f 6652/4754/1633 6605/4755/1633 6606/4756/1633
f 6651/4757/1633 6652/4754/1633 6606/4756/1633
f 6651/4757/1633 6606/4756/1633 6607/4758/1633
f 6651/4757/1633 6607/4758/1633 6608/4759/1633
f 6650/4760/1633 6651/4757/1633 6608/4759/1633
f 6650/4760/1633 6608/4759/1633 6609/4761/1633
f 6649/4762/1633 6650/4760/1633 6609/4761/1633
f 6649/4762/1633 6609/4761/1633 6610/4763/1633
f 6649/4762/1633 6610/4763/1633 6611/4764/1633
f 6648/4765/1633 6649/4762/1633 6611/4764/1633
f 6647/4766/1633 6648/4765/1633 6611/4764/1633
f 6647/4766/1633 6611/4764/1633 6612/4767/1633
f 6646/4768/1633 6647/4766/1633 6612/4767/1633
f 6646/4768/1633 6612/4767/1633 6613/4769/1633
f 6645/4770/1633 6646/4768/1633 6613/4769/1633
f 6645/4770/1633 6613/4769/1633 6614/4771/1633
f 6644/4772/1633 6645/4770/1633 6614/4771/1633
f 6644/4772/1633 6614/4771/1633 6615/4773/1633
f 6643/4774/1633 6644/4772/1633 6615/4773/1633
f 6643/4774/1633 6615/4773/1633 6616/4775/1633
f 6642/4776/1633 6643/4774/1633 6616/4775/1633
f 6642/4776/1633 6616/4775/1633 6617/4777/1633
f 6641/4778/1633 6642/4776/1633 6617/4777/1633
f 6640/4779/1633 6641/4778/1633 6617/4777/1633
f 6640/4779/1633 6617/4777/1633 6618/4780/1633
f 6639/4781/1633 6640/4779/1633 6618/4780/1633
f 6639/4781/1633 6618/4780/1633 6619/4782/1633
f 6638/4783/1633 6639/4781/1633 6619/4782/1633
f 6638/4783/1633 6619/4782/1633 6620/4784/1633
f 6637/4785/1633 6638/4783/1633 6620/4784/1633
f 6637/4785/1633 6620/4784/1633 6621/4786/1633
f 6636/4787/1633 6637/4785/1633 6621/4786/1633
f 6636/4787/1633 6621/4786/1633 6622/4788/1633
f 6635/4789/1633 6636/4787/1633 6622/4788/1633
f 6634/4790/1633 6635/4789/1633 6622/4788/1633
f 6633/4791/1633 6634/4790/1633 6622/4788/1633
f 6633/4791/1633 6622/4788/1633 6632/4792/1633
f 6632/4792/1633 6622/4788/1633 6631/4793/1633
f 6631/4793/1633 6622/4788/1633 6630/4794/1633
f 6630/4794/1633 6622/4788/1633 6629/4795/1633
f 6629/4795/1633 6622/4788/1633 6628/4796/1633
f 6628/4796/1633 6622/4788/1633 6627/4797/1633
f 6627/4797/1633 6622/4788/1633 6626/4798/1633
f 6626/4798/1633 6622/4788/1633 6625/4799/1633
f 6625/4799/1633 6622/4788/1633 6624/4800/1633
f 6624/4800/1633 6622/4788/1633 6623/4801/1633
s 1
f 6700/4802/1634 6697/4721/1635 6698/4803/1635
f 6702/4804/1636 6699/4805/1634 6700/4802/1634
f 6704/4806/1637 6701/4807/1636 6702/4804/1636
f 6706/4808/1638 6703/4809/1637 6704/4806/1637
f 6708/4810/1639 6705/4811/1638 6706/4808/1638
f 6710/4812/1640 6707/4813/1639 6708/4810/1639
f 6712/4814/1641 6709/4815/1640 6710/4812/1640
f 6714/4816/1642 6711/4817/1641 6712/4814/1641
f 6716/4818/1643 6713/4819/1642 6714/4816/1642
f 6718/4820/1644 6715/4821/1643 6716/4818/1643
f 6720/4822/1645 6717/4823/1644 6718/4820/1644
f 6722/4824/1646 6719/4825/1645 6720/4822/1645
f 6724/4826/1647 6721/4827/1646 6722/4824/1646
f 6726/4828/1648 6723/4829/1647 6724/4826/1647
f 6728/4830/1649 6725/4831/1648 6726/4828/1648
f 6730/4832/1650 6727/4833/1649 6728/4830/1649
f 6732/4834/1651 6729/4835/1650 6730/4832/1650
f 6734/4836/1652 6731/4837/1651 6732/4834/1651
f 6736/4838/1653 6733/4839/1652 6734/4836/1652
f 6738/4840/1654 6735/4841/1653 6736/4838/1653
f 6740/4842/1655 6737/4843/1654 6738/4840/1654
f 6742/4844/1656 6739/4845/1655 6740/4842/1655
f 6744/4846/1657 6741/4847/1656 6742/4844/1656
f 6746/4848/1658 6743/4849/1657 6744/4846/1657
f 6748/4850/1659 6745/4851/1658 6746/4848/1658
f 6750/4852/1660 6747/4853/1659 6748/4850/1659
f 6752/4854/1661 6749/4855/1660 6750/4852/1660
f 6754/4856/1662 6751/4857/1661 6752/4854/1661
f 6756/4858/1663 6753/4859/1662 6754/4856/1662
f 6758/4860/1664 6755/4861/1663 6756/4858/1663
f 6760/4862/1665 6757/4863/1664 6758/4860/1664
f 6762/4864/1666 6759/4865/1665 6760/4862/1665
f 6764/4866/1667 6761/4867/1666 6762/4864/1666
f 6766/4868/1668 6763/4869/1667 6764/4866/1667
f 6768/4870/1669 6765/4871/1668 6766/4868/1668
f 6770/4872/1670 6767/4873/1669 6768/4870/1669
f 6772/4874/1671 6769/4875/1672 6770/4872/1670
f 6774/4876/1673 6771/4877/1671 6772/4874/1671
f 6776/4878/1674 6773/4879/1673 6774/4876/1673
f 6778/4880/1675 6775/4881/1674 6776/4878/1674
f 6780/4882/1676 6777/4883/1675 6778/4880/1675
f 6782/4884/1677 6779/4885/1676 6780/4882/1676
f 6784/4886/1678 6781/4887/1677 6782/4884/1677
f 6786/4888/1679 6783/4889/1678 6784/4886/1678
f 6788/4890/1680 6785/4891/1679 6786/4888/1679
f 6790/4892/1681 6787/4893/1680 6788/4890/1680
f 6792/4894/1682 6789/4895/1681 6790/4892/1681
f 6794/4896/1683 6791/4897/1682 6792/4894/1682
f 6796/4898/1684 6793/4899/1683 6794/4896/1683
f 6798/4900/1685 6795/4901/1684 6796/4898/1684
f 6800/4902/1686 6797/4903/1685 6798/4900/1685
f 6802/4904/1687 6799/4905/1686 6800/4902/1686
f 6804/4906/1688 6801/4907/1687 6802/4904/1687
f 6806/4908/1689 6803/4909/1688 6804/4906/1688
f 6808/4910/1690 6805/4911/1689 6806/4908/1689
f 6810/4912/1691 6807/4913/1690 6808/4910/1690
f 6812/4914/1692 6809/4915/1691 6810/4912/1691
f 6814/4916/1693 6811/4917/1692 6812/4914/1692
f 6816/4918/1694 6813/4919/1693 6814/4916/1693
f 6818/4920/1695 6815/4921/1694 6816/4918/1694
f 6820/4922/1696 6817/4923/1695 6818/4920/1695
f 6822/4924/1697 6819/4925/1696 6820/4922/1696
f 6824/4926/1698 6821/4927/1697 6822/4924/1697
f 6826/4928/1699 6823/4929/1698 6824/4926/1698
f 6828/4930/1700 6825/4931/1699 6826/4928/1699
f 6830/4932/1701 6827/4933/1700 6828/4930/1700
f 6832/4934/1702 6829/4935/1701 6830/4932/1701
f 6834/4936/1703 6831/4937/1702 6832/4934/1702
f 6836/4938/1704 6833/4939/1703 6834/4936/1703
f 6838/4940/1705 6835/4941/1704 6836/4938/1704
f 6840/4942/1706 6837/4943/1705 6838/4940/1705
f 6842/4944/1707 6839/4945/1706 6840/4942/1706
f 6844/4946/1708 6841/4947/1707 6842/4944/1707
f 6846/4948/1709 6843/4949/1708 6844/4946/1708
f 6848/4950/1710 6845/4951/1709 6846/4948/1709
f 6850/4952/1711 6847/4953/1710 6848/4950/1710
f 6852/4954/1712 6849/4955/1711 6850/4952/1711
f 6854/4956/1713 6851/4957/1712 6852/4954/1712
f 6856/4958/1714 6853/4959/1713 6854/4956/1713
f 6858/4960/1715 6855/4961/1714 6856/4958/1714
f 6860/4962/1716 6857/4963/1717 6858/4960/1715
f 6862/4964/1718 6859/4965/1716 6860/4962/1716
f 6864/4966/1719 6861/4967/1718 6862/4964/1718
f 6866/4968/1720 6863/4969/1719 6864/4966/1719
f 6868/4970/1721 6865/4971/1720 6866/4968/1720
f 6870/4972/1722 6867/4973/1721 6868/4970/1721
f 6872/4974/1723 6869/4975/1722 6870/4972/1722
f 6874/4976/1724 6871/4977/1723 6872/4974/1723
f 6876/4978/1725 6873/4979/1724 6874/4976/1724
f 6878/4980/1726 6875/4981/1727 6876/4978/1725
f 6880/4982/1728 6877/4983/1726 6878/4980/1726
f 6882/4984/1729 6879/4985/1728 6880/4982/1728
f 6884/4986/1730 6881/4987/1729 6882/4984/1729
f 6886/4988/1731 6883/4989/1730 6884/4986/1730
f 6888/4990/1732 6885/4991/1731 6886/4988/1731
f 6890/4992/1733 6887/4993/1732 6888/4990/1732
f 6892/4994/1734 6889/4995/1733 6890/4992/1733
f 6894/4996/1735 6891/4997/1734 6892/4994/1734
f 6896/4998/1736 6893/4999/1735 6894/4996/1735
f 6898/5000/1737 6895/5001/1736 6896/4998/1736
f 6900/5002/1738 6897/5003/1737 6898/5000/1737
f 6902/5004/1739 6899/5005/1738 6900/5002/1738
f 6904/5006/1740 6901/5007/1739 6902/5004/1739
f 6906/5008/1741 6903/5009/1740 6904/5006/1740
f 6908/5010/1742 6905/5011/1741 6906/5008/1741
f 6910/5012/1743 6907/5013/1744 6908/5010/1742
f 6912/5014/1745 6909/5015/1743 6910/5012/1743
f 6914/5016/1746 6911/5017/1745 6912/5014/1745
f 6916/5018/1747 6913/5019/1746 6914/5016/1746
f 6698/5020/1635 6915/5021/1747 6916/5018/1747
f 6700/4802/1634 6699/4805/1634 6697/4721/1635
f 6702/4804/1636 6701/4807/1636 6699/4805/1634
f 6704/4806/1637 6703/4809/1637 6701/4807/1636
f 6706/4808/1638 6705/4811/1638 6703/4809/1637
f 6708/4810/1639 6707/4813/1639 6705/4811/1638
f 6710/4812/1640 6709/4815/1640 6707/4813/1639
f 6712/4814/1641 6711/4817/1641 6709/4815/1640
f 6714/4816/1642 6713/4819/1642 6711/4817/1641
f 6716/4818/1643 6715/4821/1643 6713/4819/1642
f 6718/4820/1644 6717/4823/1644 6715/4821/1643
f 6720/4822/1645 6719/4825/1645 6717/4823/1644
f 6722/4824/1646 6721/4827/1646 6719/4825/1645
f 6724/4826/1647 6723/4829/1647 6721/4827/1646
f 6726/4828/1648 6725/4831/1648 6723/4829/1647
f 6728/4830/1649 6727/4833/1649 6725/4831/1648
f 6730/4832/1650 6729/4835/1650 6727/4833/1649
f 6732/4834/1651 6731/4837/1651 6729/4835/1650
f 6734/4836/1652 6733/4839/1652 6731/4837/1651
f 6736/4838/1653 6735/4841/1653 6733/4839/1652
f 6738/4840/1654 6737/4843/1654 6735/4841/1653
f 6740/4842/1655 6739/4845/1655 6737/4843/1654
f 6742/4844/1656 6741/4847/1656 6739/4845/1655
f 6744/4846/1657 6743/4849/1657 6741/4847/1656
f 6746/4848/1658 6745/4851/1658 6743/4849/1657
f 6748/4850/1659 6747/4853/1659 6745/4851/1658
f 6750/4852/1660 6749/4855/1660 6747/4853/1659
f 6752/4854/1661 6751/4857/1661 6749/4855/1660
f 6754/4856/1662 6753/4859/1662 6751/4857/1661
f 6756/4858/1663 6755/4861/1663 6753/4859/1662
f 6758/4860/1664 6757/4863/1664 6755/4861/1663
f 6760/4862/1665 6759/4865/1665 6757/4863/1664
f 6762/4864/1666 6761/4867/1666 6759/4865/1665
f 6764/4866/1667 6763/4869/1667 6761/4867/1666
f 6766/4868/1668 6765/4871/1668 6763/4869/1667
f 6768/4870/1669 6767/4873/1669 6765/4871/1668
f 6770/4872/1670 6769/4875/1672 6767/4873/1669
f 6772/4874/1671 6771/4877/1671 6769/4875/1672
f 6774/4876/1673 6773/4879/1673 6771/4877/1671
f 6776/4878/1674 6775/4881/1674 6773/4879/1673
f 6778/4880/1675 6777/4883/1675 6775/4881/1674
f 6780/4882/1676 6779/4885/1676 6777/4883/1675
f 6782/4884/1677 6781/4887/1677 6779/4885/1676
f 6784/4886/1678 6783/4889/1678 6781/4887/1677
f 6786/4888/1679 6785/4891/1679 6783/4889/1678
f 6788/4890/1680 6787/4893/1680 6785/4891/1679
f 6790/4892/1681 6789/4895/1681 6787/4893/1680
f 6792/4894/1682 6791/4897/1682 6789/4895/1681
f 6794/4896/1683 6793/4899/1683 6791/4897/1682
f 6796/4898/1684 6795/4901/1684 6793/4899/1683
f 6798/4900/1685 6797/4903/1685 6795/4901/1684
f 6800/4902/1686 6799/4905/1686 6797/4903/1685
f 6802/4904/1687 6801/4907/1687 6799/4905/1686
f 6804/4906/1688 6803/4909/1688 6801/4907/1687
f 6806/4908/1689 6805/4911/1689 6803/4909/1688
f 6808/4910/1690 6807/4913/1690 6805/4911/1689
f 6810/4912/1691 6809/4915/1691 6807/4913/1690
f 6812/4914/1692 6811/4917/1692 6809/4915/1691
f 6814/4916/1693 6813/4919/1693 6811/4917/1692
f 6816/4918/1694 6815/4921/1694 6813/4919/1693
f 6818/4920/1695 6817/4923/1695 6815/4921/1694
f 6820/4922/1696 6819/4925/1696 6817/4923/1695
f 6822/4924/1697 6821/4927/1697 6819/4925/1696
f 6824/4926/1698 6823/4929/1698 6821/4927/1697
f 6826/4928/1699 6825/4931/1699 6823/4929/1698
f 6828/4930/1700 6827/4933/1700 6825/4931/1699
f 6830/4932/1701 6829/4935/1701 6827/4933/1700
f 6832/4934/1702 6831/4937/1702 6829/4935/1701
f 6834/4936/1703 6833/4939/1703 6831/4937/1702
f 6836/4938/1704 6835/4941/1704 6833/4939/1703
f 6838/4940/1705 6837/4943/1705 6835/4941/1704
f 6840/4942/1706 6839/4945/1706 6837/4943/1705
f 6842/4944/1707 6841/4947/1707 6839/4945/1706
f 6844/4946/1708 6843/4949/1708 6841/4947/1707
f 6846/4948/1709 6845/4951/1709 6843/4949/1708
f 6848/4950/1710 6847/4953/1710 6845/4951/1709
f 6850/4952/1711 6849/4955/1711 6847/4953/1710
f 6852/4954/1712 6851/4957/1712 6849/4955/1711
f 6854/4956/1713 6853/4959/1713 6851/4957/1712
f 6856/4958/1714 6855/4961/1714 6853/4959/1713
f 6858/4960/1715 6857/4963/1717 6855/4961/1714
f 6860/4962/1716 6859/4965/1716 6857/4963/1717
f 6862/4964/1718 6861/4967/1718 6859/4965/1716
f 6864/4966/1719 6863/4969/1719 6861/4967/1718
f 6866/4968/1720 6865/4971/1720 6863/4969/1719
f 6868/4970/1721 6867/4973/1721 6865/4971/1720
f 6870/4972/1722 6869/4975/1722 6867/4973/1721
f 6872/4974/1723 6871/4977/1723 6869/4975/1722
f 6874/4976/1724 6873/4979/1724 6871/4977/1723
f 6876/4978/1725 6875/4981/1727 6873/4979/1724
f 6878/4980/1726 6877/4983/1726 6875/4981/1727
f 6880/4982/1728 6879/4985/1728 6877/4983/1726
f 6882/4984/1729 6881/4987/1729 6879/4985/1728
f 6884/4986/1730 6883/4989/1730 6881/4987/1729
f 6886/4988/1731 6885/4991/1731 6883/4989/1730
f 6888/4990/1732 6887/4993/1732 6885/4991/1731
f 6890/4992/1733 6889/4995/1733 6887/4993/1732
f 6892/4994/1734 6891/4997/1734 6889/4995/1733
f 6894/4996/1735 6893/4999/1735 6891/4997/1734
f 6896/4998/1736 6895/5001/1736 6893/4999/1735
f 6898/5000/1737 6897/5003/1737 6895/5001/1736
f 6900/5002/1738 6899/5005/1738 6897/5003/1737
f 6902/5004/1739 6901/5007/1739 6899/5005/1738
f 6904/5006/1740 6903/5009/1740 6901/5007/1739
f 6906/5008/1741 6905/5011/1741 6903/5009/1740
f 6908/5010/1742 6907/5013/1744 6905/5011/1741
f 6910/5012/1743 6909/5015/1743 6907/5013/1744
f 6912/5014/1745 6911/5017/1745 6909/5015/1743
f 6914/5016/1746 6913/5019/1746 6911/5017/1745
f 6916/5018/1747 6915/5021/1747 6913/5019/1746
f 6698/5020/1635 6697/4720/1635 6915/5021/1747
o Text.010
v -9.739089 0.751843 -0.070000
v -9.737779 0.744957 -0.070000
v -9.736357 0.736839 -0.070000
v -9.734838 0.727546 -0.070000
v -9.733237 0.717139 -0.070000
v -9.731565 0.705677 -0.070000
v -9.729838 0.693218 -0.070000
v -9.728070 0.679822 -0.070000
v -9.726274 0.665547 -0.070000
v -9.724463 0.650453 -0.070000
v -9.722653 0.634598 -0.070000
v -9.720858 0.618042 -0.070000
v -9.719089 0.600843 -0.070000
v -9.725089 0.602843 -0.070000
v -9.754088 0.567843 -0.070000
v -9.750759 0.563162 -0.070000
v -9.747283 0.558144 -0.070000
v -9.743683 0.552827 -0.070000
v -9.739978 0.547251 -0.070000
v -9.736189 0.541451 -0.070000
v -9.732339 0.535468 -0.070000
v -9.728446 0.529339 -0.070000
v -9.724533 0.523102 -0.070000
v -9.720620 0.516796 -0.070000
v -9.716727 0.510459 -0.070000
v -9.712877 0.504128 -0.070000
v -9.709088 0.497843 -0.070000
v -9.704088 0.439843 -0.070000
v -9.724606 0.458293 -0.070000
v -9.746973 0.477362 -0.070000
v -9.770917 0.496624 -0.070000
v -9.796163 0.515658 -0.070000
v -9.822436 0.534039 -0.070000
v -9.849463 0.551343 -0.070000
v -9.876970 0.567148 -0.070000
v -9.904681 0.581028 -0.070000
v -9.932323 0.592562 -0.070000
v -9.959621 0.601325 -0.070000
v -9.986301 0.606893 -0.070000
v -10.012089 0.608843 -0.070000
v -10.034360 0.607753 -0.070000
v -10.054677 0.604542 -0.070000
v -10.073042 0.599296 -0.070000
v -10.089459 0.592102 -0.070000
v -10.103931 0.583047 -0.070000
v -10.116464 0.572218 -0.070000
v -10.127058 0.559701 -0.070000
v -10.135718 0.545584 -0.070000
v -10.142448 0.529953 -0.070000
v -10.147251 0.512894 -0.070000
v -10.150129 0.494495 -0.070000
v -10.151089 0.474843 -0.070000
v -10.150360 0.448425 -0.070000
v -10.148348 0.419501 -0.070000
v -10.145308 0.388562 -0.070000
v -10.141496 0.356102 -0.070000
v -10.137171 0.322615 -0.070000
v -10.132588 0.288593 -0.070000
v -10.128006 0.254530 -0.070000
v -10.123681 0.220917 -0.070000
v -10.119870 0.188249 -0.070000
v -10.116829 0.157019 -0.070000
v -10.114817 0.127719 -0.070000
v -10.114089 0.100843 -0.070000
v -10.114425 0.092711 -0.070000
v -10.115440 0.084866 -0.070000
v -10.117151 0.077390 -0.070000
v -10.119570 0.070362 -0.070000
v -10.122711 0.063861 -0.070000
v -10.126589 0.057968 -0.070000
v -10.131216 0.052763 -0.070000
v -10.136607 0.048325 -0.070000
v -10.142776 0.044734 -0.070000
v -10.149736 0.042070 -0.070000
v -10.157503 0.040413 -0.070000
v -10.166089 0.039843 -0.070000
v -10.178169 0.040445 -0.070000
v -10.190399 0.042241 -0.070000
v -10.202761 0.045218 -0.070000
v -10.215237 0.049362 -0.070000
v -10.227810 0.054658 -0.070000
v -10.240463 0.061093 -0.070000
v -10.253180 0.068653 -0.070000
v -10.265941 0.077325 -0.070000
v -10.278729 0.087093 -0.070000
v -10.291529 0.097945 -0.070000
v -10.304320 0.109866 -0.070000
v -10.317089 0.122843 -0.070000
v -10.330089 0.036843 -0.070000
v -10.316633 0.024076 -0.070000
v -10.302778 0.012292 -0.070000
v -10.288542 0.001515 -0.070000
v -10.273940 -0.008231 -0.070000
v -10.258992 -0.016921 -0.070000
v -10.243713 -0.024532 -0.070000
v -10.228123 -0.031038 -0.070000
v -10.212236 -0.036416 -0.070000
v -10.196074 -0.040641 -0.070000
v -10.179649 -0.043689 -0.070000
v -10.162982 -0.045536 -0.070000
v -10.146089 -0.046157 -0.070000
v -10.130040 -0.045263 -0.070000
v -10.114950 -0.042587 -0.070000
v -10.100902 -0.038141 -0.070000
v -10.087977 -0.031935 -0.070000
v -10.076262 -0.023978 -0.070000
v -10.065839 -0.014282 -0.070000
v -10.056790 -0.002856 -0.070000
v -10.049200 0.010288 -0.070000
v -10.043151 0.025140 -0.070000
v -10.038728 0.041690 -0.070000
v -10.036013 0.059928 -0.070000
v -10.035089 0.079843 -0.070000
v -10.035836 0.108628 -0.070000
v -10.037904 0.139209 -0.070000
v -10.041026 0.171171 -0.070000
v -10.044940 0.204102 -0.070000
v -10.049382 0.237589 -0.070000
v -10.054089 0.271218 -0.070000
v -10.058795 0.304576 -0.070000
v -10.063237 0.337251 -0.070000
v -10.067151 0.368828 -0.070000
v -10.070273 0.398894 -0.070000
v -10.072341 0.427037 -0.070000
v -10.073089 0.452843 -0.070000
v -10.072469 0.466641 -0.070000
v -10.070630 0.479056 -0.070000
v -10.067604 0.490124 -0.070000
v -10.063422 0.499880 -0.070000
v -10.058115 0.508358 -0.070000
v -10.051714 0.515593 -0.070000
v -10.044250 0.521620 -0.070000
v -10.035755 0.526473 -0.070000
v -10.026260 0.530187 -0.070000
v -10.015797 0.532797 -0.070000
v -10.004396 0.534337 -0.070000
v -9.992088 0.534843 -0.070000
v -9.971045 0.532937 -0.070000
v -9.948575 0.527427 -0.070000
v -9.924917 0.518624 -0.070000
v -9.900311 0.506843 -0.070000
v -9.874996 0.492395 -0.070000
v -9.849214 0.475593 -0.070000
v -9.823201 0.456749 -0.070000
v -9.797200 0.436177 -0.070000
v -9.771448 0.414187 -0.070000
v -9.746186 0.391093 -0.070000
v -9.721653 0.367208 -0.070000
v -9.698089 0.342843 -0.070000
v -9.697610 0.332386 -0.070000
v -9.697172 0.322019 -0.070000
v -9.696776 0.311749 -0.070000
v -9.696422 0.301584 -0.070000
v -9.696110 0.291530 -0.070000
v -9.695839 0.281593 -0.070000
v -9.695609 0.271782 -0.070000
v -9.695422 0.262102 -0.070000
v -9.695276 0.252562 -0.070000
v -9.695172 0.243167 -0.070000
v -9.695109 0.233925 -0.070000
v -9.695088 0.224843 -0.070000
v -9.695072 0.202685 -0.070000
v -9.695038 0.181575 -0.070000
v -9.695010 0.161312 -0.070000
v -9.695015 0.141695 -0.070000
v -9.695074 0.122523 -0.070000
v -9.695213 0.103593 -0.070000
v -9.695457 0.084705 -0.070000
v -9.695829 0.065658 -0.070000
v -9.696354 0.046249 -0.070000
v -9.697056 0.026278 -0.070000
v -9.697960 0.005543 -0.070000
v -9.699089 -0.016157 -0.070000
v -9.699359 -0.020795 -0.070000
v -9.699667 -0.025675 -0.070000
v -9.700010 -0.030751 -0.070000
v -9.700385 -0.035972 -0.070000
v -9.700788 -0.041290 -0.070000
v -9.701214 -0.046657 -0.070000
v -9.701661 -0.052024 -0.070000
v -9.702126 -0.057342 -0.070000
v -9.702604 -0.062563 -0.070000
v -9.703094 -0.067638 -0.070000
v -9.703589 -0.072519 -0.070000
v -9.704088 -0.077157 -0.070000
v -9.617088 -0.077157 -0.070000
v -9.617568 -0.072520 -0.070000
v -9.618006 -0.067648 -0.070000
v -9.618402 -0.062594 -0.070000
v -9.618755 -0.057416 -0.070000
v -9.619068 -0.052168 -0.070000
v -9.619339 -0.046907 -0.070000
v -9.619568 -0.041687 -0.070000
v -9.619756 -0.036564 -0.070000
v -9.619901 -0.031594 -0.070000
v -9.620006 -0.026833 -0.070000
v -9.620068 -0.022335 -0.070000
v -9.620089 -0.018157 -0.070000
v -9.620319 0.004965 -0.070000
v -9.620520 0.026570 -0.070000
v -9.620698 0.047015 -0.070000
v -9.620867 0.066658 -0.070000
v -9.621035 0.085856 -0.070000
v -9.621214 0.104968 -0.070000
v -9.621413 0.124351 -0.070000
v -9.621644 0.144362 -0.070000
v -9.621917 0.165359 -0.070000
v -9.622241 0.187700 -0.070000
v -9.622628 0.211742 -0.070000
v -9.623089 0.237843 -0.070000
v -9.624088 0.276843 -0.070000
v -9.611505 0.258163 -0.070000
v -9.598334 0.238737 -0.070000
v -9.584698 0.218734 -0.070000
v -9.570718 0.198325 -0.070000
v -9.556517 0.177679 -0.070000
v -9.542213 0.156968 -0.070000
v -9.527932 0.136361 -0.070000
v -9.513792 0.116028 -0.070000
v -9.499917 0.096140 -0.070000
v -9.486426 0.076866 -0.070000
v -9.473443 0.058377 -0.070000
v -9.461088 0.040843 -0.070000
v -9.410089 0.109843 -0.070000
v -9.425265 0.129040 -0.070000
v -9.442505 0.151251 -0.070000
v -9.461370 0.175906 -0.070000
v -9.481422 0.202436 -0.070000
v -9.502224 0.230271 -0.070000
v -9.523338 0.258843 -0.070000
v -9.544329 0.287582 -0.070000
v -9.564755 0.315917 -0.070000
v -9.584183 0.343281 -0.070000
v -9.602172 0.369102 -0.070000
v -9.618286 0.392813 -0.070000
v -9.632089 0.413843 -0.070000
v -9.639089 0.512843 -0.070000
v -9.443089 0.485843 -0.070000
v -9.435089 0.567843 -0.070000
v -9.440531 0.567634 -0.070000
v -9.445876 0.567501 -0.070000
v -9.451151 0.567437 -0.070000
v -9.456385 0.567436 -0.070000
v -9.461605 0.567490 -0.070000
v -9.466839 0.567593 -0.070000
v -9.472115 0.567738 -0.070000
v -9.477459 0.567917 -0.070000
v -9.482902 0.568124 -0.070000
v -9.488468 0.568352 -0.070000
v -9.494188 0.568594 -0.070000
v -9.500089 0.568843 -0.070000
v -9.508862 0.569426 -0.070000
v -9.518602 0.570172 -0.070000
v -9.529198 0.571078 -0.070000
v -9.540533 0.572140 -0.070000
v -9.552493 0.573354 -0.070000
v -9.564963 0.574718 -0.070000
v -9.577830 0.576228 -0.070000
v -9.590978 0.577880 -0.070000
v -9.604292 0.579671 -0.070000
v -9.617658 0.581598 -0.070000
v -9.630962 0.583656 -0.070000
v -9.644089 0.585843 -0.070000
v -9.649089 0.680843 -0.070000
v -9.649086 0.686443 -0.070000
v -9.649070 0.692227 -0.070000
v -9.649026 0.698171 -0.070000
v -9.648940 0.704251 -0.070000
v -9.648799 0.710441 -0.070000
v -9.648588 0.716718 -0.070000
v -9.648294 0.723058 -0.070000
v -9.647903 0.729436 -0.070000
v -9.647401 0.735828 -0.070000
v -9.646774 0.742209 -0.070000
v -9.646008 0.748556 -0.070000
v -9.645088 0.754843 -0.070000
v -9.739089 0.751843 0.070000
v -9.737779 0.744957 0.070000
v -9.736357 0.736839 0.070000
v -9.734838 0.727546 0.070000
v -9.733237 0.717139 0.070000
v -9.731565 0.705677 0.070000
v -9.729838 0.693218 0.070000
v -9.728070 0.679822 0.070000
v -9.726274 0.665547 0.070000
v -9.724463 0.650453 0.070000
v -9.722653 0.634598 0.070000
v -9.720858 0.618042 0.070000
v -9.719089 0.600843 0.070000
v -9.725089 0.602843 0.070000
v -9.754088 0.567843 0.070000
v -9.750759 0.563162 0.070000
v -9.747283 0.558144 0.070000
v -9.743683 0.552827 0.070000
v -9.739978 0.547251 0.070000
v -9.736189 0.541451 0.070000
v -9.732339 0.535468 0.070000
v -9.728446 0.529339 0.070000
v -9.724533 0.523102 0.070000
v -9.720620 0.516796 0.070000
v -9.716727 0.510459 0.070000
v -9.712877 0.504128 0.070000
v -9.709088 0.497843 0.070000
v -9.704088 0.439843 0.070000
v -9.724606 0.458293 0.070000
v -9.746973 0.477362 0.070000
v -9.770917 0.496624 0.070000
v -9.796163 0.515658 0.070000
v -9.822436 0.534039 0.070000
v -9.849463 0.551343 0.070000
v -9.876970 0.567148 0.070000
v -9.904681 0.581028 0.070000
v -9.932323 0.592562 0.070000
v -9.959621 0.601325 0.070000
v -9.986301 0.606893 0.070000
v -10.012089 0.608843 0.070000
v -10.034360 0.607753 0.070000
v -10.054677 0.604542 0.070000
v -10.073042 0.599296 0.070000
v -10.089459 0.592102 0.070000
v -10.103931 0.583047 0.070000
v -10.116464 0.572218 0.070000
v -10.127058 0.559701 0.070000
v -10.135718 0.545584 0.070000
v -10.142448 0.529953 0.070000
v -10.147251 0.512894 0.070000
v -10.150129 0.494495 0.070000
v -10.151089 0.474843 0.070000
v -10.150360 0.448425 0.070000
v -10.148348 0.419501 0.070000
v -10.145308 0.388562 0.070000
v -10.141496 0.356102 0.070000
v -10.137171 0.322615 0.070000
v -10.132588 0.288593 0.070000
v -10.128006 0.254530 0.070000
v -10.123681 0.220917 0.070000
v -10.119870 0.188249 0.070000
v -10.116829 0.157019 0.070000
v -10.114817 0.127719 0.070000
v -10.114089 0.100843 0.070000
v -10.114425 0.092711 0.070000
v -10.115440 0.084866 0.070000
v -10.117151 0.077390 0.070000
v -10.119570 0.070362 0.070000
v -10.122711 0.063861 0.070000
v -10.126589 0.057968 0.070000
v -10.131216 0.052763 0.070000
v -10.136607 0.048325 0.070000
v -10.142776 0.044734 0.070000
v -10.149736 0.042070 0.070000
v -10.157503 0.040413 0.070000
v -10.166089 0.039843 0.070000
v -10.178169 0.040445 0.070000
v -10.190399 0.042241 0.070000
v -10.202761 0.045218 0.070000
v -10.215237 0.049362 0.070000
v -10.227810 0.054658 0.070000
v -10.240463 0.061093 0.070000
v -10.253180 0.068653 0.070000
v -10.265941 0.077325 0.070000
v -10.278729 0.087093 0.070000
v -10.291529 0.097945 0.070000
v -10.304320 0.109866 0.070000
v -10.317089 0.122843 0.070000
v -10.330089 0.036843 0.070000
v -10.316633 0.024076 0.070000
v -10.302778 0.012292 0.070000
v -10.288542 0.001515 0.070000
v -10.273940 -0.008231 0.070000
v -10.258992 -0.016921 0.070000
v -10.243713 -0.024532 0.070000
v -10.228123 -0.031038 0.070000
v -10.212236 -0.036416 0.070000
v -10.196074 -0.040641 0.070000
v -10.179649 -0.043689 0.070000
v -10.162982 -0.045536 0.070000
v -10.146089 -0.046157 0.070000
v -10.130040 -0.045263 0.070000
v -10.114950 -0.042587 0.070000
v -10.100902 -0.038141 0.070000
v -10.087977 -0.031935 0.070000
v -10.076262 -0.023978 0.070000
v -10.065839 -0.014282 0.070000
v -10.056790 -0.002856 0.070000
v -10.049200 0.010288 0.070000
v -10.043151 0.025140 0.070000
v -10.038728 0.041690 0.070000
v -10.036013 0.059928 0.070000
v -10.035089 0.079843 0.070000
v -10.035836 0.108628 0.070000
v -10.037904 0.139209 0.070000
v -10.041026 0.171171 0.070000
v -10.044940 0.204102 0.070000
v -10.049382 0.237589 0.070000
v -10.054089 0.271218 0.070000
v -10.058795 0.304576 0.070000
v -10.063237 0.337251 0.070000
v -10.067151 0.368828 0.070000
v -10.070273 0.398894 0.070000
v -10.072341 0.427037 0.070000
v -10.073089 0.452843 0.070000
v -10.072469 0.466641 0.070000
v -10.070630 0.479056 0.070000
v -10.067604 0.490124 0.070000
v -10.063422 0.499880 0.070000
v -10.058115 0.508358 0.070000
v -10.051714 0.515593 0.070000
v -10.044250 0.521620 0.070000
v -10.035755 0.526473 0.070000
v -10.026260 0.530187 0.070000
v -10.015797 0.532797 0.070000
v -10.004396 0.534337 0.070000
v -9.992088 0.534843 0.070000
v -9.971045 0.532937 0.070000
v -9.948575 0.527427 0.070000
v -9.924917 0.518624 0.070000
v -9.900311 0.506843 0.070000
v -9.874996 0.492395 0.070000
v -9.849214 0.475593 0.070000
v -9.823201 0.456749 0.070000
v -9.797200 0.436177 0.070000
v -9.771448 0.414187 0.070000
v -9.746186 0.391093 0.070000
v -9.721653 0.367208 0.070000
v -9.698089 0.342843 0.070000
v -9.697610 0.332386 0.070000
v -9.697172 0.322019 0.070000
v -9.696776 0.311749 0.070000
v -9.696422 0.301584 0.070000
v -9.696110 0.291530 0.070000
v -9.695839 0.281593 0.070000
v -9.695609 0.271782 0.070000
v -9.695422 0.262102 0.070000
v -9.695276 0.252562 0.070000
v -9.695172 0.243167 0.070000
v -9.695109 0.233925 0.070000
v -9.695088 0.224843 0.070000
v -9.695072 0.202685 0.070000
v -9.695038 0.181575 0.070000
v -9.695010 0.161312 0.070000
v -9.695015 0.141695 0.070000
v -9.695074 0.122523 0.070000
v -9.695213 0.103593 0.070000
v -9.695457 0.084705 0.070000
v -9.695829 0.065658 0.070000
v -9.696354 0.046249 0.070000
v -9.697056 0.026278 0.070000
v -9.697960 0.005543 0.070000
v -9.699089 -0.016157 0.070000
v -9.699359 -0.020795 0.070000
v -9.699667 -0.025675 0.070000
v -9.700010 -0.030751 0.070000
v -9.700385 -0.035972 0.070000
v -9.700788 -0.041290 0.070000
v -9.701214 -0.046657 0.070000
v -9.701661 -0.052024 0.070000
v -9.702126 -0.057342 0.070000
v -9.702604 -0.062563 0.070000
v -9.703094 -0.067638 0.070000
v -9.703589 -0.072519 0.070000
v -9.704088 -0.077157 0.070000
v -9.617088 -0.077157 0.070000
v -9.617568 -0.072520 0.070000
v -9.618006 -0.067648 0.070000
v -9.618402 -0.062594 0.070000
v -9.618755 -0.057416 0.070000
v -9.619068 -0.052168 0.070000
v -9.619339 -0.046907 0.070000
v -9.619568 -0.041687 0.070000
v -9.619756 -0.036564 0.070000
v -9.619901 -0.031594 0.070000
v -9.620006 -0.026833 0.070000
v -9.620068 -0.022335 0.070000
v -9.620089 -0.018157 0.070000
v -9.620319 0.004965 0.070000
v -9.620520 0.026570 0.070000
v -9.620698 0.047015 0.070000
v -9.620867 0.066658 0.070000
v -9.621035 0.085856 0.070000
v -9.621214 0.104968 0.070000
v -9.621413 0.124351 0.070000
v -9.621644 0.144362 0.070000
v -9.621917 0.165359 0.070000
v -9.622241 0.187700 0.070000
v -9.622628 0.211742 0.070000
v -9.623089 0.237843 0.070000
v -9.624088 0.276843 0.070000
v -9.611505 0.258163 0.070000
v -9.598334 0.238737 0.070000
v -9.584698 0.218734 0.070000
v -9.570718 0.198325 0.070000
v -9.556517 0.177679 0.070000
v -9.542213 0.156968 0.070000
v -9.527932 0.136361 0.070000
v -9.513792 0.116028 0.070000
v -9.499917 0.096140 0.070000
v -9.486426 0.076866 0.070000
v -9.473443 0.058377 0.070000
v -9.461088 0.040843 0.070000
v -9.410089 0.109843 0.070000
v -9.425265 0.129040 0.070000
v -9.442505 0.151251 0.070000
v -9.461370 0.175906 0.070000
v -9.481422 0.202436 0.070000
v -9.502224 0.230271 0.070000
v -9.523338 0.258843 0.070000
v -9.544329 0.287582 0.070000
v -9.564755 0.315917 0.070000
v -9.584183 0.343281 0.070000
v -9.602172 0.369102 0.070000
v -9.618286 0.392813 0.070000
v -9.632089 0.413843 0.070000
v -9.639089 0.512843 0.070000
v -9.443089 0.485843 0.070000
v -9.435089 0.567843 0.070000
v -9.440531 0.567634 0.070000
v -9.445876 0.567501 0.070000
v -9.451151 0.567437 0.070000
v -9.456385 0.567436 0.070000
v -9.461605 0.567490 0.070000
v -9.466839 0.567593 0.070000
v -9.472115 0.567738 0.070000
v -9.477459 0.567917 0.070000
v -9.482902 0.568124 0.070000
v -9.488468 0.568352 0.070000
v -9.494188 0.568594 0.070000
v -9.500089 0.568843 0.070000
v -9.508862 0.569426 0.070000
v -9.518602 0.570172 0.070000
v -9.529198 0.571078 0.070000
v -9.540533 0.572140 0.070000
v -9.552493 0.573354 0.070000
v -9.564963 0.574718 0.070000
v -9.577830 0.576228 0.070000
v -9.590978 0.577880 0.070000
v -9.604292 0.579671 0.070000
v -9.617658 0.581598 0.070000
v -9.630962 0.583656 0.070000
v -9.644089 0.585843 0.070000
v -9.649089 0.680843 0.070000
v -9.649086 0.686443 0.070000
v -9.649070 0.692227 0.070000
v -9.649026 0.698171 0.070000
v -9.648940 0.704251 0.070000
v -9.648799 0.710441 0.070000
v -9.648588 0.716718 0.070000
v -9.648294 0.723058 0.070000
v -9.647903 0.729436 0.070000
v -9.647401 0.735828 0.070000
v -9.646774 0.742209 0.070000
v -9.646008 0.748556 0.070000
v -9.645088 0.754843 0.070000
v -9.739089 0.751843 0.070000
v -9.739089 0.751843 -0.070000
v -9.737779 0.744957 0.070000
v -9.737779 0.744957 -0.070000
v -9.736357 0.736839 0.070000
v -9.736357 0.736839 -0.070000
v -9.734838 0.727546 0.070000
v -9.734838 0.727546 -0.070000
v -9.733237 0.717139 0.070000
v -9.733237 0.717139 -0.070000
v -9.731565 0.705677 0.070000
v -9.731565 0.705677 -0.070000
v -9.729838 0.693218 0.070000
v -9.729838 0.693218 -0.070000
v -9.728070 0.679822 0.070000
v -9.728070 0.679822 -0.070000
v -9.726274 0.665547 0.070000
v -9.726274 0.665547 -0.070000
v -9.724463 0.650453 0.070000
v -9.724463 0.650453 -0.070000
v -9.722653 0.634598 0.070000
v -9.722653 0.634598 -0.070000
v -9.720858 0.618042 0.070000
v -9.720858 0.618042 -0.070000
v -9.719089 0.600843 0.070000
v -9.719089 0.600843 -0.070000
v -9.725089 0.602843 0.070000
v -9.725089 0.602843 -0.070000
v -9.754088 0.567843 0.070000
v -9.754088 0.567843 -0.070000
v -9.750759 0.563162 0.070000
v -9.750759 0.563162 -0.070000
v -9.747283 0.558144 0.070000
v -9.747283 0.558144 -0.070000
v -9.743683 0.552827 0.070000
v -9.743683 0.552827 -0.070000
v -9.739978 0.547251 0.070000
v -9.739978 0.547251 -0.070000
v -9.736189 0.541451 0.070000
v -9.736189 0.541451 -0.070000
v -9.732339 0.535468 0.070000
v -9.732339 0.535468 -0.070000
v -9.728446 0.529339 0.070000
v -9.728446 0.529339 -0.070000
v -9.724533 0.523102 0.070000
v -9.724533 0.523102 -0.070000
v -9.720620 0.516796 0.070000
v -9.720620 0.516796 -0.070000
v -9.716727 0.510459 0.070000
v -9.716727 0.510459 -0.070000
v -9.712877 0.504128 0.070000
v -9.712877 0.504128 -0.070000
v -9.709088 0.497843 0.070000
v -9.709088 0.497843 -0.070000
v -9.704088 0.439843 0.070000
v -9.704088 0.439843 -0.070000
v -9.724606 0.458293 0.070000
v -9.724606 0.458293 -0.070000
v -9.746973 0.477362 0.070000
v -9.746973 0.477362 -0.070000
v -9.770917 0.496624 0.070000
v -9.770917 0.496624 -0.070000
v -9.796163 0.515658 0.070000
v -9.796163 0.515658 -0.070000
v -9.822436 0.534039 0.070000
v -9.822436 0.534039 -0.070000
v -9.849463 0.551343 0.070000
v -9.849463 0.551343 -0.070000
v -9.876970 0.567148 0.070000
v -9.876970 0.567148 -0.070000
v -9.904681 0.581028 0.070000
v -9.904681 0.581028 -0.070000
v -9.932323 0.592562 0.070000
v -9.932323 0.592562 -0.070000
v -9.959621 0.601325 0.070000
v -9.959621 0.601325 -0.070000
v -9.986301 0.606893 0.070000
v -9.986301 0.606893 -0.070000
v -10.012089 0.608843 0.070000
v -10.012089 0.608843 -0.070000
v -10.034360 0.607753 0.070000
v -10.034360 0.607753 -0.070000
v -10.054677 0.604542 0.070000
v -10.054677 0.604542 -0.070000
v -10.073042 0.599296 0.070000
v -10.073042 0.599296 -0.070000
v -10.089459 0.592102 0.070000
v -10.089459 0.592102 -0.070000
v -10.103931 0.583047 0.070000
v -10.103931 0.583047 -0.070000
v -10.116464 0.572218 0.070000
v -10.116464 0.572218 -0.070000
v -10.127058 0.559701 0.070000
v -10.127058 0.559701 -0.070000
v -10.135718 0.545584 0.070000
v -10.135718 0.545584 -0.070000
v -10.142448 0.529953 0.070000
v -10.142448 0.529953 -0.070000
v -10.147251 0.512894 0.070000
v -10.147251 0.512894 -0.070000
v -10.150129 0.494495 0.070000
v -10.150129 0.494495 -0.070000
v -10.151089 0.474843 0.070000
v -10.151089 0.474843 -0.070000
v -10.150360 0.448425 0.070000
v -10.150360 0.448425 -0.070000
v -10.148348 0.419501 0.070000
v -10.148348 0.419501 -0.070000
v -10.145308 0.388562 0.070000
v -10.145308 0.388562 -0.070000
v -10.141496 0.356102 0.070000
v -10.141496 0.356102 -0.070000
v -10.137171 0.322615 0.070000
v -10.137171 0.322615 -0.070000
v -10.132588 0.288593 0.070000
v -10.132588 0.288593 -0.070000
v -10.128006 0.254530 0.070000
v -10.128006 0.254530 -0.070000
v -10.123681 0.220917 0.070000
v -10.123681 0.220917 -0.070000
v -10.119870 0.188249 0.070000
v -10.119870 0.188249 -0.070000
v -10.116829 0.157019 0.070000
v -10.116829 0.157019 -0.070000
v -10.114817 0.127719 0.070000
v -10.114817 0.127719 -0.070000
v -10.114089 0.100843 0.070000
v -10.114089 0.100843 -0.070000
v -10.114425 0.092711 0.070000
v -10.114425 0.092711 -0.070000
v -10.115440 0.084866 0.070000
v -10.115440 0.084866 -0.070000
v -10.117151 0.077390 0.070000
v -10.117151 0.077390 -0.070000
v -10.119570 0.070362 0.070000
v -10.119570 0.070362 -0.070000
v -10.122711 0.063861 0.070000
v -10.122711 0.063861 -0.070000
v -10.126589 0.057968 0.070000
v -10.126589 0.057968 -0.070000
v -10.131216 0.052763 0.070000
v -10.131216 0.052763 -0.070000
v -10.136607 0.048325 0.070000
v -10.136607 0.048325 -0.070000
v -10.142776 0.044734 0.070000
v -10.142776 0.044734 -0.070000
v -10.149736 0.042070 0.070000
v -10.149736 0.042070 -0.070000
v -10.157503 0.040413 0.070000
v -10.157503 0.040413 -0.070000
v -10.166089 0.039843 0.070000
v -10.166089 0.039843 -0.070000
v -10.178169 0.040445 0.070000
v -10.178169 0.040445 -0.070000
v -10.190399 0.042241 0.070000
v -10.190399 0.042241 -0.070000
v -10.202761 0.045218 0.070000
v -10.202761 0.045218 -0.070000
v -10.215237 0.049362 0.070000
v -10.215237 0.049362 -0.070000
v -10.227810 0.054658 0.070000
v -10.227810 0.054658 -0.070000
v -10.240463 0.061093 0.070000
v -10.240463 0.061093 -0.070000
v -10.253180 0.068653 0.070000
v -10.253180 0.068653 -0.070000
v -10.265941 0.077325 0.070000
v -10.265941 0.077325 -0.070000
v -10.278729 0.087093 0.070000
v -10.278729 0.087093 -0.070000
v -10.291529 0.097945 0.070000
v -10.291529 0.097945 -0.070000
v -10.304320 0.109866 0.070000
v -10.304320 0.109866 -0.070000
v -10.317089 0.122843 0.070000
v -10.317089 0.122843 -0.070000
v -10.330089 0.036843 0.070000
v -10.330089 0.036843 -0.070000
v -10.316633 0.024076 0.070000
v -10.316633 0.024076 -0.070000
v -10.302778 0.012292 0.070000
v -10.302778 0.012292 -0.070000
v -10.288542 0.001515 0.070000
v -10.288542 0.001515 -0.070000
v -10.273940 -0.008231 0.070000
v -10.273940 -0.008231 -0.070000
v -10.258992 -0.016921 0.070000
v -10.258992 -0.016921 -0.070000
v -10.243713 -0.024532 0.070000
v -10.243713 -0.024532 -0.070000
v -10.228123 -0.031038 0.070000
v -10.228123 -0.031038 -0.070000
v -10.212236 -0.036416 0.070000
v -10.212236 -0.036416 -0.070000
v -10.196074 -0.040641 0.070000
v -10.196074 -0.040641 -0.070000
v -10.179649 -0.043689 0.070000
v -10.179649 -0.043689 -0.070000
v -10.162982 -0.045536 0.070000
v -10.162982 -0.045536 -0.070000
v -10.146089 -0.046157 0.070000
v -10.146089 -0.046157 -0.070000
v -10.130040 -0.045263 0.070000
v -10.130040 -0.045263 -0.070000
v -10.114950 -0.042587 0.070000
v -10.114950 -0.042587 -0.070000
v -10.100902 -0.038141 0.070000
v -10.100902 -0.038141 -0.070000
v -10.087977 -0.031935 0.070000
v -10.087977 -0.031935 -0.070000
v -10.076262 -0.023978 0.070000
v -10.076262 -0.023978 -0.070000
v -10.065839 -0.014282 0.070000
v -10.065839 -0.014282 -0.070000
v -10.056790 -0.002856 0.070000
v -10.056790 -0.002856 -0.070000
v -10.049200 0.010288 0.070000
v -10.049200 0.010288 -0.070000
v -10.043151 0.025140 0.070000
v -10.043151 0.025140 -0.070000
v -10.038728 0.041690 0.070000
v -10.038728 0.041690 -0.070000
v -10.036013 0.059928 0.070000
v -10.036013 0.059928 -0.070000
v -10.035089 0.079843 0.070000
v -10.035089 0.079843 -0.070000
v -10.035836 0.108628 0.070000
v -10.035836 0.108628 -0.070000
v -10.037904 0.139209 0.070000
v -10.037904 0.139209 -0.070000
v -10.041026 0.171171 0.070000
v -10.041026 0.171171 -0.070000
v -10.044940 0.204102 0.070000
v -10.044940 0.204102 -0.070000
v -10.049382 0.237589 0.070000
v -10.049382 0.237589 -0.070000
v -10.054089 0.271218 0.070000
v -10.054089 0.271218 -0.070000
v -10.058795 0.304576 0.070000
v -10.058795 0.304576 -0.070000
v -10.063237 0.337251 0.070000
v -10.063237 0.337251 -0.070000
v -10.067151 0.368828 0.070000
v -10.067151 0.368828 -0.070000
v -10.070273 0.398894 0.070000
v -10.070273 0.398894 -0.070000
v -10.072341 0.427037 0.070000
v -10.072341 0.427037 -0.070000
v -10.073089 0.452843 0.070000
v -10.073089 0.452843 -0.070000
v -10.072469 0.466641 0.070000
v -10.072469 0.466641 -0.070000
v -10.070630 0.479056 0.070000
v -10.070630 0.479056 -0.070000
v -10.067604 0.490124 0.070000
v -10.067604 0.490124 -0.070000
v -10.063422 0.499880 0.070000
v -10.063422 0.499880 -0.070000
v -10.058115 0.508358 0.070000
v -10.058115 0.508358 -0.070000
v -10.051714 0.515593 0.070000
v -10.051714 0.515593 -0.070000
v -10.044250 0.521620 0.070000
v -10.044250 0.521620 -0.070000
v -10.035755 0.526473 0.070000
v -10.035755 0.526473 -0.070000
v -10.026260 0.530187 0.070000
v -10.026260 0.530187 -0.070000
v -10.015797 0.532797 0.070000
v -10.015797 0.532797 -0.070000
v -10.004396 0.534337 0.070000
v -10.004396 0.534337 -0.070000
v -9.992088 0.534843 0.070000
v -9.992088 0.534843 -0.070000
v -9.971045 0.532937 0.070000
v -9.971045 0.532937 -0.070000
v -9.948575 0.527427 0.070000
v -9.948575 0.527427 -0.070000
v -9.924917 0.518624 0.070000
v -9.924917 0.518624 -0.070000
v -9.900311 0.506843 0.070000
v -9.900311 0.506843 -0.070000
v -9.874996 0.492395 0.070000
v -9.874996 0.492395 -0.070000
v -9.849214 0.475593 0.070000
v -9.849214 0.475593 -0.070000
v -9.823201 0.456749 0.070000
v -9.823201 0.456749 -0.070000
v -9.797200 0.436177 0.070000
v -9.797200 0.436177 -0.070000
v -9.771448 0.414187 0.070000
v -9.771448 0.414187 -0.070000
v -9.746186 0.391093 0.070000
v -9.746186 0.391093 -0.070000
v -9.721653 0.367208 0.070000
v -9.721653 0.367208 -0.070000
v -9.698089 0.342843 0.070000
v -9.698089 0.342843 -0.070000
v -9.697610 0.332386 0.070000
v -9.697610 0.332386 -0.070000
v -9.697172 0.322019 0.070000
v -9.697172 0.322019 -0.070000
v -9.696776 0.311749 0.070000
v -9.696776 0.311749 -0.070000
v -9.696422 0.301584 0.070000
v -9.696422 0.301584 -0.070000
v -9.696110 0.291530 0.070000
v -9.696110 0.291530 -0.070000
v -9.695839 0.281593 0.070000
v -9.695839 0.281593 -0.070000
v -9.695609 0.271782 0.070000
v -9.695609 0.271782 -0.070000
v -9.695422 0.262102 0.070000
v -9.695422 0.262102 -0.070000
v -9.695276 0.252562 0.070000
v -9.695276 0.252562 -0.070000
v -9.695172 0.243167 0.070000
v -9.695172 0.243167 -0.070000
v -9.695109 0.233925 0.070000
v -9.695109 0.233925 -0.070000
v -9.695088 0.224843 0.070000
v -9.695088 0.224843 -0.070000
v -9.695072 0.202685 0.070000
v -9.695072 0.202685 -0.070000
v -9.695038 0.181575 0.070000
v -9.695038 0.181575 -0.070000
v -9.695010 0.161312 0.070000
v -9.695010 0.161312 -0.070000
v -9.695015 0.141695 0.070000
v -9.695015 0.141695 -0.070000
v -9.695074 0.122523 0.070000
v -9.695074 0.122523 -0.070000
v -9.695213 0.103593 0.070000
v -9.695213 0.103593 -0.070000
v -9.695457 0.084705 0.070000
v -9.695457 0.084705 -0.070000
v -9.695829 0.065658 0.070000
v -9.695829 0.065658 -0.070000
v -9.696354 0.046249 0.070000
v -9.696354 0.046249 -0.070000
v -9.697056 0.026278 0.070000
v -9.697056 0.026278 -0.070000
v -9.697960 0.005543 0.070000
v -9.697960 0.005543 -0.070000
v -9.699089 -0.016157 0.070000
v -9.699089 -0.016157 -0.070000
v -9.699359 -0.020795 0.070000
v -9.699359 -0.020795 -0.070000
v -9.699667 -0.025675 0.070000
v -9.699667 -0.025675 -0.070000
v -9.700010 -0.030751 0.070000
v -9.700010 -0.030751 -0.070000
v -9.700385 -0.035972 0.070000
v -9.700385 -0.035972 -0.070000
v -9.700788 -0.041290 0.070000
v -9.700788 -0.041290 -0.070000
v -9.701214 -0.046657 0.070000
v -9.701214 -0.046657 -0.070000
v -9.701661 -0.052024 0.070000
v -9.701661 -0.052024 -0.070000
v -9.702126 -0.057342 0.070000
v -9.702126 -0.057342 -0.070000
v -9.702604 -0.062563 0.070000
v -9.702604 -0.062563 -0.070000
v -9.703094 -0.067638 0.070000
v -9.703094 -0.067638 -0.070000
v -9.703589 -0.072519 0.070000
v -9.703589 -0.072519 -0.070000
v -9.704088 -0.077157 0.070000
v -9.704088 -0.077157 -0.070000
v -9.617088 -0.077157 0.070000
v -9.617088 -0.077157 -0.070000
v -9.617568 -0.072520 0.070000
v -9.617568 -0.072520 -0.070000
v -9.618006 -0.067648 0.070000
v -9.618006 -0.067648 -0.070000
v -9.618402 -0.062594 0.070000
v -9.618402 -0.062594 -0.070000
v -9.618755 -0.057416 0.070000
v -9.618755 -0.057416 -0.070000
v -9.619068 -0.052168 0.070000
v -9.619068 -0.052168 -0.070000
v -9.619339 -0.046907 0.070000
v -9.619339 -0.046907 -0.070000
v -9.619568 -0.041687 0.070000
v -9.619568 -0.041687 -0.070000
v -9.619756 -0.036564 0.070000
v -9.619756 -0.036564 -0.070000
v -9.619901 -0.031594 0.070000
v -9.619901 -0.031594 -0.070000
v -9.620006 -0.026833 0.070000
v -9.620006 -0.026833 -0.070000
v -9.620068 -0.022335 0.070000
v -9.620068 -0.022335 -0.070000
v -9.620089 -0.018157 0.070000
v -9.620089 -0.018157 -0.070000
v -9.620319 0.004965 0.070000
v -9.620319 0.004965 -0.070000
v -9.620520 0.026570 0.070000
v -9.620520 0.026570 -0.070000
v -9.620698 0.047015 0.070000
v -9.620698 0.047015 -0.070000
v -9.620867 0.066658 0.070000
v -9.620867 0.066658 -0.070000
v -9.621035 0.085856 0.070000
v -9.621035 0.085856 -0.070000
v -9.621214 0.104968 0.070000
v -9.621214 0.104968 -0.070000
v -9.621413 0.124351 0.070000
v -9.621413 0.124351 -0.070000
v -9.621644 0.144362 0.070000
v -9.621644 0.144362 -0.070000
v -9.621917 0.165359 0.070000
v -9.621917 0.165359 -0.070000
v -9.622241 0.187700 0.070000
v -9.622241 0.187700 -0.070000
v -9.622628 0.211742 0.070000
v -9.622628 0.211742 -0.070000
v -9.623089 0.237843 0.070000
v -9.623089 0.237843 -0.070000
v -9.624088 0.276843 0.070000
v -9.624088 0.276843 -0.070000
v -9.611505 0.258163 0.070000
v -9.611505 0.258163 -0.070000
v -9.598334 0.238737 0.070000
v -9.598334 0.238737 -0.070000
v -9.584698 0.218734 0.070000
v -9.584698 0.218734 -0.070000
v -9.570718 0.198325 0.070000
v -9.570718 0.198325 -0.070000
v -9.556517 0.177679 0.070000
v -9.556517 0.177679 -0.070000
v -9.542213 0.156968 0.070000
v -9.542213 0.156968 -0.070000
v -9.527932 0.136361 0.070000
v -9.527932 0.136361 -0.070000
v -9.513792 0.116028 0.070000
v -9.513792 0.116028 -0.070000
v -9.499917 0.096140 0.070000
v -9.499917 0.096140 -0.070000
v -9.486426 0.076866 0.070000
v -9.486426 0.076866 -0.070000
v -9.473443 0.058377 0.070000
v -9.473443 0.058377 -0.070000
v -9.461088 0.040843 0.070000
v -9.461088 0.040843 -0.070000
v -9.410089 0.109843 0.070000
v -9.410089 0.109843 -0.070000
v -9.425265 0.129040 0.070000
v -9.425265 0.129040 -0.070000
v -9.442505 0.151251 0.070000
v -9.442505 0.151251 -0.070000
v -9.461370 0.175906 0.070000
v -9.461370 0.175906 -0.070000
v -9.481422 0.202436 0.070000
v -9.481422 0.202436 -0.070000
v -9.502224 0.230271 0.070000
v -9.502224 0.230271 -0.070000
v -9.523338 0.258843 0.070000
v -9.523338 0.258843 -0.070000
v -9.544329 0.287582 0.070000
v -9.544329 0.287582 -0.070000
v -9.564755 0.315917 0.070000
v -9.564755 0.315917 -0.070000
v -9.584183 0.343281 0.070000
v -9.584183 0.343281 -0.070000
v -9.602172 0.369102 0.070000
v -9.602172 0.369102 -0.070000
v -9.618286 0.392813 0.070000
v -9.618286 0.392813 -0.070000
v -9.632089 0.413843 0.070000
v -9.632089 0.413843 -0.070000
v -9.639089 0.512843 0.070000
v -9.639089 0.512843 -0.070000
v -9.443089 0.485843 0.070000
v -9.443089 0.485843 -0.070000
v -9.435089 0.567843 0.070000
v -9.435089 0.567843 -0.070000
v -9.440531 0.567634 0.070000
v -9.440531 0.567634 -0.070000
v -9.445876 0.567501 0.070000
v -9.445876 0.567501 -0.070000
v -9.451151 0.567437 0.070000
v -9.451151 0.567437 -0.070000
v -9.456385 0.567436 0.070000
v -9.456385 0.567436 -0.070000
v -9.461605 0.567490 0.070000
v -9.461605 0.567490 -0.070000
v -9.466839 0.567593 0.070000
v -9.466839 0.567593 -0.070000
v -9.472115 0.567738 0.070000
v -9.472115 0.567738 -0.070000
v -9.477459 0.567917 0.070000
v -9.477459 0.567917 -0.070000
v -9.482902 0.568124 0.070000
v -9.482902 0.568124 -0.070000
v -9.488468 0.568352 0.070000
v -9.488468 0.568352 -0.070000
v -9.494188 0.568594 0.070000
v -9.494188 0.568594 -0.070000
v -9.500089 0.568843 0.070000
v -9.500089 0.568843 -0.070000
v -9.508862 0.569426 0.070000
v -9.508862 0.569426 -0.070000
v -9.518602 0.570172 0.070000
v -9.518602 0.570172 -0.070000
v -9.529198 0.571078 0.070000
v -9.529198 0.571078 -0.070000
v -9.540533 0.572140 0.070000
v -9.540533 0.572140 -0.070000
v -9.552493 0.573354 0.070000
v -9.552493 0.573354 -0.070000
v -9.564963 0.574718 0.070000
v -9.564963 0.574718 -0.070000
v -9.577830 0.576228 0.070000
v -9.577830 0.576228 -0.070000
v -9.590978 0.577880 0.070000
v -9.590978 0.577880 -0.070000
v -9.604292 0.579671 0.070000
v -9.604292 0.579671 -0.070000
v -9.617658 0.581598 0.070000
v -9.617658 0.581598 -0.070000
v -9.630962 0.583656 0.070000
v -9.630962 0.583656 -0.070000
v -9.644089 0.585843 0.070000
v -9.644089 0.585843 -0.070000
v -9.649089 0.680843 0.070000
v -9.649089 0.680843 -0.070000
v -9.649086 0.686443 0.070000
v -9.649086 0.686443 -0.070000
v -9.649070 0.692227 0.070000
v -9.649070 0.692227 -0.070000
v -9.649026 0.698171 0.070000
v -9.649026 0.698171 -0.070000
v -9.648940 0.704251 0.070000
v -9.648940 0.704251 -0.070000
v -9.648799 0.710441 0.070000
v -9.648799 0.710441 -0.070000
v -9.648588 0.716718 0.070000
v -9.648588 0.716718 -0.070000
v -9.648294 0.723058 0.070000
v -9.648294 0.723058 -0.070000
v -9.647903 0.729436 0.070000
v -9.647903 0.729436 -0.070000
v -9.647401 0.735828 0.070000
v -9.647401 0.735828 -0.070000
v -9.646774 0.742209 0.070000
v -9.646774 0.742209 -0.070000
v -9.646008 0.748556 0.070000
v -9.646008 0.748556 -0.070000
v -9.645088 0.754843 0.070000
v -9.645088 0.754843 -0.070000
vn -0.0000 -0.0000 -1.0000
vn -0.0001 -0.0000 -1.0000
vn -0.0000 -0.0000 1.0000
vn -0.0001 -0.0000 1.0000
vn -0.9837 -0.1797 -0.0000
vn -0.7804 0.6252 -0.0000
vn -0.9860 -0.1669 -0.0000
vn -0.9876 -0.1567 -0.0000
vn -0.9890 -0.1482 -0.0000
vn -0.9900 -0.1408 -0.0000
vn -0.9910 -0.1341 -0.0000
vn -0.9918 -0.1279 -0.0000
vn -0.9925 -0.1220 -0.0000
vn -0.9932 -0.1163 -0.0000
vn -0.9939 -0.1107 -0.0000
vn -0.9945 -0.1051 -0.0000
vn -0.6255 0.7802 -0.0000
vn -0.2750 0.9615 -0.0000
vn -0.9993 0.0368 -0.0000
vn -0.8185 -0.5745 -0.0000
vn -0.8250 -0.5651 -0.0000
vn -0.8305 -0.5571 -0.0000
vn -0.8351 -0.5501 -0.0000
vn -0.8391 -0.5440 -0.0000
vn -0.8425 -0.5386 -0.0000
vn -0.8456 -0.5338 -0.0000
vn -0.8484 -0.5294 -0.0000
vn -0.8509 -0.5253 -0.0000
vn -0.8532 -0.5215 -0.0000
vn -0.8554 -0.5179 -0.0000
vn -0.9510 -0.3091 -0.0000
vn -0.4459 0.8951 -0.0000
vn 0.6588 0.7523 -0.0000
vn 0.6379 0.7702 -0.0000
vn 0.6145 0.7889 -0.0000
vn 0.5877 0.8091 -0.0000
vn 0.5563 0.8310 -0.0000
vn 0.5189 0.8549 -0.0000
vn 0.4732 0.8809 -0.0000
vn 0.4167 0.9090 -0.0000
vn 0.3457 0.9384 -0.0000
vn 0.2553 0.9669 -0.0000
vn 0.1402 0.9901 -0.0000
vn 0.0133 0.9999 -0.0000
vn -0.1026 0.9947 -0.0000
vn -0.2158 0.9764 -0.0000
vn -0.3388 0.9409 -0.0000
vn -0.4671 0.8842 -0.0000
vn -0.5939 0.8046 -0.0000
vn -0.7107 0.7035 -0.0000
vn -0.8102 0.5862 -0.0000
vn -0.8877 0.4604 -0.0000
vn -0.9426 0.3340 -0.0000
vn -0.9770 0.2132 -0.0000
vn -0.9426 0.3339 -0.0000
vn -0.9948 0.1018 -0.0000
vn -0.9999 0.0106 -0.0000
vn -0.9988 -0.0485 -0.0000
vn -0.9965 -0.0836 -0.0000
vn -0.9942 -0.1072 -0.0000
vn -0.9925 -0.1224 -0.0000
vn -0.9914 -0.1308 -0.0000
vn -0.9911 -0.1334 -0.0000
vn -0.9915 -0.1305 -0.0000
vn -0.9926 -0.1218 -0.0000
vn -0.9943 -0.1064 -0.0000
vn -0.9966 -0.0827 -0.0000
vn -0.9989 -0.0478 -0.0000
vn -1.0000 0.0071 -0.0000
vn -0.9964 0.0849 -0.0000
vn -0.9844 0.1760 -0.0000
vn -0.9615 0.2746 -0.0000
vn -0.9246 0.3809 -0.0000
vn -0.8698 0.4934 -0.0000
vn -0.7935 0.6086 -0.0000
vn -0.6936 0.7204 -0.0000
vn -0.5712 0.8208 -0.0000
vn -0.4317 0.9020 -0.0000
vn -0.2839 0.9589 -0.0000
vn -0.4316 0.9020 -0.0000
vn -0.1378 0.9905 -0.0000
vn -0.0083 1.0000 -0.0000
vn 0.0977 0.9952 -0.0000
vn 0.1899 0.9818 -0.0000
vn 0.2749 0.9615 -0.0000
vn 0.3520 0.9360 -0.0000
vn 0.4210 0.9070 -0.0000
vn 0.4824 0.8759 -0.0000
vn 0.5368 0.8437 -0.0000
vn 0.5847 0.8112 -0.0000
vn 0.6271 0.7790 -0.0000
vn 0.6644 0.7474 -0.0000
vn 0.6975 0.7166 -0.0000
vn -0.3085 0.9512 -0.0000
vn -0.9458 -0.3248 -0.0000
vn -0.6683 -0.7439 -0.0000
vn -0.6260 -0.7798 -0.0000
vn -0.5796 -0.8149 -0.0000
vn -0.5291 -0.8485 -0.0000
vn -0.4745 -0.8803 -0.0000
vn -0.4157 -0.9095 -0.0000
vn -0.3531 -0.9356 -0.0000
vn -0.2870 -0.9579 -0.0000
vn -0.2178 -0.9760 -0.0000
vn -0.1464 -0.9892 -0.0000
vn -0.0735 -0.9973 -0.0000
vn 0.0095 -1.0000 -0.0000
vn 0.1153 -0.9933 -0.0000
vn 0.2387 -0.9711 -0.0000
vn 0.3682 -0.9297 -0.0000
vn 0.4988 -0.8667 -0.0000
vn 0.6233 -0.7820 -0.0000
vn 0.7346 -0.6785 -0.0000
vn 0.8272 -0.5620 -0.0000
vn 0.8982 -0.4397 -0.0000
vn 0.9480 -0.3183 -0.0000
vn 0.9792 -0.2031 -0.0000
vn 0.9953 -0.0969 -0.0000
vn 0.9999 -0.0102 -0.0000
vn 0.9989 0.0467 -0.0000
vn 0.9966 0.0823 -0.0000
vn 0.9942 0.1076 -0.0000
vn 0.9922 0.1248 -0.0000
vn 0.9908 0.1350 -0.0000
vn 0.9903 0.1391 -0.0000
vn 0.9905 0.1372 -0.0000
vn 0.9917 0.1289 -0.0000
vn 0.9936 0.1132 -0.0000
vn 0.9961 0.0883 -0.0000
vn 0.9987 0.0511 -0.0000
vn 1.0000 -0.0080 -0.0000
vn 0.9954 -0.0958 -0.0000
vn 0.9787 -0.2055 -0.0000
vn 0.9441 -0.3297 -0.0000
vn 0.8860 -0.4637 -0.0000
vn 0.8010 -0.5987 -0.0000
vn 0.6910 -0.7228 -0.0000
vn 0.5640 -0.8258 -0.0000
vn 0.6910 -0.7229 -0.0000
vn 0.4313 -0.9022 -0.0000
vn 0.3038 -0.9527 -0.0000
vn 0.1882 -0.9821 -0.0000
vn 0.0876 -0.9962 -0.0000
vn -0.0246 -0.9997 -0.0000
vn -0.1647 -0.9864 -0.0000
vn -0.2939 -0.9558 -0.0000
vn -0.3907 -0.9205 -0.0000
vn -0.4641 -0.8858 -0.0000
vn -0.5211 -0.8535 -0.0000
vn -0.5665 -0.8241 -0.0000
vn -0.6037 -0.7972 -0.0000
vn -0.6350 -0.7725 -0.0000
vn -0.6621 -0.7494 -0.0000
vn -0.6862 -0.7274 -0.0000
vn -0.7083 -0.7059 -0.0000
vn -0.9182 -0.3961 -0.0000
vn -0.9990 -0.0440 -0.0000
vn -0.9992 -0.0403 -0.0000
vn -0.9993 -0.0367 -0.0000
vn -0.9995 -0.0329 -0.0000
vn -0.9996 -0.0292 -0.0000
vn -0.9997 -0.0253 -0.0000
vn -0.9998 -0.0214 -0.0000
vn -0.9999 -0.0173 -0.0000
vn -0.9999 -0.0132 -0.0000
vn -1.0000 -0.0089 -0.0000
vn -1.0000 -0.0045 -0.0000
vn -1.0000 -0.0015 -0.0000
vn -1.0000 -0.0012 -0.0000
vn -1.0000 -0.0006 -0.0000
vn -1.0000 0.0017 -0.0000
vn -1.0000 0.0052 -0.0000
vn -0.9999 0.0101 -0.0000
vn -0.9999 0.0162 -0.0000
vn -0.9997 0.0233 -0.0000
vn -0.9995 0.0311 -0.0000
vn -0.9992 0.0393 -0.0000
vn -0.9989 0.0477 -0.0000
vn -0.9985 0.0551 -0.0000
vn -0.9982 0.0606 -0.0000
vn -0.9979 0.0653 -0.0000
vn -0.9976 0.0695 -0.0000
vn -0.9973 0.0735 -0.0000
vn -0.9970 0.0773 -0.0000
vn -0.9967 0.0811 -0.0000
vn -0.9964 0.0851 -0.0000
vn -0.9960 0.0892 -0.0000
vn -0.9956 0.0936 -0.0000
vn -0.9951 0.0985 -0.0000
vn -0.9946 0.1041 -0.0000
vn -0.7440 -0.6682 -0.0000
vn 0.7426 -0.6698 -0.0000
vn 0.9954 0.0961 -0.0000
vn 0.9965 0.0838 -0.0000
vn 0.9973 0.0732 -0.0000
vn 0.9980 0.0638 -0.0000
vn 0.9985 0.0554 -0.0000
vn 0.9989 0.0476 -0.0000
vn 0.9992 0.0402 -0.0000
vn 0.9995 0.0330 -0.0000
vn 0.9997 0.0256 -0.0000
vn 0.9998 0.0179 -0.0000
vn 1.0000 0.0094 -0.0000
vn 1.0000 0.0075 -0.0000
vn 1.0000 0.0096 -0.0000
vn 1.0000 0.0090 -0.0000
vn 1.0000 0.0087 -0.0000
vn 1.0000 0.0091 -0.0000
vn 1.0000 0.0098 -0.0000
vn 0.9999 0.0109 -0.0000
vn 0.9999 0.0123 -0.0000
vn 0.9999 0.0138 -0.0000
vn 0.9999 0.0153 -0.0000
vn 0.9999 0.0169 -0.0000
vn 0.9998 0.0216 -0.0000
vn 0.3043 -0.9526 -0.0000
vn -0.8285 -0.5599 -0.0000
vn -0.8270 -0.5622 -0.0000
vn -0.8256 -0.5642 -0.0000
vn -0.8245 -0.5659 -0.0000
vn -0.8234 -0.5675 -0.0000
vn -0.8244 -0.5659 -0.0000
vn -0.8224 -0.5689 -0.0000
vn -0.8215 -0.5703 -0.0000
vn -0.8206 -0.5716 -0.0000
vn -0.8197 -0.5728 -0.0000
vn -0.8188 -0.5740 -0.0000
vn -0.8179 -0.5753 -0.0000
vn -0.0113 -0.9999 -0.0000
vn 0.9999 0.0162 -0.0000
vn 0.7872 0.6167 -0.0000
vn 0.7921 0.6104 -0.0000
vn 0.7960 0.6053 -0.0000
vn 0.7994 0.6008 -0.0000
vn 0.8026 0.5965 -0.0000
vn 0.8059 0.5921 -0.0000
vn 0.8094 0.5873 -0.0000
vn 0.8133 0.5818 -0.0000
vn 0.8180 0.5753 -0.0000
vn 0.8238 0.5669 -0.0000
vn 0.8316 0.5554 -0.0000
vn 0.9474 0.3200 -0.0000
vn 0.6833 -0.7301 -0.0000
vn 0.6197 -0.7849 -0.0000
vn 0.6833 -0.7302 -0.0000
vn 0.7276 0.6860 -0.0000
vn -0.0317 0.9995 -0.0000
vn -0.0185 0.9998 -0.0000
vn -0.0061 1.0000 -0.0000
vn 0.0051 1.0000 -0.0000
vn 0.0151 0.9999 -0.0000
vn 0.0235 0.9997 -0.0000
vn 0.0305 0.9995 -0.0000
vn 0.0358 0.9994 -0.0000
vn 0.0395 0.9992 -0.0000
vn 0.0416 0.9991 -0.0000
vn 0.0422 0.9991 -0.0000
vn 0.0542 0.9985 -0.0000
vn 0.0713 0.9975 -0.0000
vn 0.0808 0.9967 -0.0000
vn 0.0892 0.9960 -0.0000
vn 0.0972 0.9953 -0.0000
vn 0.1049 0.9945 -0.0000
vn 0.1126 0.9936 -0.0000
vn 0.1206 0.9927 -0.0000
vn 0.1290 0.9916 -0.0000
vn 0.1380 0.9904 -0.0000
vn 0.1478 0.9890 -0.0000
vn 0.1586 0.9873 -0.0000
vn 0.7457 0.6662 -0.0000
vn 0.9997 0.0261 -0.0000
vn 1.0000 -0.0016 -0.0000
vn 1.0000 -0.0051 -0.0000
vn 0.9999 -0.0107 -0.0000
vn 0.9998 -0.0184 -0.0000
vn 0.9996 -0.0282 -0.0000
vn 0.9992 -0.0399 -0.0000
vn 0.9986 -0.0538 -0.0000
vn 0.9976 -0.0698 -0.0000
vn 0.9961 -0.0881 -0.0000
vn 0.9941 -0.1089 -0.0000
vn 0.9912 -0.1323 -0.0000
vn 0.7460 0.6660 -0.0000
vn 0.9912 -0.1322 -0.0000
vt 0.340704 0.776262
vt 0.280169 0.776262
vt 0.340925 0.776262
vt 0.280390 0.776262
vt 0.340483 0.776262
vt 0.280611 0.776262
vt 0.340262 0.776262
vt 0.280832 0.776262
vt 0.340041 0.776262
vt 0.339820 0.776262
vt 0.281053 0.776262
vt 0.339599 0.776262
vt 0.281273 0.776262
vt 0.339379 0.776262
vt 0.339158 0.776262
vt 0.281494 0.776262
vt 0.338937 0.776262
vt 0.338716 0.776262
vt 0.281715 0.776262
vt 0.338495 0.776262
vt 0.338274 0.776262
vt 0.338053 0.776262
vt 0.281936 0.776262
vt 0.282157 0.776262
vt 0.282378 0.776262
vt 0.282599 0.776262
vt 0.282820 0.776262
vt 0.288564 0.776262
vt 0.289006 0.776262
vt 0.288785 0.776262
vt 0.289227 0.776262
vt 0.288343 0.776262
vt 0.289448 0.776262
vt 0.283262 0.776262
vt 0.283041 0.776262
vt 0.288122 0.776262
vt 0.289669 0.776262
vt 0.287901 0.776262
vt 0.289890 0.776262
vt 0.337832 0.776262
vt 0.337611 0.776262
vt 0.290111 0.776262
vt 0.337390 0.776262
vt 0.287680 0.776262
vt 0.337169 0.776262
vt 0.336948 0.776262
vt 0.336727 0.776262
vt 0.336506 0.776262
vt 0.336285 0.776262
vt 0.290332 0.776262
vt 0.336065 0.776262
vt 0.335844 0.776262
vt 0.335623 0.776262
vt 0.335402 0.776262
vt 0.335181 0.776262
vt 0.334960 0.776262
vt 0.334739 0.776262
vt 0.334518 0.776262
vt 0.334297 0.776262
vt 0.332530 0.776262
vt 0.332972 0.776262
vt 0.332751 0.776262
vt 0.283483 0.776262
vt 0.334076 0.776262
vt 0.333192 0.776262
vt 0.333855 0.776262
vt 0.333413 0.776262
vt 0.333634 0.776262
vt 0.287460 0.776262
vt 0.283704 0.776262
vt 0.290553 0.776262
vt 0.283925 0.776262
vt 0.284146 0.776262
vt 0.287239 0.776262
vt 0.284366 0.776262
vt 0.310216 0.776262
vt 0.290774 0.776262
vt 0.284587 0.776262
vt 0.284808 0.776262
vt 0.310436 0.776262
vt 0.309995 0.776262
vt 0.309774 0.776262
vt 0.287018 0.776262
vt 0.310657 0.776262
vt 0.309553 0.776262
vt 0.309332 0.776262
vt 0.290994 0.776262
vt 0.332309 0.776262
vt 0.285029 0.776262
vt 0.310878 0.776262
vt 0.309111 0.776262
vt 0.285250 0.776262
vt 0.308890 0.776262
vt 0.311099 0.776262
vt 0.285471 0.776262
vt 0.286797 0.776262
vt 0.308669 0.776262
vt 0.291215 0.776262
vt 0.332088 0.776262
vt 0.285692 0.776262
vt 0.308448 0.776262
vt 0.311320 0.776262
vt 0.285913 0.776262
vt 0.308227 0.776262
vt 0.286134 0.776262
vt 0.286576 0.776262
vt 0.291436 0.776262
vt 0.311541 0.776262
vt 0.308006 0.776262
vt 0.307785 0.776262
vt 0.286355 0.776262
vt 0.311762 0.776262
vt 0.291657 0.776262
vt 0.307564 0.776262
vt 0.311983 0.776262
vt 0.307343 0.776262
vt 0.291878 0.776262
vt 0.312204 0.776262
vt 0.307122 0.776262
vt 0.292099 0.776262
vt 0.312425 0.776262
vt 0.331867 0.776262
vt 0.306902 0.776262
vt 0.331646 0.776262
vt 0.312646 0.776262
vt 0.292320 0.776262
vt 0.331425 0.776262
vt 0.306681 0.776262
vt 0.312867 0.776262
vt 0.292541 0.776262
vt 0.331204 0.776262
vt 0.313088 0.776262
vt 0.306460 0.776262
vt 0.313309 0.776262
vt 0.292762 0.776262
vt 0.313529 0.776262
vt 0.330983 0.776262
vt 0.313750 0.776262
vt 0.306239 0.776262
vt 0.313971 0.776262
vt 0.314192 0.776262
vt 0.292983 0.776262
vt 0.330762 0.776262
vt 0.326564 0.776262
vt 0.314413 0.776262
vt 0.326785 0.776262
vt 0.326344 0.776262
vt 0.314634 0.776262
vt 0.306018 0.776262
vt 0.314855 0.776262
vt 0.330541 0.776262
vt 0.327006 0.776262
vt 0.293204 0.776262
vt 0.315076 0.776262
vt 0.315297 0.776262
vt 0.327227 0.776262
vt 0.326123 0.776262
vt 0.305797 0.776262
vt 0.315518 0.776262
vt 0.330320 0.776262
vt 0.315739 0.776262
vt 0.293425 0.776262
vt 0.327448 0.776262
vt 0.325902 0.776262
vt 0.305576 0.776262
vt 0.315960 0.776262
vt 0.330099 0.776262
vt 0.327669 0.776262
vt 0.293646 0.776262
vt 0.325681 0.776262
vt 0.316181 0.776262
vt 0.327890 0.776262
vt 0.329878 0.776262
vt 0.305355 0.776262
vt 0.325460 0.776262
vt 0.316402 0.776262
vt 0.293867 0.776262
vt 0.328111 0.776262
vt 0.329658 0.776262
vt 0.325239 0.776262
vt 0.316623 0.776262
vt 0.305134 0.776262
vt 0.328332 0.776262
vt 0.329437 0.776262
vt 0.294088 0.776262
vt 0.325018 0.776262
vt 0.299169 0.776262
vt 0.299611 0.776262
vt 0.299390 0.776262
vt 0.316844 0.776262
vt 0.328553 0.776262
vt 0.298948 0.776262
vt 0.329216 0.776262
vt 0.304913 0.776262
vt 0.324797 0.776262
vt 0.317064 0.776262
vt 0.294308 0.776262
vt 0.298727 0.776262
vt 0.328774 0.776262
vt 0.294529 0.776262
vt 0.298506 0.776262
vt 0.324576 0.776262
vt 0.294750 0.776262
vt 0.317285 0.776262
vt 0.304692 0.776262
vt 0.294971 0.776262
vt 0.298285 0.776262
vt 0.328995 0.776262
vt 0.295192 0.776262
vt 0.298064 0.776262
vt 0.324355 0.776262
vt 0.317506 0.776262
vt 0.295413 0.776262
vt 0.297843 0.776262
vt 0.304471 0.776262
vt 0.295634 0.776262
vt 0.297622 0.776262
vt 0.295855 0.776262
vt 0.297401 0.776262
vt 0.296076 0.776262
vt 0.324134 0.776262
vt 0.317727 0.776262
vt 0.297181 0.776262
vt 0.296297 0.776262
vt 0.296960 0.776262
vt 0.296518 0.776262
vt 0.304250 0.776262
vt 0.296739 0.776262
vt 0.299832 0.776262
vt 0.323913 0.776262
vt 0.317948 0.776262
vt 0.304029 0.776262
vt 0.300053 0.776262
vt 0.300274 0.776262
vt 0.303809 0.776262
vt 0.318169 0.776262
vt 0.323692 0.776262
vt 0.300495 0.776262
vt 0.303588 0.776262
vt 0.300715 0.776262
vt 0.303367 0.776262
vt 0.318390 0.776262
vt 0.300936 0.776262
vt 0.323471 0.776262
vt 0.318611 0.776262
vt 0.323251 0.776262
vt 0.303146 0.776262
vt 0.301157 0.776262
vt 0.318832 0.776262
vt 0.323030 0.776262
vt 0.319053 0.776262
vt 0.301378 0.776262
vt 0.322809 0.776262
vt 0.302925 0.776262
vt 0.319274 0.776262
vt 0.301599 0.776262
vt 0.322588 0.776262
vt 0.302704 0.776262
vt 0.301820 0.776262
vt 0.319495 0.776262
vt 0.322367 0.776262
vt 0.302483 0.776262
vt 0.302041 0.776262
vt 0.302262 0.776262
vt 0.319716 0.776262
vt 0.322146 0.776262
vt 0.319937 0.776262
vt 0.321925 0.776262
vt 0.320157 0.776262
vt 0.321704 0.776262
vt 0.320378 0.776262
vt 0.321483 0.776262
vt 0.320599 0.776262
vt 0.321262 0.776262
vt 0.320820 0.776262
vt 0.321041 0.776262
vt 0.280389 0.837019
vt 0.280169 0.837019
vt 0.280609 0.837019
vt 0.280389 0.776262
vt 0.280829 0.837019
vt 0.280609 0.776262
vt 0.281049 0.837019
vt 0.280829 0.776262
vt 0.281269 0.837019
vt 0.281049 0.776262
vt 0.281490 0.837019
vt 0.281269 0.776262
vt 0.281710 0.837019
vt 0.281490 0.776262
vt 0.281930 0.837019
vt 0.281710 0.776262
vt 0.282150 0.837019
vt 0.281930 0.776262
vt 0.282370 0.837019
vt 0.282150 0.776262
vt 0.282590 0.837019
vt 0.282370 0.776262
vt 0.282810 0.837019
vt 0.282590 0.776262
vt 0.283031 0.837019
vt 0.282810 0.776262
vt 0.283251 0.837019
vt 0.283031 0.776262
vt 0.283471 0.837019
vt 0.283251 0.776262
vt 0.283691 0.837019
vt 0.283471 0.776262
vt 0.283911 0.837019
vt 0.283691 0.776262
vt 0.284131 0.837019
vt 0.283911 0.776262
vt 0.284351 0.837019
vt 0.284131 0.776262
vt 0.284571 0.837019
vt 0.284351 0.776262
vt 0.284792 0.837019
vt 0.284571 0.776262
vt 0.285012 0.837019
vt 0.284792 0.776262
vt 0.285232 0.837019
vt 0.285012 0.776262
vt 0.285452 0.837019
vt 0.285232 0.776262
vt 0.285672 0.837019
vt 0.285452 0.776262
vt 0.285892 0.837019
vt 0.285672 0.776262
vt 0.286112 0.837019
vt 0.285892 0.776262
vt 0.286332 0.837019
vt 0.286112 0.776262
vt 0.286553 0.837019
vt 0.286332 0.776262
vt 0.286773 0.837019
vt 0.286553 0.776262
vt 0.286993 0.837019
vt 0.286773 0.776262
vt 0.287213 0.837019
vt 0.286993 0.776262
vt 0.287433 0.837019
vt 0.287213 0.776262
vt 0.287653 0.837019
vt 0.287433 0.776262
vt 0.287873 0.837019
vt 0.287653 0.776262
vt 0.288094 0.837019
vt 0.287873 0.776262
vt 0.288314 0.837019
vt 0.288094 0.776262
vt 0.288534 0.837019
vt 0.288314 0.776262
vt 0.288754 0.837019
vt 0.288534 0.776262
vt 0.288974 0.837019
vt 0.288754 0.776262
vt 0.289194 0.837019
vt 0.288974 0.776262
vt 0.289414 0.837019
vt 0.289194 0.776262
vt 0.289634 0.837019
vt 0.289414 0.776262
vt 0.289855 0.837019
vt 0.289634 0.776262
vt 0.290075 0.837019
vt 0.289855 0.776262
vt 0.290295 0.837019
vt 0.290075 0.776262
vt 0.290515 0.837019
vt 0.290295 0.776262
vt 0.290735 0.837019
vt 0.290515 0.776262
vt 0.290955 0.837019
vt 0.290735 0.776262
vt 0.291175 0.837019
vt 0.290955 0.776262
vt 0.291396 0.837019
vt 0.291175 0.776262
vt 0.291616 0.837019
vt 0.291396 0.776262
vt 0.291836 0.837019
vt 0.291616 0.776262
vt 0.292056 0.837019
vt 0.291836 0.776262
vt 0.292276 0.837019
vt 0.292056 0.776262
vt 0.292496 0.837019
vt 0.292276 0.776262
vt 0.292716 0.837019
vt 0.292496 0.776262
vt 0.292936 0.837019
vt 0.292716 0.776262
vt 0.293157 0.837019
vt 0.292936 0.776262
vt 0.293377 0.837019
vt 0.293157 0.776262
vt 0.293597 0.837019
vt 0.293377 0.776262
vt 0.293817 0.837019
vt 0.293597 0.776262
vt 0.294037 0.837019
vt 0.293817 0.776262
vt 0.294257 0.837019
vt 0.294037 0.776262
vt 0.294477 0.837019
vt 0.294257 0.776262
vt 0.294697 0.837019
vt 0.294477 0.776262
vt 0.294918 0.837019
vt 0.294697 0.776262
vt 0.295138 0.837019
vt 0.294918 0.776262
vt 0.295358 0.837019
vt 0.295138 0.776262
vt 0.295578 0.837019
vt 0.295358 0.776262
vt 0.295798 0.837019
vt 0.295578 0.776262
vt 0.296018 0.837019
vt 0.295798 0.776262
vt 0.296238 0.837019
vt 0.296018 0.776262
vt 0.296459 0.837019
vt 0.296238 0.776262
vt 0.296679 0.837019
vt 0.296459 0.776262
vt 0.296899 0.837019
vt 0.296679 0.776262
vt 0.297119 0.837019
vt 0.296899 0.776262
vt 0.297339 0.837019
vt 0.297119 0.776262
vt 0.297559 0.837019
vt 0.297339 0.776262
vt 0.297779 0.837019
vt 0.297559 0.776262
vt 0.297999 0.837019
vt 0.297779 0.776262
vt 0.298220 0.837019
vt 0.297999 0.776262
vt 0.298440 0.837019
vt 0.298220 0.776262
vt 0.298660 0.837019
vt 0.298440 0.776262
vt 0.298880 0.837019
vt 0.298660 0.776262
vt 0.299100 0.837019
vt 0.298880 0.776262
vt 0.299320 0.837019
vt 0.299100 0.776262
vt 0.299540 0.837019
vt 0.299320 0.776262
vt 0.299760 0.837019
vt 0.299540 0.776262
vt 0.299981 0.837019
vt 0.299760 0.776262
vt 0.300201 0.837019
vt 0.299981 0.776262
vt 0.300421 0.837019
vt 0.300201 0.776262
vt 0.300641 0.837019
vt 0.300421 0.776262
vt 0.300861 0.837019
vt 0.300641 0.776262
vt 0.301081 0.837019
vt 0.300861 0.776262
vt 0.301301 0.837019
vt 0.301081 0.776262
vt 0.301522 0.837019
vt 0.301301 0.776262
vt 0.301742 0.837019
vt 0.301522 0.776262
vt 0.301962 0.837019
vt 0.301742 0.776262
vt 0.302182 0.837019
vt 0.301962 0.776262
vt 0.302402 0.837019
vt 0.302182 0.776262
vt 0.302622 0.837019
vt 0.302402 0.776262
vt 0.302842 0.837019
vt 0.302622 0.776262
vt 0.303062 0.837019
vt 0.302842 0.776262
vt 0.303283 0.837019
vt 0.303062 0.776262
vt 0.303503 0.837019
vt 0.303283 0.776262
vt 0.303723 0.837019
vt 0.303503 0.776262
vt 0.303943 0.837019
vt 0.303723 0.776262
vt 0.304163 0.837019
vt 0.303943 0.776262
vt 0.304383 0.837019
vt 0.304163 0.776262
vt 0.304603 0.837019
vt 0.304383 0.776262
vt 0.304824 0.837019
vt 0.304603 0.776262
vt 0.305044 0.837019
vt 0.304824 0.776262
vt 0.305264 0.837019
vt 0.305044 0.776262
vt 0.305484 0.837019
vt 0.305264 0.776262
vt 0.305704 0.837019
vt 0.305484 0.776262
vt 0.305924 0.837019
vt 0.305704 0.776262
vt 0.306144 0.837019
vt 0.305924 0.776262
vt 0.306364 0.837019
vt 0.306144 0.776262
vt 0.306585 0.837019
vt 0.306364 0.776262
vt 0.306805 0.837019
vt 0.306585 0.776262
vt 0.307025 0.837019
vt 0.306805 0.776262
vt 0.307245 0.837019
vt 0.307025 0.776262
vt 0.307465 0.837019
vt 0.307245 0.776262
vt 0.307685 0.837019
vt 0.307465 0.776262
vt 0.307905 0.837019
vt 0.307685 0.776262
vt 0.308125 0.837019
vt 0.307905 0.776262
vt 0.308346 0.837019
vt 0.308125 0.776262
vt 0.308566 0.837019
vt 0.308346 0.776262
vt 0.308786 0.837019
vt 0.308566 0.776262
vt 0.309006 0.837019
vt 0.308786 0.776262
vt 0.309226 0.837019
vt 0.309006 0.776262
vt 0.309446 0.837019
vt 0.309226 0.776262
vt 0.309666 0.837019
vt 0.309446 0.776262
vt 0.309887 0.837019
vt 0.309666 0.776262
vt 0.310107 0.837019
vt 0.309887 0.776262
vt 0.310327 0.837019
vt 0.310107 0.776262
vt 0.310547 0.837019
vt 0.310327 0.776262
vt 0.310767 0.837019
vt 0.310547 0.776262
vt 0.310987 0.837019
vt 0.310767 0.776262
vt 0.311207 0.837019
vt 0.310987 0.776262
vt 0.311427 0.837019
vt 0.311207 0.776262
vt 0.311648 0.837019
vt 0.311427 0.776262
vt 0.311868 0.837019
vt 0.311648 0.776262
vt 0.312088 0.837019
vt 0.311868 0.776262
vt 0.312308 0.837019
vt 0.312088 0.776262
vt 0.312528 0.837019
vt 0.312308 0.776262
vt 0.312748 0.837019
vt 0.312528 0.776262
vt 0.312968 0.837019
vt 0.312748 0.776262
vt 0.313188 0.837019
vt 0.312968 0.776262
vt 0.313409 0.837019
vt 0.313188 0.776262
vt 0.313629 0.837019
vt 0.313409 0.776262
vt 0.313849 0.837019
vt 0.313629 0.776262
vt 0.314069 0.837019
vt 0.313849 0.776262
vt 0.314289 0.837019
vt 0.314069 0.776262
vt 0.314509 0.837019
vt 0.314289 0.776262
vt 0.314729 0.837019
vt 0.314509 0.776262
vt 0.314950 0.837019
vt 0.314729 0.776262
vt 0.315170 0.837019
vt 0.314950 0.776262
vt 0.315390 0.837019
vt 0.315170 0.776262
vt 0.315610 0.837019
vt 0.315390 0.776262
vt 0.315830 0.837019
vt 0.315610 0.776262
vt 0.316050 0.837019
vt 0.315830 0.776262
vt 0.316270 0.837019
vt 0.316050 0.776262
vt 0.316490 0.837019
vt 0.316270 0.776262
vt 0.316711 0.837019
vt 0.316490 0.776262
vt 0.316931 0.837019
vt 0.316711 0.776262
vt 0.317151 0.837019
vt 0.316931 0.776262
vt 0.317371 0.837019
vt 0.317151 0.776262
vt 0.317591 0.837019
vt 0.317371 0.776262
vt 0.317811 0.837019
vt 0.317591 0.776262
vt 0.318031 0.837019
vt 0.317811 0.776262
vt 0.318252 0.837019
vt 0.318031 0.776262
vt 0.318472 0.837019
vt 0.318252 0.776262
vt 0.318692 0.837019
vt 0.318472 0.776262
vt 0.318912 0.837019
vt 0.318692 0.776262
vt 0.319132 0.837019
vt 0.318912 0.776262
vt 0.319352 0.837019
vt 0.319132 0.776262
vt 0.319572 0.837019
vt 0.319352 0.776262
vt 0.319792 0.837019
vt 0.319572 0.776262
vt 0.320013 0.837019
vt 0.319792 0.776262
vt 0.320233 0.837019
vt 0.320013 0.776262
vt 0.320453 0.837019
vt 0.320233 0.776262
vt 0.320673 0.837019
vt 0.320453 0.776262
vt 0.320893 0.837019
vt 0.320673 0.776262
vt 0.321113 0.837019
vt 0.320893 0.776262
vt 0.321333 0.837019
vt 0.321113 0.776262
vt 0.321554 0.837019
vt 0.321333 0.776262
vt 0.321774 0.837019
vt 0.321554 0.776262
vt 0.321994 0.837019
vt 0.321774 0.776262
vt 0.322214 0.837019
vt 0.321994 0.776262
vt 0.322434 0.837019
vt 0.322214 0.776262
vt 0.322654 0.837019
vt 0.322434 0.776262
vt 0.322874 0.837019
vt 0.322654 0.776262
vt 0.323094 0.837019
vt 0.322874 0.776262
vt 0.323315 0.837019
vt 0.323094 0.776262
vt 0.323535 0.837019
vt 0.323315 0.776262
vt 0.323755 0.837019
vt 0.323535 0.776262
vt 0.323975 0.837019
vt 0.323755 0.776262
vt 0.324195 0.837019
vt 0.323975 0.776262
vt 0.324415 0.837019
vt 0.324195 0.776262
vt 0.324635 0.837019
vt 0.324415 0.776262
vt 0.324855 0.837019
vt 0.324635 0.776262
vt 0.325076 0.837019
vt 0.324855 0.776262
vt 0.325296 0.837019
vt 0.325076 0.776262
vt 0.325516 0.837019
vt 0.325296 0.776262
vt 0.325736 0.837019
vt 0.325516 0.776262
vt 0.325956 0.837019
vt 0.325736 0.776262
vt 0.326176 0.837019
vt 0.325956 0.776262
vt 0.326396 0.837019
vt 0.326176 0.776262
vt 0.326617 0.837019
vt 0.326396 0.776262
vt 0.326837 0.837019
vt 0.326617 0.776262
vt 0.327057 0.837019
vt 0.326837 0.776262
vt 0.327277 0.837019
vt 0.327057 0.776262
vt 0.327497 0.837019
vt 0.327277 0.776262
vt 0.327717 0.837019
vt 0.327497 0.776262
vt 0.327937 0.837019
vt 0.327717 0.776262
vt 0.328157 0.837019
vt 0.327937 0.776262
vt 0.328378 0.837019
vt 0.328157 0.776262
vt 0.328598 0.837019
vt 0.328378 0.776262
vt 0.328818 0.837019
vt 0.328598 0.776262
vt 0.329038 0.837019
vt 0.328818 0.776262
vt 0.329258 0.837019
vt 0.329038 0.776262
vt 0.329478 0.837019
vt 0.329258 0.776262
vt 0.329698 0.837019
vt 0.329478 0.776262
vt 0.329919 0.837019
vt 0.329698 0.776262
vt 0.330139 0.837019
vt 0.329919 0.776262
vt 0.330359 0.837019
vt 0.330139 0.776262
vt 0.330579 0.837019
vt 0.330359 0.776262
vt 0.330799 0.837019
vt 0.330579 0.776262
vt 0.331019 0.837019
vt 0.330799 0.776262
vt 0.331239 0.837019
vt 0.331019 0.776262
vt 0.331459 0.837019
vt 0.331239 0.776262
vt 0.331680 0.837019
vt 0.331459 0.776262
vt 0.331900 0.837019
vt 0.331680 0.776262
vt 0.332120 0.837019
vt 0.331900 0.776262
vt 0.332340 0.837019
vt 0.332120 0.776262
vt 0.332560 0.837019
vt 0.332340 0.776262
vt 0.332780 0.837019
vt 0.332560 0.776262
vt 0.333000 0.837019
vt 0.332780 0.776262
vt 0.333220 0.837019
vt 0.333000 0.776262
vt 0.333441 0.837019
vt 0.333220 0.776262
vt 0.333661 0.837019
vt 0.333441 0.776262
vt 0.333881 0.837019
vt 0.333661 0.776262
vt 0.334101 0.837019
vt 0.333881 0.776262
vt 0.334321 0.837019
vt 0.334101 0.776262
vt 0.334541 0.837019
vt 0.334321 0.776262
vt 0.334761 0.837019
vt 0.334541 0.776262
vt 0.334982 0.837019
vt 0.334761 0.776262
vt 0.335202 0.837019
vt 0.334982 0.776262
vt 0.335422 0.837019
vt 0.335202 0.776262
vt 0.335642 0.837019
vt 0.335422 0.776262
vt 0.335862 0.837019
vt 0.335642 0.776262
vt 0.336082 0.837019
vt 0.335862 0.776262
vt 0.336302 0.837019
vt 0.336082 0.776262
vt 0.336522 0.837019
vt 0.336302 0.776262
vt 0.336743 0.837019
vt 0.336522 0.776262
vt 0.336963 0.837019
vt 0.336743 0.776262
vt 0.337183 0.837019
vt 0.336963 0.776262
vt 0.337403 0.837019
vt 0.337183 0.776262
vt 0.337623 0.837019
vt 0.337403 0.776262
vt 0.337843 0.837019
vt 0.337623 0.776262
vt 0.338063 0.837019
vt 0.337843 0.776262
vt 0.338283 0.837019
vt 0.338063 0.776262
vt 0.338504 0.837019
vt 0.338283 0.776262
vt 0.338724 0.837019
vt 0.338504 0.776262
vt 0.338944 0.837019
vt 0.338724 0.776262
vt 0.339164 0.837019
vt 0.338944 0.776262
vt 0.339384 0.837019
vt 0.339164 0.776262
vt 0.339604 0.837019
vt 0.339384 0.776262
vt 0.339824 0.837019
vt 0.339604 0.776262
vt 0.340045 0.837019
vt 0.339824 0.776262
vt 0.340265 0.837019
vt 0.340045 0.776262
vt 0.340485 0.837019
vt 0.340265 0.776262
vt 0.340705 0.837019
vt 0.340485 0.776262
vt 0.340925 0.837019
vt 0.340705 0.776262
s 0
usemtl Material.001
f 7191/5022/1748 6917/5023/1748 7192/5024/1748
f 7191/5022/1748 6918/5025/1748 6917/5023/1748
f 7190/5026/1748 6918/5025/1748 7191/5022/1748
f 7190/5026/1748 6919/5027/1748 6918/5025/1748
f 7189/5028/1748 6919/5027/1748 7190/5026/1748
f 7189/5028/1748 6920/5029/1748 6919/5027/1748
f 7188/5030/1748 6920/5029/1748 7189/5028/1748
f 7187/5031/1748 6920/5029/1748 7188/5030/1748
f 7187/5031/1748 6921/5032/1748 6920/5029/1748
f 7186/5033/1748 6921/5032/1748 7187/5031/1748
f 7186/5033/1748 6922/5034/1748 6921/5032/1748
f 7185/5035/1748 6922/5034/1748 7186/5033/1748
f 7184/5036/1748 6922/5034/1748 7185/5035/1748
f 7184/5036/1748 6923/5037/1748 6922/5034/1748
f 7183/5038/1748 6923/5037/1748 7184/5036/1748
f 7182/5039/1748 6923/5037/1748 7183/5038/1748
f 7182/5039/1748 6924/5040/1748 6923/5037/1748
f 7181/5041/1748 6924/5040/1748 7182/5039/1748
f 7180/5042/1748 6924/5040/1748 7181/5041/1748
f 7179/5043/1748 6924/5040/1748 7180/5042/1748
f 7179/5043/1748 6925/5044/1748 6924/5040/1748
f 7179/5043/1748 6926/5045/1748 6925/5044/1748
f 7179/5043/1748 6927/5046/1748 6926/5045/1748
f 7179/5043/1748 6928/5047/1748 6927/5046/1748
f 7179/5043/1748 6929/5048/1748 6928/5047/1748
f 6955/5049/1748 6957/5050/1748 6956/5051/1748
f 6955/5049/1748 6958/5052/1748 6957/5050/1748
f 6954/5053/1748 6958/5052/1748 6955/5049/1748
f 6954/5053/1748 6959/5054/1748 6958/5052/1748
f 6929/5048/1748 6931/5055/1748 6930/5056/1748
f 6953/5057/1748 6959/5054/1748 6954/5053/1748
f 7179/5043/1748 6931/5055/1748 6929/5048/1748
f 6953/5057/1748 6960/5058/1748 6959/5054/1748
f 6952/5059/1748 6960/5058/1748 6953/5057/1748
f 6952/5059/1748 6961/5060/1748 6960/5058/1748
f 7178/5061/1748 6931/5055/1748 7179/5043/1748
f 7177/5062/1748 6931/5055/1748 7178/5061/1748
f 6952/5059/1748 6962/5063/1748 6961/5060/1748
f 7176/5064/1748 6931/5055/1748 7177/5062/1748
f 6951/5065/1748 6962/5063/1748 6952/5059/1748
f 7175/5066/1748 6931/5055/1748 7176/5064/1748
f 7174/5067/1748 6931/5055/1748 7175/5066/1748
f 7173/5068/1748 6931/5055/1748 7174/5067/1748
f 7172/5069/1748 6931/5055/1748 7173/5068/1748
f 7171/5070/1748 6931/5055/1748 7172/5069/1748
f 6951/5065/1748 6963/5071/1748 6962/5063/1748
f 7170/5072/1748 6931/5055/1748 7171/5070/1748
f 7169/5073/1748 6931/5055/1748 7170/5072/1748
f 7168/5074/1748 6931/5055/1748 7169/5073/1748
f 7167/5075/1748 6931/5055/1748 7168/5074/1748
f 7166/5076/1748 6931/5055/1748 7167/5075/1748
f 7165/5077/1748 6931/5055/1748 7166/5076/1748
f 7164/5078/1748 6931/5055/1748 7165/5077/1748
f 7163/5079/1748 6931/5055/1748 7164/5078/1748
f 7162/5080/1748 6931/5055/1748 7163/5079/1748
f 7154/5081/1748 7156/5082/1748 7155/5083/1748
f 7162/5080/1748 6932/5084/1748 6931/5055/1748
f 7161/5085/1748 6932/5084/1748 7162/5080/1748
f 7154/5081/1748 7157/5086/1748 7156/5082/1748
f 7160/5087/1748 6932/5084/1748 7161/5085/1748
f 7154/5081/1748 7158/5088/1748 7157/5086/1748
f 7159/5089/1748 6932/5084/1748 7160/5087/1748
f 7154/5081/1748 7159/5089/1748 7158/5088/1748
f 7154/5081/1748 6932/5084/1748 7159/5089/1748
f 6950/5090/1748 6963/5071/1748 6951/5065/1748
f 7154/5081/1748 6933/5091/1748 6932/5084/1748
f 6950/5090/1748 6964/5092/1748 6963/5071/1748
f 7154/5081/1748 6934/5093/1748 6933/5091/1748
f 7154/5081/1748 6935/5094/1748 6934/5093/1748
f 6949/5095/1748 6964/5092/1748 6950/5090/1748
f 7154/5081/1748 6936/5096/1748 6935/5094/1748
f 6949/5095/1748 7053/5097/1748 6964/5092/1748
f 7053/5097/1748 6965/5098/1748 6964/5092/1748
f 7154/5081/1748 6937/5099/1748 6936/5096/1748
f 7154/5081/1748 6938/5100/1748 6937/5099/1748
f 6949/5095/1748 7054/5101/1748 7053/5097/1748
f 7052/5102/1748 6965/5098/1748 7053/5097/1748
f 7051/5103/1748 6965/5098/1748 7052/5102/1748
f 6948/5104/1748 7054/5101/1748 6949/5095/1748
f 6948/5104/1748 7055/5105/1748 7054/5101/1748
f 7050/5106/1748 6965/5098/1748 7051/5103/1748
f 7049/5107/1748 6965/5098/1748 7050/5106/1748
f 7049/5107/1748 6966/5108/1748 6965/5098/1748
f 7154/5081/1748 7153/5109/1748 6938/5100/1748
f 7153/5109/1748 6939/5110/1748 6938/5100/1748
f 6948/5104/1748 7056/5111/1748 7055/5105/1748
f 7048/5112/1748 6966/5108/1748 7049/5107/1748
f 7153/5109/1748 6940/5113/1748 6939/5110/1748
f 7047/5114/1748 6966/5108/1748 7048/5112/1748
f 6948/5104/1748 7057/5115/1748 7056/5111/1748
f 7153/5109/1748 6941/5116/1748 6940/5113/1748
f 6947/5117/1748 7057/5115/1748 6948/5104/1748
f 7046/5118/1748 6966/5108/1748 7047/5114/1748
f 7046/5118/1748 6967/5119/1748 6966/5108/1748
f 7152/5120/1748 6941/5116/1748 7153/5109/1748
f 7152/5120/1748 6942/5121/1748 6941/5116/1748
f 7045/5122/1748 6967/5119/1748 7046/5118/1748
f 6947/5117/1748 7058/5123/1748 7057/5115/1748
f 7152/5120/1748 6943/5124/1748 6942/5121/1748
f 7044/5125/1748 6967/5119/1748 7045/5122/1748
f 7152/5120/1748 6944/5126/1748 6943/5124/1748
f 6946/5127/1748 7058/5123/1748 6947/5117/1748
f 7044/5125/1748 6968/5128/1748 6967/5119/1748
f 6946/5127/1748 7059/5129/1748 7058/5123/1748
f 7043/5130/1748 6968/5128/1748 7044/5125/1748
f 7042/5131/1748 6968/5128/1748 7043/5130/1748
f 6945/5132/1748 7059/5129/1748 6946/5127/1748
f 6945/5132/1748 7060/5133/1748 7059/5129/1748
f 7042/5131/1748 6969/5134/1748 6968/5128/1748
f 7041/5135/1748 6969/5134/1748 7042/5131/1748
f 6944/5126/1748 7060/5133/1748 6945/5132/1748
f 6944/5126/1748 7061/5136/1748 7060/5133/1748
f 7040/5137/1748 6969/5134/1748 7041/5135/1748
f 7040/5137/1748 6970/5138/1748 6969/5134/1748
f 7152/5120/1748 7061/5136/1748 6944/5126/1748
f 7152/5120/1748 7062/5139/1748 7061/5136/1748
f 7039/5140/1748 6970/5138/1748 7040/5137/1748
f 7039/5140/1748 6971/5141/1748 6970/5138/1748
f 7152/5120/1748 7063/5142/1748 7062/5139/1748
f 7151/5143/1748 7063/5142/1748 7152/5120/1748
f 7038/5144/1748 6971/5141/1748 7039/5140/1748
f 7150/5145/1748 7063/5142/1748 7151/5143/1748
f 7150/5145/1748 7064/5146/1748 7063/5142/1748
f 7038/5144/1748 6972/5147/1748 6971/5141/1748
f 7149/5148/1748 7064/5146/1748 7150/5145/1748
f 7037/5149/1748 6972/5147/1748 7038/5144/1748
f 7149/5148/1748 7065/5150/1748 7064/5146/1748
f 7037/5149/1748 6973/5151/1748 6972/5147/1748
f 7148/5152/1748 7065/5150/1748 7149/5148/1748
f 7148/5152/1748 7066/5153/1748 7065/5150/1748
f 7036/5154/1748 6973/5151/1748 7037/5149/1748
f 7148/5152/1748 7067/5155/1748 7066/5153/1748
f 7036/5154/1748 6974/5156/1748 6973/5151/1748
f 7148/5152/1748 7068/5157/1748 7067/5155/1748
f 7147/5158/1748 7068/5157/1748 7148/5152/1748
f 7147/5158/1748 7069/5159/1748 7068/5157/1748
f 7035/5160/1748 6974/5156/1748 7036/5154/1748
f 7147/5158/1748 7070/5161/1748 7069/5159/1748
f 7147/5158/1748 7071/5162/1748 7070/5161/1748
f 7035/5160/1748 6975/5163/1748 6974/5156/1748
f 7146/5164/1748 7127/5165/1748 7147/5158/1748
f 7127/5165/1748 7071/5162/1748 7147/5158/1748
f 7127/5165/1748 7072/5166/1748 7071/5162/1748
f 7146/5164/1748 7128/5167/1748 7127/5165/1748
f 7126/5168/1748 7072/5166/1748 7127/5165/1748
f 7126/5168/1748 7073/5169/1748 7072/5166/1748
f 7034/5170/1748 6975/5163/1748 7035/5160/1748
f 7126/5168/1748 7074/5171/1748 7073/5169/1748
f 7145/5172/1748 7128/5167/1748 7146/5164/1748
f 7145/5172/1748 7129/5173/1748 7128/5167/1748
f 7034/5170/1748 6976/5174/1748 6975/5163/1748
f 7126/5168/1748 7075/5175/1748 7074/5171/1748
f 7126/5168/1748 7076/5176/1748 7075/5175/1748
f 7145/5172/1748 7130/5177/1748 7129/5173/1748
f 7125/5178/1748 7076/5176/1748 7126/5168/1748
f 7033/5179/1748 6976/5174/1748 7034/5170/1748
f 7125/5178/1748 7077/5180/1748 7076/5176/1748
f 7144/5181/1748 7130/5177/1748 7145/5172/1748
f 7125/5178/1748 7078/5182/1748 7077/5180/1748
f 7033/5179/1748 6977/5183/1748 6976/5174/1748
f 7144/5181/1748 7131/5184/1748 7130/5177/1748
f 7124/5185/1748 7078/5182/1748 7125/5178/1748
f 7032/5186/1748 6977/5183/1748 7033/5179/1748
f 7124/5185/1748 7079/5187/1748 7078/5182/1748
f 7143/5188/1748 7131/5184/1748 7144/5181/1748
f 7143/5188/1748 7132/5189/1748 7131/5184/1748
f 7032/5186/1748 6978/5190/1748 6977/5183/1748
f 7123/5191/1748 7079/5187/1748 7124/5185/1748
f 7123/5191/1748 7080/5192/1748 7079/5187/1748
f 7143/5188/1748 7133/5193/1748 7132/5189/1748
f 7142/5194/1748 7133/5193/1748 7143/5188/1748
f 7031/5195/1748 6978/5190/1748 7032/5186/1748
f 7122/5196/1748 7080/5192/1748 7123/5191/1748
f 7122/5196/1748 7081/5197/1748 7080/5192/1748
f 7031/5195/1748 6979/5198/1748 6978/5190/1748
f 7142/5194/1748 7134/5199/1748 7133/5193/1748
f 7141/5200/1748 7134/5199/1748 7142/5194/1748
f 7121/5201/1748 7081/5197/1748 7122/5196/1748
f 7121/5201/1748 7082/5202/1748 7081/5197/1748
f 7030/5203/1748 6979/5198/1748 7031/5195/1748
f 7141/5200/1748 7135/5204/1748 7134/5199/1748
f 7140/5205/1748 7135/5204/1748 7141/5200/1748
f 7030/5203/1748 6980/5206/1748 6979/5198/1748
f 7120/5207/1748 7082/5202/1748 7121/5201/1748
f 7003/5208/1748 7005/5209/1748 7004/5210/1748
f 7120/5207/1748 7083/5211/1748 7082/5202/1748
f 7140/5205/1748 7136/5212/1748 7135/5204/1748
f 7002/5213/1748 7005/5209/1748 7003/5208/1748
f 7139/5214/1748 7136/5212/1748 7140/5205/1748
f 7029/5215/1748 6980/5206/1748 7030/5203/1748
f 7119/5216/1748 7083/5211/1748 7120/5207/1748
f 7119/5216/1748 7084/5217/1748 7083/5211/1748
f 7029/5215/1748 6981/5218/1748 6980/5206/1748
f 7001/5219/1748 7005/5209/1748 7002/5213/1748
f 7139/5214/1749 7137/5220/1749 7136/5212/1749
f 7029/5215/1748 6982/5221/1748 6981/5218/1748
f 7000/5222/1748 7005/5209/1748 7001/5219/1748
f 7118/5223/1748 7084/5217/1748 7119/5216/1748
f 7029/5215/1748 6983/5224/1748 6982/5221/1748
f 7118/5223/1748 7085/5225/1748 7084/5217/1748
f 7028/5226/1748 6983/5224/1748 7029/5215/1748
f 7028/5226/1748 6984/5227/1748 6983/5224/1748
f 6999/5228/1748 7005/5209/1748 7000/5222/1748
f 7139/5214/1748 7138/5229/1748 7137/5220/1748
f 7028/5226/1748 6985/5230/1748 6984/5227/1748
f 6998/5231/1748 7005/5209/1748 6999/5228/1748
f 7117/5232/1748 7085/5225/1748 7118/5223/1748
f 7117/5232/1748 7086/5233/1748 7085/5225/1748
f 7028/5226/1748 6986/5234/1748 6985/5230/1748
f 6997/5235/1748 7005/5209/1748 6998/5231/1748
f 7027/5236/1748 6986/5234/1748 7028/5226/1748
f 7027/5236/1748 6987/5237/1748 6986/5234/1748
f 6996/5238/1748 7005/5209/1748 6997/5235/1748
f 7027/5236/1748 6988/5239/1748 6987/5237/1748
f 6995/5240/1748 7005/5209/1748 6996/5238/1748
f 7027/5236/1748 6989/5241/1748 6988/5239/1748
f 7116/5242/1748 7086/5233/1748 7117/5232/1748
f 7116/5242/1748 7087/5243/1748 7086/5233/1748
f 6994/5244/1748 7005/5209/1748 6995/5240/1748
f 7027/5236/1748 6990/5245/1748 6989/5241/1748
f 6993/5246/1748 7005/5209/1748 6994/5244/1748
f 7027/5236/1748 6991/5247/1748 6990/5245/1748
f 7026/5248/1748 6991/5247/1748 7027/5236/1748
f 6992/5249/1748 7005/5209/1748 6993/5246/1748
f 7026/5248/1748 6992/5249/1748 6991/5247/1748
f 7026/5248/1748 7005/5209/1748 6992/5249/1748
f 7026/5248/1748 7006/5250/1748 7005/5209/1748
f 7115/5251/1748 7087/5243/1748 7116/5242/1748
f 7115/5251/1748 7088/5252/1748 7087/5243/1748
f 7025/5253/1748 7006/5250/1748 7026/5248/1748
f 7025/5253/1748 7007/5254/1748 7006/5250/1748
f 7025/5253/1748 7008/5255/1748 7007/5254/1748
f 7024/5256/1748 7008/5255/1748 7025/5253/1748
f 7115/5251/1748 7089/5257/1748 7088/5252/1748
f 7114/5258/1748 7089/5257/1748 7115/5251/1748
f 7024/5256/1748 7009/5259/1748 7008/5255/1748
f 7023/5260/1748 7009/5259/1748 7024/5256/1748
f 7023/5260/1748 7010/5261/1748 7009/5259/1748
f 7022/5262/1748 7010/5261/1748 7023/5260/1748
f 7114/5258/1748 7090/5263/1748 7089/5257/1748
f 7022/5262/1748 7011/5264/1748 7010/5261/1748
f 7113/5265/1748 7090/5263/1748 7114/5258/1748
f 7113/5265/1748 7091/5266/1748 7090/5263/1748
f 7112/5267/1748 7091/5266/1748 7113/5265/1748
f 7021/5268/1748 7011/5264/1748 7022/5262/1748
f 7021/5268/1748 7012/5269/1748 7011/5264/1748
f 7112/5267/1748 7092/5270/1748 7091/5266/1748
f 7111/5271/1748 7092/5270/1748 7112/5267/1748
f 7111/5271/1748 7093/5272/1748 7092/5270/1748
f 7021/5268/1748 7013/5273/1748 7012/5269/1748
f 7110/5274/1748 7093/5272/1748 7111/5271/1748
f 7020/5275/1748 7013/5273/1748 7021/5268/1748
f 7110/5274/1748 7094/5276/1748 7093/5272/1748
f 7020/5275/1748 7014/5277/1748 7013/5273/1748
f 7109/5278/1748 7094/5276/1748 7110/5274/1748
f 7019/5279/1748 7014/5277/1748 7020/5275/1748
f 7019/5279/1748 7015/5280/1748 7014/5277/1748
f 7109/5278/1748 7095/5281/1748 7094/5276/1748
f 7108/5282/1748 7095/5281/1748 7109/5278/1748
f 7018/5283/1748 7015/5280/1748 7019/5279/1748
f 7018/5283/1748 7016/5284/1748 7015/5280/1748
f 7017/5285/1748 7016/5284/1748 7018/5283/1748
f 7108/5282/1748 7096/5286/1748 7095/5281/1748
f 7107/5287/1748 7096/5286/1748 7108/5282/1748
f 7107/5287/1748 7097/5288/1748 7096/5286/1748
f 7106/5289/1748 7097/5288/1748 7107/5287/1748
f 7106/5289/1748 7098/5290/1748 7097/5288/1748
f 7105/5291/1748 7098/5290/1748 7106/5289/1748
f 7105/5291/1748 7099/5292/1748 7098/5290/1748
f 7104/5293/1748 7099/5292/1748 7105/5291/1748
f 7104/5293/1748 7100/5294/1748 7099/5292/1748
f 7103/5295/1748 7100/5294/1748 7104/5293/1748
f 7103/5295/1748 7101/5296/1748 7100/5294/1748
f 7102/5297/1748 7101/5296/1748 7103/5295/1748
f 7467/5022/1750 7468/5024/1750 7193/5023/1750
f 7467/5022/1750 7193/5023/1750 7194/5025/1750
f 7466/5026/1750 7467/5022/1750 7194/5025/1750
f 7466/5026/1750 7194/5025/1750 7195/5027/1750
f 7465/5028/1750 7466/5026/1750 7195/5027/1750
f 7465/5028/1750 7195/5027/1750 7196/5029/1750
f 7464/5030/1750 7465/5028/1750 7196/5029/1750
f 7463/5031/1750 7464/5030/1750 7196/5029/1750
f 7463/5031/1750 7196/5029/1750 7197/5032/1750
f 7462/5033/1750 7463/5031/1750 7197/5032/1750
f 7462/5033/1750 7197/5032/1750 7198/5034/1750
f 7461/5035/1750 7462/5033/1750 7198/5034/1750
f 7460/5036/1750 7461/5035/1750 7198/5034/1750
f 7460/5036/1750 7198/5034/1750 7199/5037/1750
f 7459/5038/1750 7460/5036/1750 7199/5037/1750
f 7458/5039/1750 7459/5038/1750 7199/5037/1750
f 7458/5039/1750 7199/5037/1750 7200/5040/1750
f 7457/5041/1750 7458/5039/1750 7200/5040/1750
f 7456/5042/1750 7457/5041/1750 7200/5040/1750
f 7455/5043/1750 7456/5042/1750 7200/5040/1750
f 7455/5043/1750 7200/5040/1750 7201/5044/1750
f 7455/5043/1750 7201/5044/1750 7202/5045/1750
f 7455/5043/1750 7202/5045/1750 7203/5046/1750
f 7455/5043/1750 7203/5046/1750 7204/5047/1750
f 7455/5043/1750 7204/5047/1750 7205/5048/1750
f 7231/5049/1750 7232/5051/1750 7233/5050/1750
f 7231/5049/1750 7233/5050/1750 7234/5052/1750
f 7230/5053/1750 7231/5049/1750 7234/5052/1750
f 7230/5053/1750 7234/5052/1750 7235/5054/1750
f 7205/5048/1750 7206/5056/1750 7207/5055/1750
f 7229/5057/1750 7230/5053/1750 7235/5054/1750
f 7455/5043/1750 7205/5048/1750 7207/5055/1750
f 7229/5057/1750 7235/5054/1750 7236/5058/1750
f 7228/5059/1750 7229/5057/1750 7236/5058/1750
f 7228/5059/1750 7236/5058/1750 7237/5060/1750
f 7454/5061/1750 7455/5043/1750 7207/5055/1750
f 7453/5062/1750 7454/5061/1750 7207/5055/1750
f 7228/5059/1750 7237/5060/1750 7238/5063/1750
f 7452/5064/1750 7453/5062/1750 7207/5055/1750
f 7227/5065/1750 7228/5059/1750 7238/5063/1750
f 7451/5066/1750 7452/5064/1750 7207/5055/1750
f 7450/5067/1750 7451/5066/1750 7207/5055/1750
f 7449/5068/1750 7450/5067/1750 7207/5055/1750
f 7448/5069/1750 7449/5068/1750 7207/5055/1750
f 7447/5070/1750 7448/5069/1750 7207/5055/1750
f 7227/5065/1750 7238/5063/1750 7239/5071/1750
f 7446/5072/1750 7447/5070/1750 7207/5055/1750
f 7445/5073/1750 7446/5072/1750 7207/5055/1750
f 7444/5074/1750 7445/5073/1750 7207/5055/1750
f 7443/5075/1750 7444/5074/1750 7207/5055/1750
f 7442/5076/1750 7443/5075/1750 7207/5055/1750
f 7441/5077/1750 7442/5076/1750 7207/5055/1750
f 7440/5078/1750 7441/5077/1750 7207/5055/1750
f 7439/5079/1750 7440/5078/1750 7207/5055/1750
f 7438/5080/1750 7439/5079/1750 7207/5055/1750
f 7430/5081/1750 7431/5083/1750 7432/5082/1750
f 7438/5080/1750 7207/5055/1750 7208/5084/1750
f 7437/5085/1750 7438/5080/1750 7208/5084/1750
f 7430/5081/1750 7432/5082/1750 7433/5086/1750
f 7436/5087/1750 7437/5085/1750 7208/5084/1750
f 7430/5081/1750 7433/5086/1750 7434/5088/1750
f 7435/5089/1750 7436/5087/1750 7208/5084/1750
f 7430/5081/1750 7434/5088/1750 7435/5089/1750
f 7430/5081/1750 7435/5089/1750 7208/5084/1750
f 7226/5090/1750 7227/5065/1750 7239/5071/1750
f 7430/5081/1750 7208/5084/1750 7209/5091/1750
f 7226/5090/1750 7239/5071/1750 7240/5092/1750
f 7430/5081/1750 7209/5091/1750 7210/5093/1750
f 7430/5081/1750 7210/5093/1750 7211/5094/1750
f 7225/5095/1750 7226/5090/1750 7240/5092/1750
f 7430/5081/1750 7211/5094/1750 7212/5096/1750
f 7225/5095/1750 7240/5092/1750 7329/5097/1750
f 7329/5097/1750 7240/5092/1750 7241/5098/1750
f 7430/5081/1750 7212/5096/1750 7213/5099/1750
f 7430/5081/1750 7213/5099/1750 7214/5100/1750
f 7225/5095/1750 7329/5097/1750 7330/5101/1750
f 7328/5102/1750 7329/5097/1750 7241/5098/1750
f 7327/5103/1750 7328/5102/1750 7241/5098/1750
f 7224/5104/1750 7225/5095/1750 7330/5101/1750
f 7224/5104/1750 7330/5101/1750 7331/5105/1750
f 7326/5106/1750 7327/5103/1750 7241/5098/1750
f 7325/5107/1750 7326/5106/1750 7241/5098/1750
f 7325/5107/1750 7241/5098/1750 7242/5108/1750
f 7430/5081/1750 7214/5100/1750 7429/5109/1750
f 7429/5109/1750 7214/5100/1750 7215/5110/1750
f 7224/5104/1750 7331/5105/1750 7332/5111/1750
f 7324/5112/1750 7325/5107/1750 7242/5108/1750
f 7429/5109/1750 7215/5110/1750 7216/5113/1750
f 7323/5114/1750 7324/5112/1750 7242/5108/1750
f 7224/5104/1750 7332/5111/1750 7333/5115/1750
f 7429/5109/1750 7216/5113/1750 7217/5116/1750
f 7223/5117/1750 7224/5104/1750 7333/5115/1750
f 7322/5118/1750 7323/5114/1750 7242/5108/1750
f 7322/5118/1750 7242/5108/1750 7243/5119/1750
f 7428/5120/1750 7429/5109/1750 7217/5116/1750
f 7428/5120/1750 7217/5116/1750 7218/5121/1750
f 7321/5122/1750 7322/5118/1750 7243/5119/1750
f 7223/5117/1750 7333/5115/1750 7334/5123/1750
f 7428/5120/1750 7218/5121/1750 7219/5124/1750
f 7320/5125/1750 7321/5122/1750 7243/5119/1750
f 7428/5120/1750 7219/5124/1750 7220/5126/1750
f 7222/5127/1750 7223/5117/1750 7334/5123/1750
f 7320/5125/1750 7243/5119/1750 7244/5128/1750
f 7222/5127/1750 7334/5123/1750 7335/5129/1750
f 7319/5130/1750 7320/5125/1750 7244/5128/1750
f 7318/5131/1750 7319/5130/1750 7244/5128/1750
f 7221/5132/1750 7222/5127/1750 7335/5129/1750
f 7221/5132/1750 7335/5129/1750 7336/5133/1750
f 7318/5131/1750 7244/5128/1750 7245/5134/1750
f 7317/5135/1750 7318/5131/1750 7245/5134/1750
f 7220/5126/1750 7221/5132/1750 7336/5133/1750
f 7220/5126/1750 7336/5133/1750 7337/5136/1750
f 7316/5137/1750 7317/5135/1750 7245/5134/1750
f 7316/5137/1750 7245/5134/1750 7246/5138/1750
f 7428/5120/1750 7220/5126/1750 7337/5136/1750
f 7428/5120/1750 7337/5136/1750 7338/5139/1750
f 7315/5140/1750 7316/5137/1750 7246/5138/1750
f 7315/5140/1750 7246/5138/1750 7247/5141/1750
f 7428/5120/1750 7338/5139/1750 7339/5142/1750
f 7427/5143/1750 7428/5120/1750 7339/5142/1750
f 7314/5144/1750 7315/5140/1750 7247/5141/1750
f 7426/5145/1750 7427/5143/1750 7339/5142/1750
f 7426/5145/1750 7339/5142/1750 7340/5146/1750
f 7314/5144/1750 7247/5141/1750 7248/5147/1750
f 7425/5148/1750 7426/5145/1750 7340/5146/1750
f 7313/5149/1750 7314/5144/1750 7248/5147/1750
f 7425/5148/1750 7340/5146/1750 7341/5150/1750
f 7313/5149/1750 7248/5147/1750 7249/5151/1750
f 7424/5152/1750 7425/5148/1750 7341/5150/1750
f 7424/5152/1750 7341/5150/1750 7342/5153/1750
f 7312/5154/1750 7313/5149/1750 7249/5151/1750
f 7424/5152/1750 7342/5153/1750 7343/5155/1750
f 7312/5154/1750 7249/5151/1750 7250/5156/1750
f 7424/5152/1750 7343/5155/1750 7344/5157/1750
f 7423/5158/1750 7424/5152/1750 7344/5157/1750
f 7423/5158/1750 7344/5157/1750 7345/5159/1750
f 7311/5160/1750 7312/5154/1750 7250/5156/1750
f 7423/5158/1750 7345/5159/1750 7346/5161/1750
f 7423/5158/1750 7346/5161/1750 7347/5162/1750
f 7311/5160/1750 7250/5156/1750 7251/5163/1750
f 7422/5164/1750 7423/5158/1750 7403/5165/1750
f 7403/5165/1750 7423/5158/1750 7347/5162/1750
f 7403/5165/1750 7347/5162/1750 7348/5166/1750
f 7422/5164/1750 7403/5165/1750 7404/5167/1750
f 7402/5168/1750 7403/5165/1750 7348/5166/1750
f 7402/5168/1750 7348/5166/1750 7349/5169/1750
f 7310/5170/1750 7311/5160/1750 7251/5163/1750
f 7402/5168/1750 7349/5169/1750 7350/5171/1750
f 7421/5172/1750 7422/5164/1750 7404/5167/1750
f 7421/5172/1750 7404/5167/1750 7405/5173/1750
f 7310/5170/1750 7251/5163/1750 7252/5174/1750
f 7402/5168/1750 7350/5171/1750 7351/5175/1750
f 7402/5168/1750 7351/5175/1750 7352/5176/1750
f 7421/5172/1750 7405/5173/1750 7406/5177/1750
f 7401/5178/1750 7402/5168/1750 7352/5176/1750
f 7309/5179/1750 7310/5170/1750 7252/5174/1750
f 7401/5178/1750 7352/5176/1750 7353/5180/1750
f 7420/5181/1750 7421/5172/1750 7406/5177/1750
f 7401/5178/1750 7353/5180/1750 7354/5182/1750
f 7309/5179/1750 7252/5174/1750 7253/5183/1750
f 7420/5181/1750 7406/5177/1750 7407/5184/1750
f 7400/5185/1750 7401/5178/1750 7354/5182/1750
f 7308/5186/1750 7309/5179/1750 7253/5183/1750
f 7400/5185/1750 7354/5182/1750 7355/5187/1750
f 7419/5188/1750 7420/5181/1750 7407/5184/1750
f 7419/5188/1750 7407/5184/1750 7408/5189/1750
f 7308/5186/1750 7253/5183/1750 7254/5190/1750
f 7399/5191/1750 7400/5185/1750 7355/5187/1750
f 7399/5191/1750 7355/5187/1750 7356/5192/1750
f 7419/5188/1750 7408/5189/1750 7409/5193/1750
f 7418/5194/1750 7419/5188/1750 7409/5193/1750
f 7307/5195/1750 7308/5186/1750 7254/5190/1750
f 7398/5196/1750 7399/5191/1750 7356/5192/1750
f 7398/5196/1750 7356/5192/1750 7357/5197/1750
f 7307/5195/1750 7254/5190/1750 7255/5198/1750
f 7418/5194/1750 7409/5193/1750 7410/5199/1750
f 7417/5200/1750 7418/5194/1750 7410/5199/1750
f 7397/5201/1750 7398/5196/1750 7357/5197/1750
f 7397/5201/1750 7357/5197/1750 7358/5202/1750
f 7306/5203/1750 7307/5195/1750 7255/5198/1750
f 7417/5200/1750 7410/5199/1750 7411/5204/1750
f 7416/5205/1750 7417/5200/1750 7411/5204/1750
f 7306/5203/1750 7255/5198/1750 7256/5206/1750
f 7396/5207/1750 7397/5201/1750 7358/5202/1750
f 7279/5208/1750 7280/5210/1750 7281/5209/1750
f 7396/5207/1750 7358/5202/1750 7359/5211/1750
f 7416/5205/1750 7411/5204/1750 7412/5212/1750
f 7278/5213/1750 7279/5208/1750 7281/5209/1750
f 7415/5214/1750 7416/5205/1750 7412/5212/1750
f 7305/5215/1750 7306/5203/1750 7256/5206/1750
f 7395/5216/1750 7396/5207/1750 7359/5211/1750
f 7395/5216/1750 7359/5211/1750 7360/5217/1750
f 7305/5215/1750 7256/5206/1750 7257/5218/1750
f 7277/5219/1750 7278/5213/1750 7281/5209/1750
f 7415/5214/1751 7412/5212/1751 7413/5220/1751
f 7305/5215/1750 7257/5218/1750 7258/5221/1750
f 7276/5222/1750 7277/5219/1750 7281/5209/1750
f 7394/5223/1750 7395/5216/1750 7360/5217/1750
f 7305/5215/1750 7258/5221/1750 7259/5224/1750
f 7394/5223/1750 7360/5217/1750 7361/5225/1750
f 7304/5226/1750 7305/5215/1750 7259/5224/1750
f 7304/5226/1750 7259/5224/1750 7260/5227/1750
f 7275/5228/1750 7276/5222/1750 7281/5209/1750
f 7415/5214/1750 7413/5220/1750 7414/5229/1750
f 7304/5226/1750 7260/5227/1750 7261/5230/1750
f 7274/5231/1750 7275/5228/1750 7281/5209/1750
f 7393/5232/1750 7394/5223/1750 7361/5225/1750
f 7393/5232/1750 7361/5225/1750 7362/5233/1750
f 7304/5226/1750 7261/5230/1750 7262/5234/1750
f 7273/5235/1750 7274/5231/1750 7281/5209/1750
f 7303/5236/1750 7304/5226/1750 7262/5234/1750
f 7303/5236/1750 7262/5234/1750 7263/5237/1750
f 7272/5238/1750 7273/5235/1750 7281/5209/1750
f 7303/5236/1750 7263/5237/1750 7264/5239/1750
f 7271/5240/1750 7272/5238/1750 7281/5209/1750
f 7303/5236/1750 7264/5239/1750 7265/5241/1750
f 7392/5242/1750 7393/5232/1750 7362/5233/1750
f 7392/5242/1750 7362/5233/1750 7363/5243/1750
f 7270/5244/1750 7271/5240/1750 7281/5209/1750
f 7303/5236/1750 7265/5241/1750 7266/5245/1750
f 7269/5246/1750 7270/5244/1750 7281/5209/1750
f 7303/5236/1750 7266/5245/1750 7267/5247/1750
f 7302/5248/1750 7303/5236/1750 7267/5247/1750
f 7268/5249/1750 7269/5246/1750 7281/5209/1750
f 7302/5248/1750 7267/5247/1750 7268/5249/1750
f 7302/5248/1750 7268/5249/1750 7281/5209/1750
f 7302/5248/1750 7281/5209/1750 7282/5250/1750
f 7391/5251/1750 7392/5242/1750 7363/5243/1750
f 7391/5251/1750 7363/5243/1750 7364/5252/1750
f 7301/5253/1750 7302/5248/1750 7282/5250/1750
f 7301/5253/1750 7282/5250/1750 7283/5254/1750
f 7301/5253/1750 7283/5254/1750 7284/5255/1750
f 7300/5256/1750 7301/5253/1750 7284/5255/1750
f 7391/5251/1750 7364/5252/1750 7365/5257/1750
f 7390/5258/1750 7391/5251/1750 7365/5257/1750
f 7300/5256/1750 7284/5255/1750 7285/5259/1750
f 7299/5260/1750 7300/5256/1750 7285/5259/1750
f 7299/5260/1750 7285/5259/1750 7286/5261/1750
f 7298/5262/1750 7299/5260/1750 7286/5261/1750
f 7390/5258/1750 7365/5257/1750 7366/5263/1750
f 7298/5262/1750 7286/5261/1750 7287/5264/1750
f 7389/5265/1750 7390/5258/1750 7366/5263/1750
f 7389/5265/1750 7366/5263/1750 7367/5266/1750
f 7388/5267/1750 7389/5265/1750 7367/5266/1750
f 7297/5268/1750 7298/5262/1750 7287/5264/1750
f 7297/5268/1750 7287/5264/1750 7288/5269/1750
f 7388/5267/1750 7367/5266/1750 7368/5270/1750
f 7387/5271/1750 7388/5267/1750 7368/5270/1750
f 7387/5271/1750 7368/5270/1750 7369/5272/1750
f 7297/5268/1750 7288/5269/1750 7289/5273/1750
f 7386/5274/1750 7387/5271/1750 7369/5272/1750
f 7296/5275/1750 7297/5268/1750 7289/5273/1750
f 7386/5274/1750 7369/5272/1750 7370/5276/1750
f 7296/5275/1750 7289/5273/1750 7290/5277/1750
f 7385/5278/1750 7386/5274/1750 7370/5276/1750
f 7295/5279/1750 7296/5275/1750 7290/5277/1750
f 7295/5279/1750 7290/5277/1750 7291/5280/1750
f 7385/5278/1750 7370/5276/1750 7371/5281/1750
f 7384/5282/1750 7385/5278/1750 7371/5281/1750
f 7294/5283/1750 7295/5279/1750 7291/5280/1750
f 7294/5283/1750 7291/5280/1750 7292/5284/1750
f 7293/5285/1750 7294/5283/1750 7292/5284/1750
f 7384/5282/1750 7371/5281/1750 7372/5286/1750
f 7383/5287/1750 7384/5282/1750 7372/5286/1750
f 7383/5287/1750 7372/5286/1750 7373/5288/1750
f 7382/5289/1750 7383/5287/1750 7373/5288/1750
f 7382/5289/1750 7373/5288/1750 7374/5290/1750
f 7381/5291/1750 7382/5289/1750 7374/5290/1750
f 7381/5291/1750 7374/5290/1750 7375/5292/1750
f 7380/5293/1750 7381/5291/1750 7375/5292/1750
f 7380/5293/1750 7375/5292/1750 7376/5294/1750
f 7379/5295/1750 7380/5293/1750 7376/5294/1750
f 7379/5295/1750 7376/5294/1750 7377/5296/1750
f 7378/5297/1750 7379/5295/1750 7377/5296/1750
s 1
f 7472/5298/1752 7469/5023/1753 7470/5299/1753
f 7474/5300/1754 7471/5301/1752 7472/5298/1752
f 7476/5302/1755 7473/5303/1754 7474/5300/1754
f 7478/5304/1756 7475/5305/1755 7476/5302/1755
f 7480/5306/1757 7477/5307/1756 7478/5304/1756
f 7482/5308/1758 7479/5309/1757 7480/5306/1757
f 7484/5310/1759 7481/5311/1758 7482/5308/1758
f 7486/5312/1760 7483/5313/1759 7484/5310/1759
f 7488/5314/1761 7485/5315/1760 7486/5312/1760
f 7490/5316/1762 7487/5317/1761 7488/5314/1761
f 7492/5318/1763 7489/5319/1762 7490/5316/1762
f 7494/5320/1764 7491/5321/1763 7492/5318/1763
f 7496/5322/1765 7493/5323/1764 7494/5320/1764
f 7498/5324/1766 7495/5325/1765 7496/5322/1765
f 7500/5326/1767 7497/5327/1766 7498/5324/1766
f 7502/5328/1768 7499/5329/1767 7500/5326/1767
f 7504/5330/1769 7501/5331/1768 7502/5328/1768
f 7506/5332/1770 7503/5333/1769 7504/5330/1769
f 7508/5334/1771 7505/5335/1770 7506/5332/1770
f 7510/5336/1772 7507/5337/1771 7508/5334/1771
f 7512/5338/1773 7509/5339/1772 7510/5336/1772
f 7514/5340/1774 7511/5341/1773 7512/5338/1773
f 7516/5342/1775 7513/5343/1774 7514/5340/1774
f 7518/5344/1776 7515/5345/1775 7516/5342/1775
f 7520/5346/1777 7517/5347/1776 7518/5344/1776
f 7522/5348/1778 7519/5349/1777 7520/5346/1777
f 7524/5350/1779 7521/5351/1778 7522/5348/1778
f 7526/5352/1780 7523/5353/1779 7524/5350/1779
f 7528/5354/1781 7525/5355/1780 7526/5352/1780
f 7530/5356/1782 7527/5357/1781 7528/5354/1781
f 7532/5358/1783 7529/5359/1782 7530/5356/1782
f 7534/5360/1784 7531/5361/1783 7532/5358/1783
f 7536/5362/1785 7533/5363/1784 7534/5360/1784
f 7538/5364/1786 7535/5365/1785 7536/5362/1785
f 7540/5366/1787 7537/5367/1786 7538/5364/1786
f 7542/5368/1788 7539/5369/1787 7540/5366/1787
f 7544/5370/1789 7541/5371/1788 7542/5368/1788
f 7546/5372/1790 7543/5373/1789 7544/5370/1789
f 7548/5374/1791 7545/5375/1790 7546/5372/1790
f 7550/5376/1792 7547/5377/1791 7548/5374/1791
f 7552/5378/1793 7549/5379/1792 7550/5376/1792
f 7554/5380/1794 7551/5381/1793 7552/5378/1793
f 7556/5382/1795 7553/5383/1794 7554/5380/1794
f 7558/5384/1796 7555/5385/1795 7556/5382/1795
f 7560/5386/1797 7557/5387/1796 7558/5384/1796
f 7562/5388/1798 7559/5389/1797 7560/5386/1797
f 7564/5390/1799 7561/5391/1798 7562/5388/1798
f 7566/5392/1800 7563/5393/1799 7564/5390/1799
f 7568/5394/1801 7565/5395/1802 7566/5392/1800
f 7570/5396/1803 7567/5397/1801 7568/5394/1801
f 7572/5398/1804 7569/5399/1803 7570/5396/1803
f 7574/5400/1805 7571/5401/1804 7572/5398/1804
f 7576/5402/1806 7573/5403/1805 7574/5400/1805
f 7578/5404/1807 7575/5405/1806 7576/5402/1806
f 7580/5406/1808 7577/5407/1807 7578/5404/1807
f 7582/5408/1809 7579/5409/1808 7580/5406/1808
f 7584/5410/1810 7581/5411/1809 7582/5408/1809
f 7586/5412/1811 7583/5413/1810 7584/5410/1810
f 7588/5414/1812 7585/5415/1811 7586/5412/1811
f 7590/5416/1813 7587/5417/1812 7588/5414/1812
f 7592/5418/1814 7589/5419/1813 7590/5416/1813
f 7594/5420/1815 7591/5421/1814 7592/5418/1814
f 7596/5422/1816 7593/5423/1815 7594/5420/1815
f 7598/5424/1817 7595/5425/1816 7596/5422/1816
f 7600/5426/1818 7597/5427/1817 7598/5424/1817
f 7602/5428/1819 7599/5429/1818 7600/5426/1818
f 7604/5430/1820 7601/5431/1819 7602/5428/1819
f 7606/5432/1821 7603/5433/1820 7604/5430/1820
f 7608/5434/1822 7605/5435/1821 7606/5432/1821
f 7610/5436/1823 7607/5437/1822 7608/5434/1822
f 7612/5438/1824 7609/5439/1823 7610/5436/1823
f 7614/5440/1825 7611/5441/1824 7612/5438/1824
f 7616/5442/1826 7613/5443/1827 7614/5440/1825
f 7618/5444/1828 7615/5445/1826 7616/5442/1826
f 7620/5446/1829 7617/5447/1828 7618/5444/1828
f 7622/5448/1830 7619/5449/1829 7620/5446/1829
f 7624/5450/1831 7621/5451/1830 7622/5448/1830
f 7626/5452/1832 7623/5453/1831 7624/5450/1831
f 7628/5454/1833 7625/5455/1832 7626/5452/1832
f 7630/5456/1834 7627/5457/1833 7628/5454/1833
f 7632/5458/1835 7629/5459/1834 7630/5456/1834
f 7634/5460/1836 7631/5461/1835 7632/5458/1835
f 7636/5462/1837 7633/5463/1836 7634/5460/1836
f 7638/5464/1838 7635/5465/1837 7636/5462/1837
f 7640/5466/1839 7637/5467/1838 7638/5464/1838
f 7642/5468/1840 7639/5469/1839 7640/5466/1839
f 7644/5470/1841 7641/5471/1840 7642/5468/1840
f 7646/5472/1842 7643/5473/1841 7644/5470/1841
f 7648/5474/1843 7645/5475/1842 7646/5472/1842
f 7650/5476/1844 7647/5477/1843 7648/5474/1843
f 7652/5478/1845 7649/5479/1844 7650/5476/1844
f 7654/5480/1846 7651/5481/1845 7652/5478/1845
f 7656/5482/1847 7653/5483/1846 7654/5480/1846
f 7658/5484/1848 7655/5485/1847 7656/5482/1847
f 7660/5486/1849 7657/5487/1848 7658/5484/1848
f 7662/5488/1850 7659/5489/1849 7660/5486/1849
f 7664/5490/1851 7661/5491/1850 7662/5488/1850
f 7666/5492/1852 7663/5493/1851 7664/5490/1851
f 7668/5494/1853 7665/5495/1852 7666/5492/1852
f 7670/5496/1854 7667/5497/1853 7668/5494/1853
f 7672/5498/1855 7669/5499/1854 7670/5496/1854
f 7674/5500/1856 7671/5501/1855 7672/5498/1855
f 7676/5502/1857 7673/5503/1856 7674/5500/1856
f 7678/5504/1858 7675/5505/1857 7676/5502/1857
f 7680/5506/1859 7677/5507/1858 7678/5504/1858
f 7682/5508/1860 7679/5509/1859 7680/5506/1859
f 7684/5510/1861 7681/5511/1860 7682/5508/1860
f 7686/5512/1862 7683/5513/1861 7684/5510/1861
f 7688/5514/1863 7685/5515/1862 7686/5512/1862
f 7690/5516/1864 7687/5517/1863 7688/5514/1863
f 7692/5518/1865 7689/5519/1864 7690/5516/1864
f 7694/5520/1866 7691/5521/1865 7692/5518/1865
f 7696/5522/1867 7693/5523/1866 7694/5520/1866
f 7698/5524/1868 7695/5525/1867 7696/5522/1867
f 7700/5526/1869 7697/5527/1868 7698/5524/1868
f 7702/5528/1870 7699/5529/1869 7700/5526/1869
f 7704/5530/1871 7701/5531/1870 7702/5528/1870
f 7706/5532/1872 7703/5533/1871 7704/5530/1871
f 7708/5534/1873 7705/5535/1872 7706/5532/1872
f 7710/5536/1874 7707/5537/1873 7708/5534/1873
f 7712/5538/1875 7709/5539/1874 7710/5536/1874
f 7714/5540/1876 7711/5541/1875 7712/5538/1875
f 7716/5542/1877 7713/5543/1876 7714/5540/1876
f 7718/5544/1878 7715/5545/1877 7716/5542/1877
f 7720/5546/1879 7717/5547/1878 7718/5544/1878
f 7722/5548/1880 7719/5549/1879 7720/5546/1879
f 7724/5550/1881 7721/5551/1880 7722/5548/1880
f 7726/5552/1882 7723/5553/1881 7724/5550/1881
f 7728/5554/1883 7725/5555/1882 7726/5552/1882
f 7730/5556/1884 7727/5557/1883 7728/5554/1883
f 7732/5558/1885 7729/5559/1886 7730/5556/1884
f 7734/5560/1887 7731/5561/1885 7732/5558/1885
f 7736/5562/1888 7733/5563/1887 7734/5560/1887
f 7738/5564/1889 7735/5565/1888 7736/5562/1888
f 7740/5566/1890 7737/5567/1889 7738/5564/1889
f 7742/5568/1891 7739/5569/1890 7740/5566/1890
f 7744/5570/1892 7741/5571/1891 7742/5568/1891
f 7746/5572/1893 7743/5573/1892 7744/5570/1892
f 7748/5574/1894 7745/5575/1893 7746/5572/1893
f 7750/5576/1895 7747/5577/1894 7748/5574/1894
f 7752/5578/1896 7749/5579/1895 7750/5576/1895
f 7754/5580/1897 7751/5581/1896 7752/5578/1896
f 7756/5582/1898 7753/5583/1897 7754/5580/1897
f 7758/5584/1899 7755/5585/1898 7756/5582/1898
f 7760/5586/1900 7757/5587/1899 7758/5584/1899
f 7762/5588/1901 7759/5589/1900 7760/5586/1900
f 7764/5590/1902 7761/5591/1901 7762/5588/1901
f 7766/5592/1903 7763/5593/1902 7764/5590/1902
f 7768/5594/1904 7765/5595/1903 7766/5592/1903
f 7770/5596/1905 7767/5597/1904 7768/5594/1904
f 7772/5598/1906 7769/5599/1905 7770/5596/1905
f 7774/5600/1907 7771/5601/1906 7772/5598/1906
f 7776/5602/1908 7773/5603/1907 7774/5600/1907
f 7778/5604/1909 7775/5605/1908 7776/5602/1908
f 7780/5606/1910 7777/5607/1909 7778/5604/1909
f 7782/5608/1911 7779/5609/1910 7780/5606/1910
f 7784/5610/1912 7781/5611/1911 7782/5608/1911
f 7786/5612/1913 7783/5613/1912 7784/5610/1912
f 7788/5614/1914 7785/5615/1913 7786/5612/1913
f 7790/5616/1915 7787/5617/1914 7788/5614/1914
f 7792/5618/1916 7789/5619/1915 7790/5616/1915
f 7794/5620/1915 7791/5621/1916 7792/5618/1916
f 7796/5622/1917 7793/5623/1915 7794/5620/1915
f 7798/5624/1918 7795/5625/1917 7796/5622/1917
f 7800/5626/1919 7797/5627/1918 7798/5624/1918
f 7802/5628/1920 7799/5629/1919 7800/5626/1919
f 7804/5630/1921 7801/5631/1920 7802/5628/1920
f 7806/5632/1922 7803/5633/1921 7804/5630/1921
f 7808/5634/1923 7805/5635/1922 7806/5632/1922
f 7810/5636/1924 7807/5637/1923 7808/5634/1923
f 7812/5638/1925 7809/5639/1924 7810/5636/1924
f 7814/5640/1926 7811/5641/1925 7812/5638/1925
f 7816/5642/1927 7813/5643/1926 7814/5640/1926
f 7818/5644/1928 7815/5645/1927 7816/5642/1927
f 7820/5646/1929 7817/5647/1928 7818/5644/1928
f 7822/5648/1930 7819/5649/1929 7820/5646/1929
f 7824/5650/1931 7821/5651/1930 7822/5648/1930
f 7826/5652/1932 7823/5653/1931 7824/5650/1931
f 7828/5654/1933 7825/5655/1932 7826/5652/1932
f 7830/5656/1934 7827/5657/1933 7828/5654/1933
f 7832/5658/1935 7829/5659/1934 7830/5656/1934
f 7834/5660/1936 7831/5661/1935 7832/5658/1935
f 7836/5662/1937 7833/5663/1936 7834/5660/1936
f 7838/5664/1938 7835/5665/1937 7836/5662/1937
f 7840/5666/1939 7837/5667/1938 7838/5664/1938
f 7842/5668/1940 7839/5669/1939 7840/5666/1939
f 7844/5670/1941 7841/5671/1940 7842/5668/1940
f 7846/5672/1942 7843/5673/1941 7844/5670/1941
f 7848/5674/1943 7845/5675/1942 7846/5672/1942
f 7850/5676/1944 7847/5677/1943 7848/5674/1943
f 7852/5678/1945 7849/5679/1944 7850/5676/1944
f 7854/5680/1946 7851/5681/1945 7852/5678/1945
f 7856/5682/1947 7853/5683/1946 7854/5680/1946
f 7858/5684/1948 7855/5685/1947 7856/5682/1947
f 7860/5686/1949 7857/5687/1948 7858/5684/1948
f 7862/5688/1950 7859/5689/1949 7860/5686/1949
f 7864/5690/1951 7861/5691/1950 7862/5688/1950
f 7866/5692/1952 7863/5693/1951 7864/5690/1951
f 7868/5694/1953 7865/5695/1952 7866/5692/1952
f 7870/5696/1954 7867/5697/1953 7868/5694/1953
f 7872/5698/1954 7869/5699/1954 7870/5696/1954
f 7874/5700/1955 7871/5701/1954 7872/5698/1954
f 7876/5702/1956 7873/5703/1955 7874/5700/1955
f 7878/5704/1957 7875/5705/1956 7876/5702/1956
f 7880/5706/1958 7877/5707/1957 7878/5704/1957
f 7882/5708/1959 7879/5709/1958 7880/5706/1958
f 7884/5710/1960 7881/5711/1959 7882/5708/1959
f 7886/5712/1961 7883/5713/1960 7884/5710/1960
f 7888/5714/1962 7885/5715/1961 7886/5712/1961
f 7890/5716/1963 7887/5717/1962 7888/5714/1962
f 7892/5718/1964 7889/5719/1963 7890/5716/1963
f 7894/5720/1965 7891/5721/1964 7892/5718/1964
f 7896/5722/1966 7893/5723/1965 7894/5720/1965
f 7898/5724/1967 7895/5725/1966 7896/5722/1966
f 7900/5726/1968 7897/5727/1969 7898/5724/1967
f 7902/5728/1970 7899/5729/1968 7900/5726/1968
f 7904/5730/1971 7901/5731/1970 7902/5728/1970
f 7906/5732/1972 7903/5733/1971 7904/5730/1971
f 7908/5734/1973 7905/5735/1972 7906/5732/1972
f 7910/5736/1974 7907/5737/1973 7908/5734/1973
f 7912/5738/1975 7909/5739/1974 7910/5736/1974
f 7914/5740/1976 7911/5741/1975 7912/5738/1975
f 7916/5742/1977 7913/5743/1976 7914/5740/1976
f 7918/5744/1978 7915/5745/1977 7916/5742/1977
f 7920/5746/1979 7917/5747/1978 7918/5744/1978
f 7922/5748/1980 7919/5749/1979 7920/5746/1979
f 7924/5750/1981 7921/5751/1980 7922/5748/1980
f 7926/5752/1982 7923/5753/1981 7924/5750/1981
f 7928/5754/1983 7925/5755/1982 7926/5752/1982
f 7930/5756/1984 7927/5757/1983 7928/5754/1983
f 7932/5758/1985 7929/5759/1984 7930/5756/1984
f 7934/5760/1986 7931/5761/1985 7932/5758/1985
f 7936/5762/1987 7933/5763/1986 7934/5760/1986
f 7938/5764/1988 7935/5765/1987 7936/5762/1987
f 7940/5766/1989 7937/5767/1988 7938/5764/1988
f 7942/5768/1990 7939/5769/1989 7940/5766/1989
f 7944/5770/1991 7941/5771/1992 7942/5768/1990
f 7946/5772/1993 7943/5773/1991 7944/5770/1991
f 7948/5774/1994 7945/5775/1993 7946/5772/1993
f 7950/5776/1995 7947/5777/1994 7948/5774/1994
f 7952/5778/1996 7949/5779/1995 7950/5776/1995
f 7954/5780/1997 7951/5781/1996 7952/5778/1996
f 7956/5782/1998 7953/5783/1997 7954/5780/1997
f 7958/5784/1999 7955/5785/1998 7956/5782/1998
f 7960/5786/2000 7957/5787/1999 7958/5784/1999
f 7962/5788/2001 7959/5789/2000 7960/5786/2000
f 7964/5790/2002 7961/5791/2001 7962/5788/2001
f 7966/5792/2003 7963/5793/2002 7964/5790/2002
f 7968/5794/2004 7965/5795/2003 7966/5792/2003
f 7970/5796/2005 7967/5797/2004 7968/5794/2004
f 7972/5798/2006 7969/5799/2005 7970/5796/2005
f 7974/5800/2007 7971/5801/2006 7972/5798/2006
f 7976/5802/2008 7973/5803/2007 7974/5800/2007
f 7978/5804/2009 7975/5805/2008 7976/5802/2008
f 7980/5806/2010 7977/5807/2009 7978/5804/2009
f 7982/5808/2011 7979/5809/2010 7980/5806/2010
f 7984/5810/2012 7981/5811/2011 7982/5808/2011
f 7986/5812/2013 7983/5813/2012 7984/5810/2012
f 7988/5814/2014 7985/5815/2013 7986/5812/2013
f 7990/5816/2015 7987/5817/2014 7988/5814/2014
f 7992/5818/2016 7989/5819/2015 7990/5816/2015
f 7994/5820/2017 7991/5821/2016 7992/5818/2016
f 7996/5822/2018 7993/5823/2017 7994/5820/2017
f 7998/5824/2019 7995/5825/2018 7996/5822/2018
f 8000/5826/2020 7997/5827/2019 7998/5824/2019
f 8002/5828/2021 7999/5829/2020 8000/5826/2020
f 8004/5830/2022 8001/5831/2021 8002/5828/2021
f 8006/5832/2023 8003/5833/2022 8004/5830/2022
f 8008/5834/2024 8005/5835/2023 8006/5832/2023
f 8010/5836/2025 8007/5837/2024 8008/5834/2024
f 8012/5838/2026 8009/5839/2025 8010/5836/2025
f 8014/5840/2027 8011/5841/2026 8012/5838/2026
f 8016/5842/2028 8013/5843/2027 8014/5840/2027
f 8018/5844/2029 8015/5845/2028 8016/5842/2028
f 8020/5846/2030 8017/5847/2031 8018/5844/2029
f 7470/5848/1753 8019/5849/2030 8020/5846/2030
f 7472/5298/1752 7471/5301/1752 7469/5023/1753
f 7474/5300/1754 7473/5303/1754 7471/5301/1752
f 7476/5302/1755 7475/5305/1755 7473/5303/1754
f 7478/5304/1756 7477/5307/1756 7475/5305/1755
f 7480/5306/1757 7479/5309/1757 7477/5307/1756
f 7482/5308/1758 7481/5311/1758 7479/5309/1757
f 7484/5310/1759 7483/5313/1759 7481/5311/1758
f 7486/5312/1760 7485/5315/1760 7483/5313/1759
f 7488/5314/1761 7487/5317/1761 7485/5315/1760
f 7490/5316/1762 7489/5319/1762 7487/5317/1761
f 7492/5318/1763 7491/5321/1763 7489/5319/1762
f 7494/5320/1764 7493/5323/1764 7491/5321/1763
f 7496/5322/1765 7495/5325/1765 7493/5323/1764
f 7498/5324/1766 7497/5327/1766 7495/5325/1765
f 7500/5326/1767 7499/5329/1767 7497/5327/1766
f 7502/5328/1768 7501/5331/1768 7499/5329/1767
f 7504/5330/1769 7503/5333/1769 7501/5331/1768
f 7506/5332/1770 7505/5335/1770 7503/5333/1769
f 7508/5334/1771 7507/5337/1771 7505/5335/1770
f 7510/5336/1772 7509/5339/1772 7507/5337/1771
f 7512/5338/1773 7511/5341/1773 7509/5339/1772
f 7514/5340/1774 7513/5343/1774 7511/5341/1773
f 7516/5342/1775 7515/5345/1775 7513/5343/1774
f 7518/5344/1776 7517/5347/1776 7515/5345/1775
f 7520/5346/1777 7519/5349/1777 7517/5347/1776
f 7522/5348/1778 7521/5351/1778 7519/5349/1777
f 7524/5350/1779 7523/5353/1779 7521/5351/1778
f 7526/5352/1780 7525/5355/1780 7523/5353/1779
f 7528/5354/1781 7527/5357/1781 7525/5355/1780
f 7530/5356/1782 7529/5359/1782 7527/5357/1781
f 7532/5358/1783 7531/5361/1783 7529/5359/1782
f 7534/5360/1784 7533/5363/1784 7531/5361/1783
f 7536/5362/1785 7535/5365/1785 7533/5363/1784
f 7538/5364/1786 7537/5367/1786 7535/5365/1785
f 7540/5366/1787 7539/5369/1787 7537/5367/1786
f 7542/5368/1788 7541/5371/1788 7539/5369/1787
f 7544/5370/1789 7543/5373/1789 7541/5371/1788
f 7546/5372/1790 7545/5375/1790 7543/5373/1789
f 7548/5374/1791 7547/5377/1791 7545/5375/1790
f 7550/5376/1792 7549/5379/1792 7547/5377/1791
f 7552/5378/1793 7551/5381/1793 7549/5379/1792
f 7554/5380/1794 7553/5383/1794 7551/5381/1793
f 7556/5382/1795 7555/5385/1795 7553/5383/1794
f 7558/5384/1796 7557/5387/1796 7555/5385/1795
f 7560/5386/1797 7559/5389/1797 7557/5387/1796
f 7562/5388/1798 7561/5391/1798 7559/5389/1797
f 7564/5390/1799 7563/5393/1799 7561/5391/1798
f 7566/5392/1800 7565/5395/1802 7563/5393/1799
f 7568/5394/1801 7567/5397/1801 7565/5395/1802
f 7570/5396/1803 7569/5399/1803 7567/5397/1801
f 7572/5398/1804 7571/5401/1804 7569/5399/1803
f 7574/5400/1805 7573/5403/1805 7571/5401/1804
f 7576/5402/1806 7575/5405/1806 7573/5403/1805
f 7578/5404/1807 7577/5407/1807 7575/5405/1806
f 7580/5406/1808 7579/5409/1808 7577/5407/1807
f 7582/5408/1809 7581/5411/1809 7579/5409/1808
f 7584/5410/1810 7583/5413/1810 7581/5411/1809
f 7586/5412/1811 7585/5415/1811 7583/5413/1810
f 7588/5414/1812 7587/5417/1812 7585/5415/1811
f 7590/5416/1813 7589/5419/1813 7587/5417/1812
f 7592/5418/1814 7591/5421/1814 7589/5419/1813
f 7594/5420/1815 7593/5423/1815 7591/5421/1814
f 7596/5422/1816 7595/5425/1816 7593/5423/1815
f 7598/5424/1817 7597/5427/1817 7595/5425/1816
f 7600/5426/1818 7599/5429/1818 7597/5427/1817
f 7602/5428/1819 7601/5431/1819 7599/5429/1818
f 7604/5430/1820 7603/5433/1820 7601/5431/1819
f 7606/5432/1821 7605/5435/1821 7603/5433/1820
f 7608/5434/1822 7607/5437/1822 7605/5435/1821
f 7610/5436/1823 7609/5439/1823 7607/5437/1822
f 7612/5438/1824 7611/5441/1824 7609/5439/1823
f 7614/5440/1825 7613/5443/1827 7611/5441/1824
f 7616/5442/1826 7615/5445/1826 7613/5443/1827
f 7618/5444/1828 7617/5447/1828 7615/5445/1826
f 7620/5446/1829 7619/5449/1829 7617/5447/1828
f 7622/5448/1830 7621/5451/1830 7619/5449/1829
f 7624/5450/1831 7623/5453/1831 7621/5451/1830
f 7626/5452/1832 7625/5455/1832 7623/5453/1831
f 7628/5454/1833 7627/5457/1833 7625/5455/1832
f 7630/5456/1834 7629/5459/1834 7627/5457/1833
f 7632/5458/1835 7631/5461/1835 7629/5459/1834
f 7634/5460/1836 7633/5463/1836 7631/5461/1835
f 7636/5462/1837 7635/5465/1837 7633/5463/1836
f 7638/5464/1838 7637/5467/1838 7635/5465/1837
f 7640/5466/1839 7639/5469/1839 7637/5467/1838
f 7642/5468/1840 7641/5471/1840 7639/5469/1839
f 7644/5470/1841 7643/5473/1841 7641/5471/1840
f 7646/5472/1842 7645/5475/1842 7643/5473/1841
f 7648/5474/1843 7647/5477/1843 7645/5475/1842
f 7650/5476/1844 7649/5479/1844 7647/5477/1843
f 7652/5478/1845 7651/5481/1845 7649/5479/1844
f 7654/5480/1846 7653/5483/1846 7651/5481/1845
f 7656/5482/1847 7655/5485/1847 7653/5483/1846
f 7658/5484/1848 7657/5487/1848 7655/5485/1847
f 7660/5486/1849 7659/5489/1849 7657/5487/1848
f 7662/5488/1850 7661/5491/1850 7659/5489/1849
f 7664/5490/1851 7663/5493/1851 7661/5491/1850
f 7666/5492/1852 7665/5495/1852 7663/5493/1851
f 7668/5494/1853 7667/5497/1853 7665/5495/1852
f 7670/5496/1854 7669/5499/1854 7667/5497/1853
f 7672/5498/1855 7671/5501/1855 7669/5499/1854
f 7674/5500/1856 7673/5503/1856 7671/5501/1855
f 7676/5502/1857 7675/5505/1857 7673/5503/1856
f 7678/5504/1858 7677/5507/1858 7675/5505/1857
f 7680/5506/1859 7679/5509/1859 7677/5507/1858
f 7682/5508/1860 7681/5511/1860 7679/5509/1859
f 7684/5510/1861 7683/5513/1861 7681/5511/1860
f 7686/5512/1862 7685/5515/1862 7683/5513/1861
f 7688/5514/1863 7687/5517/1863 7685/5515/1862
f 7690/5516/1864 7689/5519/1864 7687/5517/1863
f 7692/5518/1865 7691/5521/1865 7689/5519/1864
f 7694/5520/1866 7693/5523/1866 7691/5521/1865
f 7696/5522/1867 7695/5525/1867 7693/5523/1866
f 7698/5524/1868 7697/5527/1868 7695/5525/1867
f 7700/5526/1869 7699/5529/1869 7697/5527/1868
f 7702/5528/1870 7701/5531/1870 7699/5529/1869
f 7704/5530/1871 7703/5533/1871 7701/5531/1870
f 7706/5532/1872 7705/5535/1872 7703/5533/1871
f 7708/5534/1873 7707/5537/1873 7705/5535/1872
f 7710/5536/1874 7709/5539/1874 7707/5537/1873
f 7712/5538/1875 7711/5541/1875 7709/5539/1874
f 7714/5540/1876 7713/5543/1876 7711/5541/1875
f 7716/5542/1877 7715/5545/1877 7713/5543/1876
f 7718/5544/1878 7717/5547/1878 7715/5545/1877
f 7720/5546/1879 7719/5549/1879 7717/5547/1878
f 7722/5548/1880 7721/5551/1880 7719/5549/1879
f 7724/5550/1881 7723/5553/1881 7721/5551/1880
f 7726/5552/1882 7725/5555/1882 7723/5553/1881
f 7728/5554/1883 7727/5557/1883 7725/5555/1882
f 7730/5556/1884 7729/5559/1886 7727/5557/1883
f 7732/5558/1885 7731/5561/1885 7729/5559/1886
f 7734/5560/1887 7733/5563/1887 7731/5561/1885
f 7736/5562/1888 7735/5565/1888 7733/5563/1887
f 7738/5564/1889 7737/5567/1889 7735/5565/1888
f 7740/5566/1890 7739/5569/1890 7737/5567/1889
f 7742/5568/1891 7741/5571/1891 7739/5569/1890
f 7744/5570/1892 7743/5573/1892 7741/5571/1891
f 7746/5572/1893 7745/5575/1893 7743/5573/1892
f 7748/5574/1894 7747/5577/1894 7745/5575/1893
f 7750/5576/1895 7749/5579/1895 7747/5577/1894
f 7752/5578/1896 7751/5581/1896 7749/5579/1895
f 7754/5580/1897 7753/5583/1897 7751/5581/1896
f 7756/5582/1898 7755/5585/1898 7753/5583/1897
f 7758/5584/1899 7757/5587/1899 7755/5585/1898
f 7760/5586/1900 7759/5589/1900 7757/5587/1899
f 7762/5588/1901 7761/5591/1901 7759/5589/1900
f 7764/5590/1902 7763/5593/1902 7761/5591/1901
f 7766/5592/1903 7765/5595/1903 7763/5593/1902
f 7768/5594/1904 7767/5597/1904 7765/5595/1903
f 7770/5596/1905 7769/5599/1905 7767/5597/1904
f 7772/5598/1906 7771/5601/1906 7769/5599/1905
f 7774/5600/1907 7773/5603/1907 7771/5601/1906
f 7776/5602/1908 7775/5605/1908 7773/5603/1907
f 7778/5604/1909 7777/5607/1909 7775/5605/1908
f 7780/5606/1910 7779/5609/1910 7777/5607/1909
f 7782/5608/1911 7781/5611/1911 7779/5609/1910
f 7784/5610/1912 7783/5613/1912 7781/5611/1911
f 7786/5612/1913 7785/5615/1913 7783/5613/1912
f 7788/5614/1914 7787/5617/1914 7785/5615/1913
f 7790/5616/1915 7789/5619/1915 7787/5617/1914
f 7792/5618/1916 7791/5621/1916 7789/5619/1915
f 7794/5620/1915 7793/5623/1915 7791/5621/1916
f 7796/5622/1917 7795/5625/1917 7793/5623/1915
f 7798/5624/1918 7797/5627/1918 7795/5625/1917
f 7800/5626/1919 7799/5629/1919 7797/5627/1918
f 7802/5628/1920 7801/5631/1920 7799/5629/1919
f 7804/5630/1921 7803/5633/1921 7801/5631/1920
f 7806/5632/1922 7805/5635/1922 7803/5633/1921
f 7808/5634/1923 7807/5637/1923 7805/5635/1922
f 7810/5636/1924 7809/5639/1924 7807/5637/1923
f 7812/5638/1925 7811/5641/1925 7809/5639/1924
f 7814/5640/1926 7813/5643/1926 7811/5641/1925
f 7816/5642/1927 7815/5645/1927 7813/5643/1926
f 7818/5644/1928 7817/5647/1928 7815/5645/1927
f 7820/5646/1929 7819/5649/1929 7817/5647/1928
f 7822/5648/1930 7821/5651/1930 7819/5649/1929
f 7824/5650/1931 7823/5653/1931 7821/5651/1930
f 7826/5652/1932 7825/5655/1932 7823/5653/1931
f 7828/5654/1933 7827/5657/1933 7825/5655/1932
f 7830/5656/1934 7829/5659/1934 7827/5657/1933
f 7832/5658/1935 7831/5661/1935 7829/5659/1934
f 7834/5660/1936 7833/5663/1936 7831/5661/1935
f 7836/5662/1937 7835/5665/1937 7833/5663/1936
f 7838/5664/1938 7837/5667/1938 7835/5665/1937
f 7840/5666/1939 7839/5669/1939 7837/5667/1938
f 7842/5668/1940 7841/5671/1940 7839/5669/1939
f 7844/5670/1941 7843/5673/1941 7841/5671/1940
f 7846/5672/1942 7845/5675/1942 7843/5673/1941
f 7848/5674/1943 7847/5677/1943 7845/5675/1942
f 7850/5676/1944 7849/5679/1944 7847/5677/1943
f 7852/5678/1945 7851/5681/1945 7849/5679/1944
f 7854/5680/1946 7853/5683/1946 7851/5681/1945
f 7856/5682/1947 7855/5685/1947 7853/5683/1946
f 7858/5684/1948 7857/5687/1948 7855/5685/1947
f 7860/5686/1949 7859/5689/1949 7857/5687/1948
f 7862/5688/1950 7861/5691/1950 7859/5689/1949
f 7864/5690/1951 7863/5693/1951 7861/5691/1950
f 7866/5692/1952 7865/5695/1952 7863/5693/1951
f 7868/5694/1953 7867/5697/1953 7865/5695/1952
f 7870/5696/1954 7869/5699/1954 7867/5697/1953
f 7872/5698/1954 7871/5701/1954 7869/5699/1954
f 7874/5700/1955 7873/5703/1955 7871/5701/1954
f 7876/5702/1956 7875/5705/1956 7873/5703/1955
f 7878/5704/1957 7877/5707/1957 7875/5705/1956
f 7880/5706/1958 7879/5709/1958 7877/5707/1957
f 7882/5708/1959 7881/5711/1959 7879/5709/1958
f 7884/5710/1960 7883/5713/1960 7881/5711/1959
f 7886/5712/1961 7885/5715/1961 7883/5713/1960
f 7888/5714/1962 7887/5717/1962 7885/5715/1961
f 7890/5716/1963 7889/5719/1963 7887/5717/1962
f 7892/5718/1964 7891/5721/1964 7889/5719/1963
f 7894/5720/1965 7893/5723/1965 7891/5721/1964
f 7896/5722/1966 7895/5725/1966 7893/5723/1965
f 7898/5724/1967 7897/5727/1969 7895/5725/1966
f 7900/5726/1968 7899/5729/1968 7897/5727/1969
f 7902/5728/1970 7901/5731/1970 7899/5729/1968
f 7904/5730/1971 7903/5733/1971 7901/5731/1970
f 7906/5732/1972 7905/5735/1972 7903/5733/1971
f 7908/5734/1973 7907/5737/1973 7905/5735/1972
f 7910/5736/1974 7909/5739/1974 7907/5737/1973
f 7912/5738/1975 7911/5741/1975 7909/5739/1974
f 7914/5740/1976 7913/5743/1976 7911/5741/1975
f 7916/5742/1977 7915/5745/1977 7913/5743/1976
f 7918/5744/1978 7917/5747/1978 7915/5745/1977
f 7920/5746/1979 7919/5749/1979 7917/5747/1978
f 7922/5748/1980 7921/5751/1980 7919/5749/1979
f 7924/5750/1981 7923/5753/1981 7921/5751/1980
f 7926/5752/1982 7925/5755/1982 7923/5753/1981
f 7928/5754/1983 7927/5757/1983 7925/5755/1982
f 7930/5756/1984 7929/5759/1984 7927/5757/1983
f 7932/5758/1985 7931/5761/1985 7929/5759/1984
f 7934/5760/1986 7933/5763/1986 7931/5761/1985
f 7936/5762/1987 7935/5765/1987 7933/5763/1986
f 7938/5764/1988 7937/5767/1988 7935/5765/1987
f 7940/5766/1989 7939/5769/1989 7937/5767/1988
f 7942/5768/1990 7941/5771/1992 7939/5769/1989
f 7944/5770/1991 7943/5773/1991 7941/5771/1992
f 7946/5772/1993 7945/5775/1993 7943/5773/1991
f 7948/5774/1994 7947/5777/1994 7945/5775/1993
f 7950/5776/1995 7949/5779/1995 7947/5777/1994
f 7952/5778/1996 7951/5781/1996 7949/5779/1995
f 7954/5780/1997 7953/5783/1997 7951/5781/1996
f 7956/5782/1998 7955/5785/1998 7953/5783/1997
f 7958/5784/1999 7957/5787/1999 7955/5785/1998
f 7960/5786/2000 7959/5789/2000 7957/5787/1999
f 7962/5788/2001 7961/5791/2001 7959/5789/2000
f 7964/5790/2002 7963/5793/2002 7961/5791/2001
f 7966/5792/2003 7965/5795/2003 7963/5793/2002
f 7968/5794/2004 7967/5797/2004 7965/5795/2003
f 7970/5796/2005 7969/5799/2005 7967/5797/2004
f 7972/5798/2006 7971/5801/2006 7969/5799/2005
f 7974/5800/2007 7973/5803/2007 7971/5801/2006
f 7976/5802/2008 7975/5805/2008 7973/5803/2007
f 7978/5804/2009 7977/5807/2009 7975/5805/2008
f 7980/5806/2010 7979/5809/2010 7977/5807/2009
f 7982/5808/2011 7981/5811/2011 7979/5809/2010
f 7984/5810/2012 7983/5813/2012 7981/5811/2011
f 7986/5812/2013 7985/5815/2013 7983/5813/2012
f 7988/5814/2014 7987/5817/2014 7985/5815/2013
f 7990/5816/2015 7989/5819/2015 7987/5817/2014
f 7992/5818/2016 7991/5821/2016 7989/5819/2015
f 7994/5820/2017 7993/5823/2017 7991/5821/2016
f 7996/5822/2018 7995/5825/2018 7993/5823/2017
f 7998/5824/2019 7997/5827/2019 7995/5825/2018
f 8000/5826/2020 7999/5829/2020 7997/5827/2019
f 8002/5828/2021 8001/5831/2021 7999/5829/2020
f 8004/5830/2022 8003/5833/2022 8001/5831/2021
f 8006/5832/2023 8005/5835/2023 8003/5833/2022
f 8008/5834/2024 8007/5837/2024 8005/5835/2023
f 8010/5836/2025 8009/5839/2025 8007/5837/2024
f 8012/5838/2026 8011/5841/2026 8009/5839/2025
f 8014/5840/2027 8013/5843/2027 8011/5841/2026
f 8016/5842/2028 8015/5845/2028 8013/5843/2027
f 8018/5844/2029 8017/5847/2031 8015/5845/2028
f 8020/5846/2030 8019/5849/2030 8017/5847/2031
f 7470/5848/1753 7469/5024/1753 8019/5849/2030
o Text.011
v -10.502614 0.631834 -0.070000
v -10.526092 0.634269 -0.070000
v -10.553840 0.637093 -0.070000
v -10.585411 0.640251 -0.070000
v -10.620358 0.643686 -0.070000
v -10.658231 0.647343 -0.070000
v -10.698583 0.651167 -0.070000
v -10.740967 0.655103 -0.070000
v -10.784934 0.659093 -0.070000
v -10.830036 0.663084 -0.070000
v -10.875826 0.667019 -0.070000
v -10.921856 0.670843 -0.070000
v -10.948786 0.673241 -0.070000
v -10.975050 0.675440 -0.070000
v -11.000606 0.677453 -0.070000
v -11.025411 0.679288 -0.070000
v -11.049425 0.680956 -0.070000
v -11.072605 0.682468 -0.070000
v -11.094911 0.683834 -0.070000
v -11.116300 0.685065 -0.070000
v -11.136730 0.686171 -0.070000
v -11.156161 0.687163 -0.070000
v -11.174550 0.688050 -0.070000
v -11.191855 0.688843 -0.070000
v -11.191855 0.608843 -0.070000
v -11.176999 0.608815 -0.070000
v -11.161087 0.608700 -0.070000
v -11.144356 0.608453 -0.070000
v -11.127041 0.608028 -0.070000
v -11.109379 0.607382 -0.070000
v -11.091605 0.606468 -0.070000
v -11.073957 0.605242 -0.070000
v -11.056670 0.603658 -0.070000
v -11.039981 0.601671 -0.070000
v -11.024124 0.599237 -0.070000
v -11.009337 0.596309 -0.070000
v -10.995855 0.592843 -0.070000
v -10.961520 0.579216 -0.070000
v -10.929587 0.561658 -0.070000
v -10.900168 0.540656 -0.070000
v -10.873374 0.516695 -0.070000
v -10.849317 0.490262 -0.070000
v -10.828106 0.461843 -0.070000
v -10.809854 0.431924 -0.070000
v -10.794670 0.400991 -0.070000
v -10.782668 0.369531 -0.070000
v -10.773957 0.338028 -0.070000
v -10.768649 0.306971 -0.070000
v -10.766855 0.276843 -0.070000
v -10.770531 0.230590 -0.070000
v -10.781092 0.189649 -0.070000
v -10.797840 0.153749 -0.070000
v -10.820078 0.122621 -0.070000
v -10.847107 0.095992 -0.070000
v -10.878230 0.073593 -0.070000
v -10.912749 0.055152 -0.070000
v -10.949966 0.040399 -0.070000
v -10.989183 0.029062 -0.070000
v -11.029703 0.020871 -0.070000
v -11.070826 0.015555 -0.070000
v -11.111856 0.012843 -0.070000
v -11.082855 -0.070157 -0.070000
v -11.036201 -0.066472 -0.070000
v -10.989286 -0.058842 -0.070000
v -10.942934 -0.047157 -0.070000
v -10.897966 -0.031305 -0.070000
v -10.855207 -0.011175 -0.070000
v -10.815480 0.013343 -0.070000
v -10.779607 0.042362 -0.070000
v -10.748411 0.075991 -0.070000
v -10.722714 0.114343 -0.070000
v -10.703341 0.157528 -0.070000
v -10.691114 0.205658 -0.070000
v -10.686855 0.258843 -0.070000
v -10.688778 0.297214 -0.070000
v -10.694319 0.334227 -0.070000
v -10.703136 0.369734 -0.070000
v -10.714892 0.403584 -0.070000
v -10.729245 0.435629 -0.070000
v -10.745855 0.465718 -0.070000
v -10.764382 0.493704 -0.070000
v -10.784485 0.519436 -0.070000
v -10.805824 0.542765 -0.070000
v -10.828059 0.563542 -0.070000
v -10.850850 0.581618 -0.070000
v -10.873856 0.596843 -0.070000
v -10.844193 0.593601 -0.070000
v -10.809388 0.589903 -0.070000
v -10.770465 0.585796 -0.070000
v -10.728448 0.581325 -0.070000
v -10.684361 0.576533 -0.070000
v -10.639231 0.571468 -0.070000
v -10.594078 0.566174 -0.070000
v -10.549930 0.560695 -0.070000
v -10.507809 0.555077 -0.070000
v -10.468740 0.549366 -0.070000
v -10.433747 0.543606 -0.070000
v -10.403855 0.537843 -0.070000
v -10.394855 0.624843 -0.070000
v -10.404226 0.625113 -0.070000
v -10.413323 0.625422 -0.070000
v -10.422121 0.625765 -0.070000
v -10.430596 0.626139 -0.070000
v -10.438725 0.626542 -0.070000
v -10.446481 0.626968 -0.070000
v -10.453841 0.627416 -0.070000
v -10.460781 0.627880 -0.070000
v -10.467278 0.628359 -0.070000
v -10.473305 0.628848 -0.070000
v -10.478839 0.629344 -0.070000
v -10.483855 0.629843 -0.070000
v -10.502614 0.631834 0.070000
v -10.526092 0.634269 0.070000
v -10.553840 0.637093 0.070000
v -10.585411 0.640251 0.070000
v -10.620358 0.643686 0.070000
v -10.658231 0.647343 0.070000
v -10.698583 0.651167 0.070000
v -10.740967 0.655103 0.070000
v -10.784934 0.659093 0.070000
v -10.830036 0.663084 0.070000
v -10.875826 0.667019 0.070000
v -10.921856 0.670843 0.070000
v -10.948786 0.673241 0.070000
v -10.975050 0.675440 0.070000
v -11.000606 0.677453 0.070000
v -11.025411 0.679288 0.070000
v -11.049425 0.680956 0.070000
v -11.072605 0.682468 0.070000
v -11.094911 0.683834 0.070000
v -11.116300 0.685065 0.070000
v -11.136730 0.686171 0.070000
v -11.156161 0.687163 0.070000
v -11.174550 0.688050 0.070000
v -11.191855 0.688843 0.070000
v -11.191855 0.608843 0.070000
v -11.176999 0.608815 0.070000
v -11.161087 0.608700 0.070000
v -11.144356 0.608453 0.070000
v -11.127041 0.608028 0.070000
v -11.109379 0.607382 0.070000
v -11.091605 0.606468 0.070000
v -11.073957 0.605242 0.070000
v -11.056670 0.603658 0.070000
v -11.039981 0.601671 0.070000
v -11.024124 0.599237 0.070000
v -11.009337 0.596309 0.070000
v -10.995855 0.592843 0.070000
v -10.961520 0.579216 0.070000
v -10.929587 0.561658 0.070000
v -10.900168 0.540656 0.070000
v -10.873374 0.516695 0.070000
v -10.849317 0.490262 0.070000
v -10.828106 0.461843 0.070000
v -10.809854 0.431924 0.070000
v -10.794670 0.400991 0.070000
v -10.782668 0.369531 0.070000
v -10.773957 0.338028 0.070000
v -10.768649 0.306971 0.070000
v -10.766855 0.276843 0.070000
v -10.770531 0.230590 0.070000
v -10.781092 0.189649 0.070000
v -10.797840 0.153749 0.070000
v -10.820078 0.122621 0.070000
v -10.847107 0.095992 0.070000
v -10.878230 0.073593 0.070000
v -10.912749 0.055152 0.070000
v -10.949966 0.040399 0.070000
v -10.989183 0.029062 0.070000
v -11.029703 0.020871 0.070000
v -11.070826 0.015555 0.070000
v -11.111856 0.012843 0.070000
v -11.082855 -0.070157 0.070000
v -11.036201 -0.066472 0.070000
v -10.989286 -0.058842 0.070000
v -10.942934 -0.047157 0.070000
v -10.897966 -0.031305 0.070000
v -10.855207 -0.011175 0.070000
v -10.815480 0.013343 0.070000
v -10.779607 0.042362 0.070000
v -10.748411 0.075991 0.070000
v -10.722714 0.114343 0.070000
v -10.703341 0.157528 0.070000
v -10.691114 0.205658 0.070000
v -10.686855 0.258843 0.070000
v -10.688778 0.297214 0.070000
v -10.694319 0.334227 0.070000
v -10.703136 0.369734 0.070000
v -10.714892 0.403584 0.070000
v -10.729245 0.435629 0.070000
v -10.745855 0.465718 0.070000
v -10.764382 0.493704 0.070000
v -10.784485 0.519436 0.070000
v -10.805824 0.542765 0.070000
v -10.828059 0.563542 0.070000
v -10.850850 0.581618 0.070000
v -10.873856 0.596843 0.070000
v -10.844193 0.593601 0.070000
v -10.809388 0.589903 0.070000
v -10.770465 0.585796 0.070000
v -10.728448 0.581325 0.070000
v -10.684361 0.576533 0.070000
v -10.639231 0.571468 0.070000
v -10.594078 0.566174 0.070000
v -10.549930 0.560695 0.070000
v -10.507809 0.555077 0.070000
v -10.468740 0.549366 0.070000
v -10.433747 0.543606 0.070000
v -10.403855 0.537843 0.070000
v -10.394855 0.624843 0.070000
v -10.404226 0.625113 0.070000
v -10.413323 0.625422 0.070000
v -10.422121 0.625765 0.070000
v -10.430596 0.626139 0.070000
v -10.438725 0.626542 0.070000
v -10.446481 0.626968 0.070000
v -10.453841 0.627416 0.070000
v -10.460781 0.627880 0.070000
v -10.467278 0.628359 0.070000
v -10.473305 0.628848 0.070000
v -10.478839 0.629344 0.070000
v -10.483855 0.629843 0.070000
v -10.502614 0.631834 0.070000
v -10.502614 0.631834 -0.070000
v -10.526092 0.634269 0.070000
v -10.526092 0.634269 -0.070000
v -10.553840 0.637093 0.070000
v -10.553840 0.637093 -0.070000
v -10.585411 0.640251 0.070000
v -10.585411 0.640251 -0.070000
v -10.620358 0.643686 0.070000
v -10.620358 0.643686 -0.070000
v -10.658231 0.647343 0.070000
v -10.658231 0.647343 -0.070000
v -10.698583 0.651167 0.070000
v -10.698583 0.651167 -0.070000
v -10.740967 0.655103 0.070000
v -10.740967 0.655103 -0.070000
v -10.784934 0.659093 0.070000
v -10.784934 0.659093 -0.070000
v -10.830036 0.663084 0.070000
v -10.830036 0.663084 -0.070000
v -10.875826 0.667019 0.070000
v -10.875826 0.667019 -0.070000
v -10.921856 0.670843 0.070000
v -10.921856 0.670843 -0.070000
v -10.948786 0.673241 0.070000
v -10.948786 0.673241 -0.070000
v -10.975050 0.675440 0.070000
v -10.975050 0.675440 -0.070000
v -11.000606 0.677453 0.070000
v -11.000606 0.677453 -0.070000
v -11.025411 0.679288 0.070000
v -11.025411 0.679288 -0.070000
v -11.049425 0.680956 0.070000
v -11.049425 0.680956 -0.070000
v -11.072605 0.682468 0.070000
v -11.072605 0.682468 -0.070000
v -11.094911 0.683834 0.070000
v -11.094911 0.683834 -0.070000
v -11.116300 0.685065 0.070000
v -11.116300 0.685065 -0.070000
v -11.136730 0.686171 0.070000
v -11.136730 0.686171 -0.070000
v -11.156161 0.687163 0.070000
v -11.156161 0.687163 -0.070000
v -11.174550 0.688050 0.070000
v -11.174550 0.688050 -0.070000
v -11.191855 0.688843 0.070000
v -11.191855 0.688843 -0.070000
v -11.191855 0.608843 0.070000
v -11.191855 0.608843 -0.070000
v -11.176999 0.608815 0.070000
v -11.176999 0.608815 -0.070000
v -11.161087 0.608700 0.070000
v -11.161087 0.608700 -0.070000
v -11.144356 0.608453 0.070000
v -11.144356 0.608453 -0.070000
v -11.127041 0.608028 0.070000
v -11.127041 0.608028 -0.070000
v -11.109379 0.607382 0.070000
v -11.109379 0.607382 -0.070000
v -11.091605 0.606468 0.070000
v -11.091605 0.606468 -0.070000
v -11.073957 0.605242 0.070000
v -11.073957 0.605242 -0.070000
v -11.056670 0.603658 0.070000
v -11.056670 0.603658 -0.070000
v -11.039981 0.601671 0.070000
v -11.039981 0.601671 -0.070000
v -11.024124 0.599237 0.070000
v -11.024124 0.599237 -0.070000
v -11.009337 0.596309 0.070000
v -11.009337 0.596309 -0.070000
v -10.995855 0.592843 0.070000
v -10.995855 0.592843 -0.070000
v -10.961520 0.579216 0.070000
v -10.961520 0.579216 -0.070000
v -10.929587 0.561658 0.070000
v -10.929587 0.561658 -0.070000
v -10.900168 0.540656 0.070000
v -10.900168 0.540656 -0.070000
v -10.873374 0.516695 0.070000
v -10.873374 0.516695 -0.070000
v -10.849317 0.490262 0.070000
v -10.849317 0.490262 -0.070000
v -10.828106 0.461843 0.070000
v -10.828106 0.461843 -0.070000
v -10.809854 0.431924 0.070000
v -10.809854 0.431924 -0.070000
v -10.794670 0.400991 0.070000
v -10.794670 0.400991 -0.070000
v -10.782668 0.369531 0.070000
v -10.782668 0.369531 -0.070000
v -10.773957 0.338028 0.070000
v -10.773957 0.338028 -0.070000
v -10.768649 0.306971 0.070000
v -10.768649 0.306971 -0.070000
v -10.766855 0.276843 0.070000
v -10.766855 0.276843 -0.070000
v -10.770531 0.230590 0.070000
v -10.770531 0.230590 -0.070000
v -10.781092 0.189649 0.070000
v -10.781092 0.189649 -0.070000
v -10.797840 0.153749 0.070000
v -10.797840 0.153749 -0.070000
v -10.820078 0.122621 0.070000
v -10.820078 0.122621 -0.070000
v -10.847107 0.095992 0.070000
v -10.847107 0.095992 -0.070000
v -10.878230 0.073593 0.070000
v -10.878230 0.073593 -0.070000
v -10.912749 0.055152 0.070000
v -10.912749 0.055152 -0.070000
v -10.949966 0.040399 0.070000
v -10.949966 0.040399 -0.070000
v -10.989183 0.029062 0.070000
v -10.989183 0.029062 -0.070000
v -11.029703 0.020871 0.070000
v -11.029703 0.020871 -0.070000
v -11.070826 0.015555 0.070000
v -11.070826 0.015555 -0.070000
v -11.111856 0.012843 0.070000
v -11.111856 0.012843 -0.070000
v -11.082855 -0.070157 0.070000
v -11.082855 -0.070157 -0.070000
v -11.036201 -0.066472 0.070000
v -11.036201 -0.066472 -0.070000
v -10.989286 -0.058842 0.070000
v -10.989286 -0.058842 -0.070000
v -10.942934 -0.047157 0.070000
v -10.942934 -0.047157 -0.070000
v -10.897966 -0.031305 0.070000
v -10.897966 -0.031305 -0.070000
v -10.855207 -0.011175 0.070000
v -10.855207 -0.011175 -0.070000
v -10.815480 0.013343 0.070000
v -10.815480 0.013343 -0.070000
v -10.779607 0.042362 0.070000
v -10.779607 0.042362 -0.070000
v -10.748411 0.075991 0.070000
v -10.748411 0.075991 -0.070000
v -10.722714 0.114343 0.070000
v -10.722714 0.114343 -0.070000
v -10.703341 0.157528 0.070000
v -10.703341 0.157528 -0.070000
v -10.691114 0.205658 0.070000
v -10.691114 0.205658 -0.070000
v -10.686855 0.258843 0.070000
v -10.686855 0.258843 -0.070000
v -10.688778 0.297214 0.070000
v -10.688778 0.297214 -0.070000
v -10.694319 0.334227 0.070000
v -10.694319 0.334227 -0.070000
v -10.703136 0.369734 0.070000
v -10.703136 0.369734 -0.070000
v -10.714892 0.403584 0.070000
v -10.714892 0.403584 -0.070000
v -10.729245 0.435629 0.070000
v -10.729245 0.435629 -0.070000
v -10.745855 0.465718 0.070000
v -10.745855 0.465718 -0.070000
v -10.764382 0.493704 0.070000
v -10.764382 0.493704 -0.070000
v -10.784485 0.519436 0.070000
v -10.784485 0.519436 -0.070000
v -10.805824 0.542765 0.070000
v -10.805824 0.542765 -0.070000
v -10.828059 0.563542 0.070000
v -10.828059 0.563542 -0.070000
v -10.850850 0.581618 0.070000
v -10.850850 0.581618 -0.070000
v -10.873856 0.596843 0.070000
v -10.873856 0.596843 -0.070000
v -10.844193 0.593601 0.070000
v -10.844193 0.593601 -0.070000
v -10.809388 0.589903 0.070000
v -10.809388 0.589903 -0.070000
v -10.770465 0.585796 0.070000
v -10.770465 0.585796 -0.070000
v -10.728448 0.581325 0.070000
v -10.728448 0.581325 -0.070000
v -10.684361 0.576533 0.070000
v -10.684361 0.576533 -0.070000
v -10.639231 0.571468 0.070000
v -10.639231 0.571468 -0.070000
v -10.594078 0.566174 0.070000
v -10.594078 0.566174 -0.070000
v -10.549930 0.560695 0.070000
v -10.549930 0.560695 -0.070000
v -10.507809 0.555077 0.070000
v -10.507809 0.555077 -0.070000
v -10.468740 0.549366 0.070000
v -10.468740 0.549366 -0.070000
v -10.433747 0.543606 0.070000
v -10.433747 0.543606 -0.070000
v -10.403855 0.537843 0.070000
v -10.403855 0.537843 -0.070000
v -10.394855 0.624843 0.070000
v -10.394855 0.624843 -0.070000
v -10.404226 0.625113 0.070000
v -10.404226 0.625113 -0.070000
v -10.413323 0.625422 0.070000
v -10.413323 0.625422 -0.070000
v -10.422121 0.625765 0.070000
v -10.422121 0.625765 -0.070000
v -10.430596 0.626139 0.070000
v -10.430596 0.626139 -0.070000
v -10.438725 0.626542 0.070000
v -10.438725 0.626542 -0.070000
v -10.446481 0.626968 0.070000
v -10.446481 0.626968 -0.070000
v -10.453841 0.627416 0.070000
v -10.453841 0.627416 -0.070000
v -10.460781 0.627880 0.070000
v -10.460781 0.627880 -0.070000
v -10.467278 0.628359 0.070000
v -10.467278 0.628359 -0.070000
v -10.473305 0.628848 0.070000
v -10.473305 0.628848 -0.070000
v -10.478839 0.629344 0.070000
v -10.478839 0.629344 -0.070000
v -10.483855 0.629843 0.070000
v -10.483855 0.629843 -0.070000
vn -0.0000 -0.0000 -1.0000
vn -0.0001 -0.0000 -1.0000
vn -0.0000 -0.0000 1.0000
vn -0.0001 -0.0000 1.0000
vn 0.1022 0.9948 -0.0000
vn 0.1044 0.9945 -0.0000
vn 0.1004 0.9949 -0.0000
vn 0.0987 0.9951 -0.0000
vn 0.0970 0.9953 -0.0000
vn 0.0952 0.9955 -0.0000
vn 0.0934 0.9956 -0.0000
vn 0.0914 0.9958 -0.0000
vn 0.0893 0.9960 -0.0000
vn 0.0869 0.9962 -0.0000
vn 0.0842 0.9964 -0.0000
vn 0.0857 0.9963 -0.0000
vn 0.0861 0.9963 -0.0000
vn 0.0810 0.9967 -0.0000
vn 0.0761 0.9971 -0.0000
vn 0.0715 0.9974 -0.0000
vn 0.0672 0.9977 -0.0000
vn 0.0631 0.9980 -0.0000
vn 0.0593 0.9982 -0.0000
vn 0.0558 0.9984 -0.0000
vn 0.0525 0.9986 -0.0000
vn 0.0496 0.9988 -0.0000
vn 0.0470 0.9989 -0.0000
vn -0.6907 0.7231 -0.0000
vn -0.7078 -0.7064 -0.0000
vn -0.0046 -1.0000 -0.0000
vn -0.0110 -0.9999 -0.0000
vn -0.0196 -0.9998 -0.0000
vn -0.0305 -0.9995 -0.0000
vn -0.0440 -0.9990 -0.0000
vn -0.0603 -0.9982 -0.0000
vn -0.0803 -0.9968 -0.0000
vn -0.1047 -0.9945 -0.0000
vn -0.1350 -0.9908 -0.0000
vn -0.1730 -0.9849 -0.0000
vn -0.2217 -0.9751 -0.0000
vn -0.3096 -0.9509 -0.0000
vn -0.4262 -0.9046 -0.0000
vn -0.5323 -0.8465 -0.0000
vn -0.6248 -0.7808 -0.0000
vn -0.7040 -0.7102 -0.0000
vn -0.7714 -0.6364 -0.0000
vn -0.8284 -0.5601 -0.0000
vn -0.8766 -0.4812 -0.0000
vn -0.9170 -0.3990 -0.0000
vn -0.9501 -0.3118 -0.0000
vn -0.9760 -0.2178 -0.0000
vn -0.9935 -0.1141 -0.0000
vn -1.0000 0.0099 -0.0000
vn -0.9863 0.1651 -0.0000
vn -0.9412 0.3377 -0.0000
vn -0.8636 0.5042 -0.0000
vn -0.9413 0.3377 -0.0000
vn -0.7606 0.6492 -0.0000
vn -0.6449 0.7643 -0.0000
vn -0.5288 0.8487 -0.0000
vn -0.4205 0.9073 -0.0000
vn -0.3235 0.9462 -0.0000
vn -0.2381 0.9712 -0.0000
vn -0.1633 0.9866 -0.0000
vn -0.0971 0.9953 -0.0000
vn -0.8341 0.5516 -0.0000
vn -0.5463 -0.8376 -0.0000
vn 0.1197 -0.9928 -0.0000
vn 0.2027 -0.9792 -0.0000
vn 0.2888 -0.9574 -0.0000
vn 0.3797 -0.9251 -0.0000
vn 0.4763 -0.8793 -0.0000
vn 0.5782 -0.8159 -0.0000
vn 0.6828 -0.7306 -0.0000
vn 0.7844 -0.6203 -0.0000
vn 0.8747 -0.4847 -0.0000
vn 0.9443 -0.3290 -0.0000
vn 0.9865 -0.1636 -0.0000
vn 0.9999 -0.0149 -0.0000
vn 0.9951 0.0992 -0.0000
vn 0.9809 0.1948 -0.0000
vn 0.9586 0.2848 -0.0000
vn 0.9295 0.3688 -0.0000
vn 0.8948 0.4464 -0.0000
vn 0.8553 0.5181 -0.0000
vn 0.8116 0.5843 -0.0000
vn 0.7635 0.6458 -0.0000
vn 0.7109 0.7033 -0.0000
vn 0.6526 0.7577 -0.0000
vn 0.5872 0.8095 -0.0000
vn 0.9405 -0.3399 -0.0000
vn -0.1072 -0.9942 -0.0000
vn 0.9405 -0.3398 -0.0000
vn -0.1053 -0.9944 -0.0000
vn -0.1054 -0.9944 -0.0000
vn -0.1069 -0.9943 -0.0000
vn -0.1098 -0.9940 -0.0000
vn -0.1140 -0.9935 -0.0000
vn -0.1198 -0.9928 -0.0000
vn -0.1277 -0.9918 -0.0000
vn -0.1384 -0.9904 -0.0000
vn -0.1535 -0.9881 -0.0000
vn -0.1759 -0.9844 -0.0000
vn 0.5961 -0.8029 -0.0000
vn 0.7522 0.6590 -0.0000
vn 0.0314 0.9995 -0.0000
vn 0.0364 0.9993 -0.0000
vn 0.0416 0.9991 -0.0000
vn 0.0468 0.9989 -0.0000
vn 0.0522 0.9986 -0.0000
vn 0.0578 0.9983 -0.0000
vn 0.0637 0.9980 -0.0000
vn 0.0701 0.9975 -0.0000
vn 0.0772 0.9970 -0.0000
vn 0.0851 0.9964 -0.0000
vn 0.0942 0.9956 -0.0000
vn 0.1023 0.9948 -0.0000
vt 0.425371 0.770800
vt 0.426461 0.770800
vt 0.425916 0.770800
vt 0.424826 0.770800
vt 0.424280 0.770800
vt 0.423735 0.770800
vt 0.423190 0.770800
vt 0.422645 0.770800
vt 0.422100 0.770800
vt 0.421555 0.770800
vt 0.421010 0.770800
vt 0.420465 0.770800
vt 0.419920 0.770800
vt 0.419374 0.770800
vt 0.418829 0.770800
vt 0.418284 0.770800
vt 0.417739 0.770800
vt 0.417194 0.770800
vt 0.416649 0.770800
vt 0.416104 0.770800
vt 0.415559 0.770800
vt 0.415014 0.770800
vt 0.414468 0.770800
vt 0.413923 0.770800
vt 0.413378 0.770800
vt 0.473341 0.770800
vt 0.472795 0.770800
vt 0.472250 0.770800
vt 0.471705 0.770800
vt 0.471160 0.770800
vt 0.470615 0.770800
vt 0.470070 0.770800
vt 0.469525 0.770800
vt 0.468980 0.770800
vt 0.468435 0.770800
vt 0.467889 0.770800
vt 0.467344 0.770800
vt 0.466799 0.770800
vt 0.466254 0.770800
vt 0.465709 0.770800
vt 0.465164 0.770800
vt 0.464619 0.770800
vt 0.464074 0.770800
vt 0.463529 0.770800
vt 0.462983 0.770800
vt 0.462438 0.770800
vt 0.461893 0.770800
vt 0.459713 0.770800
vt 0.429186 0.770800
vt 0.428641 0.770800
vt 0.428096 0.770800
vt 0.427551 0.770800
vt 0.427006 0.770800
vt 0.429732 0.770800
vt 0.430277 0.770800
vt 0.430822 0.770800
vt 0.431367 0.770800
vt 0.431912 0.770800
vt 0.432457 0.770800
vt 0.461348 0.770800
vt 0.460258 0.770800
vt 0.459168 0.770800
vt 0.433002 0.770800
vt 0.460803 0.770800
vt 0.433547 0.770800
vt 0.458623 0.770800
vt 0.434092 0.770800
vt 0.458077 0.770800
vt 0.434638 0.770800
vt 0.457532 0.770800
vt 0.435183 0.770800
vt 0.456987 0.770800
vt 0.435728 0.770800
vt 0.456442 0.770800
vt 0.436273 0.770800
vt 0.455897 0.770800
vt 0.436818 0.770800
vt 0.455352 0.770800
vt 0.437363 0.770800
vt 0.454807 0.770800
vt 0.437908 0.770800
vt 0.454262 0.770800
vt 0.438453 0.770800
vt 0.438998 0.770800
vt 0.453717 0.770800
vt 0.439544 0.770800
vt 0.453171 0.770800
vt 0.440089 0.770800
vt 0.452626 0.770800
vt 0.440634 0.770800
vt 0.452081 0.770800
vt 0.441179 0.770800
vt 0.451536 0.770800
vt 0.441724 0.770800
vt 0.442269 0.770800
vt 0.450991 0.770800
vt 0.442814 0.770800
vt 0.450446 0.770800
vt 0.443359 0.770800
vt 0.443904 0.770800
vt 0.449901 0.770800
vt 0.444450 0.770800
vt 0.444995 0.770800
vt 0.445540 0.770800
vt 0.446085 0.770800
vt 0.449356 0.770800
vt 0.446630 0.770800
vt 0.448811 0.770800
vt 0.448265 0.770800
vt 0.447720 0.770800
vt 0.447175 0.770800
vt 0.413918 0.830762
vt 0.413378 0.830762
vt 0.414459 0.830762
vt 0.413918 0.770800
vt 0.414999 0.830762
vt 0.414459 0.770800
vt 0.415539 0.830762
vt 0.414999 0.770800
vt 0.416079 0.830762
vt 0.415539 0.770800
vt 0.416619 0.830762
vt 0.416079 0.770800
vt 0.417160 0.830762
vt 0.416619 0.770800
vt 0.417700 0.830762
vt 0.417160 0.770800
vt 0.418240 0.830762
vt 0.417700 0.770800
vt 0.418780 0.830762
vt 0.418240 0.770800
vt 0.419320 0.830762
vt 0.418780 0.770800
vt 0.419861 0.830762
vt 0.419320 0.770800
vt 0.420401 0.830762
vt 0.419861 0.770800
vt 0.420941 0.830762
vt 0.420401 0.770800
vt 0.421481 0.830762
vt 0.420941 0.770800
vt 0.422021 0.830762
vt 0.421481 0.770800
vt 0.422562 0.830762
vt 0.422021 0.770800
vt 0.423102 0.830762
vt 0.422562 0.770800
vt 0.423642 0.830762
vt 0.423102 0.770800
vt 0.424182 0.830762
vt 0.423642 0.770800
vt 0.424722 0.830762
vt 0.424182 0.770800
vt 0.425263 0.830762
vt 0.424722 0.770800
vt 0.425803 0.830762
vt 0.425263 0.770800
vt 0.426343 0.830762
vt 0.425803 0.770800
vt 0.426883 0.830762
vt 0.426343 0.770800
vt 0.427423 0.830762
vt 0.426883 0.770800
vt 0.427964 0.830762
vt 0.427423 0.770800
vt 0.428504 0.830762
vt 0.427964 0.770800
vt 0.429044 0.830762
vt 0.428504 0.770800
vt 0.429584 0.830762
vt 0.429044 0.770800
vt 0.430124 0.830762
vt 0.429584 0.770800
vt 0.430665 0.830762
vt 0.430124 0.770800
vt 0.431205 0.830762
vt 0.430665 0.770800
vt 0.431745 0.830762
vt 0.431205 0.770800
vt 0.432285 0.830762
vt 0.431745 0.770800
vt 0.432825 0.830762
vt 0.432285 0.770800
vt 0.433366 0.830762
vt 0.432825 0.770800
vt 0.433906 0.830762
vt 0.433366 0.770800
vt 0.434446 0.830762
vt 0.433906 0.770800
vt 0.434986 0.830762
vt 0.434446 0.770800
vt 0.435526 0.830762
vt 0.434986 0.770800
vt 0.436067 0.830762
vt 0.435526 0.770800
vt 0.436607 0.830762
vt 0.436067 0.770800
vt 0.437147 0.830762
vt 0.436607 0.770800
vt 0.437687 0.830762
vt 0.437147 0.770800
vt 0.438227 0.830762
vt 0.437687 0.770800
vt 0.438768 0.830762
vt 0.438227 0.770800
vt 0.439308 0.830762
vt 0.438768 0.770800
vt 0.439848 0.830762
vt 0.439308 0.770800
vt 0.440388 0.830762
vt 0.439848 0.770800
vt 0.440928 0.830762
vt 0.440388 0.770800
vt 0.441469 0.830762
vt 0.440928 0.770800
vt 0.442009 0.830762
vt 0.441469 0.770800
vt 0.442549 0.830762
vt 0.442009 0.770800
vt 0.443089 0.830762
vt 0.442549 0.770800
vt 0.443630 0.830762
vt 0.443089 0.770800
vt 0.444170 0.830762
vt 0.443630 0.770800
vt 0.444710 0.830762
vt 0.444170 0.770800
vt 0.445250 0.830762
vt 0.444710 0.770800
vt 0.445790 0.830762
vt 0.445250 0.770800
vt 0.446330 0.830762
vt 0.445790 0.770800
vt 0.446871 0.830762
vt 0.446330 0.770800
vt 0.447411 0.830762
vt 0.446871 0.770800
vt 0.447951 0.830762
vt 0.447411 0.770800
vt 0.448491 0.830762
vt 0.447951 0.770800
vt 0.449031 0.830762
vt 0.448491 0.770800
vt 0.449572 0.830762
vt 0.449031 0.770800
vt 0.450112 0.830762
vt 0.449572 0.770800
vt 0.450652 0.830762
vt 0.450112 0.770800
vt 0.451192 0.830762
vt 0.450652 0.770800
vt 0.451733 0.830762
vt 0.451192 0.770800
vt 0.452273 0.830762
vt 0.451733 0.770800
vt 0.452813 0.830762
vt 0.452273 0.770800
vt 0.453353 0.830762
vt 0.452813 0.770800
vt 0.453893 0.830762
vt 0.453353 0.770800
vt 0.454434 0.830762
vt 0.453893 0.770800
vt 0.454974 0.830762
vt 0.454434 0.770800
vt 0.455514 0.830762
vt 0.454974 0.770800
vt 0.456054 0.830762
vt 0.455514 0.770800
vt 0.456594 0.830762
vt 0.456054 0.770800
vt 0.457135 0.830762
vt 0.456594 0.770800
vt 0.457675 0.830762
vt 0.457135 0.770800
vt 0.458215 0.830762
vt 0.457675 0.770800
vt 0.458755 0.830762
vt 0.458215 0.770800
vt 0.459295 0.830762
vt 0.458755 0.770800
vt 0.459836 0.830762
vt 0.459295 0.770800
vt 0.460376 0.830762
vt 0.459836 0.770800
vt 0.460916 0.830762
vt 0.460376 0.770800
vt 0.461456 0.830762
vt 0.460916 0.770800
vt 0.461996 0.830762
vt 0.461456 0.770800
vt 0.462537 0.830762
vt 0.461996 0.770800
vt 0.463077 0.830762
vt 0.462537 0.770800
vt 0.463617 0.830762
vt 0.463077 0.770800
vt 0.464157 0.830762
vt 0.463617 0.770800
vt 0.464697 0.830762
vt 0.464157 0.770800
vt 0.465238 0.830762
vt 0.464697 0.770800
vt 0.465778 0.830762
vt 0.465238 0.770800
vt 0.466318 0.830762
vt 0.465778 0.770800
vt 0.466858 0.830762
vt 0.466318 0.770800
vt 0.467398 0.830762
vt 0.466858 0.770800
vt 0.467939 0.830762
vt 0.467398 0.770800
vt 0.468479 0.830762
vt 0.467939 0.770800
vt 0.469019 0.830762
vt 0.468479 0.770800
vt 0.469559 0.830762
vt 0.469019 0.770800
vt 0.470099 0.830762
vt 0.469559 0.770800
vt 0.470640 0.830762
vt 0.470099 0.770800
vt 0.471180 0.830762
vt 0.470640 0.770800
vt 0.471720 0.830762
vt 0.471180 0.770800
vt 0.472260 0.830762
vt 0.471720 0.770800
vt 0.472800 0.830762
vt 0.472260 0.770800
vt 0.473341 0.830762
vt 0.472800 0.770800
s 0
usemtl Material.001
f 8043/5850/2032 8045/5851/2032 8044/5852/2032
f 8042/5853/2032 8045/5851/2032 8043/5850/2032
f 8041/5854/2032 8045/5851/2032 8042/5853/2032
f 8040/5855/2032 8045/5851/2032 8041/5854/2032
f 8039/5856/2032 8045/5851/2032 8040/5855/2032
f 8038/5857/2032 8045/5851/2032 8039/5856/2032
f 8037/5858/2032 8045/5851/2032 8038/5857/2032
f 8036/5859/2032 8045/5851/2032 8037/5858/2032
f 8035/5860/2032 8045/5851/2032 8036/5859/2032
f 8034/5861/2032 8045/5851/2032 8035/5860/2032
f 8033/5862/2032 8045/5851/2032 8034/5861/2032
f 8032/5863/2032 8045/5851/2032 8033/5862/2032
f 8031/5864/2032 8045/5851/2032 8032/5863/2032
f 8030/5865/2032 8045/5851/2032 8031/5864/2032
f 8029/5866/2032 8045/5851/2032 8030/5865/2032
f 8028/5867/2032 8045/5851/2032 8029/5866/2032
f 8027/5868/2032 8045/5851/2032 8028/5867/2032
f 8026/5869/2032 8045/5851/2032 8027/5868/2032
f 8025/5870/2032 8045/5851/2032 8026/5869/2032
f 8024/5871/2032 8045/5851/2032 8025/5870/2032
f 8023/5872/2032 8045/5851/2032 8024/5871/2032
f 8022/5873/2032 8045/5851/2032 8023/5872/2032
f 8021/5874/2032 8045/5851/2032 8022/5873/2032
f 8131/5875/2032 8045/5851/2032 8021/5874/2032
f 8130/5876/2032 8045/5851/2032 8131/5875/2032
f 8129/5877/2032 8045/5851/2032 8130/5876/2032
f 8128/5878/2032 8045/5851/2032 8129/5877/2032
f 8127/5879/2032 8045/5851/2032 8128/5878/2032
f 8126/5880/2032 8045/5851/2032 8127/5879/2032
f 8125/5881/2032 8045/5851/2032 8126/5880/2032
f 8124/5882/2032 8045/5851/2032 8125/5881/2032
f 8123/5883/2032 8045/5851/2032 8124/5882/2032
f 8122/5884/2032 8045/5851/2032 8123/5883/2032
f 8121/5885/2032 8045/5851/2032 8122/5884/2032
f 8120/5886/2032 8045/5851/2032 8121/5885/2032
f 8119/5887/2032 8045/5851/2032 8120/5886/2032
f 8118/5888/2032 8117/5889/2032 8119/5887/2032
f 8117/5889/2032 8116/5890/2032 8119/5887/2032
f 8116/5890/2032 8115/5891/2032 8119/5887/2032
f 8115/5891/2032 8114/5892/2032 8119/5887/2032
f 8114/5892/2032 8113/5893/2032 8119/5887/2032
f 8113/5893/2032 8112/5894/2032 8119/5887/2032
f 8112/5894/2032 8111/5895/2032 8119/5887/2032
f 8111/5895/2032 8110/5896/2032 8119/5887/2032
f 8110/5896/2032 8106/5897/2032 8119/5887/2032
f 8106/5897/2032 8050/5898/2032 8119/5887/2032
f 8050/5898/2032 8049/5899/2032 8119/5887/2032
f 8049/5899/2032 8048/5900/2032 8119/5887/2032
f 8048/5900/2032 8047/5901/2032 8119/5887/2032
f 8047/5901/2032 8046/5902/2032 8119/5887/2032
f 8046/5902/2032 8045/5851/2032 8119/5887/2032
f 8106/5897/2032 8051/5903/2032 8050/5898/2032
f 8106/5897/2032 8052/5904/2032 8051/5903/2032
f 8106/5897/2032 8053/5905/2032 8052/5904/2032
f 8106/5897/2032 8054/5906/2032 8053/5905/2032
f 8106/5897/2032 8055/5907/2032 8054/5906/2032
f 8106/5897/2032 8056/5908/2032 8055/5907/2032
f 8110/5896/2032 8109/5909/2032 8106/5897/2032
f 8109/5909/2032 8107/5910/2032 8106/5897/2032
f 8105/5911/2032 8056/5908/2032 8106/5897/2032
f 8105/5911/2032 8057/5912/2032 8056/5908/2032
f 8109/5909/2033 8108/5913/2033 8107/5910/2033
f 8105/5911/2032 8058/5914/2032 8057/5912/2032
f 8104/5915/2032 8058/5914/2032 8105/5911/2032
f 8104/5915/2032 8059/5916/2032 8058/5914/2032
f 8103/5917/2032 8059/5916/2032 8104/5915/2032
f 8103/5917/2032 8060/5918/2032 8059/5916/2032
f 8102/5919/2032 8060/5918/2032 8103/5917/2032
f 8102/5919/2032 8061/5920/2032 8060/5918/2032
f 8101/5921/2032 8061/5920/2032 8102/5919/2032
f 8101/5921/2032 8062/5922/2032 8061/5920/2032
f 8100/5923/2032 8062/5922/2032 8101/5921/2032
f 8100/5923/2032 8063/5924/2032 8062/5922/2032
f 8099/5925/2032 8063/5924/2032 8100/5923/2032
f 8099/5925/2032 8064/5926/2032 8063/5924/2032
f 8098/5927/2032 8064/5926/2032 8099/5925/2032
f 8098/5927/2032 8065/5928/2032 8064/5926/2032
f 8097/5929/2032 8065/5928/2032 8098/5927/2032
f 8097/5929/2032 8066/5930/2032 8065/5928/2032
f 8096/5931/2032 8066/5930/2032 8097/5929/2032
f 8096/5931/2032 8067/5932/2032 8066/5930/2032
f 8096/5931/2032 8068/5933/2032 8067/5932/2032
f 8095/5934/2032 8068/5933/2032 8096/5931/2032
f 8095/5934/2032 8069/5935/2032 8068/5933/2032
f 8094/5936/2032 8069/5935/2032 8095/5934/2032
f 8094/5936/2032 8070/5937/2032 8069/5935/2032
f 8093/5938/2032 8070/5937/2032 8094/5936/2032
f 8093/5938/2032 8071/5939/2032 8070/5937/2032
f 8092/5940/2032 8071/5939/2032 8093/5938/2032
f 8092/5940/2032 8072/5941/2032 8071/5939/2032
f 8091/5942/2032 8072/5941/2032 8092/5940/2032
f 8091/5942/2032 8073/5943/2032 8072/5941/2032
f 8091/5942/2032 8074/5944/2032 8073/5943/2032
f 8090/5945/2032 8074/5944/2032 8091/5942/2032
f 8090/5945/2032 8075/5946/2032 8074/5944/2032
f 8089/5947/2032 8075/5946/2032 8090/5945/2032
f 8089/5947/2032 8076/5948/2032 8075/5946/2032
f 8089/5947/2032 8077/5949/2032 8076/5948/2032
f 8088/5950/2032 8077/5949/2032 8089/5947/2032
f 8088/5950/2032 8078/5951/2032 8077/5949/2032
f 8088/5950/2032 8079/5952/2032 8078/5951/2032
f 8088/5950/2032 8080/5953/2032 8079/5952/2032
f 8088/5950/2032 8081/5954/2032 8080/5953/2032
f 8087/5955/2032 8081/5954/2032 8088/5950/2032
f 8087/5955/2032 8082/5956/2032 8081/5954/2032
f 8086/5957/2032 8082/5956/2032 8087/5955/2032
f 8085/5958/2032 8082/5956/2032 8086/5957/2032
f 8084/5959/2032 8082/5956/2032 8085/5958/2032
f 8083/5960/2032 8082/5956/2032 8084/5959/2032
f 8154/5850/2034 8155/5852/2034 8156/5851/2034
f 8153/5853/2034 8154/5850/2034 8156/5851/2034
f 8152/5854/2034 8153/5853/2034 8156/5851/2034
f 8151/5855/2034 8152/5854/2034 8156/5851/2034
f 8150/5856/2034 8151/5855/2034 8156/5851/2034
f 8149/5857/2034 8150/5856/2034 8156/5851/2034
f 8148/5858/2034 8149/5857/2034 8156/5851/2034
f 8147/5859/2034 8148/5858/2034 8156/5851/2034
f 8146/5860/2034 8147/5859/2034 8156/5851/2034
f 8145/5861/2034 8146/5860/2034 8156/5851/2034
f 8144/5862/2034 8145/5861/2034 8156/5851/2034
f 8143/5863/2034 8144/5862/2034 8156/5851/2034
f 8142/5864/2034 8143/5863/2034 8156/5851/2034
f 8141/5865/2034 8142/5864/2034 8156/5851/2034
f 8140/5866/2034 8141/5865/2034 8156/5851/2034
f 8139/5867/2034 8140/5866/2034 8156/5851/2034
f 8138/5868/2034 8139/5867/2034 8156/5851/2034
f 8137/5869/2034 8138/5868/2034 8156/5851/2034
f 8136/5870/2034 8137/5869/2034 8156/5851/2034
f 8135/5871/2034 8136/5870/2034 8156/5851/2034
f 8134/5872/2034 8135/5871/2034 8156/5851/2034
f 8133/5873/2034 8134/5872/2034 8156/5851/2034
f 8132/5874/2034 8133/5873/2034 8156/5851/2034
f 8242/5875/2034 8132/5874/2034 8156/5851/2034
f 8241/5876/2034 8242/5875/2034 8156/5851/2034
f 8240/5877/2034 8241/5876/2034 8156/5851/2034
f 8239/5878/2034 8240/5877/2034 8156/5851/2034
f 8238/5879/2034 8239/5878/2034 8156/5851/2034
f 8237/5880/2034 8238/5879/2034 8156/5851/2034
f 8236/5881/2034 8237/5880/2034 8156/5851/2034
f 8235/5882/2034 8236/5881/2034 8156/5851/2034
f 8234/5883/2034 8235/5882/2034 8156/5851/2034
f 8233/5884/2034 8234/5883/2034 8156/5851/2034
f 8232/5885/2034 8233/5884/2034 8156/5851/2034
f 8231/5886/2034 8232/5885/2034 8156/5851/2034
f 8230/5887/2034 8231/5886/2034 8156/5851/2034
f 8229/5888/2034 8230/5887/2034 8228/5889/2034
f 8228/5889/2034 8230/5887/2034 8227/5890/2034
f 8227/5890/2034 8230/5887/2034 8226/5891/2034
f 8226/5891/2034 8230/5887/2034 8225/5892/2034
f 8225/5892/2034 8230/5887/2034 8224/5893/2034
f 8224/5893/2034 8230/5887/2034 8223/5894/2034
f 8223/5894/2034 8230/5887/2034 8222/5895/2034
f 8222/5895/2034 8230/5887/2034 8221/5896/2034
f 8221/5896/2034 8230/5887/2034 8217/5897/2034
f 8217/5897/2034 8230/5887/2034 8161/5898/2034
f 8161/5898/2034 8230/5887/2034 8160/5899/2034
f 8160/5899/2034 8230/5887/2034 8159/5900/2034
f 8159/5900/2034 8230/5887/2034 8158/5901/2034
f 8158/5901/2034 8230/5887/2034 8157/5902/2034
f 8157/5902/2034 8230/5887/2034 8156/5851/2034
f 8217/5897/2034 8161/5898/2034 8162/5903/2034
f 8217/5897/2034 8162/5903/2034 8163/5904/2034
f 8217/5897/2034 8163/5904/2034 8164/5905/2034
f 8217/5897/2034 8164/5905/2034 8165/5906/2034
f 8217/5897/2034 8165/5906/2034 8166/5907/2034
f 8217/5897/2034 8166/5907/2034 8167/5908/2034
f 8221/5896/2034 8217/5897/2034 8220/5909/2034
f 8220/5909/2034 8217/5897/2034 8218/5910/2034
f 8216/5911/2034 8217/5897/2034 8167/5908/2034
f 8216/5911/2034 8167/5908/2034 8168/5912/2034
f 8220/5909/2035 8218/5910/2035 8219/5913/2035
f 8216/5911/2034 8168/5912/2034 8169/5914/2034
f 8215/5915/2034 8216/5911/2034 8169/5914/2034
f 8215/5915/2034 8169/5914/2034 8170/5916/2034
f 8214/5917/2034 8215/5915/2034 8170/5916/2034
f 8214/5917/2034 8170/5916/2034 8171/5918/2034
f 8213/5919/2034 8214/5917/2034 8171/5918/2034
f 8213/5919/2034 8171/5918/2034 8172/5920/2034
f 8212/5921/2034 8213/5919/2034 8172/5920/2034
f 8212/5921/2034 8172/5920/2034 8173/5922/2034
f 8211/5923/2034 8212/5921/2034 8173/5922/2034
f 8211/5923/2034 8173/5922/2034 8174/5924/2034
f 8210/5925/2034 8211/5923/2034 8174/5924/2034
f 8210/5925/2034 8174/5924/2034 8175/5926/2034
f 8209/5927/2034 8210/5925/2034 8175/5926/2034
f 8209/5927/2034 8175/5926/2034 8176/5928/2034
f 8208/5929/2034 8209/5927/2034 8176/5928/2034
f 8208/5929/2034 8176/5928/2034 8177/5930/2034
f 8207/5931/2034 8208/5929/2034 8177/5930/2034
f 8207/5931/2034 8177/5930/2034 8178/5932/2034
f 8207/5931/2034 8178/5932/2034 8179/5933/2034
f 8206/5934/2034 8207/5931/2034 8179/5933/2034
f 8206/5934/2034 8179/5933/2034 8180/5935/2034
f 8205/5936/2034 8206/5934/2034 8180/5935/2034
f 8205/5936/2034 8180/5935/2034 8181/5937/2034
f 8204/5938/2034 8205/5936/2034 8181/5937/2034
f 8204/5938/2034 8181/5937/2034 8182/5939/2034
f 8203/5940/2034 8204/5938/2034 8182/5939/2034
f 8203/5940/2034 8182/5939/2034 8183/5941/2034
f 8202/5942/2034 8203/5940/2034 8183/5941/2034
f 8202/5942/2034 8183/5941/2034 8184/5943/2034
f 8202/5942/2034 8184/5943/2034 8185/5944/2034
f 8201/5945/2034 8202/5942/2034 8185/5944/2034
f 8201/5945/2034 8185/5944/2034 8186/5946/2034
f 8200/5947/2034 8201/5945/2034 8186/5946/2034
f 8200/5947/2034 8186/5946/2034 8187/5948/2034
f 8200/5947/2034 8187/5948/2034 8188/5949/2034
f 8199/5950/2034 8200/5947/2034 8188/5949/2034
f 8199/5950/2034 8188/5949/2034 8189/5951/2034
f 8199/5950/2034 8189/5951/2034 8190/5952/2034
f 8199/5950/2034 8190/5952/2034 8191/5953/2034
f 8199/5950/2034 8191/5953/2034 8192/5954/2034
f 8198/5955/2034 8199/5950/2034 8192/5954/2034
f 8198/5955/2034 8192/5954/2034 8193/5956/2034
f 8197/5957/2034 8198/5955/2034 8193/5956/2034
f 8196/5958/2034 8197/5957/2034 8193/5956/2034
f 8195/5959/2034 8196/5958/2034 8193/5956/2034
f 8194/5960/2034 8195/5959/2034 8193/5956/2034
s 1
f 8246/5961/2036 8243/5874/2037 8244/5962/2037
f 8248/5963/2038 8245/5964/2036 8246/5961/2036
f 8250/5965/2039 8247/5966/2038 8248/5963/2038
f 8252/5967/2040 8249/5968/2039 8250/5965/2039
f 8254/5969/2041 8251/5970/2040 8252/5967/2040
f 8256/5971/2042 8253/5972/2041 8254/5969/2041
f 8258/5973/2043 8255/5974/2042 8256/5971/2042
f 8260/5975/2044 8257/5976/2043 8258/5973/2043
f 8262/5977/2045 8259/5978/2044 8260/5975/2044
f 8264/5979/2046 8261/5980/2045 8262/5977/2045
f 8266/5981/2047 8263/5982/2046 8264/5979/2046
f 8268/5983/2048 8265/5984/2047 8266/5981/2047
f 8270/5985/2049 8267/5986/2048 8268/5983/2048
f 8272/5987/2050 8269/5988/2049 8270/5985/2049
f 8274/5989/2051 8271/5990/2050 8272/5987/2050
f 8276/5991/2052 8273/5992/2051 8274/5989/2051
f 8278/5993/2053 8275/5994/2052 8276/5991/2052
f 8280/5995/2054 8277/5996/2053 8278/5993/2053
f 8282/5997/2055 8279/5998/2054 8280/5995/2054
f 8284/5999/2056 8281/6000/2055 8282/5997/2055
f 8286/6001/2057 8283/6002/2056 8284/5999/2056
f 8288/6003/2058 8285/6004/2057 8286/6001/2057
f 8290/6005/2059 8287/6006/2058 8288/6003/2058
f 8292/6007/2060 8289/6008/2059 8290/6005/2059
f 8294/6009/2061 8291/6010/2060 8292/6007/2060
f 8296/6011/2062 8293/6012/2061 8294/6009/2061
f 8298/6013/2063 8295/6014/2062 8296/6011/2062
f 8300/6015/2064 8297/6016/2063 8298/6013/2063
f 8302/6017/2065 8299/6018/2064 8300/6015/2064
f 8304/6019/2066 8301/6020/2065 8302/6017/2065
f 8306/6021/2067 8303/6022/2066 8304/6019/2066
f 8308/6023/2068 8305/6024/2067 8306/6021/2067
f 8310/6025/2069 8307/6026/2068 8308/6023/2068
f 8312/6027/2070 8309/6028/2069 8310/6025/2069
f 8314/6029/2071 8311/6030/2070 8312/6027/2070
f 8316/6031/2072 8313/6032/2071 8314/6029/2071
f 8318/6033/2073 8315/6034/2072 8316/6031/2072
f 8320/6035/2074 8317/6036/2073 8318/6033/2073
f 8322/6037/2075 8319/6038/2074 8320/6035/2074
f 8324/6039/2076 8321/6040/2075 8322/6037/2075
f 8326/6041/2077 8323/6042/2076 8324/6039/2076
f 8328/6043/2078 8325/6044/2077 8326/6041/2077
f 8330/6045/2079 8327/6046/2078 8328/6043/2078
f 8332/6047/2080 8329/6048/2079 8330/6045/2079
f 8334/6049/2081 8331/6050/2080 8332/6047/2080
f 8336/6051/2082 8333/6052/2081 8334/6049/2081
f 8338/6053/2083 8335/6054/2082 8336/6051/2082
f 8340/6055/2084 8337/6056/2083 8338/6053/2083
f 8342/6057/2085 8339/6058/2084 8340/6055/2084
f 8344/6059/2086 8341/6060/2085 8342/6057/2085
f 8346/6061/2087 8343/6062/2088 8344/6059/2086
f 8348/6063/2089 8345/6064/2087 8346/6061/2087
f 8350/6065/2090 8347/6066/2089 8348/6063/2089
f 8352/6067/2091 8349/6068/2090 8350/6065/2090
f 8354/6069/2092 8351/6070/2091 8352/6067/2091
f 8356/6071/2093 8353/6072/2092 8354/6069/2092
f 8358/6073/2094 8355/6074/2093 8356/6071/2093
f 8360/6075/2095 8357/6076/2094 8358/6073/2094
f 8362/6077/2096 8359/6078/2095 8360/6075/2095
f 8364/6079/2097 8361/6080/2096 8362/6077/2096
f 8366/6081/2098 8363/6082/2097 8364/6079/2097
f 8368/6083/2099 8365/6084/2098 8366/6081/2098
f 8370/6085/2100 8367/6086/2099 8368/6083/2099
f 8372/6087/2101 8369/6088/2100 8370/6085/2100
f 8374/6089/2102 8371/6090/2101 8372/6087/2101
f 8376/6091/2103 8373/6092/2102 8374/6089/2102
f 8378/6093/2104 8375/6094/2103 8376/6091/2103
f 8380/6095/2105 8377/6096/2104 8378/6093/2104
f 8382/6097/2106 8379/6098/2105 8380/6095/2105
f 8384/6099/2107 8381/6100/2106 8382/6097/2106
f 8386/6101/2108 8383/6102/2107 8384/6099/2107
f 8388/6103/2109 8385/6104/2108 8386/6101/2108
f 8390/6105/2110 8387/6106/2109 8388/6103/2109
f 8392/6107/2111 8389/6108/2110 8390/6105/2110
f 8394/6109/2112 8391/6110/2111 8392/6107/2111
f 8396/6111/2113 8393/6112/2112 8394/6109/2112
f 8398/6113/2114 8395/6114/2113 8396/6111/2113
f 8400/6115/2115 8397/6116/2114 8398/6113/2114
f 8402/6117/2116 8399/6118/2115 8400/6115/2115
f 8404/6119/2117 8401/6120/2116 8402/6117/2116
f 8406/6121/2118 8403/6122/2117 8404/6119/2117
f 8408/6123/2119 8405/6124/2118 8406/6121/2118
f 8410/6125/2120 8407/6126/2119 8408/6123/2119
f 8412/6127/2121 8409/6128/2120 8410/6125/2120
f 8414/6129/2122 8411/6130/2121 8412/6127/2121
f 8416/6131/2123 8413/6132/2124 8414/6129/2122
f 8418/6133/2125 8415/6134/2123 8416/6131/2123
f 8420/6135/2126 8417/6136/2125 8418/6133/2125
f 8422/6137/2127 8419/6138/2126 8420/6135/2126
f 8424/6139/2128 8421/6140/2127 8422/6137/2127
f 8426/6141/2129 8423/6142/2128 8424/6139/2128
f 8428/6143/2130 8425/6144/2129 8426/6141/2129
f 8430/6145/2131 8427/6146/2130 8428/6143/2130
f 8432/6147/2132 8429/6148/2131 8430/6145/2131
f 8434/6149/2133 8431/6150/2132 8432/6147/2132
f 8436/6151/2134 8433/6152/2133 8434/6149/2133
f 8438/6153/2135 8435/6154/2134 8436/6151/2134
f 8440/6155/2136 8437/6156/2135 8438/6153/2135
f 8442/6157/2137 8439/6158/2136 8440/6155/2136
f 8444/6159/2138 8441/6160/2137 8442/6157/2137
f 8446/6161/2139 8443/6162/2138 8444/6159/2138
f 8448/6163/2140 8445/6164/2139 8446/6161/2139
f 8450/6165/2141 8447/6166/2140 8448/6163/2140
f 8452/6167/2142 8449/6168/2141 8450/6165/2141
f 8454/6169/2143 8451/6170/2142 8452/6167/2142
f 8456/6171/2144 8453/6172/2143 8454/6169/2143
f 8458/6173/2145 8455/6174/2144 8456/6171/2144
f 8460/6175/2146 8457/6176/2145 8458/6173/2145
f 8462/6177/2147 8459/6178/2146 8460/6175/2146
f 8464/6179/2148 8461/6180/2147 8462/6177/2147
f 8244/6181/2037 8463/6182/2148 8464/6179/2148
f 8246/5961/2036 8245/5964/2036 8243/5874/2037
f 8248/5963/2038 8247/5966/2038 8245/5964/2036
f 8250/5965/2039 8249/5968/2039 8247/5966/2038
f 8252/5967/2040 8251/5970/2040 8249/5968/2039
f 8254/5969/2041 8253/5972/2041 8251/5970/2040
f 8256/5971/2042 8255/5974/2042 8253/5972/2041
f 8258/5973/2043 8257/5976/2043 8255/5974/2042
f 8260/5975/2044 8259/5978/2044 8257/5976/2043
f 8262/5977/2045 8261/5980/2045 8259/5978/2044
f 8264/5979/2046 8263/5982/2046 8261/5980/2045
f 8266/5981/2047 8265/5984/2047 8263/5982/2046
f 8268/5983/2048 8267/5986/2048 8265/5984/2047
f 8270/5985/2049 8269/5988/2049 8267/5986/2048
f 8272/5987/2050 8271/5990/2050 8269/5988/2049
f 8274/5989/2051 8273/5992/2051 8271/5990/2050
f 8276/5991/2052 8275/5994/2052 8273/5992/2051
f 8278/5993/2053 8277/5996/2053 8275/5994/2052
f 8280/5995/2054 8279/5998/2054 8277/5996/2053
f 8282/5997/2055 8281/6000/2055 8279/5998/2054
f 8284/5999/2056 8283/6002/2056 8281/6000/2055
f 8286/6001/2057 8285/6004/2057 8283/6002/2056
f 8288/6003/2058 8287/6006/2058 8285/6004/2057
f 8290/6005/2059 8289/6008/2059 8287/6006/2058
f 8292/6007/2060 8291/6010/2060 8289/6008/2059
f 8294/6009/2061 8293/6012/2061 8291/6010/2060
f 8296/6011/2062 8295/6014/2062 8293/6012/2061
f 8298/6013/2063 8297/6016/2063 8295/6014/2062
f 8300/6015/2064 8299/6018/2064 8297/6016/2063
f 8302/6017/2065 8301/6020/2065 8299/6018/2064
f 8304/6019/2066 8303/6022/2066 8301/6020/2065
f 8306/6021/2067 8305/6024/2067 8303/6022/2066
f 8308/6023/2068 8307/6026/2068 8305/6024/2067
f 8310/6025/2069 8309/6028/2069 8307/6026/2068
f 8312/6027/2070 8311/6030/2070 8309/6028/2069
f 8314/6029/2071 8313/6032/2071 8311/6030/2070
f 8316/6031/2072 8315/6034/2072 8313/6032/2071
f 8318/6033/2073 8317/6036/2073 8315/6034/2072
f 8320/6035/2074 8319/6038/2074 8317/6036/2073
f 8322/6037/2075 8321/6040/2075 8319/6038/2074
f 8324/6039/2076 8323/6042/2076 8321/6040/2075
f 8326/6041/2077 8325/6044/2077 8323/6042/2076
f 8328/6043/2078 8327/6046/2078 8325/6044/2077
f 8330/6045/2079 8329/6048/2079 8327/6046/2078
f 8332/6047/2080 8331/6050/2080 8329/6048/2079
f 8334/6049/2081 8333/6052/2081 8331/6050/2080
f 8336/6051/2082 8335/6054/2082 8333/6052/2081
f 8338/6053/2083 8337/6056/2083 8335/6054/2082
f 8340/6055/2084 8339/6058/2084 8337/6056/2083
f 8342/6057/2085 8341/6060/2085 8339/6058/2084
f 8344/6059/2086 8343/6062/2088 8341/6060/2085
f 8346/6061/2087 8345/6064/2087 8343/6062/2088
f 8348/6063/2089 8347/6066/2089 8345/6064/2087
f 8350/6065/2090 8349/6068/2090 8347/6066/2089
f 8352/6067/2091 8351/6070/2091 8349/6068/2090
f 8354/6069/2092 8353/6072/2092 8351/6070/2091
f 8356/6071/2093 8355/6074/2093 8353/6072/2092
f 8358/6073/2094 8357/6076/2094 8355/6074/2093
f 8360/6075/2095 8359/6078/2095 8357/6076/2094
f 8362/6077/2096 8361/6080/2096 8359/6078/2095
f 8364/6079/2097 8363/6082/2097 8361/6080/2096
f 8366/6081/2098 8365/6084/2098 8363/6082/2097
f 8368/6083/2099 8367/6086/2099 8365/6084/2098
f 8370/6085/2100 8369/6088/2100 8367/6086/2099
f 8372/6087/2101 8371/6090/2101 8369/6088/2100
f 8374/6089/2102 8373/6092/2102 8371/6090/2101
f 8376/6091/2103 8375/6094/2103 8373/6092/2102
f 8378/6093/2104 8377/6096/2104 8375/6094/2103
f 8380/6095/2105 8379/6098/2105 8377/6096/2104
f 8382/6097/2106 8381/6100/2106 8379/6098/2105
f 8384/6099/2107 8383/6102/2107 8381/6100/2106
f 8386/6101/2108 8385/6104/2108 8383/6102/2107
f 8388/6103/2109 8387/6106/2109 8385/6104/2108
f 8390/6105/2110 8389/6108/2110 8387/6106/2109
f 8392/6107/2111 8391/6110/2111 8389/6108/2110
f 8394/6109/2112 8393/6112/2112 8391/6110/2111
f 8396/6111/2113 8395/6114/2113 8393/6112/2112
f 8398/6113/2114 8397/6116/2114 8395/6114/2113
f 8400/6115/2115 8399/6118/2115 8397/6116/2114
f 8402/6117/2116 8401/6120/2116 8399/6118/2115
f 8404/6119/2117 8403/6122/2117 8401/6120/2116
f 8406/6121/2118 8405/6124/2118 8403/6122/2117
f 8408/6123/2119 8407/6126/2119 8405/6124/2118
f 8410/6125/2120 8409/6128/2120 8407/6126/2119
f 8412/6127/2121 8411/6130/2121 8409/6128/2120
f 8414/6129/2122 8413/6132/2124 8411/6130/2121
f 8416/6131/2123 8415/6134/2123 8413/6132/2124
f 8418/6133/2125 8417/6136/2125 8415/6134/2123
f 8420/6135/2126 8419/6138/2126 8417/6136/2125
f 8422/6137/2127 8421/6140/2127 8419/6138/2126
f 8424/6139/2128 8423/6142/2128 8421/6140/2127
f 8426/6141/2129 8425/6144/2129 8423/6142/2128
f 8428/6143/2130 8427/6146/2130 8425/6144/2129
f 8430/6145/2131 8429/6148/2131 8427/6146/2130
f 8432/6147/2132 8431/6150/2132 8429/6148/2131
f 8434/6149/2133 8433/6152/2133 8431/6150/2132
f 8436/6151/2134 8435/6154/2134 8433/6152/2133
f 8438/6153/2135 8437/6156/2135 8435/6154/2134
f 8440/6155/2136 8439/6158/2136 8437/6156/2135
f 8442/6157/2137 8441/6160/2137 8439/6158/2136
f 8444/6159/2138 8443/6162/2138 8441/6160/2137
f 8446/6161/2139 8445/6164/2139 8443/6162/2138
f 8448/6163/2140 8447/6166/2140 8445/6164/2139
f 8450/6165/2141 8449/6168/2141 8447/6166/2140
f 8452/6167/2142 8451/6170/2142 8449/6168/2141
f 8454/6169/2143 8453/6172/2143 8451/6170/2142
f 8456/6171/2144 8455/6174/2144 8453/6172/2143
f 8458/6173/2145 8457/6176/2145 8455/6174/2144
f 8460/6175/2146 8459/6178/2146 8457/6176/2145
f 8462/6177/2147 8461/6180/2147 8459/6178/2146
f 8464/6179/2148 8463/6182/2148 8461/6180/2147
f 8244/6181/2037 8243/5875/2037 8463/6182/2148
