# Blender 4.1.1
# www.blender.org
mtllib up.mtl
o Text
v -0.742564 0.538714 -0.060000
v -0.727657 0.569293 -0.060000
v -0.721037 0.582510 -0.060000
v -0.714144 0.595903 -0.060000
v -0.707006 0.609396 -0.060000
v -0.699654 0.622907 -0.060000
v -0.692117 0.636359 -0.060000
v -0.684425 0.649671 -0.060000
v -0.676610 0.662765 -0.060000
v -0.668702 0.675559 -0.060000
v -0.660734 0.687973 -0.060000
v -0.652739 0.699926 -0.060000
v -0.630376 0.731872 -0.060000
v -0.723314 0.770737 -0.060000
v -0.739220 0.747474 -0.060000
v -0.746673 0.736287 -0.060000
v -0.754650 0.724046 -0.060000
v -0.763014 0.710951 -0.060000
v -0.771625 0.697205 -0.060000
v -0.780341 0.683012 -0.060000
v -0.789022 0.668578 -0.060000
v -0.797525 0.654105 -0.060000
v -0.805710 0.639795 -0.060000
v -0.813437 0.625846 -0.060000
v -0.820570 0.612446 -0.060000
v -0.836240 0.581443 -0.060000
v -0.876981 0.588904 -0.060000
v -0.861400 0.619027 -0.060000
v -0.854356 0.632246 -0.060000
v -0.847073 0.645521 -0.060000
v -0.839575 0.658794 -0.060000
v -0.831889 0.672006 -0.060000
v -0.824040 0.685102 -0.060000
v -0.816056 0.698021 -0.060000
v -0.807962 0.710707 -0.060000
v -0.799786 0.723100 -0.060000
v -0.791556 0.735142 -0.060000
v -0.783299 0.746775 -0.060000
v -0.759895 0.778429 -0.060000
v -0.853599 0.818588 -0.060000
v -0.870254 0.796287 -0.060000
v -0.878169 0.785130 -0.060000
v -0.886479 0.772947 -0.060000
v -0.895085 0.759927 -0.060000
v -0.903874 0.746274 -0.060000
v -0.912730 0.732193 -0.060000
v -0.921535 0.717896 -0.060000
v -0.930168 0.703594 -0.060000
v -0.938508 0.689498 -0.060000
v -0.946436 0.675819 -0.060000
v -0.953831 0.662767 -0.060000
v -0.970941 0.631763 -0.060000
v -0.463727 0.522414 -0.060000
v -0.433909 0.544851 -0.060000
v -0.418794 0.555815 -0.060000
v -0.401856 0.567778 -0.060000
v -0.383508 0.580466 -0.060000
v -0.364154 0.593613 -0.060000
v -0.344191 0.606961 -0.060000
v -0.324017 0.620249 -0.060000
v -0.304026 0.633220 -0.060000
v -0.284616 0.645616 -0.060000
v -0.266186 0.657177 -0.060000
v -0.249141 0.667641 -0.060000
v -0.215635 0.687638 -0.060000
v -0.282800 0.787640 -0.060000
v -0.314974 0.769130 -0.060000
v -0.332973 0.758334 -0.060000
v -0.352344 0.746370 -0.060000
v -0.372671 0.733535 -0.060000
v -0.393527 0.720132 -0.060000
v -0.414476 0.706469 -0.060000
v -0.435082 0.692853 -0.060000
v -0.454907 0.679593 -0.060000
v -0.473513 0.666996 -0.060000
v -0.490464 0.655369 -0.060000
v -0.505334 0.645013 -0.060000
v -0.533565 0.624942 -0.060000
v -0.504129 0.203417 -0.060000
v -0.542736 0.228851 -0.060000
v -0.579828 0.255575 -0.060000
v -0.615344 0.283499 -0.060000
v -0.649226 0.312530 -0.060000
v -0.681412 0.342576 -0.060000
v -0.711845 0.373545 -0.060000
v -0.740465 0.405343 -0.060000
v -0.767213 0.437878 -0.060000
v -0.792031 0.471056 -0.060000
v -0.814863 0.504782 -0.060000
v -0.853433 0.568201 -0.060000
v -0.924615 0.445116 -0.060000
v -0.894468 0.400973 -0.060000
v -0.869125 0.367210 -0.060000
v -0.841856 0.333920 -0.060000
v -0.812761 0.301197 -0.060000
v -0.781941 0.269141 -0.060000
v -0.749493 0.237848 -0.060000
v -0.715516 0.207418 -0.060000
v -0.680110 0.177952 -0.060000
v -0.643370 0.149551 -0.060000
v -0.605395 0.122315 -0.060000
v -0.566283 0.096348 -0.060000
v -0.526127 0.071750 -0.060000
v -0.499727 0.056909 -0.060000
v -0.472057 0.042704 -0.060000
v -0.443443 0.029194 -0.060000
v -0.414161 0.016414 -0.060000
v -0.384486 0.004401 -0.060000
v -0.354695 -0.006803 -0.060000
v -0.325065 -0.017156 -0.060000
v -0.295876 -0.026614 -0.060000
v -0.267402 -0.035133 -0.060000
v -0.239918 -0.042668 -0.060000
v -0.213694 -0.049172 -0.060000
v -0.174890 -0.057699 -0.060000
v -0.107779 0.060477 -0.060000
v -0.162606 0.070792 -0.060000
v -0.190190 0.076730 -0.060000
v -0.218174 0.083504 -0.060000
v -0.246412 0.091100 -0.060000
v -0.274760 0.099501 -0.060000
v -0.303073 0.108691 -0.060000
v -0.331208 0.118654 -0.060000
v -0.359020 0.129373 -0.060000
v -0.386365 0.140829 -0.060000
v -0.413100 0.153002 -0.060000
v -0.439080 0.165872 -0.060000
v -0.464096 0.179381 -0.060000
v -0.317511 0.302588 -0.060000
v -0.286894 0.324273 -0.060000
v -0.271379 0.334975 -0.060000
v -0.254147 0.346610 -0.060000
v -0.235579 0.358911 -0.060000
v -0.216049 0.371619 -0.060000
v -0.195930 0.384475 -0.060000
v -0.175594 0.397220 -0.060000
v -0.155416 0.409597 -0.060000
v -0.135773 0.421344 -0.060000
v -0.117049 0.432199 -0.060000
v -0.099640 0.441894 -0.060000
v -0.064126 0.460609 -0.060000
v -0.131517 0.562443 -0.060000
v -0.163676 0.544652 -0.060000
v -0.181712 0.534368 -0.060000
v -0.201204 0.523004 -0.060000
v -0.221712 0.510830 -0.060000
v -0.242791 0.498121 -0.060000
v -0.263991 0.485153 -0.060000
v -0.284860 0.472203 -0.060000
v -0.304949 0.459547 -0.060000
v -0.323810 0.447459 -0.060000
v -0.341003 0.436207 -0.060000
v -0.356105 0.426046 -0.060000
v -0.384217 0.406353 -0.060000
v -0.742564 0.538714 0.060000
v -0.727657 0.569293 0.060000
v -0.721037 0.582510 0.060000
v -0.714144 0.595903 0.060000
v -0.707006 0.609396 0.060000
v -0.699654 0.622907 0.060000
v -0.692117 0.636359 0.060000
v -0.684425 0.649671 0.060000
v -0.676610 0.662765 0.060000
v -0.668702 0.675559 0.060000
v -0.660734 0.687973 0.060000
v -0.652739 0.699926 0.060000
v -0.630376 0.731872 0.060000
v -0.723314 0.770737 0.060000
v -0.739220 0.747474 0.060000
v -0.746673 0.736287 0.060000
v -0.754650 0.724046 0.060000
v -0.763014 0.710951 0.060000
v -0.771625 0.697205 0.060000
v -0.780341 0.683012 0.060000
v -0.789022 0.668578 0.060000
v -0.797525 0.654105 0.060000
v -0.805710 0.639795 0.060000
v -0.813437 0.625846 0.060000
v -0.820570 0.612446 0.060000
v -0.836240 0.581443 0.060000
v -0.876981 0.588904 0.060000
v -0.861400 0.619027 0.060000
v -0.854356 0.632246 0.060000
v -0.847073 0.645521 0.060000
v -0.839575 0.658794 0.060000
v -0.831889 0.672006 0.060000
v -0.824040 0.685102 0.060000
v -0.816056 0.698021 0.060000
v -0.807962 0.710707 0.060000
v -0.799786 0.723100 0.060000
v -0.791556 0.735142 0.060000
v -0.783299 0.746775 0.060000
v -0.759895 0.778429 0.060000
v -0.853599 0.818588 0.060000
v -0.870254 0.796287 0.060000
v -0.878169 0.785130 0.060000
v -0.886479 0.772947 0.060000
v -0.895085 0.759927 0.060000
v -0.903874 0.746274 0.060000
v -0.912730 0.732193 0.060000
v -0.921535 0.717896 0.060000
v -0.930168 0.703594 0.060000
v -0.938508 0.689498 0.060000
v -0.946436 0.675819 0.060000
v -0.953831 0.662767 0.060000
v -0.970941 0.631763 0.060000
v -0.463727 0.522414 0.060000
v -0.433909 0.544851 0.060000
v -0.418794 0.555815 0.060000
v -0.401856 0.567778 0.060000
v -0.383508 0.580466 0.060000
v -0.364154 0.593613 0.060000
v -0.344191 0.606961 0.060000
v -0.324017 0.620249 0.060000
v -0.304026 0.633220 0.060000
v -0.284616 0.645616 0.060000
v -0.266186 0.657177 0.060000
v -0.249141 0.667641 0.060000
v -0.215635 0.687638 0.060000
v -0.282800 0.787640 0.060000
v -0.314974 0.769130 0.060000
v -0.332973 0.758334 0.060000
v -0.352344 0.746370 0.060000
v -0.372671 0.733535 0.060000
v -0.393527 0.720132 0.060000
v -0.414476 0.706469 0.060000
v -0.435082 0.692853 0.060000
v -0.454907 0.679593 0.060000
v -0.473513 0.666996 0.060000
v -0.490464 0.655369 0.060000
v -0.505334 0.645013 0.060000
v -0.533565 0.624942 0.060000
v -0.504129 0.203417 0.060000
v -0.542736 0.228851 0.060000
v -0.579828 0.255575 0.060000
v -0.615344 0.283499 0.060000
v -0.649226 0.312530 0.060000
v -0.681412 0.342576 0.060000
v -0.711845 0.373545 0.060000
v -0.740465 0.405343 0.060000
v -0.767213 0.437878 0.060000
v -0.792031 0.471056 0.060000
v -0.814863 0.504782 0.060000
v -0.853433 0.568201 0.060000
v -0.924615 0.445116 0.060000
v -0.894468 0.400973 0.060000
v -0.869125 0.367210 0.060000
v -0.841856 0.333920 0.060000
v -0.812761 0.301197 0.060000
v -0.781941 0.269141 0.060000
v -0.749493 0.237848 0.060000
v -0.715516 0.207418 0.060000
v -0.680110 0.177952 0.060000
v -0.643370 0.149551 0.060000
v -0.605395 0.122315 0.060000
v -0.566283 0.096348 0.060000
v -0.526127 0.071750 0.060000
v -0.499727 0.056909 0.060000
v -0.472057 0.042704 0.060000
v -0.443443 0.029194 0.060000
v -0.414161 0.016414 0.060000
v -0.384486 0.004401 0.060000
v -0.354695 -0.006803 0.060000
v -0.325065 -0.017156 0.060000
v -0.295876 -0.026614 0.060000
v -0.267402 -0.035133 0.060000
v -0.239918 -0.042668 0.060000
v -0.213694 -0.049172 0.060000
v -0.174890 -0.057699 0.060000
v -0.107779 0.060477 0.060000
v -0.162606 0.070792 0.060000
v -0.190190 0.076730 0.060000
v -0.218174 0.083504 0.060000
v -0.246412 0.091100 0.060000
v -0.274760 0.099501 0.060000
v -0.303073 0.108691 0.060000
v -0.331208 0.118654 0.060000
v -0.359020 0.129373 0.060000
v -0.386365 0.140829 0.060000
v -0.413100 0.153002 0.060000
v -0.439080 0.165872 0.060000
v -0.464096 0.179381 0.060000
v -0.317511 0.302588 0.060000
v -0.286894 0.324273 0.060000
v -0.271379 0.334975 0.060000
v -0.254147 0.346610 0.060000
v -0.235579 0.358911 0.060000
v -0.216049 0.371619 0.060000
v -0.195930 0.384475 0.060000
v -0.175594 0.397220 0.060000
v -0.155416 0.409597 0.060000
v -0.135773 0.421344 0.060000
v -0.117049 0.432199 0.060000
v -0.099640 0.441894 0.060000
v -0.064126 0.460609 0.060000
v -0.131517 0.562443 0.060000
v -0.163676 0.544652 0.060000
v -0.181712 0.534368 0.060000
v -0.201204 0.523004 0.060000
v -0.221712 0.510830 0.060000
v -0.242791 0.498121 0.060000
v -0.263991 0.485153 0.060000
v -0.284860 0.472203 0.060000
v -0.304949 0.459547 0.060000
v -0.323810 0.447459 0.060000
v -0.341003 0.436207 0.060000
v -0.356105 0.426046 0.060000
v -0.384217 0.406353 0.060000
v -0.742564 0.538714 0.060000
v -0.742564 0.538714 -0.060000
v -0.727657 0.569293 0.060000
v -0.727657 0.569293 -0.060000
v -0.721037 0.582510 0.060000
v -0.721037 0.582510 -0.060000
v -0.714144 0.595903 0.060000
v -0.714144 0.595903 -0.060000
v -0.707006 0.609396 0.060000
v -0.707006 0.609396 -0.060000
v -0.699654 0.622907 0.060000
v -0.699654 0.622907 -0.060000
v -0.692117 0.636359 0.060000
v -0.692117 0.636359 -0.060000
v -0.684425 0.649671 0.060000
v -0.684425 0.649671 -0.060000
v -0.676610 0.662765 0.060000
v -0.676610 0.662765 -0.060000
v -0.668702 0.675559 0.060000
v -0.668702 0.675559 -0.060000
v -0.660734 0.687973 0.060000
v -0.660734 0.687973 -0.060000
v -0.652739 0.699926 0.060000
v -0.652739 0.699926 -0.060000
v -0.630376 0.731872 0.060000
v -0.630376 0.731872 -0.060000
v -0.723314 0.770737 0.060000
v -0.723314 0.770737 -0.060000
v -0.739220 0.747474 0.060000
v -0.739220 0.747474 -0.060000
v -0.746673 0.736287 0.060000
v -0.746673 0.736287 -0.060000
v -0.754650 0.724046 0.060000
v -0.754650 0.724046 -0.060000
v -0.763014 0.710951 0.060000
v -0.763014 0.710951 -0.060000
v -0.771625 0.697205 0.060000
v -0.771625 0.697205 -0.060000
v -0.780341 0.683012 0.060000
v -0.780341 0.683012 -0.060000
v -0.789022 0.668578 0.060000
v -0.789022 0.668578 -0.060000
v -0.797525 0.654105 0.060000
v -0.797525 0.654105 -0.060000
v -0.805710 0.639795 0.060000
v -0.805710 0.639795 -0.060000
v -0.813437 0.625846 0.060000
v -0.813437 0.625846 -0.060000
v -0.820570 0.612446 0.060000
v -0.820570 0.612446 -0.060000
v -0.836240 0.581443 0.060000
v -0.836240 0.581443 -0.060000
v -0.876981 0.588904 0.060000
v -0.876981 0.588904 -0.060000
v -0.861400 0.619027 0.060000
v -0.861400 0.619027 -0.060000
v -0.854356 0.632246 0.060000
v -0.854356 0.632246 -0.060000
v -0.847073 0.645521 0.060000
v -0.847073 0.645521 -0.060000
v -0.839575 0.658794 0.060000
v -0.839575 0.658794 -0.060000
v -0.831889 0.672006 0.060000
v -0.831889 0.672006 -0.060000
v -0.824040 0.685102 0.060000
v -0.824040 0.685102 -0.060000
v -0.816056 0.698021 0.060000
v -0.816056 0.698021 -0.060000
v -0.807962 0.710707 0.060000
v -0.807962 0.710707 -0.060000
v -0.799786 0.723100 0.060000
v -0.799786 0.723100 -0.060000
v -0.791556 0.735142 0.060000
v -0.791556 0.735142 -0.060000
v -0.783299 0.746775 0.060000
v -0.783299 0.746775 -0.060000
v -0.759895 0.778429 0.060000
v -0.759895 0.778429 -0.060000
v -0.853599 0.818588 0.060000
v -0.853599 0.818588 -0.060000
v -0.870254 0.796287 0.060000
v -0.870254 0.796287 -0.060000
v -0.878169 0.785130 0.060000
v -0.878169 0.785130 -0.060000
v -0.886479 0.772947 0.060000
v -0.886479 0.772947 -0.060000
v -0.895085 0.759927 0.060000
v -0.895085 0.759927 -0.060000
v -0.903874 0.746274 0.060000
v -0.903874 0.746274 -0.060000
v -0.912730 0.732193 0.060000
v -0.912730 0.732193 -0.060000
v -0.921535 0.717896 0.060000
v -0.921535 0.717896 -0.060000
v -0.930168 0.703594 0.060000
v -0.930168 0.703594 -0.060000
v -0.938508 0.689498 0.060000
v -0.938508 0.689498 -0.060000
v -0.946436 0.675819 0.060000
v -0.946436 0.675819 -0.060000
v -0.953831 0.662767 0.060000
v -0.953831 0.662767 -0.060000
v -0.970941 0.631763 0.060000
v -0.970941 0.631763 -0.060000
v -0.463727 0.522414 0.060000
v -0.463727 0.522414 -0.060000
v -0.433909 0.544851 0.060000
v -0.433909 0.544851 -0.060000
v -0.418794 0.555815 0.060000
v -0.418794 0.555815 -0.060000
v -0.401856 0.567778 0.060000
v -0.401856 0.567778 -0.060000
v -0.383508 0.580466 0.060000
v -0.383508 0.580466 -0.060000
v -0.364154 0.593613 0.060000
v -0.364154 0.593613 -0.060000
v -0.344191 0.606961 0.060000
v -0.344191 0.606961 -0.060000
v -0.324017 0.620249 0.060000
v -0.324017 0.620249 -0.060000
v -0.304026 0.633220 0.060000
v -0.304026 0.633220 -0.060000
v -0.284616 0.645616 0.060000
v -0.284616 0.645616 -0.060000
v -0.266186 0.657177 0.060000
v -0.266186 0.657177 -0.060000
v -0.249141 0.667641 0.060000
v -0.249141 0.667641 -0.060000
v -0.215635 0.687638 0.060000
v -0.215635 0.687638 -0.060000
v -0.282800 0.787640 0.060000
v -0.282800 0.787640 -0.060000
v -0.314974 0.769130 0.060000
v -0.314974 0.769130 -0.060000
v -0.332973 0.758334 0.060000
v -0.332973 0.758334 -0.060000
v -0.352344 0.746370 0.060000
v -0.352344 0.746370 -0.060000
v -0.372671 0.733535 0.060000
v -0.372671 0.733535 -0.060000
v -0.393527 0.720132 0.060000
v -0.393527 0.720132 -0.060000
v -0.414476 0.706469 0.060000
v -0.414476 0.706469 -0.060000
v -0.435082 0.692853 0.060000
v -0.435082 0.692853 -0.060000
v -0.454907 0.679593 0.060000
v -0.454907 0.679593 -0.060000
v -0.473513 0.666996 0.060000
v -0.473513 0.666996 -0.060000
v -0.490464 0.655369 0.060000
v -0.490464 0.655369 -0.060000
v -0.505334 0.645013 0.060000
v -0.505334 0.645013 -0.060000
v -0.533565 0.624942 0.060000
v -0.533565 0.624942 -0.060000
v -0.504129 0.203417 0.060000
v -0.504129 0.203417 -0.060000
v -0.542736 0.228851 0.060000
v -0.542736 0.228851 -0.060000
v -0.579828 0.255575 0.060000
v -0.579828 0.255575 -0.060000
v -0.615344 0.283499 0.060000
v -0.615344 0.283499 -0.060000
v -0.649226 0.312530 0.060000
v -0.649226 0.312530 -0.060000
v -0.681412 0.342576 0.060000
v -0.681412 0.342576 -0.060000
v -0.711845 0.373545 0.060000
v -0.711845 0.373545 -0.060000
v -0.740465 0.405343 0.060000
v -0.740465 0.405343 -0.060000
v -0.767213 0.437878 0.060000
v -0.767213 0.437878 -0.060000
v -0.792031 0.471056 0.060000
v -0.792031 0.471056 -0.060000
v -0.814863 0.504782 0.060000
v -0.814863 0.504782 -0.060000
v -0.853433 0.568201 0.060000
v -0.853433 0.568201 -0.060000
v -0.924615 0.445116 0.060000
v -0.924615 0.445116 -0.060000
v -0.894468 0.400973 0.060000
v -0.894468 0.400973 -0.060000
v -0.869125 0.367210 0.060000
v -0.869125 0.367210 -0.060000
v -0.841856 0.333920 0.060000
v -0.841856 0.333920 -0.060000
v -0.812761 0.301197 0.060000
v -0.812761 0.301197 -0.060000
v -0.781941 0.269141 0.060000
v -0.781941 0.269141 -0.060000
v -0.749493 0.237848 0.060000
v -0.749493 0.237848 -0.060000
v -0.715516 0.207418 0.060000
v -0.715516 0.207418 -0.060000
v -0.680110 0.177952 0.060000
v -0.680110 0.177952 -0.060000
v -0.643370 0.149551 0.060000
v -0.643370 0.149551 -0.060000
v -0.605395 0.122315 0.060000
v -0.605395 0.122315 -0.060000
v -0.566283 0.096348 0.060000
v -0.566283 0.096348 -0.060000
v -0.526127 0.071750 0.060000
v -0.526127 0.071750 -0.060000
v -0.499727 0.056909 0.060000
v -0.499727 0.056909 -0.060000
v -0.472057 0.042704 0.060000
v -0.472057 0.042704 -0.060000
v -0.443443 0.029194 0.060000
v -0.443443 0.029194 -0.060000
v -0.414161 0.016414 0.060000
v -0.414161 0.016414 -0.060000
v -0.384486 0.004401 0.060000
v -0.384486 0.004401 -0.060000
v -0.354695 -0.006803 0.060000
v -0.354695 -0.006803 -0.060000
v -0.325065 -0.017156 0.060000
v -0.325065 -0.017156 -0.060000
v -0.295876 -0.026614 0.060000
v -0.295876 -0.026614 -0.060000
v -0.267402 -0.035133 0.060000
v -0.267402 -0.035133 -0.060000
v -0.239918 -0.042668 0.060000
v -0.239918 -0.042668 -0.060000
v -0.213694 -0.049172 0.060000
v -0.213694 -0.049172 -0.060000
v -0.174890 -0.057699 0.060000
v -0.174890 -0.057699 -0.060000
v -0.107779 0.060477 0.060000
v -0.107779 0.060477 -0.060000
v -0.162606 0.070792 0.060000
v -0.162606 0.070792 -0.060000
v -0.190190 0.076730 0.060000
v -0.190190 0.076730 -0.060000
v -0.218174 0.083504 0.060000
v -0.218174 0.083504 -0.060000
v -0.246412 0.091100 0.060000
v -0.246412 0.091100 -0.060000
v -0.274760 0.099501 0.060000
v -0.274760 0.099501 -0.060000
v -0.303073 0.108691 0.060000
v -0.303073 0.108691 -0.060000
v -0.331208 0.118654 0.060000
v -0.331208 0.118654 -0.060000
v -0.359020 0.129373 0.060000
v -0.359020 0.129373 -0.060000
v -0.386365 0.140829 0.060000
v -0.386365 0.140829 -0.060000
v -0.413100 0.153002 0.060000
v -0.413100 0.153002 -0.060000
v -0.439080 0.165872 0.060000
v -0.439080 0.165872 -0.060000
v -0.464096 0.179381 0.060000
v -0.464096 0.179381 -0.060000
v -0.317511 0.302588 0.060000
v -0.317511 0.302588 -0.060000
v -0.286894 0.324273 0.060000
v -0.286894 0.324273 -0.060000
v -0.271379 0.334975 0.060000
v -0.271379 0.334975 -0.060000
v -0.254147 0.346610 0.060000
v -0.254147 0.346610 -0.060000
v -0.235579 0.358911 0.060000
v -0.235579 0.358911 -0.060000
v -0.216049 0.371619 0.060000
v -0.216049 0.371619 -0.060000
v -0.195930 0.384475 0.060000
v -0.195930 0.384475 -0.060000
v -0.175594 0.397220 0.060000
v -0.175594 0.397220 -0.060000
v -0.155416 0.409597 0.060000
v -0.155416 0.409597 -0.060000
v -0.135773 0.421344 0.060000
v -0.135773 0.421344 -0.060000
v -0.117049 0.432199 0.060000
v -0.117049 0.432199 -0.060000
v -0.099640 0.441894 0.060000
v -0.099640 0.441894 -0.060000
v -0.064126 0.460609 0.060000
v -0.064126 0.460609 -0.060000
v -0.131517 0.562443 0.060000
v -0.131517 0.562443 -0.060000
v -0.163676 0.544652 0.060000
v -0.163676 0.544652 -0.060000
v -0.181712 0.534368 0.060000
v -0.181712 0.534368 -0.060000
v -0.201204 0.523004 0.060000
v -0.201204 0.523004 -0.060000
v -0.221712 0.510830 0.060000
v -0.221712 0.510830 -0.060000
v -0.242791 0.498121 0.060000
v -0.242791 0.498121 -0.060000
v -0.263991 0.485153 0.060000
v -0.263991 0.485153 -0.060000
v -0.284860 0.472203 0.060000
v -0.284860 0.472203 -0.060000
v -0.304949 0.459547 0.060000
v -0.304949 0.459547 -0.060000
v -0.323810 0.447459 0.060000
v -0.323810 0.447459 -0.060000
v -0.341003 0.436207 0.060000
v -0.341003 0.436207 -0.060000
v -0.356105 0.426046 0.060000
v -0.356105 0.426046 -0.060000
v -0.384217 0.406353 0.060000
v -0.384217 0.406353 -0.060000
vn -0.0000 -0.0000 -1.0000
vn -0.0000 -0.0000 1.0000
vn 0.8965 -0.4430 -0.0000
vn 0.3378 -0.9412 -0.0000
vn 0.8916 -0.4528 -0.0000
vn 0.8865 -0.4626 -0.0000
vn 0.8812 -0.4728 -0.0000
vn 0.8754 -0.4834 -0.0000
vn 0.8691 -0.4946 -0.0000
vn 0.8623 -0.5064 -0.0000
vn 0.8547 -0.5192 -0.0000
vn 0.8461 -0.5330 -0.0000
vn 0.8364 -0.5481 -0.0000
vn 0.8253 -0.5647 -0.0000
vn 0.9605 0.2783 -0.0000
vn -0.2835 0.9590 -0.0000
vn -0.8289 0.5594 -0.0000
vn -0.8350 0.5502 -0.0000
vn -0.8403 0.5421 -0.0000
vn -0.8451 0.5346 -0.0000
vn -0.8498 0.5271 -0.0000
vn -0.8546 0.5194 -0.0000
vn -0.8596 0.5110 -0.0000
vn -0.8651 0.5015 -0.0000
vn -0.8714 0.4905 -0.0000
vn -0.8788 0.4772 -0.0000
vn -0.8877 0.4605 -0.0000
vn -0.9436 -0.3311 -0.0000
vn 0.8854 -0.4649 -0.0000
vn 0.3266 -0.9452 -0.0000
vn 0.8796 -0.4757 -0.0000
vn 0.8737 -0.4865 -0.0000
vn 0.8676 -0.4973 -0.0000
vn 0.8611 -0.5085 -0.0000
vn 0.8542 -0.5199 -0.0000
vn 0.8469 -0.5318 -0.0000
vn 0.8389 -0.5443 -0.0000
vn 0.8302 -0.5575 -0.0000
vn 0.8206 -0.5716 -0.0000
vn 0.8098 -0.5867 -0.0000
vn 0.9652 0.2616 -0.0000
vn -0.2592 0.9658 -0.0000
vn -0.8085 0.5885 -0.0000
vn -0.8209 0.5711 -0.0000
vn -0.8302 0.5575 -0.0000
vn -0.8376 0.5463 -0.0000
vn -0.8437 0.5368 -0.0000
vn -0.8490 0.5284 -0.0000
vn -0.8437 0.5369 -0.0000
vn -0.8538 0.5206 -0.0000
vn -0.8584 0.5130 -0.0000
vn -0.8629 0.5053 -0.0000
vn -0.8676 0.4972 -0.0000
vn -0.8728 0.4881 -0.0000
vn -0.9494 -0.3139 -0.0000
vn 0.5942 -0.8043 -0.0000
vn -0.1632 -0.9866 -0.0000
vn 0.5821 -0.8131 -0.0000
vn 0.5728 -0.8197 -0.0000
vn 0.5653 -0.8249 -0.0000
vn 0.5589 -0.8293 -0.0000
vn 0.5529 -0.8332 -0.0000
vn 0.5472 -0.8370 -0.0000
vn 0.5413 -0.8408 -0.0000
vn 0.5348 -0.8450 -0.0000
vn 0.5273 -0.8497 -0.0000
vn 0.5178 -0.8555 -0.0000
vn 0.9758 -0.2188 -0.0000
vn 0.2267 0.9740 -0.0000
vn -0.5065 0.8622 -0.0000
vn -0.5199 0.8542 -0.0000
vn -0.5297 0.8482 -0.0000
vn -0.5373 0.8434 -0.0000
vn -0.5435 0.8394 -0.0000
vn -0.5488 0.8360 -0.0000
vn -0.5536 0.8328 -0.0000
vn -0.5583 0.8296 -0.0000
vn -0.5631 0.8264 -0.0000
vn -0.5686 0.8226 -0.0000
vn -0.5755 0.8178 -0.0000
vn -0.9843 0.1764 -0.0000
vn 0.5675 0.8234 -0.0000
vn 0.5326 0.8464 -0.0000
vn 0.6014 0.7989 -0.0000
vn 0.6345 0.7729 -0.0000
vn 0.6667 0.7454 -0.0000
vn 0.6980 0.7161 -0.0000
vn 0.7284 0.6851 -0.0000
vn 0.7581 0.6522 -0.0000
vn 0.7868 0.6172 -0.0000
vn 0.8146 0.5800 -0.0000
vn 0.8415 0.5403 -0.0000
vn -0.0110 0.9999 -0.0000
vn -0.9993 -0.0374 -0.0000
vn -0.0111 0.9999 -0.0000
vn -0.8130 -0.5823 -0.0000
vn -0.7869 -0.6171 -0.0000
vn -0.7606 -0.6492 -0.0000
vn -0.7342 -0.6789 -0.0000
vn -0.7076 -0.7066 -0.0000
vn -0.6808 -0.7325 -0.0000
vn -0.6535 -0.7569 -0.0000
vn -0.6257 -0.7800 -0.0000
vn -0.5973 -0.8020 -0.0000
vn -0.5681 -0.8230 -0.0000
vn -0.5378 -0.8431 -0.0000
vn -0.5063 -0.8624 -0.0000
vn -0.4734 -0.8808 -0.0000
vn -0.4419 -0.8971 -0.0000
vn -0.4135 -0.9105 -0.0000
vn -0.3877 -0.9218 -0.0000
vn -0.3637 -0.9315 -0.0000
vn -0.3410 -0.9401 -0.0000
vn -0.3191 -0.9477 -0.0000
vn -0.2975 -0.9547 -0.0000
vn -0.2755 -0.9613 -0.0000
vn -0.2526 -0.9676 -0.0000
vn -0.2277 -0.9737 -0.0000
vn 0.4069 -0.9135 -0.0000
vn 0.9072 0.4206 -0.0000
vn 0.1977 0.9803 -0.0000
vn 0.2229 0.9748 -0.0000
vn 0.2475 0.9689 -0.0000
vn 0.2720 0.9623 -0.0000
vn 0.2965 0.9550 -0.0000
vn 0.3213 0.9470 -0.0000
vn 0.3467 0.9380 -0.0000
vn 0.3730 0.9278 -0.0000
vn 0.4004 0.9163 -0.0000
vn 0.4292 0.9032 -0.0000
vn 0.4596 0.8881 -0.0000
vn 0.4951 0.8688 -0.0000
vn 0.5729 -0.8196 -0.0000
vn -0.1905 -0.9817 -0.0000
vn 0.5637 -0.8260 -0.0000
vn 0.5559 -0.8312 -0.0000
vn 0.5488 -0.8359 -0.0000
vn 0.5419 -0.8404 -0.0000
vn 0.5270 -0.8499 -0.0000
vn 0.5181 -0.8553 -0.0000
vn 0.5074 -0.8617 -0.0000
vn 0.4941 -0.8694 -0.0000
vn 0.4764 -0.8792 -0.0000
vn 0.9688 -0.2480 -0.0000
vn 0.2382 0.9712 -0.0000
vn -0.4897 0.8719 -0.0000
vn 0.2381 0.9712 -0.0000
vn -0.4995 0.8663 -0.0000
vn -0.5071 0.8619 -0.0000
vn -0.5134 0.8582 -0.0000
vn -0.5191 0.8547 -0.0000
vn -0.5245 0.8514 -0.0000
vn -0.5302 0.8479 -0.0000
vn -0.5363 0.8440 -0.0000
vn -0.5436 0.8393 -0.0000
vn -0.5529 0.8332 -0.0000
vn -0.5660 0.8244 -0.0000
vn -0.9812 0.1929 -0.0000
vt 0.045057 0.904793
vt 0.045963 0.904793
vt 0.045510 0.904793
vt 0.046416 0.904793
vt 0.056837 0.904793
vt 0.057743 0.904793
vt 0.057290 0.904793
vt 0.046869 0.904793
vt 0.044604 0.904793
vt 0.047322 0.904793
vt 0.033277 0.904793
vt 0.034183 0.904793
vt 0.033730 0.904793
vt 0.058196 0.904793
vt 0.047775 0.904793
vt 0.058649 0.904793
vt 0.034636 0.904793
vt 0.044151 0.904793
vt 0.059102 0.904793
vt 0.048228 0.904793
vt 0.035089 0.904793
vt 0.043698 0.904793
vt 0.059555 0.904793
vt 0.048681 0.904793
vt 0.032824 0.904793
vt 0.035542 0.904793
vt 0.043244 0.904793
vt 0.060008 0.904793
vt 0.049134 0.904793
vt 0.035995 0.904793
vt 0.042791 0.904793
vt 0.060461 0.904793
vt 0.049587 0.904793
vt 0.032371 0.904793
vt 0.042338 0.904793
vt 0.036448 0.904793
vt 0.060914 0.904793
vt 0.050041 0.904793
vt 0.031918 0.904793
vt 0.056384 0.904793
vt 0.041885 0.904793
vt 0.036901 0.904793
vt 0.061367 0.904793
vt 0.050494 0.904793
vt 0.031465 0.904793
vt 0.041432 0.904793
vt 0.037355 0.904793
vt 0.055930 0.904793
vt 0.061820 0.904793
vt 0.050947 0.904793
vt 0.031012 0.904793
vt 0.040979 0.904793
vt 0.055477 0.904793
vt 0.062273 0.904793
vt 0.037808 0.904793
vt 0.030558 0.904793
vt 0.055024 0.904793
vt 0.040526 0.904793
vt 0.062727 0.904793
vt 0.038261 0.904793
vt 0.030105 0.904793
vt 0.054571 0.904793
vt 0.040073 0.904793
vt 0.039620 0.904793
vt 0.038714 0.904793
vt 0.054118 0.904793
vt 0.053665 0.904793
vt 0.053212 0.904793
vt 0.052759 0.904793
vt 0.052306 0.904793
vt 0.051853 0.904793
vt 0.051400 0.904793
vt 0.029652 0.904793
vt 0.039167 0.904793
vt 0.029199 0.904793
vt 0.028746 0.904793
vt 0.028293 0.904793
vt 0.027840 0.904793
vt 0.067710 0.904793
vt 0.068616 0.904793
vt 0.068163 0.904793
vt 0.091270 0.904793
vt 0.092176 0.904793
vt 0.091723 0.904793
vt 0.092629 0.904793
vt 0.093082 0.904793
vt 0.093535 0.904793
vt 0.093989 0.904793
vt 0.067257 0.904793
vt 0.094442 0.904793
vt 0.094895 0.904793
vt 0.095348 0.904793
vt 0.066804 0.904793
vt 0.090817 0.904793
vt 0.095801 0.904793
vt 0.096254 0.904793
vt 0.069070 0.904793
vt 0.090364 0.904793
vt 0.066351 0.904793
vt 0.096707 0.904793
vt 0.089911 0.904793
vt 0.097160 0.904793
vt 0.089458 0.904793
vt 0.089005 0.904793
vt 0.088552 0.904793
vt 0.088099 0.904793
vt 0.087645 0.904793
vt 0.087192 0.904793
vt 0.086739 0.904793
vt 0.086286 0.904793
vt 0.085833 0.904793
vt 0.065898 0.904793
vt 0.069523 0.904793
vt 0.065445 0.904793
vt 0.069976 0.904793
vt 0.064992 0.904793
vt 0.070429 0.904793
vt 0.064539 0.904793
vt 0.070882 0.904793
vt 0.064086 0.904793
vt 0.071335 0.904793
vt 0.063633 0.904793
vt 0.071788 0.904793
vt 0.063180 0.904793
vt 0.072241 0.904793
vt 0.085380 0.904793
vt 0.084927 0.904793
vt 0.072694 0.904793
vt 0.084474 0.904793
vt 0.084021 0.904793
vt 0.073147 0.904793
vt 0.083568 0.904793
vt 0.083115 0.904793
vt 0.073600 0.904793
vt 0.082662 0.904793
vt 0.082209 0.904793
vt 0.081756 0.904793
vt 0.074053 0.904793
vt 0.081302 0.904793
vt 0.080849 0.904793
vt 0.080396 0.904793
vt 0.074506 0.904793
vt 0.079943 0.904793
vt 0.079490 0.904793
vt 0.074959 0.904793
vt 0.075413 0.904793
vt 0.075866 0.904793
vt 0.076319 0.904793
vt 0.076772 0.904793
vt 0.077225 0.904793
vt 0.077678 0.904793
vt 0.078131 0.904793
vt 0.078584 0.904793
vt 0.079037 0.904793
vt 0.030506 0.974113
vt 0.027840 0.974113
vt 0.033172 0.974113
vt 0.030506 0.904793
vt 0.035838 0.974113
vt 0.033172 0.904793
vt 0.038505 0.974113
vt 0.035838 0.904793
vt 0.041171 0.974113
vt 0.038505 0.904793
vt 0.043837 0.974113
vt 0.041171 0.904793
vt 0.046503 0.974113
vt 0.043837 0.904793
vt 0.049169 0.974113
vt 0.046503 0.904793
vt 0.051835 0.974113
vt 0.049169 0.904793
vt 0.054502 0.974113
vt 0.051835 0.904793
vt 0.057168 0.974113
vt 0.054502 0.904793
vt 0.059834 0.974113
vt 0.057168 0.904793
vt 0.062500 0.974113
vt 0.059834 0.904793
vt 0.065166 0.974113
vt 0.062500 0.904793
vt 0.067832 0.974113
vt 0.065166 0.904793
vt 0.070498 0.974113
vt 0.067832 0.904793
vt 0.073165 0.974113
vt 0.070498 0.904793
vt 0.075831 0.974113
vt 0.073165 0.904793
vt 0.078497 0.974113
vt 0.075831 0.904793
vt 0.081163 0.974113
vt 0.078497 0.904793
vt 0.083829 0.974113
vt 0.081163 0.904793
vt 0.086495 0.974113
vt 0.083829 0.904793
vt 0.089162 0.974113
vt 0.086495 0.904793
vt 0.091828 0.974113
vt 0.089162 0.904793
vt 0.094494 0.974113
vt 0.091828 0.904793
vt 0.097160 0.974113
vt 0.094494 0.904793
vt 0.029226 0.974113
vt 0.030613 0.974113
vt 0.029226 0.904793
vt 0.031999 0.974113
vt 0.030613 0.904793
vt 0.033386 0.974113
vt 0.031999 0.904793
vt 0.034772 0.974113
vt 0.033386 0.904793
vt 0.036158 0.974113
vt 0.034772 0.904793
vt 0.037545 0.974113
vt 0.036158 0.904793
vt 0.038931 0.974113
vt 0.037545 0.904793
vt 0.040318 0.974113
vt 0.038931 0.904793
vt 0.041704 0.974113
vt 0.040318 0.904793
vt 0.043090 0.974113
vt 0.041704 0.904793
vt 0.044477 0.974113
vt 0.043090 0.904793
vt 0.045863 0.974113
vt 0.044477 0.904793
vt 0.047250 0.974113
vt 0.045863 0.904793
vt 0.048636 0.974113
vt 0.047250 0.904793
vt 0.050022 0.974113
vt 0.048636 0.904793
vt 0.051409 0.974113
vt 0.050022 0.904793
vt 0.052795 0.974113
vt 0.051409 0.904793
vt 0.054182 0.974113
vt 0.052795 0.904793
vt 0.055568 0.974113
vt 0.054182 0.904793
vt 0.056954 0.974113
vt 0.055568 0.904793
vt 0.058341 0.974113
vt 0.056954 0.904793
vt 0.059727 0.974113
vt 0.058341 0.904793
vt 0.061114 0.974113
vt 0.059727 0.904793
vt 0.061114 0.904793
vt 0.063886 0.974113
vt 0.065273 0.974113
vt 0.063886 0.904793
vt 0.066659 0.974113
vt 0.065273 0.904793
vt 0.068046 0.974113
vt 0.066659 0.904793
vt 0.069432 0.974113
vt 0.068046 0.904793
vt 0.070818 0.974113
vt 0.069432 0.904793
vt 0.072205 0.974113
vt 0.070818 0.904793
vt 0.073591 0.974113
vt 0.072205 0.904793
vt 0.074978 0.974113
vt 0.073591 0.904793
vt 0.076364 0.974113
vt 0.074978 0.904793
vt 0.077750 0.974113
vt 0.076364 0.904793
vt 0.079137 0.974113
vt 0.077750 0.904793
vt 0.080523 0.974113
vt 0.079137 0.904793
vt 0.081910 0.974113
vt 0.080523 0.904793
vt 0.083296 0.974113
vt 0.081910 0.904793
vt 0.084682 0.974113
vt 0.083296 0.904793
vt 0.086069 0.974113
vt 0.084682 0.904793
vt 0.087455 0.974113
vt 0.086069 0.904793
vt 0.088842 0.974113
vt 0.087455 0.904793
vt 0.090228 0.974113
vt 0.088842 0.904793
vt 0.091614 0.974113
vt 0.090228 0.904793
vt 0.093001 0.974113
vt 0.091614 0.904793
vt 0.094387 0.974113
vt 0.093001 0.904793
vt 0.095774 0.974113
vt 0.094387 0.904793
vt 0.095774 0.904793
s 0
f 39/1/1 41/2/1 40/3/1
f 39/1/1 42/4/1 41/2/1
f 65/5/1 67/6/1 66/7/1
f 39/1/1 43/8/1 42/4/1
f 38/9/1 43/8/1 39/1/1
f 38/9/1 44/10/1 43/8/1
f 13/11/1 15/12/1 14/13/1
f 65/5/1 68/14/1 67/6/1
f 38/9/1 45/15/1 44/10/1
f 65/5/1 69/16/1 68/14/1
f 13/11/1 16/17/1 15/12/1
f 37/18/1 45/15/1 38/9/1
f 65/5/1 70/19/1 69/16/1
f 37/18/1 46/20/1 45/15/1
f 13/11/1 17/21/1 16/17/1
f 36/22/1 46/20/1 37/18/1
f 65/5/1 71/23/1 70/19/1
f 36/22/1 47/24/1 46/20/1
f 12/25/1 17/21/1 13/11/1
f 12/25/1 18/26/1 17/21/1
f 35/27/1 47/24/1 36/22/1
f 65/5/1 72/28/1 71/23/1
f 35/27/1 48/29/1 47/24/1
f 12/25/1 19/30/1 18/26/1
f 34/31/1 48/29/1 35/27/1
f 65/5/1 73/32/1 72/28/1
f 34/31/1 49/33/1 48/29/1
f 11/34/1 19/30/1 12/25/1
f 33/35/1 49/33/1 34/31/1
f 11/34/1 20/36/1 19/30/1
f 65/5/1 74/37/1 73/32/1
f 33/35/1 50/38/1 49/33/1
f 10/39/1 20/36/1 11/34/1
f 64/40/1 74/37/1 65/5/1
f 32/41/1 50/38/1 33/35/1
f 10/39/1 21/42/1 20/36/1
f 64/40/1 75/43/1 74/37/1
f 32/41/1 51/44/1 50/38/1
f 9/45/1 21/42/1 10/39/1
f 31/46/1 51/44/1 32/41/1
f 9/45/1 22/47/1 21/42/1
f 63/48/1 75/43/1 64/40/1
f 63/48/1 76/49/1 75/43/1
f 31/46/1 52/50/1 51/44/1
f 8/51/1 22/47/1 9/45/1
f 30/52/1 52/50/1 31/46/1
f 62/53/1 76/49/1 63/48/1
f 62/53/1 77/54/1 76/49/1
f 8/51/1 23/55/1 22/47/1
f 7/56/1 23/55/1 8/51/1
f 61/57/1 77/54/1 62/53/1
f 29/58/1 52/50/1 30/52/1
f 61/57/1 78/59/1 77/54/1
f 7/56/1 24/60/1 23/55/1
f 6/61/1 24/60/1 7/56/1
f 60/62/1 78/59/1 61/57/1
f 28/63/1 52/50/1 29/58/1
f 28/63/1 27/64/1 52/50/1
f 6/61/1 25/65/1 24/60/1
f 60/62/1 59/66/1 78/59/1
f 59/66/1 58/67/1 78/59/1
f 58/67/1 57/68/1 78/59/1
f 57/68/1 56/69/1 78/59/1
f 56/69/1 55/70/1 78/59/1
f 55/70/1 54/71/1 78/59/1
f 54/71/1 53/72/1 78/59/1
f 5/73/1 25/65/1 6/61/1
f 5/73/1 26/74/1 25/65/1
f 4/75/1 26/74/1 5/73/1
f 3/76/1 26/74/1 4/75/1
f 2/77/1 26/74/1 3/76/1
f 2/77/1 1/78/1 26/74/1
f 89/79/1 91/80/1 90/81/1
f 141/82/1 143/83/1 142/84/1
f 141/82/1 144/85/1 143/83/1
f 141/82/1 145/86/1 144/85/1
f 141/82/1 146/87/1 145/86/1
f 141/82/1 147/88/1 146/87/1
f 88/89/1 91/80/1 89/79/1
f 141/82/1 148/90/1 147/88/1
f 141/82/1 149/91/1 148/90/1
f 141/82/1 150/92/1 149/91/1
f 87/93/1 91/80/1 88/89/1
f 140/94/1 150/92/1 141/82/1
f 140/94/1 151/95/1 150/92/1
f 140/94/1 152/96/1 151/95/1
f 87/93/1 92/97/1 91/80/1
f 139/98/1 152/96/1 140/94/1
f 86/99/1 92/97/1 87/93/1
f 139/98/1 153/100/1 152/96/1
f 138/101/1 153/100/1 139/98/1
f 138/101/1 154/102/1 153/100/1
f 137/103/1 154/102/1 138/101/1
f 136/104/1 154/102/1 137/103/1
f 136/104/1 135/105/1 154/102/1
f 135/105/1 134/106/1 154/102/1
f 134/106/1 133/107/1 154/102/1
f 133/107/1 132/108/1 154/102/1
f 132/108/1 131/109/1 154/102/1
f 131/109/1 130/110/1 154/102/1
f 130/110/1 129/111/1 154/102/1
f 85/112/1 92/97/1 86/99/1
f 85/112/1 93/113/1 92/97/1
f 84/114/1 93/113/1 85/112/1
f 84/114/1 94/115/1 93/113/1
f 83/116/1 94/115/1 84/114/1
f 83/116/1 95/117/1 94/115/1
f 82/118/1 95/117/1 83/116/1
f 82/118/1 96/119/1 95/117/1
f 81/120/1 96/119/1 82/118/1
f 81/120/1 97/121/1 96/119/1
f 80/122/1 97/121/1 81/120/1
f 80/122/1 98/123/1 97/121/1
f 79/124/1 98/123/1 80/122/1
f 79/124/1 99/125/1 98/123/1
f 128/126/1 99/125/1 79/124/1
f 127/127/1 99/125/1 128/126/1
f 127/127/1 100/128/1 99/125/1
f 126/129/1 100/128/1 127/127/1
f 125/130/1 100/128/1 126/129/1
f 125/130/1 101/131/1 100/128/1
f 124/132/1 101/131/1 125/130/1
f 123/133/1 101/131/1 124/132/1
f 123/133/1 102/134/1 101/131/1
f 122/135/1 102/134/1 123/133/1
f 121/136/1 102/134/1 122/135/1
f 120/137/1 102/134/1 121/136/1
f 120/137/1 103/138/1 102/134/1
f 119/139/1 103/138/1 120/137/1
f 118/140/1 103/138/1 119/139/1
f 117/141/1 103/138/1 118/140/1
f 117/141/1 104/142/1 103/138/1
f 116/143/1 104/142/1 117/141/1
f 115/144/1 104/142/1 116/143/1
f 115/144/1 105/145/1 104/142/1
f 115/144/1 106/146/1 105/145/1
f 115/144/1 107/147/1 106/146/1
f 115/144/1 108/148/1 107/147/1
f 115/144/1 109/149/1 108/148/1
f 115/144/1 110/150/1 109/149/1
f 115/144/1 111/151/1 110/150/1
f 115/144/1 112/152/1 111/151/1
f 115/144/1 113/153/1 112/152/1
f 115/144/1 114/154/1 113/153/1
f 193/1/2 194/3/2 195/2/2
f 193/1/2 195/2/2 196/4/2
f 219/5/2 220/7/2 221/6/2
f 193/1/2 196/4/2 197/8/2
f 192/9/2 193/1/2 197/8/2
f 192/9/2 197/8/2 198/10/2
f 167/11/2 168/13/2 169/12/2
f 219/5/2 221/6/2 222/14/2
f 192/9/2 198/10/2 199/15/2
f 219/5/2 222/14/2 223/16/2
f 167/11/2 169/12/2 170/17/2
f 191/18/2 192/9/2 199/15/2
f 219/5/2 223/16/2 224/19/2
f 191/18/2 199/15/2 200/20/2
f 167/11/2 170/17/2 171/21/2
f 190/22/2 191/18/2 200/20/2
f 219/5/2 224/19/2 225/23/2
f 190/22/2 200/20/2 201/24/2
f 166/25/2 167/11/2 171/21/2
f 166/25/2 171/21/2 172/26/2
f 189/27/2 190/22/2 201/24/2
f 219/5/2 225/23/2 226/28/2
f 189/27/2 201/24/2 202/29/2
f 166/25/2 172/26/2 173/30/2
f 188/31/2 189/27/2 202/29/2
f 219/5/2 226/28/2 227/32/2
f 188/31/2 202/29/2 203/33/2
f 165/34/2 166/25/2 173/30/2
f 187/35/2 188/31/2 203/33/2
f 165/34/2 173/30/2 174/36/2
f 219/5/2 227/32/2 228/37/2
f 187/35/2 203/33/2 204/38/2
f 164/39/2 165/34/2 174/36/2
f 218/40/2 219/5/2 228/37/2
f 186/41/2 187/35/2 204/38/2
f 164/39/2 174/36/2 175/42/2
f 218/40/2 228/37/2 229/43/2
f 186/41/2 204/38/2 205/44/2
f 163/45/2 164/39/2 175/42/2
f 185/46/2 186/41/2 205/44/2
f 163/45/2 175/42/2 176/47/2
f 217/48/2 218/40/2 229/43/2
f 217/48/2 229/43/2 230/49/2
f 185/46/2 205/44/2 206/50/2
f 162/51/2 163/45/2 176/47/2
f 184/52/2 185/46/2 206/50/2
f 216/53/2 217/48/2 230/49/2
f 216/53/2 230/49/2 231/54/2
f 162/51/2 176/47/2 177/55/2
f 161/56/2 162/51/2 177/55/2
f 215/57/2 216/53/2 231/54/2
f 183/58/2 184/52/2 206/50/2
f 215/57/2 231/54/2 232/59/2
f 161/56/2 177/55/2 178/60/2
f 160/61/2 161/56/2 178/60/2
f 214/62/2 215/57/2 232/59/2
f 182/63/2 183/58/2 206/50/2
f 182/63/2 206/50/2 181/64/2
f 160/61/2 178/60/2 179/65/2
f 214/62/2 232/59/2 213/66/2
f 213/66/2 232/59/2 212/67/2
f 212/67/2 232/59/2 211/68/2
f 211/68/2 232/59/2 210/69/2
f 210/69/2 232/59/2 209/70/2
f 209/70/2 232/59/2 208/71/2
f 208/71/2 232/59/2 207/72/2
f 159/73/2 160/61/2 179/65/2
f 159/73/2 179/65/2 180/74/2
f 158/75/2 159/73/2 180/74/2
f 157/76/2 158/75/2 180/74/2
f 156/77/2 157/76/2 180/74/2
f 156/77/2 180/74/2 155/78/2
f 243/79/2 244/81/2 245/80/2
f 295/82/2 296/84/2 297/83/2
f 295/82/2 297/83/2 298/85/2
f 295/82/2 298/85/2 299/86/2
f 295/82/2 299/86/2 300/87/2
f 295/82/2 300/87/2 301/88/2
f 242/89/2 243/79/2 245/80/2
f 295/82/2 301/88/2 302/90/2
f 295/82/2 302/90/2 303/91/2
f 295/82/2 303/91/2 304/92/2
f 241/93/2 242/89/2 245/80/2
f 294/94/2 295/82/2 304/92/2
f 294/94/2 304/92/2 305/95/2
f 294/94/2 305/95/2 306/96/2
f 241/93/2 245/80/2 246/97/2
f 293/98/2 294/94/2 306/96/2
f 240/99/2 241/93/2 246/97/2
f 293/98/2 306/96/2 307/100/2
f 292/101/2 293/98/2 307/100/2
f 292/101/2 307/100/2 308/102/2
f 291/103/2 292/101/2 308/102/2
f 290/104/2 291/103/2 308/102/2
f 290/104/2 308/102/2 289/105/2
f 289/105/2 308/102/2 288/106/2
f 288/106/2 308/102/2 287/107/2
f 287/107/2 308/102/2 286/108/2
f 286/108/2 308/102/2 285/109/2
f 285/109/2 308/102/2 284/110/2
f 284/110/2 308/102/2 283/111/2
f 239/112/2 240/99/2 246/97/2
f 239/112/2 246/97/2 247/113/2
f 238/114/2 239/112/2 247/113/2
f 238/114/2 247/113/2 248/115/2
f 237/116/2 238/114/2 248/115/2
f 237/116/2 248/115/2 249/117/2
f 236/118/2 237/116/2 249/117/2
f 236/118/2 249/117/2 250/119/2
f 235/120/2 236/118/2 250/119/2
f 235/120/2 250/119/2 251/121/2
f 234/122/2 235/120/2 251/121/2
f 234/122/2 251/121/2 252/123/2
f 233/124/2 234/122/2 252/123/2
f 233/124/2 252/123/2 253/125/2
f 282/126/2 233/124/2 253/125/2
f 281/127/2 282/126/2 253/125/2
f 281/127/2 253/125/2 254/128/2
f 280/129/2 281/127/2 254/128/2
f 279/130/2 280/129/2 254/128/2
f 279/130/2 254/128/2 255/131/2
f 278/132/2 279/130/2 255/131/2
f 277/133/2 278/132/2 255/131/2
f 277/133/2 255/131/2 256/134/2
f 276/135/2 277/133/2 256/134/2
f 275/136/2 276/135/2 256/134/2
f 274/137/2 275/136/2 256/134/2
f 274/137/2 256/134/2 257/138/2
f 273/139/2 274/137/2 257/138/2
f 272/140/2 273/139/2 257/138/2
f 271/141/2 272/140/2 257/138/2
f 271/141/2 257/138/2 258/142/2
f 270/143/2 271/141/2 258/142/2
f 269/144/2 270/143/2 258/142/2
f 269/144/2 258/142/2 259/145/2
f 269/144/2 259/145/2 260/146/2
f 269/144/2 260/146/2 261/147/2
f 269/144/2 261/147/2 262/148/2
f 269/144/2 262/148/2 263/149/2
f 269/144/2 263/149/2 264/150/2
f 269/144/2 264/150/2 265/151/2
f 269/144/2 265/151/2 266/152/2
f 269/144/2 266/152/2 267/153/2
f 269/144/2 267/153/2 268/154/2
s 1
f 312/155/3 309/78/4 310/156/4
f 314/157/5 311/158/3 312/155/3
f 316/159/6 313/160/5 314/157/5
f 318/161/7 315/162/6 316/159/6
f 320/163/8 317/164/7 318/161/7
f 322/165/9 319/166/8 320/163/8
f 324/167/10 321/168/9 322/165/9
f 326/169/11 323/170/10 324/167/10
f 328/171/12 325/172/11 326/169/11
f 330/173/13 327/174/12 328/171/12
f 332/175/14 329/176/13 330/173/13
f 334/177/15 331/178/14 332/175/14
f 336/179/16 333/180/15 334/177/15
f 338/181/17 335/182/16 336/179/16
f 340/183/18 337/184/17 338/181/17
f 342/185/19 339/186/18 340/183/18
f 344/187/20 341/188/19 342/185/19
f 346/189/21 343/190/20 344/187/20
f 348/191/22 345/192/21 346/189/21
f 350/193/23 347/194/22 348/191/22
f 352/195/24 349/196/23 350/193/23
f 354/197/25 351/198/24 352/195/24
f 356/199/26 353/200/25 354/197/25
f 358/201/27 355/202/26 356/199/26
f 360/203/28 357/204/27 358/201/27
f 310/205/4 359/206/28 360/203/28
f 364/155/29 361/78/30 362/156/30
f 366/157/31 363/158/29 364/155/29
f 368/159/32 365/160/31 366/157/31
f 370/161/33 367/162/32 368/159/32
f 372/163/34 369/164/33 370/161/33
f 374/165/35 371/166/34 372/163/34
f 376/167/36 373/168/35 374/165/35
f 378/169/37 375/170/36 376/167/36
f 380/171/38 377/172/37 378/169/37
f 382/173/39 379/174/38 380/171/38
f 384/175/40 381/176/39 382/173/39
f 386/177/41 383/178/40 384/175/40
f 388/179/42 385/180/41 386/177/41
f 390/181/43 387/182/42 388/179/42
f 392/183/44 389/184/43 390/181/43
f 394/185/45 391/186/44 392/183/44
f 396/187/46 393/188/45 394/185/45
f 398/189/47 395/190/46 396/187/46
f 400/191/48 397/192/49 398/189/47
f 402/193/50 399/194/48 400/191/48
f 404/195/51 401/196/50 402/193/50
f 406/197/52 403/198/51 404/195/51
f 408/199/53 405/200/52 406/197/52
f 410/201/54 407/202/53 408/199/53
f 412/203/55 409/204/54 410/201/54
f 362/205/30 411/206/55 412/203/55
f 416/155/56 413/78/57 414/156/57
f 418/157/58 415/158/56 416/155/56
f 420/159/59 417/160/58 418/157/58
f 422/161/60 419/162/59 420/159/59
f 424/163/61 421/164/60 422/161/60
f 426/165/62 423/166/61 424/163/61
f 428/167/63 425/168/62 426/165/62
f 430/169/64 427/170/63 428/167/63
f 432/171/65 429/172/64 430/169/64
f 434/173/66 431/174/65 432/171/65
f 436/175/67 433/176/66 434/173/66
f 438/177/68 435/178/67 436/175/67
f 440/179/69 437/180/68 438/177/68
f 442/181/70 439/182/69 440/179/69
f 444/183/71 441/184/70 442/181/70
f 446/185/72 443/186/71 444/183/71
f 448/187/73 445/188/72 446/185/72
f 450/189/74 447/190/73 448/187/73
f 452/191/75 449/192/74 450/189/74
f 454/193/76 451/194/75 452/191/75
f 456/195/77 453/196/76 454/193/76
f 458/197/78 455/198/77 456/195/77
f 460/199/79 457/200/78 458/197/78
f 462/201/80 459/202/79 460/199/79
f 464/203/81 461/204/80 462/201/80
f 414/205/57 463/206/81 464/203/81
f 468/207/82 465/78/83 466/156/83
f 470/208/84 467/209/82 468/207/82
f 472/210/85 469/211/84 470/208/84
f 474/212/86 471/213/85 472/210/85
f 476/214/87 473/215/86 474/212/86
f 478/216/88 475/217/87 476/214/87
f 480/218/89 477/219/88 478/216/88
f 482/220/90 479/221/89 480/218/89
f 484/222/91 481/223/90 482/220/90
f 486/224/92 483/225/91 484/222/91
f 488/226/93 485/227/92 486/224/92
f 490/228/94 487/229/95 488/226/93
f 492/230/96 489/231/94 490/228/94
f 494/232/97 491/233/96 492/230/96
f 496/234/98 493/235/97 494/232/97
f 498/236/99 495/237/98 496/234/98
f 500/238/100 497/239/99 498/236/99
f 502/240/101 499/241/100 500/238/100
f 504/242/102 501/243/101 502/240/101
f 506/244/103 503/245/102 504/242/102
f 508/246/104 505/247/103 506/244/103
f 510/248/105 507/249/104 508/246/104
f 512/250/106 509/251/105 510/248/105
f 514/252/107 511/253/106 512/250/106
f 516/179/108 513/254/107 514/252/107
f 518/255/109 515/182/108 516/179/108
f 520/256/110 517/257/109 518/255/109
f 522/258/111 519/259/110 520/256/110
f 524/260/112 521/261/111 522/258/111
f 526/262/113 523/263/112 524/260/112
f 528/264/114 525/265/113 526/262/113
f 530/266/115 527/267/114 528/264/114
f 532/268/116 529/269/115 530/266/115
f 534/270/117 531/271/116 532/268/116
f 536/272/118 533/273/117 534/270/117
f 538/274/119 535/275/118 536/272/118
f 540/276/120 537/277/119 538/274/119
f 542/278/121 539/279/120 540/276/120
f 544/280/122 541/281/121 542/278/121
f 546/282/123 543/283/122 544/280/122
f 548/284/124 545/285/123 546/282/123
f 550/286/125 547/287/124 548/284/124
f 552/288/126 549/289/125 550/286/125
f 554/290/127 551/291/126 552/288/126
f 556/292/128 553/293/127 554/290/127
f 558/294/129 555/295/128 556/292/128
f 560/296/130 557/297/129 558/294/129
f 562/298/131 559/299/130 560/296/130
f 564/300/132 561/301/131 562/298/131
f 466/205/83 563/302/132 564/300/132
f 568/155/133 565/78/134 566/156/134
f 570/157/135 567/158/133 568/155/133
f 572/159/136 569/160/135 570/157/135
f 574/161/137 571/162/136 572/159/136
f 576/163/138 573/164/137 574/161/137
f 578/165/65 575/166/138 576/163/138
f 580/167/139 577/168/65 578/165/65
f 582/169/140 579/170/139 580/167/139
f 584/171/141 581/172/140 582/169/140
f 586/173/142 583/174/141 584/171/141
f 588/175/143 585/176/142 586/173/142
f 590/177/144 587/178/143 588/175/143
f 592/179/145 589/180/144 590/177/144
f 594/181/146 591/182/147 592/179/145
f 596/183/148 593/184/146 594/181/146
f 598/185/149 595/186/148 596/183/148
f 600/187/150 597/188/149 598/185/149
f 602/189/151 599/190/150 600/187/150
f 604/191/152 601/192/151 602/189/151
f 606/193/153 603/194/152 604/191/152
f 608/195/154 605/196/153 606/193/153
f 610/197/155 607/198/154 608/195/154
f 612/199/156 609/200/155 610/197/155
f 614/201/157 611/202/156 612/199/156
f 616/203/158 613/204/157 614/201/157
f 566/205/134 615/206/158 616/203/158
f 312/155/3 311/158/3 309/78/4
f 314/157/5 313/160/5 311/158/3
f 316/159/6 315/162/6 313/160/5
f 318/161/7 317/164/7 315/162/6
f 320/163/8 319/166/8 317/164/7
f 322/165/9 321/168/9 319/166/8
f 324/167/10 323/170/10 321/168/9
f 326/169/11 325/172/11 323/170/10
f 328/171/12 327/174/12 325/172/11
f 330/173/13 329/176/13 327/174/12
f 332/175/14 331/178/14 329/176/13
f 334/177/15 333/180/15 331/178/14
f 336/179/16 335/182/16 333/180/15
f 338/181/17 337/184/17 335/182/16
f 340/183/18 339/186/18 337/184/17
f 342/185/19 341/188/19 339/186/18
f 344/187/20 343/190/20 341/188/19
f 346/189/21 345/192/21 343/190/20
f 348/191/22 347/194/22 345/192/21
f 350/193/23 349/196/23 347/194/22
f 352/195/24 351/198/24 349/196/23
f 354/197/25 353/200/25 351/198/24
f 356/199/26 355/202/26 353/200/25
f 358/201/27 357/204/27 355/202/26
f 360/203/28 359/206/28 357/204/27
f 310/205/4 309/102/4 359/206/28
f 364/155/29 363/158/29 361/78/30
f 366/157/31 365/160/31 363/158/29
f 368/159/32 367/162/32 365/160/31
f 370/161/33 369/164/33 367/162/32
f 372/163/34 371/166/34 369/164/33
f 374/165/35 373/168/35 371/166/34
f 376/167/36 375/170/36 373/168/35
f 378/169/37 377/172/37 375/170/36
f 380/171/38 379/174/38 377/172/37
f 382/173/39 381/176/39 379/174/38
f 384/175/40 383/178/40 381/176/39
f 386/177/41 385/180/41 383/178/40
f 388/179/42 387/182/42 385/180/41
f 390/181/43 389/184/43 387/182/42
f 392/183/44 391/186/44 389/184/43
f 394/185/45 393/188/45 391/186/44
f 396/187/46 395/190/46 393/188/45
f 398/189/47 397/192/49 395/190/46
f 400/191/48 399/194/48 397/192/49
f 402/193/50 401/196/50 399/194/48
f 404/195/51 403/198/51 401/196/50
f 406/197/52 405/200/52 403/198/51
f 408/199/53 407/202/53 405/200/52
f 410/201/54 409/204/54 407/202/53
f 412/203/55 411/206/55 409/204/54
f 362/205/30 361/102/30 411/206/55
f 416/155/56 415/158/56 413/78/57
f 418/157/58 417/160/58 415/158/56
f 420/159/59 419/162/59 417/160/58
f 422/161/60 421/164/60 419/162/59
f 424/163/61 423/166/61 421/164/60
f 426/165/62 425/168/62 423/166/61
f 428/167/63 427/170/63 425/168/62
f 430/169/64 429/172/64 427/170/63
f 432/171/65 431/174/65 429/172/64
f 434/173/66 433/176/66 431/174/65
f 436/175/67 435/178/67 433/176/66
f 438/177/68 437/180/68 435/178/67
f 440/179/69 439/182/69 437/180/68
f 442/181/70 441/184/70 439/182/69
f 444/183/71 443/186/71 441/184/70
f 446/185/72 445/188/72 443/186/71
f 448/187/73 447/190/73 445/188/72
f 450/189/74 449/192/74 447/190/73
f 452/191/75 451/194/75 449/192/74
f 454/193/76 453/196/76 451/194/75
f 456/195/77 455/198/77 453/196/76
f 458/197/78 457/200/78 455/198/77
f 460/199/79 459/202/79 457/200/78
f 462/201/80 461/204/80 459/202/79
f 464/203/81 463/206/81 461/204/80
f 414/205/57 413/102/57 463/206/81
f 468/207/82 467/209/82 465/78/83
f 470/208/84 469/211/84 467/209/82
f 472/210/85 471/213/85 469/211/84
f 474/212/86 473/215/86 471/213/85
f 476/214/87 475/217/87 473/215/86
f 478/216/88 477/219/88 475/217/87
f 480/218/89 479/221/89 477/219/88
f 482/220/90 481/223/90 479/221/89
f 484/222/91 483/225/91 481/223/90
f 486/224/92 485/227/92 483/225/91
f 488/226/93 487/229/95 485/227/92
f 490/228/94 489/231/94 487/229/95
f 492/230/96 491/233/96 489/231/94
f 494/232/97 493/235/97 491/233/96
f 496/234/98 495/237/98 493/235/97
f 498/236/99 497/239/99 495/237/98
f 500/238/100 499/241/100 497/239/99
f 502/240/101 501/243/101 499/241/100
f 504/242/102 503/245/102 501/243/101
f 506/244/103 505/247/103 503/245/102
f 508/246/104 507/249/104 505/247/103
f 510/248/105 509/251/105 507/249/104
f 512/250/106 511/253/106 509/251/105
f 514/252/107 513/254/107 511/253/106
f 516/179/108 515/182/108 513/254/107
f 518/255/109 517/257/109 515/182/108
f 520/256/110 519/259/110 517/257/109
f 522/258/111 521/261/111 519/259/110
f 524/260/112 523/263/112 521/261/111
f 526/262/113 525/265/113 523/263/112
f 528/264/114 527/267/114 525/265/113
f 530/266/115 529/269/115 527/267/114
f 532/268/116 531/271/116 529/269/115
f 534/270/117 533/273/117 531/271/116
f 536/272/118 535/275/118 533/273/117
f 538/274/119 537/277/119 535/275/118
f 540/276/120 539/279/120 537/277/119
f 542/278/121 541/281/121 539/279/120
f 544/280/122 543/283/122 541/281/121
f 546/282/123 545/285/123 543/283/122
f 548/284/124 547/287/124 545/285/123
f 550/286/125 549/289/125 547/287/124
f 552/288/126 551/291/126 549/289/125
f 554/290/127 553/293/127 551/291/126
f 556/292/128 555/295/128 553/293/127
f 558/294/129 557/297/129 555/295/128
f 560/296/130 559/299/130 557/297/129
f 562/298/131 561/301/131 559/299/130
f 564/300/132 563/302/132 561/301/131
f 466/205/83 465/102/83 563/302/132
f 568/155/133 567/158/133 565/78/134
f 570/157/135 569/160/135 567/158/133
f 572/159/136 571/162/136 569/160/135
f 574/161/137 573/164/137 571/162/136
f 576/163/138 575/166/138 573/164/137
f 578/165/65 577/168/65 575/166/138
f 580/167/139 579/170/139 577/168/65
f 582/169/140 581/172/140 579/170/139
f 584/171/141 583/174/141 581/172/140
f 586/173/142 585/176/142 583/174/141
f 588/175/143 587/178/143 585/176/142
f 590/177/144 589/180/144 587/178/143
f 592/179/145 591/182/147 589/180/144
f 594/181/146 593/184/146 591/182/147
f 596/183/148 595/186/148 593/184/146
f 598/185/149 597/188/149 595/186/148
f 600/187/150 599/190/150 597/188/149
f 602/189/151 601/192/151 599/190/150
f 604/191/152 603/194/152 601/192/151
f 606/193/153 605/196/153 603/194/152
f 608/195/154 607/198/154 605/196/153
f 610/197/155 609/200/155 607/198/154
f 612/199/156 611/202/156 609/200/155
f 614/201/157 613/204/157 611/202/156
f 616/203/158 615/206/158 613/204/157
f 566/205/134 565/102/134 615/206/158
o Text.001
v -1.587471 0.213175 -0.060000
v -1.625307 0.246940 -0.060000
v -1.641123 0.262082 -0.060000
v -1.657144 0.278368 -0.060000
v -1.673163 0.295539 -0.060000
v -1.688978 0.313340 -0.060000
v -1.704392 0.331514 -0.060000
v -1.719210 0.349807 -0.060000
v -1.733237 0.367962 -0.060000
v -1.746278 0.385717 -0.060000
v -1.758137 0.402805 -0.060000
v -1.768610 0.418945 -0.060000
v -1.754711 0.395650 -0.060000
v -1.516961 0.348571 -0.060000
v -1.521347 0.332784 -0.060000
v -1.531726 0.295452 -0.060000
v -1.542168 0.257926 -0.060000
v -1.552515 0.220777 -0.060000
v -1.562612 0.184574 -0.060000
v -1.572302 0.149886 -0.060000
v -1.581429 0.117285 -0.060000
v -1.589835 0.087342 -0.060000
v -1.597365 0.060628 -0.060000
v -1.603859 0.037719 -0.060000
v -1.609158 0.019200 -0.060000
v -1.613054 0.005814 -0.060000
v -1.614558 0.001065 -0.060000
v -1.616267 -0.004310 -0.060000
v -1.618089 -0.010014 -0.060000
v -1.619995 -0.015960 -0.060000
v -1.621957 -0.022059 -0.060000
v -1.623946 -0.028224 -0.060000
v -1.625936 -0.034367 -0.060000
v -1.627896 -0.040400 -0.060000
v -1.629800 -0.046237 -0.060000
v -1.631620 -0.051788 -0.060000
v -1.633326 -0.056963 -0.060000
v -1.641636 -0.082002 -0.060000
v -1.514258 -0.114970 -0.060000
v -1.510337 -0.087334 -0.060000
v -1.509494 -0.081813 -0.060000
v -1.508570 -0.076159 -0.060000
v -1.507565 -0.070390 -0.060000
v -1.506478 -0.064527 -0.060000
v -1.505312 -0.058587 -0.060000
v -1.504066 -0.052589 -0.060000
v -1.502740 -0.046552 -0.060000
v -1.501335 -0.040496 -0.060000
v -1.499853 -0.034438 -0.060000
v -1.498293 -0.028398 -0.060000
v -1.496623 -0.022272 -0.060000
v -1.401563 0.324697 -0.060000
v -1.198377 0.283660 -0.060000
v -1.167478 0.401078 -0.060000
v -1.198177 0.403471 -0.060000
v -1.204776 0.404069 -0.060000
v -1.211318 0.404743 -0.060000
v -1.217836 0.405488 -0.060000
v -1.224359 0.406303 -0.060000
v -1.230918 0.407186 -0.060000
v -1.237543 0.408132 -0.060000
v -1.244261 0.409140 -0.060000
v -1.251102 0.410207 -0.060000
v -1.258092 0.411330 -0.060000
v -1.265260 0.412505 -0.060000
v -1.272503 0.413707 -0.060000
v -1.372588 0.431755 -0.060000
v -1.345695 0.525473 -0.060000
v -1.343971 0.531457 -0.060000
v -1.342253 0.537084 -0.060000
v -1.340505 0.542485 -0.060000
v -1.338728 0.547659 -0.060000
v -1.336925 0.552604 -0.060000
v -1.335097 0.557319 -0.060000
v -1.333246 0.561802 -0.060000
v -1.331376 0.566053 -0.060000
v -1.329489 0.570070 -0.060000
v -1.327589 0.573851 -0.060000
v -1.325680 0.577396 -0.060000
v -1.310237 0.604096 -0.060000
v -1.442797 0.636466 -0.060000
v -1.447368 0.611313 -0.060000
v -1.448207 0.606927 -0.060000
v -1.449125 0.602324 -0.060000
v -1.450119 0.597514 -0.060000
v -1.451186 0.592508 -0.060000
v -1.452320 0.587313 -0.060000
v -1.453520 0.581939 -0.060000
v -1.454781 0.576394 -0.060000
v -1.456099 0.570686 -0.060000
v -1.457472 0.564824 -0.060000
v -1.458894 0.558815 -0.060000
v -1.460279 0.553020 -0.060000
v -1.488221 0.453108 -0.060000
v -1.505903 0.456498 -0.060000
v -1.542285 0.463495 -0.060000
v -1.578729 0.470527 -0.060000
v -1.614661 0.477486 -0.060000
v -1.649506 0.484263 -0.060000
v -1.682691 0.490751 -0.060000
v -1.713640 0.496842 -0.060000
v -1.741777 0.502428 -0.060000
v -1.766521 0.507398 -0.060000
v -1.787284 0.511643 -0.060000
v -1.803445 0.515044 -0.060000
v -1.814312 0.517465 -0.060000
v -1.817110 0.518165 -0.060000
v -1.820248 0.518960 -0.060000
v -1.823439 0.519784 -0.060000
v -1.826649 0.520638 -0.060000
v -1.829840 0.521518 -0.060000
v -1.832974 0.522424 -0.060000
v -1.836009 0.523349 -0.060000
v -1.838899 0.524287 -0.060000
v -1.841596 0.525229 -0.060000
v -1.844044 0.526160 -0.060000
v -1.846181 0.527055 -0.060000
v -1.858900 0.533024 -0.060000
v -1.932805 0.481291 -0.060000
v -1.912727 0.443036 -0.060000
v -1.898453 0.418259 -0.060000
v -1.882359 0.392209 -0.060000
v -1.864757 0.365279 -0.060000
v -1.845967 0.337882 -0.060000
v -1.826309 0.310442 -0.060000
v -1.806106 0.283385 -0.060000
v -1.785679 0.257140 -0.060000
v -1.765345 0.232134 -0.060000
v -1.745414 0.208789 -0.060000
v -1.726186 0.187519 -0.060000
v -1.698125 0.158627 -0.060000
v -1.587471 0.213175 0.060000
v -1.625307 0.246940 0.060000
v -1.641123 0.262082 0.060000
v -1.657144 0.278368 0.060000
v -1.673163 0.295539 0.060000
v -1.688978 0.313340 0.060000
v -1.704392 0.331514 0.060000
v -1.719210 0.349807 0.060000
v -1.733237 0.367962 0.060000
v -1.746278 0.385717 0.060000
v -1.758137 0.402805 0.060000
v -1.768610 0.418945 0.060000
v -1.754711 0.395650 0.060000
v -1.516961 0.348571 0.060000
v -1.521347 0.332784 0.060000
v -1.531726 0.295452 0.060000
v -1.542168 0.257926 0.060000
v -1.552515 0.220777 0.060000
v -1.562612 0.184574 0.060000
v -1.572302 0.149886 0.060000
v -1.581429 0.117285 0.060000
v -1.589835 0.087342 0.060000
v -1.597365 0.060628 0.060000
v -1.603859 0.037719 0.060000
v -1.609158 0.019200 0.060000
v -1.613054 0.005814 0.060000
v -1.614558 0.001065 0.060000
v -1.616267 -0.004310 0.060000
v -1.618089 -0.010014 0.060000
v -1.619995 -0.015960 0.060000
v -1.621957 -0.022059 0.060000
v -1.623946 -0.028224 0.060000
v -1.625936 -0.034367 0.060000
v -1.627896 -0.040400 0.060000
v -1.629800 -0.046237 0.060000
v -1.631620 -0.051788 0.060000
v -1.633326 -0.056963 0.060000
v -1.641636 -0.082002 0.060000
v -1.514258 -0.114970 0.060000
v -1.510337 -0.087334 0.060000
v -1.509494 -0.081813 0.060000
v -1.508570 -0.076159 0.060000
v -1.507565 -0.070390 0.060000
v -1.506478 -0.064527 0.060000
v -1.505312 -0.058587 0.060000
v -1.504066 -0.052589 0.060000
v -1.502740 -0.046552 0.060000
v -1.501335 -0.040496 0.060000
v -1.499853 -0.034438 0.060000
v -1.498293 -0.028398 0.060000
v -1.496623 -0.022272 0.060000
v -1.401563 0.324697 0.060000
v -1.198377 0.283660 0.060000
v -1.167478 0.401078 0.060000
v -1.198177 0.403471 0.060000
v -1.204776 0.404069 0.060000
v -1.211318 0.404743 0.060000
v -1.217836 0.405488 0.060000
v -1.224359 0.406303 0.060000
v -1.230918 0.407186 0.060000
v -1.237543 0.408132 0.060000
v -1.244261 0.409140 0.060000
v -1.251102 0.410207 0.060000
v -1.258092 0.411330 0.060000
v -1.265260 0.412505 0.060000
v -1.272503 0.413707 0.060000
v -1.372588 0.431755 0.060000
v -1.345695 0.525473 0.060000
v -1.343971 0.531457 0.060000
v -1.342253 0.537084 0.060000
v -1.340505 0.542485 0.060000
v -1.338728 0.547659 0.060000
v -1.336925 0.552604 0.060000
v -1.335097 0.557319 0.060000
v -1.333246 0.561802 0.060000
v -1.331376 0.566053 0.060000
v -1.329489 0.570070 0.060000
v -1.327589 0.573851 0.060000
v -1.325680 0.577396 0.060000
v -1.310237 0.604096 0.060000
v -1.442797 0.636466 0.060000
v -1.447368 0.611313 0.060000
v -1.448207 0.606927 0.060000
v -1.449125 0.602324 0.060000
v -1.450119 0.597514 0.060000
v -1.451186 0.592508 0.060000
v -1.452320 0.587313 0.060000
v -1.453520 0.581939 0.060000
v -1.454781 0.576394 0.060000
v -1.456099 0.570686 0.060000
v -1.457472 0.564824 0.060000
v -1.458894 0.558815 0.060000
v -1.460279 0.553020 0.060000
v -1.488221 0.453108 0.060000
v -1.505903 0.456498 0.060000
v -1.542285 0.463495 0.060000
v -1.578729 0.470527 0.060000
v -1.614661 0.477486 0.060000
v -1.649506 0.484263 0.060000
v -1.682691 0.490751 0.060000
v -1.713640 0.496842 0.060000
v -1.741777 0.502428 0.060000
v -1.766521 0.507398 0.060000
v -1.787284 0.511643 0.060000
v -1.803445 0.515044 0.060000
v -1.814312 0.517465 0.060000
v -1.817110 0.518165 0.060000
v -1.820248 0.518960 0.060000
v -1.823439 0.519784 0.060000
v -1.826649 0.520638 0.060000
v -1.829840 0.521518 0.060000
v -1.832974 0.522424 0.060000
v -1.836009 0.523349 0.060000
v -1.838899 0.524287 0.060000
v -1.841596 0.525229 0.060000
v -1.844044 0.526160 0.060000
v -1.846181 0.527055 0.060000
v -1.858900 0.533024 0.060000
v -1.932805 0.481291 0.060000
v -1.912727 0.443036 0.060000
v -1.898453 0.418259 0.060000
v -1.882359 0.392209 0.060000
v -1.864757 0.365279 0.060000
v -1.845967 0.337882 0.060000
v -1.826309 0.310442 0.060000
v -1.806106 0.283385 0.060000
v -1.785679 0.257140 0.060000
v -1.765345 0.232134 0.060000
v -1.745414 0.208789 0.060000
v -1.726186 0.187519 0.060000
v -1.698125 0.158627 0.060000
v -1.587471 0.213175 0.060000
v -1.587471 0.213175 -0.060000
v -1.625307 0.246940 0.060000
v -1.625307 0.246940 -0.060000
v -1.641123 0.262082 0.060000
v -1.641123 0.262082 -0.060000
v -1.657144 0.278368 0.060000
v -1.657144 0.278368 -0.060000
v -1.673163 0.295539 0.060000
v -1.673163 0.295539 -0.060000
v -1.688978 0.313340 0.060000
v -1.688978 0.313340 -0.060000
v -1.704392 0.331514 0.060000
v -1.704392 0.331514 -0.060000
v -1.719210 0.349807 0.060000
v -1.719210 0.349807 -0.060000
v -1.733237 0.367962 0.060000
v -1.733237 0.367962 -0.060000
v -1.746278 0.385717 0.060000
v -1.746278 0.385717 -0.060000
v -1.758137 0.402805 0.060000
v -1.758137 0.402805 -0.060000
v -1.768610 0.418945 0.060000
v -1.768610 0.418945 -0.060000
v -1.754711 0.395650 0.060000
v -1.754711 0.395650 -0.060000
v -1.516961 0.348571 0.060000
v -1.516961 0.348571 -0.060000
v -1.521347 0.332784 0.060000
v -1.521347 0.332784 -0.060000
v -1.531726 0.295452 0.060000
v -1.531726 0.295452 -0.060000
v -1.542168 0.257926 0.060000
v -1.542168 0.257926 -0.060000
v -1.552515 0.220777 0.060000
v -1.552515 0.220777 -0.060000
v -1.562612 0.184574 0.060000
v -1.562612 0.184574 -0.060000
v -1.572302 0.149886 0.060000
v -1.572302 0.149886 -0.060000
v -1.581429 0.117285 0.060000
v -1.581429 0.117285 -0.060000
v -1.589835 0.087342 0.060000
v -1.589835 0.087342 -0.060000
v -1.597365 0.060628 0.060000
v -1.597365 0.060628 -0.060000
v -1.603859 0.037719 0.060000
v -1.603859 0.037719 -0.060000
v -1.609158 0.019200 0.060000
v -1.609158 0.019200 -0.060000
v -1.613054 0.005814 0.060000
v -1.613054 0.005814 -0.060000
v -1.614558 0.001065 0.060000
v -1.614558 0.001065 -0.060000
v -1.616267 -0.004310 0.060000
v -1.616267 -0.004310 -0.060000
v -1.618089 -0.010014 0.060000
v -1.618089 -0.010014 -0.060000
v -1.619995 -0.015960 0.060000
v -1.619995 -0.015960 -0.060000
v -1.621957 -0.022059 0.060000
v -1.621957 -0.022059 -0.060000
v -1.623946 -0.028224 0.060000
v -1.623946 -0.028224 -0.060000
v -1.625936 -0.034367 0.060000
v -1.625936 -0.034367 -0.060000
v -1.627896 -0.040400 0.060000
v -1.627896 -0.040400 -0.060000
v -1.629800 -0.046237 0.060000
v -1.629800 -0.046237 -0.060000
v -1.631620 -0.051788 0.060000
v -1.631620 -0.051788 -0.060000
v -1.633326 -0.056963 0.060000
v -1.633326 -0.056963 -0.060000
v -1.641636 -0.082002 0.060000
v -1.641636 -0.082002 -0.060000
v -1.514258 -0.114970 0.060000
v -1.514258 -0.114970 -0.060000
v -1.510337 -0.087334 0.060000
v -1.510337 -0.087334 -0.060000
v -1.509494 -0.081813 0.060000
v -1.509494 -0.081813 -0.060000
v -1.508570 -0.076159 0.060000
v -1.508570 -0.076159 -0.060000
v -1.507565 -0.070390 0.060000
v -1.507565 -0.070390 -0.060000
v -1.506478 -0.064527 0.060000
v -1.506478 -0.064527 -0.060000
v -1.505312 -0.058587 0.060000
v -1.505312 -0.058587 -0.060000
v -1.504066 -0.052589 0.060000
v -1.504066 -0.052589 -0.060000
v -1.502740 -0.046552 0.060000
v -1.502740 -0.046552 -0.060000
v -1.501335 -0.040496 0.060000
v -1.501335 -0.040496 -0.060000
v -1.499853 -0.034438 0.060000
v -1.499853 -0.034438 -0.060000
v -1.498293 -0.028398 0.060000
v -1.498293 -0.028398 -0.060000
v -1.496623 -0.022272 0.060000
v -1.496623 -0.022272 -0.060000
v -1.401563 0.324697 0.060000
v -1.401563 0.324697 -0.060000
v -1.198377 0.283660 0.060000
v -1.198377 0.283660 -0.060000
v -1.167478 0.401078 0.060000
v -1.167478 0.401078 -0.060000
v -1.198177 0.403471 0.060000
v -1.198177 0.403471 -0.060000
v -1.204776 0.404069 0.060000
v -1.204776 0.404069 -0.060000
v -1.211318 0.404743 0.060000
v -1.211318 0.404743 -0.060000
v -1.217836 0.405488 0.060000
v -1.217836 0.405488 -0.060000
v -1.224359 0.406303 0.060000
v -1.224359 0.406303 -0.060000
v -1.230918 0.407186 0.060000
v -1.230918 0.407186 -0.060000
v -1.237543 0.408132 0.060000
v -1.237543 0.408132 -0.060000
v -1.244261 0.409140 0.060000
v -1.244261 0.409140 -0.060000
v -1.251102 0.410207 0.060000
v -1.251102 0.410207 -0.060000
v -1.258092 0.411330 0.060000
v -1.258092 0.411330 -0.060000
v -1.265260 0.412505 0.060000
v -1.265260 0.412505 -0.060000
v -1.272503 0.413707 0.060000
v -1.272503 0.413707 -0.060000
v -1.372588 0.431755 0.060000
v -1.372588 0.431755 -0.060000
v -1.345695 0.525473 0.060000
v -1.345695 0.525473 -0.060000
v -1.343971 0.531457 0.060000
v -1.343971 0.531457 -0.060000
v -1.342253 0.537084 0.060000
v -1.342253 0.537084 -0.060000
v -1.340505 0.542485 0.060000
v -1.340505 0.542485 -0.060000
v -1.338728 0.547659 0.060000
v -1.338728 0.547659 -0.060000
v -1.336925 0.552604 0.060000
v -1.336925 0.552604 -0.060000
v -1.335097 0.557319 0.060000
v -1.335097 0.557319 -0.060000
v -1.333246 0.561802 0.060000
v -1.333246 0.561802 -0.060000
v -1.331376 0.566053 0.060000
v -1.331376 0.566053 -0.060000
v -1.329489 0.570070 0.060000
v -1.329489 0.570070 -0.060000
v -1.327589 0.573851 0.060000
v -1.327589 0.573851 -0.060000
v -1.325680 0.577396 0.060000
v -1.325680 0.577396 -0.060000
v -1.310237 0.604096 0.060000
v -1.310237 0.604096 -0.060000
v -1.442797 0.636466 0.060000
v -1.442797 0.636466 -0.060000
v -1.447368 0.611313 0.060000
v -1.447368 0.611313 -0.060000
v -1.448207 0.606927 0.060000
v -1.448207 0.606927 -0.060000
v -1.449125 0.602324 0.060000
v -1.449125 0.602324 -0.060000
v -1.450119 0.597514 0.060000
v -1.450119 0.597514 -0.060000
v -1.451186 0.592508 0.060000
v -1.451186 0.592508 -0.060000
v -1.452320 0.587313 0.060000
v -1.452320 0.587313 -0.060000
v -1.453520 0.581939 0.060000
v -1.453520 0.581939 -0.060000
v -1.454781 0.576394 0.060000
v -1.454781 0.576394 -0.060000
v -1.456099 0.570686 0.060000
v -1.456099 0.570686 -0.060000
v -1.457472 0.564824 0.060000
v -1.457472 0.564824 -0.060000
v -1.458894 0.558815 0.060000
v -1.458894 0.558815 -0.060000
v -1.460279 0.553020 0.060000
v -1.460279 0.553020 -0.060000
v -1.488221 0.453108 0.060000
v -1.488221 0.453108 -0.060000
v -1.505903 0.456498 0.060000
v -1.505903 0.456498 -0.060000
v -1.542285 0.463495 0.060000
v -1.542285 0.463495 -0.060000
v -1.578729 0.470527 0.060000
v -1.578729 0.470527 -0.060000
v -1.614661 0.477486 0.060000
v -1.614661 0.477486 -0.060000
v -1.649506 0.484263 0.060000
v -1.649506 0.484263 -0.060000
v -1.682691 0.490751 0.060000
v -1.682691 0.490751 -0.060000
v -1.713640 0.496842 0.060000
v -1.713640 0.496842 -0.060000
v -1.741777 0.502428 0.060000
v -1.741777 0.502428 -0.060000
v -1.766521 0.507398 0.060000
v -1.766521 0.507398 -0.060000
v -1.787284 0.511643 0.060000
v -1.787284 0.511643 -0.060000
v -1.803445 0.515044 0.060000
v -1.803445 0.515044 -0.060000
v -1.814312 0.517465 0.060000
v -1.814312 0.517465 -0.060000
v -1.817110 0.518165 0.060000
v -1.817110 0.518165 -0.060000
v -1.820248 0.518960 0.060000
v -1.820248 0.518960 -0.060000
v -1.823439 0.519784 0.060000
v -1.823439 0.519784 -0.060000
v -1.826649 0.520638 0.060000
v -1.826649 0.520638 -0.060000
v -1.829840 0.521518 0.060000
v -1.829840 0.521518 -0.060000
v -1.832974 0.522424 0.060000
v -1.832974 0.522424 -0.060000
v -1.836009 0.523349 0.060000
v -1.836009 0.523349 -0.060000
v -1.838899 0.524287 0.060000
v -1.838899 0.524287 -0.060000
v -1.841596 0.525229 0.060000
v -1.841596 0.525229 -0.060000
v -1.844044 0.526160 0.060000
v -1.844044 0.526160 -0.060000
v -1.846181 0.527055 0.060000
v -1.846181 0.527055 -0.060000
v -1.858900 0.533024 0.060000
v -1.858900 0.533024 -0.060000
v -1.932805 0.481291 0.060000
v -1.932805 0.481291 -0.060000
v -1.912727 0.443036 0.060000
v -1.912727 0.443036 -0.060000
v -1.898453 0.418259 0.060000
v -1.898453 0.418259 -0.060000
v -1.882359 0.392209 0.060000
v -1.882359 0.392209 -0.060000
v -1.864757 0.365279 0.060000
v -1.864757 0.365279 -0.060000
v -1.845967 0.337882 0.060000
v -1.845967 0.337882 -0.060000
v -1.826309 0.310442 0.060000
v -1.826309 0.310442 -0.060000
v -1.806106 0.283385 0.060000
v -1.806106 0.283385 -0.060000
v -1.785679 0.257140 0.060000
v -1.785679 0.257140 -0.060000
v -1.765345 0.232134 0.060000
v -1.765345 0.232134 -0.060000
v -1.745414 0.208789 0.060000
v -1.745414 0.208789 -0.060000
v -1.726186 0.187519 0.060000
v -1.726186 0.187519 -0.060000
v -1.698125 0.158627 0.060000
v -1.698125 0.158627 -0.060000
vn -0.0000 -0.0000 -1.0000
vn -0.0000 -0.0000 1.0000
vn 0.6788 0.7343 -0.0000
vn 0.9909 -0.1349 -0.0000
vn 0.7023 0.7119 -0.0000
vn 0.7221 0.6918 -0.0000
vn 0.7394 0.6732 -0.0000
vn 0.7552 0.6555 -0.0000
vn 0.7395 0.6732 -0.0000
vn 0.7699 0.6382 -0.0000
vn 0.7842 0.6205 -0.0000
vn 0.7987 0.6017 -0.0000
vn 0.8138 0.5811 -0.0000
vn 0.8303 0.5573 -0.0000
vn -0.5287 0.8488 -0.0000
vn -0.5763 -0.8173 -0.0000
vn -0.5278 0.8494 -0.0000
vn -0.8514 -0.5245 -0.0000
vn -0.9635 0.2678 -0.0000
vn -0.9634 0.2680 -0.0000
vn -0.9634 0.2682 -0.0000
vn -0.9633 0.2685 -0.0000
vn -0.9632 0.2688 -0.0000
vn -0.9631 0.2693 -0.0000
vn -0.9629 0.2699 -0.0000
vn -0.9626 0.2708 -0.0000
vn -0.9623 0.2720 -0.0000
vn -0.9618 0.2739 -0.0000
vn -0.9608 0.2773 -0.0000
vn -0.9568 0.2907 -0.0000
vn -0.9531 0.3025 -0.0000
vn -0.9528 0.3037 -0.0000
vn -0.9524 0.3048 -0.0000
vn -0.9521 0.3057 -0.0000
vn -0.9518 0.3066 -0.0000
vn -0.9515 0.3076 -0.0000
vn -0.9512 0.3085 -0.0000
vn -0.9509 0.3096 -0.0000
vn -0.9505 0.3108 -0.0000
vn -0.9500 0.3122 -0.0000
vn -0.9494 0.3140 -0.0000
vn -0.8783 -0.4781 -0.0000
vn 0.5549 -0.8319 -0.0000
vn -0.8783 -0.4782 -0.0000
vn 0.9893 -0.1457 -0.0000
vn 0.9877 -0.1562 -0.0000
vn 0.9860 -0.1665 -0.0000
vn 0.9842 -0.1769 -0.0000
vn 0.9823 -0.1874 -0.0000
vn 0.9802 -0.1981 -0.0000
vn 0.9779 -0.2090 -0.0000
vn 0.9755 -0.2202 -0.0000
vn 0.9728 -0.2318 -0.0000
vn 0.9698 -0.2439 -0.0000
vn 0.9665 -0.2565 -0.0000
vn 0.9646 -0.2636 -0.0000
vn 0.5244 -0.8515 -0.0000
vn 0.5287 -0.8488 -0.0000
vn 0.5244 -0.8514 -0.0000
vn 0.8151 0.5793 -0.0000
vn 0.0840 0.9965 -0.0000
vn 0.0964 0.9953 -0.0000
vn 0.1080 0.9941 -0.0000
vn 0.1188 0.9929 -0.0000
vn 0.1286 0.9917 -0.0000
vn 0.1374 0.9905 -0.0000
vn 0.1449 0.9894 -0.0000
vn 0.1513 0.9885 -0.0000
vn 0.1563 0.9877 -0.0000
vn 0.1602 0.9871 -0.0000
vn 0.1628 0.9867 -0.0000
vn 0.1706 0.9853 -0.0000
vn 0.8491 0.5282 -0.0000
vn 0.9611 -0.2763 -0.0000
vn 0.9587 -0.2844 -0.0000
vn 0.9611 -0.2764 -0.0000
vn 0.9540 -0.2999 -0.0000
vn 0.9486 -0.3164 -0.0000
vn 0.9427 -0.3337 -0.0000
vn 0.9360 -0.3521 -0.0000
vn 0.9284 -0.3716 -0.0000
vn 0.9199 -0.3922 -0.0000
vn 0.9103 -0.4140 -0.0000
vn 0.8994 -0.4371 -0.0000
vn 0.8871 -0.4616 -0.0000
vn 0.8732 -0.4874 -0.0000
vn 0.9197 0.3926 -0.0000
vn -0.5445 0.8388 -0.0000
vn -0.9831 0.1833 -0.0000
vn -0.9814 0.1917 -0.0000
vn -0.9800 0.1990 -0.0000
vn -0.9787 0.2054 -0.0000
vn -0.9775 0.2109 -0.0000
vn -0.9787 0.2053 -0.0000
vn -0.9765 0.2156 -0.0000
vn -0.9775 0.2108 -0.0000
vn -0.9755 0.2198 -0.0000
vn -0.9747 0.2234 -0.0000
vn -0.9740 0.2265 -0.0000
vn -0.9734 0.2292 -0.0000
vn -0.9729 0.2314 -0.0000
vn -0.9680 0.2509 -0.0000
vn -0.5264 0.8502 -0.0000
vn 0.1886 0.9821 -0.0000
vn -0.5264 0.8503 -0.0000
vn 0.1892 0.9819 -0.0000
vn 0.1898 0.9818 -0.0000
vn 0.1905 0.9817 -0.0000
vn 0.1914 0.9815 -0.0000
vn 0.1925 0.9813 -0.0000
vn 0.1939 0.9810 -0.0000
vn 0.1958 0.9806 -0.0000
vn 0.1986 0.9801 -0.0000
vn 0.2031 0.9792 -0.0000
vn 0.2117 0.9773 -0.0000
vn 0.2302 0.9731 -0.0000
vn 0.2442 0.9697 -0.0000
vn 0.2478 0.9688 -0.0000
vn 0.2535 0.9673 -0.0000
vn 0.2615 0.9652 -0.0000
vn 0.2718 0.9624 -0.0000
vn 0.2846 0.9587 -0.0000
vn 0.3003 0.9539 -0.0000
vn 0.3193 0.9476 -0.0000
vn 0.3425 0.9395 -0.0000
vn 0.3709 0.9287 -0.0000
vn 0.4057 0.9140 -0.0000
vn -0.0859 0.9963 -0.0000
vn -0.9717 0.2361 -0.0000
vn -0.8761 -0.4820 -0.0000
vn -0.8587 -0.5124 -0.0000
vn -0.8440 -0.5364 -0.0000
vn -0.8587 -0.5125 -0.0000
vn -0.8309 -0.5564 -0.0000
vn -0.8188 -0.5740 -0.0000
vn -0.8071 -0.5904 -0.0000
vn -0.7952 -0.6063 -0.0000
vn -0.7825 -0.6226 -0.0000
vn -0.7683 -0.6401 -0.0000
vn -0.7512 -0.6600 -0.0000
vn -0.7297 -0.6838 -0.0000
vn -0.1701 -0.9854 -0.0000
vt 0.190609 0.897118
vt 0.191611 0.897118
vt 0.191110 0.897118
vt 0.192112 0.897118
vt 0.192613 0.897118
vt 0.190108 0.897118
vt 0.193114 0.897118
vt 0.193615 0.897118
vt 0.194116 0.897118
vt 0.194617 0.897118
vt 0.195118 0.897118
vt 0.189607 0.897118
vt 0.195619 0.897118
vt 0.189106 0.897118
vt 0.196120 0.897118
vt 0.188604 0.897118
vt 0.188103 0.897118
vt 0.196621 0.897118
vt 0.187602 0.897118
vt 0.197123 0.897118
vt 0.187101 0.897118
vt 0.197624 0.897118
vt 0.186600 0.897118
vt 0.186099 0.897118
vt 0.185598 0.897118
vt 0.185097 0.897118
vt 0.209148 0.897118
vt 0.210150 0.897118
vt 0.209649 0.897118
vt 0.184596 0.897118
vt 0.208647 0.897118
vt 0.208146 0.897118
vt 0.184095 0.897118
vt 0.207645 0.897118
vt 0.207144 0.897118
vt 0.206643 0.897118
vt 0.206142 0.897118
vt 0.205641 0.897118
vt 0.205140 0.897118
vt 0.204639 0.897118
vt 0.204137 0.897118
vt 0.203636 0.897118
vt 0.203135 0.897118
vt 0.202634 0.897118
vt 0.202133 0.897118
vt 0.201632 0.897118
vt 0.201131 0.897118
vt 0.200630 0.897118
vt 0.200129 0.897118
vt 0.199628 0.897118
vt 0.210651 0.897118
vt 0.199127 0.897118
vt 0.198626 0.897118
vt 0.198125 0.897118
vt 0.211152 0.897118
vt 0.183594 0.897118
vt 0.156536 0.897118
vt 0.156035 0.897118
vt 0.157037 0.897118
vt 0.211653 0.897118
vt 0.183093 0.897118
vt 0.182592 0.897118
vt 0.182091 0.897118
vt 0.181590 0.897118
vt 0.181088 0.897118
vt 0.180587 0.897118
vt 0.180086 0.897118
vt 0.179585 0.897118
vt 0.179084 0.897118
vt 0.178583 0.897118
vt 0.178082 0.897118
vt 0.177581 0.897118
vt 0.155534 0.897118
vt 0.177080 0.897118
vt 0.157538 0.897118
vt 0.155033 0.897118
vt 0.212155 0.897118
vt 0.154532 0.897118
vt 0.212656 0.897118
vt 0.154031 0.897118
vt 0.176579 0.897118
vt 0.158040 0.897118
vt 0.213157 0.897118
vt 0.158541 0.897118
vt 0.153530 0.897118
vt 0.176078 0.897118
vt 0.153029 0.897118
vt 0.213658 0.897118
vt 0.152528 0.897118
vt 0.159042 0.897118
vt 0.214159 0.897118
vt 0.152027 0.897118
vt 0.151526 0.897118
vt 0.159543 0.897118
vt 0.214660 0.897118
vt 0.151025 0.897118
vt 0.215161 0.897118
vt 0.160044 0.897118
vt 0.216163 0.897118
vt 0.215662 0.897118
vt 0.160545 0.897118
vt 0.161046 0.897118
vt 0.161547 0.897118
vt 0.162048 0.897118
vt 0.162549 0.897118
vt 0.163050 0.897118
vt 0.163551 0.897118
vt 0.164052 0.897118
vt 0.164553 0.897118
vt 0.165054 0.897118
vt 0.165555 0.897118
vt 0.166057 0.897118
vt 0.166558 0.897118
vt 0.175577 0.897118
vt 0.167059 0.897118
vt 0.175076 0.897118
vt 0.167560 0.897118
vt 0.174575 0.897118
vt 0.168061 0.897118
vt 0.174074 0.897118
vt 0.168562 0.897118
vt 0.173573 0.897118
vt 0.169063 0.897118
vt 0.173071 0.897118
vt 0.169564 0.897118
vt 0.172570 0.897118
vt 0.172069 0.897118
vt 0.171568 0.897118
vt 0.171067 0.897118
vt 0.170566 0.897118
vt 0.170065 0.897118
vt 0.151522 0.962257
vt 0.151025 0.962257
vt 0.152019 0.962257
vt 0.151522 0.897118
vt 0.152516 0.962257
vt 0.152019 0.897118
vt 0.153014 0.962257
vt 0.152516 0.897118
vt 0.153511 0.962257
vt 0.153014 0.897118
vt 0.154008 0.962257
vt 0.153511 0.897118
vt 0.154505 0.962257
vt 0.154008 0.897118
vt 0.155003 0.962257
vt 0.154505 0.897118
vt 0.155500 0.962257
vt 0.155003 0.897118
vt 0.155997 0.962257
vt 0.155500 0.897118
vt 0.156494 0.962257
vt 0.155997 0.897118
vt 0.156991 0.962257
vt 0.156494 0.897118
vt 0.157489 0.962257
vt 0.156991 0.897118
vt 0.157986 0.962257
vt 0.157489 0.897118
vt 0.158483 0.962257
vt 0.157986 0.897118
vt 0.158980 0.962257
vt 0.158483 0.897118
vt 0.159478 0.962257
vt 0.158980 0.897118
vt 0.159975 0.962257
vt 0.159478 0.897118
vt 0.160472 0.962257
vt 0.159975 0.897118
vt 0.160969 0.962257
vt 0.160472 0.897118
vt 0.161467 0.962257
vt 0.160969 0.897118
vt 0.161964 0.962257
vt 0.161467 0.897118
vt 0.162461 0.962257
vt 0.161964 0.897118
vt 0.162958 0.962257
vt 0.162461 0.897118
vt 0.163456 0.962257
vt 0.162958 0.897118
vt 0.163953 0.962257
vt 0.163456 0.897118
vt 0.164450 0.962257
vt 0.163953 0.897118
vt 0.164947 0.962257
vt 0.164450 0.897118
vt 0.165445 0.962257
vt 0.164947 0.897118
vt 0.165942 0.962257
vt 0.165445 0.897118
vt 0.166439 0.962257
vt 0.165942 0.897118
vt 0.166936 0.962257
vt 0.166439 0.897118
vt 0.167434 0.962257
vt 0.166936 0.897118
vt 0.167931 0.962257
vt 0.167434 0.897118
vt 0.168428 0.962257
vt 0.167931 0.897118
vt 0.168925 0.962257
vt 0.168428 0.897118
vt 0.169422 0.962257
vt 0.168925 0.897118
vt 0.169920 0.962257
vt 0.169422 0.897118
vt 0.170417 0.962257
vt 0.169920 0.897118
vt 0.170914 0.962257
vt 0.170417 0.897118
vt 0.171411 0.962257
vt 0.170914 0.897118
vt 0.171909 0.962257
vt 0.171411 0.897118
vt 0.172406 0.962257
vt 0.171909 0.897118
vt 0.172903 0.962257
vt 0.172406 0.897118
vt 0.173400 0.962257
vt 0.172903 0.897118
vt 0.173898 0.962257
vt 0.173400 0.897118
vt 0.174395 0.962257
vt 0.173898 0.897118
vt 0.174892 0.962257
vt 0.174395 0.897118
vt 0.175389 0.962257
vt 0.174892 0.897118
vt 0.175887 0.962257
vt 0.175389 0.897118
vt 0.176384 0.962257
vt 0.175887 0.897118
vt 0.176881 0.962257
vt 0.176384 0.897118
vt 0.177378 0.962257
vt 0.176881 0.897118
vt 0.177876 0.962257
vt 0.177378 0.897118
vt 0.178373 0.962257
vt 0.177876 0.897118
vt 0.178870 0.962257
vt 0.178373 0.897118
vt 0.179367 0.962257
vt 0.178870 0.897118
vt 0.179865 0.962257
vt 0.179367 0.897118
vt 0.180362 0.962257
vt 0.179865 0.897118
vt 0.180859 0.962257
vt 0.180362 0.897118
vt 0.181356 0.962257
vt 0.180859 0.897118
vt 0.181853 0.962257
vt 0.181356 0.897118
vt 0.182351 0.962257
vt 0.181853 0.897118
vt 0.182848 0.962257
vt 0.182351 0.897118
vt 0.183345 0.962257
vt 0.182848 0.897118
vt 0.183842 0.962257
vt 0.183345 0.897118
vt 0.184340 0.962257
vt 0.183842 0.897118
vt 0.184837 0.962257
vt 0.184340 0.897118
vt 0.185334 0.962257
vt 0.184837 0.897118
vt 0.185831 0.962257
vt 0.185334 0.897118
vt 0.186329 0.962257
vt 0.185831 0.897118
vt 0.186826 0.962257
vt 0.186329 0.897118
vt 0.187323 0.962257
vt 0.186826 0.897118
vt 0.187820 0.962257
vt 0.187323 0.897118
vt 0.188318 0.962257
vt 0.187820 0.897118
vt 0.188815 0.962257
vt 0.188318 0.897118
vt 0.189312 0.962257
vt 0.188815 0.897118
vt 0.189809 0.962257
vt 0.189312 0.897118
vt 0.190307 0.962257
vt 0.189809 0.897118
vt 0.190804 0.962257
vt 0.190307 0.897118
vt 0.191301 0.962257
vt 0.190804 0.897118
vt 0.191798 0.962257
vt 0.191301 0.897118
vt 0.192295 0.962257
vt 0.191798 0.897118
vt 0.192793 0.962257
vt 0.192295 0.897118
vt 0.193290 0.962257
vt 0.192793 0.897118
vt 0.193787 0.962257
vt 0.193290 0.897118
vt 0.194284 0.962257
vt 0.193787 0.897118
vt 0.194782 0.962257
vt 0.194284 0.897118
vt 0.195279 0.962257
vt 0.194782 0.897118
vt 0.195776 0.962257
vt 0.195279 0.897118
vt 0.196273 0.962257
vt 0.195776 0.897118
vt 0.196771 0.962257
vt 0.196273 0.897118
vt 0.197268 0.962257
vt 0.196771 0.897118
vt 0.197765 0.962257
vt 0.197268 0.897118
vt 0.198262 0.962257
vt 0.197765 0.897118
vt 0.198760 0.962257
vt 0.198262 0.897118
vt 0.199257 0.962257
vt 0.198760 0.897118
vt 0.199754 0.962257
vt 0.199257 0.897118
vt 0.200251 0.962257
vt 0.199754 0.897118
vt 0.200749 0.962257
vt 0.200251 0.897118
vt 0.201246 0.962257
vt 0.200749 0.897118
vt 0.201743 0.962257
vt 0.201246 0.897118
vt 0.202240 0.962257
vt 0.201743 0.897118
vt 0.202738 0.962257
vt 0.202240 0.897118
vt 0.203235 0.962257
vt 0.202738 0.897118
vt 0.203732 0.962257
vt 0.203235 0.897118
vt 0.204229 0.962257
vt 0.203732 0.897118
vt 0.204727 0.962257
vt 0.204229 0.897118
vt 0.205224 0.962257
vt 0.204727 0.897118
vt 0.205721 0.962257
vt 0.205224 0.897118
vt 0.206218 0.962257
vt 0.205721 0.897118
vt 0.206715 0.962257
vt 0.206218 0.897118
vt 0.207213 0.962257
vt 0.206715 0.897118
vt 0.207710 0.962257
vt 0.207213 0.897118
vt 0.208207 0.962257
vt 0.207710 0.897118
vt 0.208704 0.962257
vt 0.208207 0.897118
vt 0.209202 0.962257
vt 0.208704 0.897118
vt 0.209699 0.962257
vt 0.209202 0.897118
vt 0.210196 0.962257
vt 0.209699 0.897118
vt 0.210693 0.962257
vt 0.210196 0.897118
vt 0.211191 0.962257
vt 0.210693 0.897118
vt 0.211688 0.962257
vt 0.211191 0.897118
vt 0.212185 0.962257
vt 0.211688 0.897118
vt 0.212682 0.962257
vt 0.212185 0.897118
vt 0.213180 0.962257
vt 0.212682 0.897118
vt 0.213677 0.962257
vt 0.213180 0.897118
vt 0.214174 0.962257
vt 0.213677 0.897118
vt 0.214671 0.962257
vt 0.214174 0.897118
vt 0.215169 0.962257
vt 0.214671 0.897118
vt 0.215666 0.962257
vt 0.215169 0.897118
vt 0.216163 0.962257
vt 0.215666 0.897118
s 0
f 696/303/159 698/304/159 697/305/159
f 696/303/159 699/306/159 698/304/159
f 696/303/159 700/307/159 699/306/159
f 695/308/159 700/307/159 696/303/159
f 695/308/159 701/309/159 700/307/159
f 695/308/159 702/310/159 701/309/159
f 695/308/159 703/311/159 702/310/159
f 695/308/159 704/312/159 703/311/159
f 695/308/159 705/313/159 704/312/159
f 694/314/159 705/313/159 695/308/159
f 694/314/159 706/315/159 705/313/159
f 693/316/159 706/315/159 694/314/159
f 693/316/159 707/317/159 706/315/159
f 692/318/159 707/317/159 693/316/159
f 691/319/159 707/317/159 692/318/159
f 691/319/159 708/320/159 707/317/159
f 690/321/159 708/320/159 691/319/159
f 690/321/159 709/322/159 708/320/159
f 689/323/159 709/322/159 690/321/159
f 689/323/159 710/324/159 709/322/159
f 688/325/159 710/324/159 689/323/159
f 687/326/159 710/324/159 688/325/159
f 686/327/159 710/324/159 687/326/159
f 685/328/159 710/324/159 686/327/159
f 733/329/159 735/330/159 734/331/159
f 684/332/159 710/324/159 685/328/159
f 732/333/159 735/330/159 733/329/159
f 731/334/159 735/330/159 732/333/159
f 683/335/159 710/324/159 684/332/159
f 730/336/159 735/330/159 731/334/159
f 729/337/159 735/330/159 730/336/159
f 728/338/159 735/330/159 729/337/159
f 727/339/159 735/330/159 728/338/159
f 726/340/159 735/330/159 727/339/159
f 725/341/159 735/330/159 726/340/159
f 724/342/159 735/330/159 725/341/159
f 723/343/159 735/330/159 724/342/159
f 722/344/159 735/330/159 723/343/159
f 721/345/159 735/330/159 722/344/159
f 720/346/159 735/330/159 721/345/159
f 719/347/159 735/330/159 720/346/159
f 718/348/159 735/330/159 719/347/159
f 717/349/159 735/330/159 718/348/159
f 716/350/159 735/330/159 717/349/159
f 715/351/159 735/330/159 716/350/159
f 714/352/159 735/330/159 715/351/159
f 714/352/159 736/353/159 735/330/159
f 713/354/159 736/353/159 714/352/159
f 712/355/159 736/353/159 713/354/159
f 711/356/159 736/353/159 712/355/159
f 710/324/159 736/353/159 711/356/159
f 683/335/159 736/353/159 710/324/159
f 683/335/159 737/357/159 736/353/159
f 682/358/159 628/359/159 683/335/159
f 628/359/159 737/357/159 683/335/159
f 682/358/159 627/360/159 628/359/159
f 629/361/159 737/357/159 628/359/159
f 629/361/159 738/362/159 737/357/159
f 681/363/159 627/360/159 682/358/159
f 680/364/159 627/360/159 681/363/159
f 679/365/159 627/360/159 680/364/159
f 678/366/159 627/360/159 679/365/159
f 677/367/159 627/360/159 678/366/159
f 676/368/159 627/360/159 677/367/159
f 675/369/159 627/360/159 676/368/159
f 674/370/159 627/360/159 675/369/159
f 673/371/159 627/360/159 674/370/159
f 672/372/159 627/360/159 673/371/159
f 671/373/159 627/360/159 672/372/159
f 670/374/159 627/360/159 671/373/159
f 670/374/159 626/375/159 627/360/159
f 669/376/159 630/377/159 670/374/159
f 630/377/159 626/375/159 670/374/159
f 630/377/159 738/362/159 629/361/159
f 630/377/159 625/378/159 738/362/159
f 625/378/159 739/379/159 738/362/159
f 630/377/159 625/378/159 626/375/159
f 624/380/159 739/379/159 625/378/159
f 624/380/159 740/381/159 739/379/159
f 623/382/159 740/381/159 624/380/159
f 669/376/159 668/383/159 630/377/159
f 668/383/159 631/384/159 630/377/159
f 623/382/159 741/385/159 740/381/159
f 668/383/159 632/386/159 631/384/159
f 622/387/159 741/385/159 623/382/159
f 667/388/159 632/386/159 668/383/159
f 621/389/159 741/385/159 622/387/159
f 621/389/159 742/390/159 741/385/159
f 620/391/159 742/390/159 621/389/159
f 667/388/159 633/392/159 632/386/159
f 620/391/159 743/393/159 742/390/159
f 619/394/159 743/393/159 620/391/159
f 618/395/159 743/393/159 619/394/159
f 667/388/159 634/396/159 633/392/159
f 618/395/159 744/397/159 743/393/159
f 617/398/159 744/397/159 618/395/159
f 617/398/159 745/399/159 744/397/159
f 667/388/159 635/400/159 634/396/159
f 747/401/159 745/399/159 617/398/159
f 747/401/159 746/402/159 745/399/159
f 667/388/159 636/403/159 635/400/159
f 667/388/159 637/404/159 636/403/159
f 667/388/159 638/405/159 637/404/159
f 667/388/159 639/406/159 638/405/159
f 667/388/159 640/407/159 639/406/159
f 667/388/159 641/408/159 640/407/159
f 667/388/159 642/409/159 641/408/159
f 667/388/159 643/410/159 642/409/159
f 667/388/159 644/411/159 643/410/159
f 667/388/159 645/412/159 644/411/159
f 667/388/159 646/413/159 645/412/159
f 667/388/159 647/414/159 646/413/159
f 667/388/159 648/415/159 647/414/159
f 666/416/159 648/415/159 667/388/159
f 666/416/159 649/417/159 648/415/159
f 665/418/159 649/417/159 666/416/159
f 665/418/159 650/419/159 649/417/159
f 664/420/159 650/419/159 665/418/159
f 664/420/159 651/421/159 650/419/159
f 663/422/159 651/421/159 664/420/159
f 663/422/159 652/423/159 651/421/159
f 662/424/159 652/423/159 663/422/159
f 662/424/159 653/425/159 652/423/159
f 661/426/159 653/425/159 662/424/159
f 661/426/159 654/427/159 653/425/159
f 660/428/159 654/427/159 661/426/159
f 659/429/159 654/427/159 660/428/159
f 658/430/159 654/427/159 659/429/159
f 657/431/159 654/427/159 658/430/159
f 656/432/159 654/427/159 657/431/159
f 656/432/159 655/433/159 654/427/159
f 827/303/160 828/305/160 829/304/160
f 827/303/160 829/304/160 830/306/160
f 827/303/160 830/306/160 831/307/160
f 826/308/160 827/303/160 831/307/160
f 826/308/160 831/307/160 832/309/160
f 826/308/160 832/309/160 833/310/160
f 826/308/160 833/310/160 834/311/160
f 826/308/160 834/311/160 835/312/160
f 826/308/160 835/312/160 836/313/160
f 825/314/160 826/308/160 836/313/160
f 825/314/160 836/313/160 837/315/160
f 824/316/160 825/314/160 837/315/160
f 824/316/160 837/315/160 838/317/160
f 823/318/160 824/316/160 838/317/160
f 822/319/160 823/318/160 838/317/160
f 822/319/160 838/317/160 839/320/160
f 821/321/160 822/319/160 839/320/160
f 821/321/160 839/320/160 840/322/160
f 820/323/160 821/321/160 840/322/160
f 820/323/160 840/322/160 841/324/160
f 819/325/160 820/323/160 841/324/160
f 818/326/160 819/325/160 841/324/160
f 817/327/160 818/326/160 841/324/160
f 816/328/160 817/327/160 841/324/160
f 864/329/160 865/331/160 866/330/160
f 815/332/160 816/328/160 841/324/160
f 863/333/160 864/329/160 866/330/160
f 862/334/160 863/333/160 866/330/160
f 814/335/160 815/332/160 841/324/160
f 861/336/160 862/334/160 866/330/160
f 860/337/160 861/336/160 866/330/160
f 859/338/160 860/337/160 866/330/160
f 858/339/160 859/338/160 866/330/160
f 857/340/160 858/339/160 866/330/160
f 856/341/160 857/340/160 866/330/160
f 855/342/160 856/341/160 866/330/160
f 854/343/160 855/342/160 866/330/160
f 853/344/160 854/343/160 866/330/160
f 852/345/160 853/344/160 866/330/160
f 851/346/160 852/345/160 866/330/160
f 850/347/160 851/346/160 866/330/160
f 849/348/160 850/347/160 866/330/160
f 848/349/160 849/348/160 866/330/160
f 847/350/160 848/349/160 866/330/160
f 846/351/160 847/350/160 866/330/160
f 845/352/160 846/351/160 866/330/160
f 845/352/160 866/330/160 867/353/160
f 844/354/160 845/352/160 867/353/160
f 843/355/160 844/354/160 867/353/160
f 842/356/160 843/355/160 867/353/160
f 841/324/160 842/356/160 867/353/160
f 814/335/160 841/324/160 867/353/160
f 814/335/160 867/353/160 868/357/160
f 813/358/160 814/335/160 759/359/160
f 759/359/160 814/335/160 868/357/160
f 813/358/160 759/359/160 758/360/160
f 760/361/160 759/359/160 868/357/160
f 760/361/160 868/357/160 869/362/160
f 812/363/160 813/358/160 758/360/160
f 811/364/160 812/363/160 758/360/160
f 810/365/160 811/364/160 758/360/160
f 809/366/160 810/365/160 758/360/160
f 808/367/160 809/366/160 758/360/160
f 807/368/160 808/367/160 758/360/160
f 806/369/160 807/368/160 758/360/160
f 805/370/160 806/369/160 758/360/160
f 804/371/160 805/370/160 758/360/160
f 803/372/160 804/371/160 758/360/160
f 802/373/160 803/372/160 758/360/160
f 801/374/160 802/373/160 758/360/160
f 801/374/160 758/360/160 757/375/160
f 800/376/160 801/374/160 761/377/160
f 761/377/160 801/374/160 757/375/160
f 761/377/160 760/361/160 869/362/160
f 761/377/160 869/362/160 756/378/160
f 756/378/160 869/362/160 870/379/160
f 761/377/160 757/375/160 756/378/160
f 755/380/160 756/378/160 870/379/160
f 755/380/160 870/379/160 871/381/160
f 754/382/160 755/380/160 871/381/160
f 800/376/160 761/377/160 799/383/160
f 799/383/160 761/377/160 762/384/160
f 754/382/160 871/381/160 872/385/160
f 799/383/160 762/384/160 763/386/160
f 753/387/160 754/382/160 872/385/160
f 798/388/160 799/383/160 763/386/160
f 752/389/160 753/387/160 872/385/160
f 752/389/160 872/385/160 873/390/160
f 751/391/160 752/389/160 873/390/160
f 798/388/160 763/386/160 764/392/160
f 751/391/160 873/390/160 874/393/160
f 750/394/160 751/391/160 874/393/160
f 749/395/160 750/394/160 874/393/160
f 798/388/160 764/392/160 765/396/160
f 749/395/160 874/393/160 875/397/160
f 748/398/160 749/395/160 875/397/160
f 748/398/160 875/397/160 876/399/160
f 798/388/160 765/396/160 766/400/160
f 878/401/160 748/398/160 876/399/160
f 878/401/160 876/399/160 877/402/160
f 798/388/160 766/400/160 767/403/160
f 798/388/160 767/403/160 768/404/160
f 798/388/160 768/404/160 769/405/160
f 798/388/160 769/405/160 770/406/160
f 798/388/160 770/406/160 771/407/160
f 798/388/160 771/407/160 772/408/160
f 798/388/160 772/408/160 773/409/160
f 798/388/160 773/409/160 774/410/160
f 798/388/160 774/410/160 775/411/160
f 798/388/160 775/411/160 776/412/160
f 798/388/160 776/412/160 777/413/160
f 798/388/160 777/413/160 778/414/160
f 798/388/160 778/414/160 779/415/160
f 797/416/160 798/388/160 779/415/160
f 797/416/160 779/415/160 780/417/160
f 796/418/160 797/416/160 780/417/160
f 796/418/160 780/417/160 781/419/160
f 795/420/160 796/418/160 781/419/160
f 795/420/160 781/419/160 782/421/160
f 794/422/160 795/420/160 782/421/160
f 794/422/160 782/421/160 783/423/160
f 793/424/160 794/422/160 783/423/160
f 793/424/160 783/423/160 784/425/160
f 792/426/160 793/424/160 784/425/160
f 792/426/160 784/425/160 785/427/160
f 791/428/160 792/426/160 785/427/160
f 790/429/160 791/428/160 785/427/160
f 789/430/160 790/429/160 785/427/160
f 788/431/160 789/430/160 785/427/160
f 787/432/160 788/431/160 785/427/160
f 787/432/160 785/427/160 786/433/160
s 1
f 882/434/161 879/398/162 880/435/162
f 884/436/163 881/437/161 882/434/161
f 886/438/164 883/439/163 884/436/163
f 888/440/165 885/441/164 886/438/164
f 890/442/166 887/443/167 888/440/165
f 892/444/168 889/445/166 890/442/166
f 894/446/169 891/447/168 892/444/168
f 896/448/170 893/449/169 894/446/169
f 898/450/171 895/451/170 896/448/170
f 900/452/172 897/453/171 898/450/171
f 902/454/173 899/455/172 900/452/172
f 904/456/174 901/457/175 902/454/173
f 906/458/176 903/459/174 904/456/174
f 908/460/177 905/461/176 906/458/176
f 910/462/178 907/463/177 908/460/177
f 912/464/179 909/465/178 910/462/178
f 914/466/180 911/467/179 912/464/179
f 916/468/181 913/469/180 914/466/180
f 918/470/182 915/471/181 916/468/181
f 920/472/183 917/473/182 918/470/182
f 922/474/184 919/475/183 920/472/183
f 924/476/185 921/477/184 922/474/184
f 926/478/186 923/479/185 924/476/185
f 928/480/187 925/481/186 926/478/186
f 930/482/188 927/483/187 928/480/187
f 932/484/189 929/485/188 930/482/188
f 934/486/190 931/487/189 932/484/189
f 936/488/191 933/489/190 934/486/190
f 938/490/192 935/491/191 936/488/191
f 940/492/193 937/493/192 938/490/192
f 942/494/194 939/495/193 940/492/193
f 944/496/195 941/497/194 942/494/194
f 946/498/196 943/499/195 944/496/195
f 948/500/197 945/501/196 946/498/196
f 950/502/198 947/503/197 948/500/197
f 952/504/199 949/505/198 950/502/198
f 954/506/200 951/507/199 952/504/199
f 956/508/201 953/509/202 954/506/200
f 958/510/203 955/511/201 956/508/201
f 960/512/204 957/513/203 958/510/203
f 962/514/205 959/515/204 960/512/204
f 964/516/206 961/517/205 962/514/205
f 966/518/207 963/519/206 964/516/206
f 968/520/208 965/521/207 966/518/207
f 970/522/209 967/523/208 968/520/208
f 972/524/210 969/525/209 970/522/209
f 974/526/211 971/527/210 972/524/210
f 976/528/212 973/529/211 974/526/211
f 978/530/213 975/531/212 976/528/212
f 980/532/214 977/533/213 978/530/213
f 982/534/215 979/535/214 980/532/214
f 984/536/216 981/537/217 982/534/215
f 986/538/218 983/539/216 984/536/216
f 988/540/219 985/541/218 986/538/218
f 990/542/220 987/543/219 988/540/219
f 992/544/221 989/545/220 990/542/220
f 994/546/222 991/547/221 992/544/221
f 996/548/223 993/549/222 994/546/222
f 998/550/224 995/551/223 996/548/223
f 1000/552/225 997/553/224 998/550/224
f 1002/554/226 999/555/225 1000/552/225
f 1004/556/227 1001/557/226 1002/554/226
f 1006/558/228 1003/559/227 1004/556/227
f 1008/560/229 1005/561/228 1006/558/228
f 1010/562/230 1007/563/229 1008/560/229
f 1012/564/231 1009/565/230 1010/562/230
f 1014/566/232 1011/567/231 1012/564/231
f 1016/568/233 1013/569/234 1014/566/232
f 1018/570/235 1015/571/233 1016/568/233
f 1020/572/236 1017/573/235 1018/570/235
f 1022/574/237 1019/575/236 1020/572/236
f 1024/576/238 1021/577/237 1022/574/237
f 1026/578/239 1023/579/238 1024/576/238
f 1028/580/240 1025/581/239 1026/578/239
f 1030/582/241 1027/583/240 1028/580/240
f 1032/584/242 1029/585/241 1030/582/241
f 1034/586/243 1031/587/242 1032/584/242
f 1036/588/244 1033/589/243 1034/586/243
f 1038/590/245 1035/591/244 1036/588/244
f 1040/592/246 1037/593/245 1038/590/245
f 1042/594/247 1039/595/246 1040/592/246
f 1044/596/248 1041/597/247 1042/594/247
f 1046/598/249 1043/599/248 1044/596/248
f 1048/600/250 1045/601/249 1046/598/249
f 1050/602/251 1047/603/252 1048/600/250
f 1052/604/253 1049/605/254 1050/602/251
f 1054/606/255 1051/607/253 1052/604/253
f 1056/608/256 1053/609/255 1054/606/255
f 1058/610/257 1055/611/256 1056/608/256
f 1060/612/258 1057/613/257 1058/610/257
f 1062/614/259 1059/615/258 1060/612/258
f 1064/616/260 1061/617/259 1062/614/259
f 1066/618/261 1063/619/260 1064/616/260
f 1068/620/262 1065/621/263 1066/618/261
f 1070/622/264 1067/623/262 1068/620/262
f 1072/624/265 1069/625/264 1070/622/264
f 1074/626/266 1071/627/265 1072/624/265
f 1076/628/267 1073/629/266 1074/626/266
f 1078/630/268 1075/631/267 1076/628/267
f 1080/632/269 1077/633/268 1078/630/268
f 1082/634/270 1079/635/269 1080/632/269
f 1084/636/271 1081/637/270 1082/634/270
f 1086/638/272 1083/639/271 1084/636/271
f 1088/640/273 1085/641/272 1086/638/272
f 1090/642/274 1087/643/273 1088/640/273
f 1092/644/275 1089/645/274 1090/642/274
f 1094/646/276 1091/647/275 1092/644/275
f 1096/648/277 1093/649/276 1094/646/276
f 1098/650/278 1095/651/277 1096/648/277
f 1100/652/279 1097/653/278 1098/650/278
f 1102/654/280 1099/655/279 1100/652/279
f 1104/656/281 1101/657/280 1102/654/280
f 1106/658/282 1103/659/281 1104/656/281
f 1108/660/283 1105/661/282 1106/658/282
f 1110/662/284 1107/663/283 1108/660/283
f 1112/664/285 1109/665/284 1110/662/284
f 1114/666/286 1111/667/285 1112/664/285
f 1116/668/287 1113/669/286 1114/666/286
f 1118/670/288 1115/671/287 1116/668/287
f 1120/672/289 1117/673/288 1118/670/288
f 1122/674/290 1119/675/291 1120/672/289
f 1124/676/292 1121/677/290 1122/674/290
f 1126/678/293 1123/679/292 1124/676/292
f 1128/680/294 1125/681/293 1126/678/293
f 1130/682/295 1127/683/294 1128/680/294
f 1132/684/296 1129/685/295 1130/682/295
f 1134/686/297 1131/687/296 1132/684/296
f 1136/688/298 1133/689/297 1134/686/297
f 1138/690/299 1135/691/298 1136/688/298
f 1140/692/300 1137/693/299 1138/690/299
f 880/694/162 1139/695/300 1140/692/300
f 882/434/161 881/437/161 879/398/162
f 884/436/163 883/439/163 881/437/161
f 886/438/164 885/441/164 883/439/163
f 888/440/165 887/443/167 885/441/164
f 890/442/166 889/445/166 887/443/167
f 892/444/168 891/447/168 889/445/166
f 894/446/169 893/449/169 891/447/168
f 896/448/170 895/451/170 893/449/169
f 898/450/171 897/453/171 895/451/170
f 900/452/172 899/455/172 897/453/171
f 902/454/173 901/457/175 899/455/172
f 904/456/174 903/459/174 901/457/175
f 906/458/176 905/461/176 903/459/174
f 908/460/177 907/463/177 905/461/176
f 910/462/178 909/465/178 907/463/177
f 912/464/179 911/467/179 909/465/178
f 914/466/180 913/469/180 911/467/179
f 916/468/181 915/471/181 913/469/180
f 918/470/182 917/473/182 915/471/181
f 920/472/183 919/475/183 917/473/182
f 922/474/184 921/477/184 919/475/183
f 924/476/185 923/479/185 921/477/184
f 926/478/186 925/481/186 923/479/185
f 928/480/187 927/483/187 925/481/186
f 930/482/188 929/485/188 927/483/187
f 932/484/189 931/487/189 929/485/188
f 934/486/190 933/489/190 931/487/189
f 936/488/191 935/491/191 933/489/190
f 938/490/192 937/493/192 935/491/191
f 940/492/193 939/495/193 937/493/192
f 942/494/194 941/497/194 939/495/193
f 944/496/195 943/499/195 941/497/194
f 946/498/196 945/501/196 943/499/195
f 948/500/197 947/503/197 945/501/196
f 950/502/198 949/505/198 947/503/197
f 952/504/199 951/507/199 949/505/198
f 954/506/200 953/509/202 951/507/199
f 956/508/201 955/511/201 953/509/202
f 958/510/203 957/513/203 955/511/201
f 960/512/204 959/515/204 957/513/203
f 962/514/205 961/517/205 959/515/204
f 964/516/206 963/519/206 961/517/205
f 966/518/207 965/521/207 963/519/206
f 968/520/208 967/523/208 965/521/207
f 970/522/209 969/525/209 967/523/208
f 972/524/210 971/527/210 969/525/209
f 974/526/211 973/529/211 971/527/210
f 976/528/212 975/531/212 973/529/211
f 978/530/213 977/533/213 975/531/212
f 980/532/214 979/535/214 977/533/213
f 982/534/215 981/537/217 979/535/214
f 984/536/216 983/539/216 981/537/217
f 986/538/218 985/541/218 983/539/216
f 988/540/219 987/543/219 985/541/218
f 990/542/220 989/545/220 987/543/219
f 992/544/221 991/547/221 989/545/220
f 994/546/222 993/549/222 991/547/221
f 996/548/223 995/551/223 993/549/222
f 998/550/224 997/553/224 995/551/223
f 1000/552/225 999/555/225 997/553/224
f 1002/554/226 1001/557/226 999/555/225
f 1004/556/227 1003/559/227 1001/557/226
f 1006/558/228 1005/561/228 1003/559/227
f 1008/560/229 1007/563/229 1005/561/228
f 1010/562/230 1009/565/230 1007/563/229
f 1012/564/231 1011/567/231 1009/565/230
f 1014/566/232 1013/569/234 1011/567/231
f 1016/568/233 1015/571/233 1013/569/234
f 1018/570/235 1017/573/235 1015/571/233
f 1020/572/236 1019/575/236 1017/573/235
f 1022/574/237 1021/577/237 1019/575/236
f 1024/576/238 1023/579/238 1021/577/237
f 1026/578/239 1025/581/239 1023/579/238
f 1028/580/240 1027/583/240 1025/581/239
f 1030/582/241 1029/585/241 1027/583/240
f 1032/584/242 1031/587/242 1029/585/241
f 1034/586/243 1033/589/243 1031/587/242
f 1036/588/244 1035/591/244 1033/589/243
f 1038/590/245 1037/593/245 1035/591/244
f 1040/592/246 1039/595/246 1037/593/245
f 1042/594/247 1041/597/247 1039/595/246
f 1044/596/248 1043/599/248 1041/597/247
f 1046/598/249 1045/601/249 1043/599/248
f 1048/600/250 1047/603/252 1045/601/249
f 1050/602/251 1049/605/254 1047/603/252
f 1052/604/253 1051/607/253 1049/605/254
f 1054/606/255 1053/609/255 1051/607/253
f 1056/608/256 1055/611/256 1053/609/255
f 1058/610/257 1057/613/257 1055/611/256
f 1060/612/258 1059/615/258 1057/613/257
f 1062/614/259 1061/617/259 1059/615/258
f 1064/616/260 1063/619/260 1061/617/259
f 1066/618/261 1065/621/263 1063/619/260
f 1068/620/262 1067/623/262 1065/621/263
f 1070/622/264 1069/625/264 1067/623/262
f 1072/624/265 1071/627/265 1069/625/264
f 1074/626/266 1073/629/266 1071/627/265
f 1076/628/267 1075/631/267 1073/629/266
f 1078/630/268 1077/633/268 1075/631/267
f 1080/632/269 1079/635/269 1077/633/268
f 1082/634/270 1081/637/270 1079/635/269
f 1084/636/271 1083/639/271 1081/637/270
f 1086/638/272 1085/641/272 1083/639/271
f 1088/640/273 1087/643/273 1085/641/272
f 1090/642/274 1089/645/274 1087/643/273
f 1092/644/275 1091/647/275 1089/645/274
f 1094/646/276 1093/649/276 1091/647/275
f 1096/648/277 1095/651/277 1093/649/276
f 1098/650/278 1097/653/278 1095/651/277
f 1100/652/279 1099/655/279 1097/653/278
f 1102/654/280 1101/657/280 1099/655/279
f 1104/656/281 1103/659/281 1101/657/280
f 1106/658/282 1105/661/282 1103/659/281
f 1108/660/283 1107/663/283 1105/661/282
f 1110/662/284 1109/665/284 1107/663/283
f 1112/664/285 1111/667/285 1109/665/284
f 1114/666/286 1113/669/286 1111/667/285
f 1116/668/287 1115/671/287 1113/669/286
f 1118/670/288 1117/673/288 1115/671/287
f 1120/672/289 1119/675/291 1117/673/288
f 1122/674/290 1121/677/290 1119/675/291
f 1124/676/292 1123/679/292 1121/677/290
f 1126/678/293 1125/681/293 1123/679/292
f 1128/680/294 1127/683/294 1125/681/293
f 1130/682/295 1129/685/295 1127/683/294
f 1132/684/296 1131/687/296 1129/685/295
f 1134/686/297 1133/689/297 1131/687/296
f 1136/688/298 1135/691/298 1133/689/297
f 1138/690/299 1137/693/299 1135/691/298
f 1140/692/300 1139/695/300 1137/693/299
f 880/694/162 879/401/162 1139/695/300
o Text.002
v -2.344692 0.434670 -0.060000
v -2.316733 0.462811 -0.060000
v -2.300362 0.478501 -0.060000
v -2.281674 0.495778 -0.060000
v -2.261136 0.514220 -0.060000
v -2.239205 0.533418 -0.060000
v -2.216330 0.552972 -0.060000
v -2.192961 0.572484 -0.060000
v -2.169545 0.591556 -0.060000
v -2.146533 0.609790 -0.060000
v -2.124383 0.626783 -0.060000
v -2.103563 0.642129 -0.060000
v -2.065387 0.668813 -0.060000
v -2.149841 0.759193 -0.060000
v -2.183062 0.736515 -0.060000
v -2.204174 0.721397 -0.060000
v -2.226695 0.704677 -0.060000
v -2.250205 0.686703 -0.060000
v -2.274275 0.667825 -0.060000
v -2.298470 0.648401 -0.060000
v -2.322352 0.628787 -0.060000
v -2.345483 0.609338 -0.060000
v -2.367429 0.590407 -0.060000
v -2.387757 0.572342 -0.060000
v -2.406050 0.555477 -0.060000
v -2.436250 0.526228 -0.060000
v -2.493010 0.250610 -0.060000
v -2.528572 0.277136 -0.060000
v -2.562648 0.305254 -0.060000
v -2.595118 0.334698 -0.060000
v -2.625858 0.365203 -0.060000
v -2.654749 0.396499 -0.060000
v -2.681672 0.428316 -0.060000
v -2.706508 0.460380 -0.060000
v -2.729139 0.492417 -0.060000
v -2.749447 0.524144 -0.060000
v -2.767317 0.555276 -0.060000
v -2.799778 0.619372 -0.060000
v -2.871746 0.491930 -0.060000
v -2.847870 0.450243 -0.060000
v -2.827423 0.417811 -0.060000
v -2.805022 0.385316 -0.060000
v -2.780715 0.352933 -0.060000
v -2.754550 0.320835 -0.060000
v -2.726577 0.289198 -0.060000
v -2.696841 0.258199 -0.060000
v -2.665391 0.228017 -0.060000
v -2.632273 0.198831 -0.060000
v -2.597535 0.170821 -0.060000
v -2.561223 0.144171 -0.060000
v -2.523501 0.119139 -0.060000
v -2.497419 0.103133 -0.060000
v -2.470238 0.087363 -0.060000
v -2.441812 0.071867 -0.060000
v -2.412099 0.056744 -0.060000
v -2.381060 0.042097 -0.060000
v -2.348656 0.028026 -0.060000
v -2.314848 0.014632 -0.060000
v -2.279597 0.002017 -0.060000
v -2.242866 -0.009720 -0.060000
v -2.204616 -0.020479 -0.060000
v -2.164809 -0.030160 -0.060000
v -2.110365 -0.041343 -0.060000
v -2.033438 0.077676 -0.060000
v -2.105855 0.089866 -0.060000
v -2.146080 0.098247 -0.060000
v -2.184515 0.107802 -0.060000
v -2.221198 0.118407 -0.060000
v -2.256169 0.129934 -0.060000
v -2.289466 0.142260 -0.060000
v -2.321126 0.155258 -0.060000
v -2.351188 0.168805 -0.060000
v -2.379689 0.182776 -0.060000
v -2.406665 0.197047 -0.060000
v -2.432154 0.211495 -0.060000
v -2.456011 0.225886 -0.060000
v -2.344692 0.434670 0.060000
v -2.316733 0.462811 0.060000
v -2.300362 0.478501 0.060000
v -2.281674 0.495778 0.060000
v -2.261136 0.514220 0.060000
v -2.239205 0.533418 0.060000
v -2.216330 0.552972 0.060000
v -2.192961 0.572484 0.060000
v -2.169545 0.591556 0.060000
v -2.146533 0.609790 0.060000
v -2.124383 0.626783 0.060000
v -2.103563 0.642129 0.060000
v -2.065387 0.668813 0.060000
v -2.149841 0.759193 0.060000
v -2.183062 0.736515 0.060000
v -2.204174 0.721397 0.060000
v -2.226695 0.704677 0.060000
v -2.250205 0.686703 0.060000
v -2.274275 0.667825 0.060000
v -2.298470 0.648401 0.060000
v -2.322352 0.628787 0.060000
v -2.345483 0.609338 0.060000
v -2.367429 0.590407 0.060000
v -2.387757 0.572342 0.060000
v -2.406050 0.555477 0.060000
v -2.436250 0.526228 0.060000
v -2.493010 0.250610 0.060000
v -2.528572 0.277136 0.060000
v -2.562648 0.305254 0.060000
v -2.595118 0.334698 0.060000
v -2.625858 0.365203 0.060000
v -2.654749 0.396499 0.060000
v -2.681672 0.428316 0.060000
v -2.706508 0.460380 0.060000
v -2.729139 0.492417 0.060000
v -2.749447 0.524144 0.060000
v -2.767317 0.555276 0.060000
v -2.799778 0.619372 0.060000
v -2.871746 0.491930 0.060000
v -2.847870 0.450243 0.060000
v -2.827423 0.417811 0.060000
v -2.805022 0.385316 0.060000
v -2.780715 0.352933 0.060000
v -2.754550 0.320835 0.060000
v -2.726577 0.289198 0.060000
v -2.696841 0.258199 0.060000
v -2.665391 0.228017 0.060000
v -2.632273 0.198831 0.060000
v -2.597535 0.170821 0.060000
v -2.561223 0.144171 0.060000
v -2.523501 0.119139 0.060000
v -2.497419 0.103133 0.060000
v -2.470238 0.087363 0.060000
v -2.441812 0.071867 0.060000
v -2.412099 0.056744 0.060000
v -2.381060 0.042097 0.060000
v -2.348656 0.028026 0.060000
v -2.314848 0.014632 0.060000
v -2.279597 0.002017 0.060000
v -2.242866 -0.009720 0.060000
v -2.204616 -0.020479 0.060000
v -2.164809 -0.030160 0.060000
v -2.110365 -0.041343 0.060000
v -2.033438 0.077676 0.060000
v -2.105855 0.089866 0.060000
v -2.146080 0.098247 0.060000
v -2.184515 0.107802 0.060000
v -2.221198 0.118407 0.060000
v -2.256169 0.129934 0.060000
v -2.289466 0.142260 0.060000
v -2.321126 0.155258 0.060000
v -2.351188 0.168805 0.060000
v -2.379689 0.182776 0.060000
v -2.406665 0.197047 0.060000
v -2.432154 0.211495 0.060000
v -2.456011 0.225886 0.060000
v -2.344692 0.434670 0.060000
v -2.344692 0.434670 -0.060000
v -2.316733 0.462811 0.060000
v -2.316733 0.462811 -0.060000
v -2.300362 0.478501 0.060000
v -2.300362 0.478501 -0.060000
v -2.281674 0.495778 0.060000
v -2.281674 0.495778 -0.060000
v -2.261136 0.514220 0.060000
v -2.261136 0.514220 -0.060000
v -2.239205 0.533418 0.060000
v -2.239205 0.533418 -0.060000
v -2.216330 0.552972 0.060000
v -2.216330 0.552972 -0.060000
v -2.192961 0.572484 0.060000
v -2.192961 0.572484 -0.060000
v -2.169545 0.591556 0.060000
v -2.169545 0.591556 -0.060000
v -2.146533 0.609790 0.060000
v -2.146533 0.609790 -0.060000
v -2.124383 0.626783 0.060000
v -2.124383 0.626783 -0.060000
v -2.103563 0.642129 0.060000
v -2.103563 0.642129 -0.060000
v -2.065387 0.668813 0.060000
v -2.065387 0.668813 -0.060000
v -2.149841 0.759193 0.060000
v -2.149841 0.759193 -0.060000
v -2.183062 0.736515 0.060000
v -2.183062 0.736515 -0.060000
v -2.204174 0.721397 0.060000
v -2.204174 0.721397 -0.060000
v -2.226695 0.704677 0.060000
v -2.226695 0.704677 -0.060000
v -2.250205 0.686703 0.060000
v -2.250205 0.686703 -0.060000
v -2.274275 0.667825 0.060000
v -2.274275 0.667825 -0.060000
v -2.298470 0.648401 0.060000
v -2.298470 0.648401 -0.060000
v -2.322352 0.628787 0.060000
v -2.322352 0.628787 -0.060000
v -2.345483 0.609338 0.060000
v -2.345483 0.609338 -0.060000
v -2.367429 0.590407 0.060000
v -2.367429 0.590407 -0.060000
v -2.387757 0.572342 0.060000
v -2.387757 0.572342 -0.060000
v -2.406050 0.555477 0.060000
v -2.406050 0.555477 -0.060000
v -2.436250 0.526228 0.060000
v -2.436250 0.526228 -0.060000
v -2.493010 0.250610 0.060000
v -2.493010 0.250610 -0.060000
v -2.528572 0.277136 0.060000
v -2.528572 0.277136 -0.060000
v -2.562648 0.305254 0.060000
v -2.562648 0.305254 -0.060000
v -2.595118 0.334698 0.060000
v -2.595118 0.334698 -0.060000
v -2.625858 0.365203 0.060000
v -2.625858 0.365203 -0.060000
v -2.654749 0.396499 0.060000
v -2.654749 0.396499 -0.060000
v -2.681672 0.428316 0.060000
v -2.681672 0.428316 -0.060000
v -2.706508 0.460380 0.060000
v -2.706508 0.460380 -0.060000
v -2.729139 0.492417 0.060000
v -2.729139 0.492417 -0.060000
v -2.749447 0.524144 0.060000
v -2.749447 0.524144 -0.060000
v -2.767317 0.555276 0.060000
v -2.767317 0.555276 -0.060000
v -2.799778 0.619372 0.060000
v -2.799778 0.619372 -0.060000
v -2.871746 0.491930 0.060000
v -2.871746 0.491930 -0.060000
v -2.847870 0.450243 0.060000
v -2.847870 0.450243 -0.060000
v -2.827423 0.417811 0.060000
v -2.827423 0.417811 -0.060000
v -2.805022 0.385316 0.060000
v -2.805022 0.385316 -0.060000
v -2.780715 0.352933 0.060000
v -2.780715 0.352933 -0.060000
v -2.754550 0.320835 0.060000
v -2.754550 0.320835 -0.060000
v -2.726577 0.289198 0.060000
v -2.726577 0.289198 -0.060000
v -2.696841 0.258199 0.060000
v -2.696841 0.258199 -0.060000
v -2.665391 0.228017 0.060000
v -2.665391 0.228017 -0.060000
v -2.632273 0.198831 0.060000
v -2.632273 0.198831 -0.060000
v -2.597535 0.170821 0.060000
v -2.597535 0.170821 -0.060000
v -2.561223 0.144171 0.060000
v -2.561223 0.144171 -0.060000
v -2.523501 0.119139 0.060000
v -2.523501 0.119139 -0.060000
v -2.497419 0.103133 0.060000
v -2.497419 0.103133 -0.060000
v -2.470238 0.087363 0.060000
v -2.470238 0.087363 -0.060000
v -2.441812 0.071867 0.060000
v -2.441812 0.071867 -0.060000
v -2.412099 0.056744 0.060000
v -2.412099 0.056744 -0.060000
v -2.381060 0.042097 0.060000
v -2.381060 0.042097 -0.060000
v -2.348656 0.028026 0.060000
v -2.348656 0.028026 -0.060000
v -2.314848 0.014632 0.060000
v -2.314848 0.014632 -0.060000
v -2.279597 0.002017 0.060000
v -2.279597 0.002017 -0.060000
v -2.242866 -0.009720 0.060000
v -2.242866 -0.009720 -0.060000
v -2.204616 -0.020479 0.060000
v -2.204616 -0.020479 -0.060000
v -2.164809 -0.030160 0.060000
v -2.164809 -0.030160 -0.060000
v -2.110365 -0.041343 0.060000
v -2.110365 -0.041343 -0.060000
v -2.033438 0.077676 0.060000
v -2.033438 0.077676 -0.060000
v -2.105855 0.089866 0.060000
v -2.105855 0.089866 -0.060000
v -2.146080 0.098247 0.060000
v -2.146080 0.098247 -0.060000
v -2.184515 0.107802 0.060000
v -2.184515 0.107802 -0.060000
v -2.221198 0.118407 0.060000
v -2.221198 0.118407 -0.060000
v -2.256169 0.129934 0.060000
v -2.256169 0.129934 -0.060000
v -2.289466 0.142260 0.060000
v -2.289466 0.142260 -0.060000
v -2.321126 0.155258 0.060000
v -2.321126 0.155258 -0.060000
v -2.351188 0.168805 0.060000
v -2.351188 0.168805 -0.060000
v -2.379689 0.182776 0.060000
v -2.379689 0.182776 -0.060000
v -2.406665 0.197047 0.060000
v -2.406665 0.197047 -0.060000
v -2.432154 0.211495 0.060000
v -2.432154 0.211495 -0.060000
v -2.456011 0.225886 0.060000
v -2.456011 0.225886 -0.060000
vn -0.0000 -0.0000 -1.0000
vn -0.0000 -0.0000 1.0000
vn 0.7007 -0.7134 -0.0000
vn 0.0016 -1.0000 -0.0000
vn 0.6854 -0.7282 -0.0000
vn 0.6735 -0.7392 -0.0000
vn 0.6634 -0.7483 -0.0000
vn 0.6542 -0.7563 -0.0000
vn 0.6454 -0.7639 -0.0000
vn 0.6362 -0.7715 -0.0000
vn 0.6263 -0.7796 -0.0000
vn 0.6149 -0.7886 -0.0000
vn 0.6010 -0.7992 -0.0000
vn 0.5832 -0.8124 -0.0000
vn 0.9945 -0.1044 -0.0000
vn 0.1100 0.9939 -0.0000
vn -0.5730 0.8195 -0.0000
vn 0.1099 0.9939 -0.0000
vn -0.5892 0.8080 -0.0000
vn -0.6017 0.7987 -0.0000
vn -0.6123 0.7907 -0.0000
vn -0.6216 0.7833 -0.0000
vn -0.6304 0.7763 -0.0000
vn -0.6391 0.7691 -0.0000
vn -0.6484 0.7613 -0.0000
vn -0.6587 0.7524 -0.0000
vn -0.6711 0.7414 -0.0000
vn -0.6868 0.7268 -0.0000
vn -1.0000 0.0080 -0.0000
vn 0.6174 0.7867 -0.0000
vn 0.5769 0.8168 -0.0000
vn 0.6543 0.7563 -0.0000
vn 0.6882 0.7255 -0.0000
vn 0.7197 0.6942 -0.0000
vn 0.7492 0.6623 -0.0000
vn 0.7772 0.6293 -0.0000
vn 0.8039 0.5948 -0.0000
vn 0.8297 0.5582 -0.0000
vn 0.8550 0.5186 -0.0000
vn 0.8800 0.4750 -0.0000
vn 0.0226 0.9997 -0.0000
vn -1.0000 -0.0030 -0.0000
vn -0.8570 -0.5153 -0.0000
vn -0.8348 -0.5506 -0.0000
vn -0.8117 -0.5841 -0.0000
vn -0.7876 -0.6162 -0.0000
vn -0.7623 -0.6472 -0.0000
vn -0.7356 -0.6775 -0.0000
vn -0.7072 -0.7070 -0.0000
vn -0.6769 -0.7360 -0.0000
vn -0.6446 -0.7645 -0.0000
vn -0.6098 -0.7925 -0.0000
vn -0.5725 -0.8199 -0.0000
vn -0.5381 -0.8429 -0.0000
vn -0.5125 -0.8587 -0.0000
vn -0.4903 -0.8716 -0.0000
vn -0.4662 -0.8847 -0.0000
vn -0.4402 -0.8979 -0.0000
vn -0.4126 -0.9109 -0.0000
vn -0.3834 -0.9236 -0.0000
vn -0.3527 -0.9357 -0.0000
vn -0.3207 -0.9472 -0.0000
vn -0.2876 -0.9577 -0.0000
vn -0.2536 -0.9673 -0.0000
vn -0.2188 -0.9758 -0.0000
vn 0.3869 -0.9221 -0.0000
vn 0.9151 0.4033 -0.0000
vn 0.1850 0.9827 -0.0000
vn 0.2227 0.9749 -0.0000
vn 0.2595 0.9657 -0.0000
vn 0.2954 0.9554 -0.0000
vn 0.3302 0.9439 -0.0000
vn 0.3635 0.9316 -0.0000
vn 0.3954 0.9185 -0.0000
vn 0.4256 0.9049 -0.0000
vn 0.4540 0.8910 -0.0000
vn 0.4804 0.8770 -0.0000
vn 0.4539 0.8910 -0.0000
vn 0.5049 0.8632 -0.0000
vn 0.5362 0.8441 -0.0000
vt 0.296895 0.909726
vt 0.298272 0.909726
vt 0.297584 0.909726
vt 0.298961 0.909726
vt 0.299649 0.909726
vt 0.300338 0.909726
vt 0.301027 0.909726
vt 0.296207 0.909726
vt 0.301715 0.909726
vt 0.302404 0.909726
vt 0.295518 0.909726
vt 0.303092 0.909726
vt 0.294830 0.909726
vt 0.313420 0.909726
vt 0.314797 0.909726
vt 0.314109 0.909726
vt 0.294141 0.909726
vt 0.303781 0.909726
vt 0.293453 0.909726
vt 0.304469 0.909726
vt 0.292764 0.909726
vt 0.305158 0.909726
vt 0.305846 0.909726
vt 0.312732 0.909726
vt 0.292075 0.909726
vt 0.291387 0.909726
vt 0.290698 0.909726
vt 0.290010 0.909726
vt 0.289321 0.909726
vt 0.288633 0.909726
vt 0.312043 0.909726
vt 0.311355 0.909726
vt 0.315486 0.909726
vt 0.310666 0.909726
vt 0.316175 0.909726
vt 0.309978 0.909726
vt 0.316863 0.909726
vt 0.309289 0.909726
vt 0.317552 0.909726
vt 0.308600 0.909726
vt 0.318240 0.909726
vt 0.307912 0.909726
vt 0.318929 0.909726
vt 0.307223 0.909726
vt 0.319617 0.909726
vt 0.306535 0.909726
vt 0.320306 0.909726
vt 0.340274 0.909726
vt 0.320994 0.909726
vt 0.339585 0.909726
vt 0.338897 0.909726
vt 0.321683 0.909726
vt 0.338208 0.909726
vt 0.337519 0.909726
vt 0.322371 0.909726
vt 0.336831 0.909726
vt 0.336142 0.909726
vt 0.323060 0.909726
vt 0.335454 0.909726
vt 0.334765 0.909726
vt 0.323748 0.909726
vt 0.334077 0.909726
vt 0.333388 0.909726
vt 0.324437 0.909726
vt 0.332700 0.909726
vt 0.332011 0.909726
vt 0.325126 0.909726
vt 0.331322 0.909726
vt 0.325814 0.909726
vt 0.326503 0.909726
vt 0.327191 0.909726
vt 0.327880 0.909726
vt 0.328568 0.909726
vt 0.329257 0.909726
vt 0.329945 0.909726
vt 0.330634 0.909726
vt 0.290619 0.961367
vt 0.288633 0.961367
vt 0.292605 0.961367
vt 0.290619 0.909726
vt 0.294591 0.961367
vt 0.292605 0.909726
vt 0.296577 0.961367
vt 0.294591 0.909726
vt 0.298564 0.961367
vt 0.296577 0.909726
vt 0.300550 0.961367
vt 0.298564 0.909726
vt 0.302536 0.961367
vt 0.300550 0.909726
vt 0.304522 0.961367
vt 0.302536 0.909726
vt 0.306508 0.961367
vt 0.304522 0.909726
vt 0.308495 0.961367
vt 0.306508 0.909726
vt 0.310481 0.961367
vt 0.308495 0.909726
vt 0.312467 0.961367
vt 0.310481 0.909726
vt 0.314453 0.961367
vt 0.312467 0.909726
vt 0.316439 0.961367
vt 0.314453 0.909726
vt 0.318425 0.961367
vt 0.316439 0.909726
vt 0.320412 0.961367
vt 0.318425 0.909726
vt 0.322398 0.961367
vt 0.320412 0.909726
vt 0.324384 0.961367
vt 0.322398 0.909726
vt 0.326370 0.961367
vt 0.324384 0.909726
vt 0.328356 0.961367
vt 0.326370 0.909726
vt 0.330343 0.961367
vt 0.328356 0.909726
vt 0.332329 0.961367
vt 0.330343 0.909726
vt 0.334315 0.961367
vt 0.332329 0.909726
vt 0.336301 0.961367
vt 0.334315 0.909726
vt 0.338287 0.961367
vt 0.336301 0.909726
vt 0.340274 0.961367
vt 0.338287 0.909726
vt 0.289666 0.961367
vt 0.290698 0.961367
vt 0.289666 0.909726
vt 0.291731 0.961367
vt 0.292764 0.961367
vt 0.291731 0.909726
vt 0.293797 0.961367
vt 0.294830 0.961367
vt 0.293797 0.909726
vt 0.295862 0.961367
vt 0.296895 0.961367
vt 0.295862 0.909726
vt 0.297928 0.961367
vt 0.298961 0.961367
vt 0.297928 0.909726
vt 0.299994 0.961367
vt 0.301027 0.961367
vt 0.299994 0.909726
vt 0.302059 0.961367
vt 0.303092 0.961367
vt 0.302059 0.909726
vt 0.304125 0.961367
vt 0.305158 0.961367
vt 0.304125 0.909726
vt 0.306191 0.961367
vt 0.307223 0.961367
vt 0.306191 0.909726
vt 0.308256 0.961367
vt 0.309289 0.961367
vt 0.308256 0.909726
vt 0.310322 0.961367
vt 0.311355 0.961367
vt 0.310322 0.909726
vt 0.312388 0.961367
vt 0.313420 0.961367
vt 0.312388 0.909726
vt 0.315486 0.961367
vt 0.316519 0.961367
vt 0.317552 0.961367
vt 0.316519 0.909726
vt 0.318584 0.961367
vt 0.319617 0.961367
vt 0.318584 0.909726
vt 0.320650 0.961367
vt 0.321683 0.961367
vt 0.320650 0.909726
vt 0.322716 0.961367
vt 0.323748 0.961367
vt 0.322716 0.909726
vt 0.324781 0.961367
vt 0.325814 0.961367
vt 0.324781 0.909726
vt 0.326847 0.961367
vt 0.327880 0.961367
vt 0.326847 0.909726
vt 0.328913 0.961367
vt 0.329945 0.961367
vt 0.328913 0.909726
vt 0.330978 0.961367
vt 0.332011 0.961367
vt 0.330978 0.909726
vt 0.333044 0.961367
vt 0.334077 0.961367
vt 0.333044 0.909726
vt 0.335109 0.961367
vt 0.336142 0.961367
vt 0.335109 0.909726
vt 0.337175 0.961367
vt 0.338208 0.961367
vt 0.337175 0.909726
vt 0.339241 0.961367
vt 0.339241 0.909726
s 0
f 1153/696/301 1155/697/301 1154/698/301
f 1153/696/301 1156/699/301 1155/697/301
f 1153/696/301 1157/700/301 1156/699/301
f 1153/696/301 1158/701/301 1157/700/301
f 1153/696/301 1159/702/301 1158/701/301
f 1152/703/301 1159/702/301 1153/696/301
f 1152/703/301 1160/704/301 1159/702/301
f 1152/703/301 1161/705/301 1160/704/301
f 1151/706/301 1161/705/301 1152/703/301
f 1151/706/301 1162/707/301 1161/705/301
f 1150/708/301 1162/707/301 1151/706/301
f 1177/709/301 1179/710/301 1178/711/301
f 1149/712/301 1162/707/301 1150/708/301
f 1149/712/301 1163/713/301 1162/707/301
f 1148/714/301 1163/713/301 1149/712/301
f 1148/714/301 1164/715/301 1163/713/301
f 1147/716/301 1164/715/301 1148/714/301
f 1147/716/301 1165/717/301 1164/715/301
f 1147/716/301 1166/718/301 1165/717/301
f 1176/719/301 1179/710/301 1177/709/301
f 1146/720/301 1166/718/301 1147/716/301
f 1145/721/301 1166/718/301 1146/720/301
f 1145/721/301 1144/722/301 1166/718/301
f 1144/722/301 1143/723/301 1166/718/301
f 1143/723/301 1142/724/301 1166/718/301
f 1142/724/301 1141/725/301 1166/718/301
f 1175/726/301 1179/710/301 1176/719/301
f 1174/727/301 1179/710/301 1175/726/301
f 1174/727/301 1180/728/301 1179/710/301
f 1173/729/301 1180/728/301 1174/727/301
f 1173/729/301 1181/730/301 1180/728/301
f 1172/731/301 1181/730/301 1173/729/301
f 1172/731/301 1182/732/301 1181/730/301
f 1171/733/301 1182/732/301 1172/731/301
f 1171/733/301 1183/734/301 1182/732/301
f 1170/735/301 1183/734/301 1171/733/301
f 1170/735/301 1184/736/301 1183/734/301
f 1169/737/301 1184/736/301 1170/735/301
f 1169/737/301 1185/738/301 1184/736/301
f 1168/739/301 1185/738/301 1169/737/301
f 1168/739/301 1186/740/301 1185/738/301
f 1167/741/301 1186/740/301 1168/739/301
f 1167/741/301 1187/742/301 1186/740/301
f 1216/743/301 1187/742/301 1167/741/301
f 1216/743/301 1188/744/301 1187/742/301
f 1215/745/301 1188/744/301 1216/743/301
f 1214/746/301 1188/744/301 1215/745/301
f 1214/746/301 1189/747/301 1188/744/301
f 1213/748/301 1189/747/301 1214/746/301
f 1212/749/301 1189/747/301 1213/748/301
f 1212/749/301 1190/750/301 1189/747/301
f 1211/751/301 1190/750/301 1212/749/301
f 1210/752/301 1190/750/301 1211/751/301
f 1210/752/301 1191/753/301 1190/750/301
f 1209/754/301 1191/753/301 1210/752/301
f 1208/755/301 1191/753/301 1209/754/301
f 1208/755/301 1192/756/301 1191/753/301
f 1207/757/301 1192/756/301 1208/755/301
f 1206/758/301 1192/756/301 1207/757/301
f 1206/758/301 1193/759/301 1192/756/301
f 1205/760/301 1193/759/301 1206/758/301
f 1204/761/301 1193/759/301 1205/760/301
f 1204/761/301 1194/762/301 1193/759/301
f 1203/763/301 1194/762/301 1204/761/301
f 1203/763/301 1195/764/301 1194/762/301
f 1203/763/301 1196/765/301 1195/764/301
f 1203/763/301 1197/766/301 1196/765/301
f 1203/763/301 1198/767/301 1197/766/301
f 1203/763/301 1199/768/301 1198/767/301
f 1203/763/301 1200/769/301 1199/768/301
f 1203/763/301 1201/770/301 1200/769/301
f 1203/763/301 1202/771/301 1201/770/301
f 1229/696/302 1230/698/302 1231/697/302
f 1229/696/302 1231/697/302 1232/699/302
f 1229/696/302 1232/699/302 1233/700/302
f 1229/696/302 1233/700/302 1234/701/302
f 1229/696/302 1234/701/302 1235/702/302
f 1228/703/302 1229/696/302 1235/702/302
f 1228/703/302 1235/702/302 1236/704/302
f 1228/703/302 1236/704/302 1237/705/302
f 1227/706/302 1228/703/302 1237/705/302
f 1227/706/302 1237/705/302 1238/707/302
f 1226/708/302 1227/706/302 1238/707/302
f 1253/709/302 1254/711/302 1255/710/302
f 1225/712/302 1226/708/302 1238/707/302
f 1225/712/302 1238/707/302 1239/713/302
f 1224/714/302 1225/712/302 1239/713/302
f 1224/714/302 1239/713/302 1240/715/302
f 1223/716/302 1224/714/302 1240/715/302
f 1223/716/302 1240/715/302 1241/717/302
f 1223/716/302 1241/717/302 1242/718/302
f 1252/719/302 1253/709/302 1255/710/302
f 1222/720/302 1223/716/302 1242/718/302
f 1221/721/302 1222/720/302 1242/718/302
f 1221/721/302 1242/718/302 1220/722/302
f 1220/722/302 1242/718/302 1219/723/302
f 1219/723/302 1242/718/302 1218/724/302
f 1218/724/302 1242/718/302 1217/725/302
f 1251/726/302 1252/719/302 1255/710/302
f 1250/727/302 1251/726/302 1255/710/302
f 1250/727/302 1255/710/302 1256/728/302
f 1249/729/302 1250/727/302 1256/728/302
f 1249/729/302 1256/728/302 1257/730/302
f 1248/731/302 1249/729/302 1257/730/302
f 1248/731/302 1257/730/302 1258/732/302
f 1247/733/302 1248/731/302 1258/732/302
f 1247/733/302 1258/732/302 1259/734/302
f 1246/735/302 1247/733/302 1259/734/302
f 1246/735/302 1259/734/302 1260/736/302
f 1245/737/302 1246/735/302 1260/736/302
f 1245/737/302 1260/736/302 1261/738/302
f 1244/739/302 1245/737/302 1261/738/302
f 1244/739/302 1261/738/302 1262/740/302
f 1243/741/302 1244/739/302 1262/740/302
f 1243/741/302 1262/740/302 1263/742/302
f 1292/743/302 1243/741/302 1263/742/302
f 1292/743/302 1263/742/302 1264/744/302
f 1291/745/302 1292/743/302 1264/744/302
f 1290/746/302 1291/745/302 1264/744/302
f 1290/746/302 1264/744/302 1265/747/302
f 1289/748/302 1290/746/302 1265/747/302
f 1288/749/302 1289/748/302 1265/747/302
f 1288/749/302 1265/747/302 1266/750/302
f 1287/751/302 1288/749/302 1266/750/302
f 1286/752/302 1287/751/302 1266/750/302
f 1286/752/302 1266/750/302 1267/753/302
f 1285/754/302 1286/752/302 1267/753/302
f 1284/755/302 1285/754/302 1267/753/302
f 1284/755/302 1267/753/302 1268/756/302
f 1283/757/302 1284/755/302 1268/756/302
f 1282/758/302 1283/757/302 1268/756/302
f 1282/758/302 1268/756/302 1269/759/302
f 1281/760/302 1282/758/302 1269/759/302
f 1280/761/302 1281/760/302 1269/759/302
f 1280/761/302 1269/759/302 1270/762/302
f 1279/763/302 1280/761/302 1270/762/302
f 1279/763/302 1270/762/302 1271/764/302
f 1279/763/302 1271/764/302 1272/765/302
f 1279/763/302 1272/765/302 1273/766/302
f 1279/763/302 1273/766/302 1274/767/302
f 1279/763/302 1274/767/302 1275/768/302
f 1279/763/302 1275/768/302 1276/769/302
f 1279/763/302 1276/769/302 1277/770/302
f 1279/763/302 1277/770/302 1278/771/302
s 1
f 1296/772/303 1293/725/304 1294/773/304
f 1298/774/305 1295/775/303 1296/772/303
f 1300/776/306 1297/777/305 1298/774/305
f 1302/778/307 1299/779/306 1300/776/306
f 1304/780/308 1301/781/307 1302/778/307
f 1306/782/309 1303/783/308 1304/780/308
f 1308/784/310 1305/785/309 1306/782/309
f 1310/786/311 1307/787/310 1308/784/310
f 1312/788/312 1309/789/311 1310/786/311
f 1314/790/313 1311/791/312 1312/788/312
f 1316/792/314 1313/793/313 1314/790/313
f 1318/794/315 1315/795/314 1316/792/314
f 1320/796/316 1317/797/315 1318/794/315
f 1322/798/317 1319/799/318 1320/796/316
f 1324/800/319 1321/801/317 1322/798/317
f 1326/802/320 1323/803/319 1324/800/319
f 1328/804/321 1325/805/320 1326/802/320
f 1330/806/322 1327/807/321 1328/804/321
f 1332/808/323 1329/809/322 1330/806/322
f 1334/810/324 1331/811/323 1332/808/323
f 1336/812/325 1333/813/324 1334/810/324
f 1338/814/326 1335/815/325 1336/812/325
f 1340/816/327 1337/817/326 1338/814/326
f 1342/818/328 1339/819/327 1340/816/327
f 1344/820/329 1341/821/328 1342/818/328
f 1294/822/304 1343/823/329 1344/820/329
f 1348/824/330 1345/725/331 1346/773/331
f 1350/825/332 1347/826/330 1348/824/330
f 1352/827/333 1349/722/332 1350/825/332
f 1354/828/334 1351/829/333 1352/827/333
f 1356/830/335 1353/716/334 1354/828/334
f 1358/831/336 1355/832/335 1356/830/335
f 1360/833/337 1357/708/336 1358/831/336
f 1362/834/338 1359/835/337 1360/833/337
f 1364/836/339 1361/696/338 1362/834/338
f 1366/837/340 1363/838/339 1364/836/339
f 1368/839/341 1365/699/340 1366/837/340
f 1370/840/342 1367/841/341 1368/839/341
f 1372/842/343 1369/702/342 1370/840/342
f 1374/843/344 1371/844/343 1372/842/343
f 1376/845/345 1373/707/344 1374/843/344
f 1378/846/346 1375/847/345 1376/845/345
f 1380/848/347 1377/717/346 1378/846/346
f 1382/849/348 1379/850/347 1380/848/347
f 1384/851/349 1381/739/348 1382/849/348
f 1386/852/350 1383/853/349 1384/851/349
f 1388/854/351 1385/733/350 1386/852/350
f 1390/855/352 1387/856/351 1388/854/351
f 1392/857/353 1389/727/352 1390/855/352
f 1394/858/354 1391/859/353 1392/857/353
f 1396/796/355 1393/709/354 1394/858/354
f 1398/860/356 1395/799/355 1396/796/355
f 1400/861/357 1397/728/356 1398/860/356
f 1402/862/358 1399/863/357 1400/861/357
f 1404/864/359 1401/734/358 1402/862/358
f 1406/865/360 1403/866/359 1404/864/359
f 1408/867/361 1405/740/360 1406/865/360
f 1410/868/362 1407/869/361 1408/867/361
f 1412/870/363 1409/747/362 1410/868/362
f 1414/871/364 1411/872/363 1412/870/363
f 1416/873/365 1413/756/364 1414/871/364
f 1418/874/366 1415/875/365 1416/873/365
f 1420/876/367 1417/764/366 1418/874/366
f 1422/877/368 1419/878/367 1420/876/367
f 1424/879/369 1421/767/368 1422/877/368
f 1426/880/370 1423/881/369 1424/879/369
f 1428/882/371 1425/770/370 1426/880/370
f 1430/883/372 1427/884/371 1428/882/371
f 1432/885/373 1429/761/372 1430/883/372
f 1434/886/374 1431/887/373 1432/885/373
f 1436/888/375 1433/757/374 1434/886/374
f 1438/889/376 1435/890/375 1436/888/375
f 1440/891/377 1437/752/378 1438/889/376
f 1442/892/379 1439/893/377 1440/891/377
f 1444/894/380 1441/748/379 1442/892/379
f 1346/822/331 1443/895/380 1444/894/380
f 1296/772/303 1295/775/303 1293/725/304
f 1298/774/305 1297/777/305 1295/775/303
f 1300/776/306 1299/779/306 1297/777/305
f 1302/778/307 1301/781/307 1299/779/306
f 1304/780/308 1303/783/308 1301/781/307
f 1306/782/309 1305/785/309 1303/783/308
f 1308/784/310 1307/787/310 1305/785/309
f 1310/786/311 1309/789/311 1307/787/310
f 1312/788/312 1311/791/312 1309/789/311
f 1314/790/313 1313/793/313 1311/791/312
f 1316/792/314 1315/795/314 1313/793/313
f 1318/794/315 1317/797/315 1315/795/314
f 1320/796/316 1319/799/318 1317/797/315
f 1322/798/317 1321/801/317 1319/799/318
f 1324/800/319 1323/803/319 1321/801/317
f 1326/802/320 1325/805/320 1323/803/319
f 1328/804/321 1327/807/321 1325/805/320
f 1330/806/322 1329/809/322 1327/807/321
f 1332/808/323 1331/811/323 1329/809/322
f 1334/810/324 1333/813/324 1331/811/323
f 1336/812/325 1335/815/325 1333/813/324
f 1338/814/326 1337/817/326 1335/815/325
f 1340/816/327 1339/819/327 1337/817/326
f 1342/818/328 1341/821/328 1339/819/327
f 1344/820/329 1343/823/329 1341/821/328
f 1294/822/304 1293/743/304 1343/823/329
f 1348/824/330 1347/826/330 1345/725/331
f 1350/825/332 1349/722/332 1347/826/330
f 1352/827/333 1351/829/333 1349/722/332
f 1354/828/334 1353/716/334 1351/829/333
f 1356/830/335 1355/832/335 1353/716/334
f 1358/831/336 1357/708/336 1355/832/335
f 1360/833/337 1359/835/337 1357/708/336
f 1362/834/338 1361/696/338 1359/835/337
f 1364/836/339 1363/838/339 1361/696/338
f 1366/837/340 1365/699/340 1363/838/339
f 1368/839/341 1367/841/341 1365/699/340
f 1370/840/342 1369/702/342 1367/841/341
f 1372/842/343 1371/844/343 1369/702/342
f 1374/843/344 1373/707/344 1371/844/343
f 1376/845/345 1375/847/345 1373/707/344
f 1378/846/346 1377/717/346 1375/847/345
f 1380/848/347 1379/850/347 1377/717/346
f 1382/849/348 1381/739/348 1379/850/347
f 1384/851/349 1383/853/349 1381/739/348
f 1386/852/350 1385/733/350 1383/853/349
f 1388/854/351 1387/856/351 1385/733/350
f 1390/855/352 1389/727/352 1387/856/351
f 1392/857/353 1391/859/353 1389/727/352
f 1394/858/354 1393/709/354 1391/859/353
f 1396/796/355 1395/799/355 1393/709/354
f 1398/860/356 1397/728/356 1395/799/355
f 1400/861/357 1399/863/357 1397/728/356
f 1402/862/358 1401/734/358 1399/863/357
f 1404/864/359 1403/866/359 1401/734/358
f 1406/865/360 1405/740/360 1403/866/359
f 1408/867/361 1407/869/361 1405/740/360
f 1410/868/362 1409/747/362 1407/869/361
f 1412/870/363 1411/872/363 1409/747/362
f 1414/871/364 1413/756/364 1411/872/363
f 1416/873/365 1415/875/365 1413/756/364
f 1418/874/366 1417/764/366 1415/875/365
f 1420/876/367 1419/878/367 1417/764/366
f 1422/877/368 1421/767/368 1419/878/367
f 1424/879/369 1423/881/369 1421/767/368
f 1426/880/370 1425/770/370 1423/881/369
f 1428/882/371 1427/884/371 1425/770/370
f 1430/883/372 1429/761/372 1427/884/371
f 1432/885/373 1431/887/373 1429/761/372
f 1434/886/374 1433/757/374 1431/887/373
f 1436/888/375 1435/890/375 1433/757/374
f 1438/889/376 1437/752/378 1435/890/375
f 1440/891/377 1439/893/377 1437/752/378
f 1442/892/379 1441/748/379 1439/893/377
f 1444/894/380 1443/895/380 1441/748/379
f 1346/822/331 1345/743/331 1443/895/380
o Text.003
v -3.806461 0.672476 -0.060000
v -3.812570 0.673721 -0.060000
v -3.818361 0.675725 -0.060000
v -3.823790 0.678435 -0.060000
v -3.828801 0.681795 -0.060000
v -3.833329 0.685743 -0.060000
v -3.837307 0.690211 -0.060000
v -3.840673 0.695126 -0.060000
v -3.843372 0.700416 -0.060000
v -3.845356 0.706019 -0.060000
v -3.846581 0.711886 -0.060000
v -3.847005 0.718017 -0.060000
v -3.846575 0.724405 -0.060000
v -3.845329 0.730503 -0.060000
v -3.843323 0.736278 -0.060000
v -3.840607 0.741690 -0.060000
v -3.837232 0.746686 -0.060000
v -3.833255 0.751204 -0.060000
v -3.828737 0.755181 -0.060000
v -3.823741 0.758556 -0.060000
v -3.818329 0.761272 -0.060000
v -3.812554 0.763278 -0.060000
v -3.806456 0.764524 -0.060000
v -3.800068 0.764954 -0.060000
v -3.793937 0.764530 -0.060000
v -3.788070 0.763304 -0.060000
v -3.782467 0.761321 -0.060000
v -3.777177 0.758622 -0.060000
v -3.772262 0.755256 -0.060000
v -3.767794 0.751278 -0.060000
v -3.763846 0.746750 -0.060000
v -3.760486 0.741739 -0.060000
v -3.757776 0.736310 -0.060000
v -3.755773 0.730519 -0.060000
v -3.754527 0.724410 -0.060000
v -3.754097 0.718017 -0.060000
v -3.754520 0.711881 -0.060000
v -3.755746 0.706003 -0.060000
v -3.757728 0.700384 -0.060000
v -3.760420 0.695077 -0.060000
v -3.763772 0.690147 -0.060000
v -3.767721 0.685670 -0.060000
v -3.772198 0.681721 -0.060000
v -3.777128 0.678369 -0.060000
v -3.782435 0.675677 -0.060000
v -3.788054 0.673695 -0.060000
v -3.793931 0.672470 -0.060000
v -3.800068 0.672046 -0.060000
v -3.818014 0.849822 -0.060000
v -3.835300 0.846252 -0.060000
v -3.851708 0.840506 -0.060000
v -3.867061 0.832758 -0.060000
v -3.881199 0.823175 -0.060000
v -3.893971 0.811920 -0.060000
v -3.905226 0.799148 -0.060000
v -3.914809 0.785010 -0.060000
v -3.922557 0.769657 -0.060000
v -3.928303 0.753249 -0.060000
v -3.931873 0.735963 -0.060000
v -3.933097 0.717999 -0.060000
v -3.931872 0.700049 -0.060000
v -3.928297 0.682800 -0.060000
v -3.922538 0.666453 -0.060000
v -3.914770 0.651182 -0.060000
v -3.905164 0.637147 -0.060000
v -3.893885 0.624494 -0.060000
v -3.881095 0.613368 -0.060000
v -3.866948 0.603918 -0.060000
v -3.851600 0.596293 -0.060000
v -3.835215 0.590651 -0.060000
v -3.817965 0.587153 -0.060000
v -3.800591 0.585991 -0.060000
v -3.796288 0.586047 -0.060000
v -3.792529 0.586191 -0.060000
v -3.788775 0.586433 -0.060000
v -3.785029 0.586771 -0.060000
v -3.781295 0.587207 -0.060000
v -3.777575 0.587740 -0.060000
v -3.773873 0.588371 -0.060000
v -3.770190 0.589102 -0.060000
v -3.766531 0.589931 -0.060000
v -3.762898 0.590861 -0.060000
v -3.759295 0.591892 -0.060000
v -3.777663 0.586064 -0.060000
v -3.779674 0.597124 -0.060000
v -3.773725 0.569235 -0.060000
v -3.766602 0.539466 -0.060000
v -3.758284 0.508150 -0.060000
v -3.748759 0.475667 -0.060000
v -3.738014 0.442402 -0.060000
v -3.726035 0.408739 -0.060000
v -3.712803 0.375060 -0.060000
v -3.698298 0.341749 -0.060000
v -3.682494 0.309186 -0.060000
v -3.665358 0.277752 -0.060000
v -3.646848 0.247825 -0.060000
v -3.626977 0.219886 -0.060000
v -3.602936 0.190297 -0.060000
v -3.577669 0.161902 -0.060000
v -3.550907 0.134582 -0.060000
v -3.522525 0.108391 -0.060000
v -3.492401 0.083385 -0.060000
v -3.460416 0.059621 -0.060000
v -3.426454 0.037151 -0.060000
v -3.390400 0.016027 -0.060000
v -3.352141 -0.003704 -0.060000
v -3.311561 -0.021998 -0.060000
v -3.268545 -0.038812 -0.060000
v -3.211018 -0.058122 -0.060000
v -3.112331 0.050725 -0.060000
v -3.190157 0.071928 -0.060000
v -3.232826 0.085862 -0.060000
v -3.272433 0.101159 -0.060000
v -3.309171 0.117762 -0.060000
v -3.343234 0.135620 -0.060000
v -3.374819 0.154683 -0.060000
v -3.404125 0.174908 -0.060000
v -3.431349 0.196257 -0.060000
v -3.456687 0.218699 -0.060000
v -3.480328 0.242202 -0.060000
v -3.502457 0.266738 -0.060000
v -3.523200 0.292208 -0.060000
v -3.539766 0.314974 -0.060000
v -3.555362 0.339394 -0.060000
v -3.570005 0.365266 -0.060000
v -3.583633 0.392259 -0.060000
v -3.596189 0.420041 -0.060000
v -3.607622 0.448282 -0.060000
v -3.617886 0.476651 -0.060000
v -3.626937 0.504815 -0.060000
v -3.634735 0.532440 -0.060000
v -3.641239 0.559189 -0.060000
v -3.646413 0.584716 -0.060000
v -3.646617 0.586000 -0.060000
v -3.648901 0.586000 -0.060000
v -3.616019 0.586000 -0.060000
v -3.573754 0.586000 -0.060000
v -3.524458 0.586000 -0.060000
v -3.470482 0.586000 -0.060000
v -3.414176 0.586000 -0.060000
v -3.357891 0.586000 -0.060000
v -3.303977 0.586000 -0.060000
v -3.254785 0.586000 -0.060000
v -3.212667 0.586000 -0.060000
v -3.179972 0.586000 -0.060000
v -3.159091 0.586000 -0.060000
v -3.149335 0.585961 -0.060000
v -3.139865 0.585849 -0.060000
v -3.130645 0.585677 -0.060000
v -3.121681 0.585452 -0.060000
v -3.112978 0.585186 -0.060000
v -3.104543 0.584889 -0.060000
v -3.096381 0.584570 -0.060000
v -3.088496 0.584240 -0.060000
v -3.080893 0.583910 -0.060000
v -3.073576 0.583588 -0.060000
v -3.066549 0.583287 -0.060000
v -3.039051 0.582176 -0.060000
v -3.039051 0.714892 -0.060000
v -3.068824 0.710859 -0.060000
v -3.076191 0.709960 -0.060000
v -3.083919 0.709112 -0.060000
v -3.091941 0.708322 -0.060000
v -3.100193 0.707598 -0.060000
v -3.108611 0.706949 -0.060000
v -3.117131 0.706381 -0.060000
v -3.125690 0.705901 -0.060000
v -3.134226 0.705516 -0.060000
v -3.142673 0.705234 -0.060000
v -3.150969 0.705060 -0.060000
v -3.159124 0.705000 -0.060000
v -3.180024 0.705000 -0.060000
v -3.212833 0.705000 -0.060000
v -3.255066 0.705000 -0.060000
v -3.304310 0.705000 -0.060000
v -3.358151 0.705000 -0.060000
v -3.414176 0.705000 -0.060000
v -3.469972 0.705000 -0.060000
v -3.523125 0.705000 -0.060000
v -3.571223 0.705000 -0.060000
v -3.611852 0.705000 -0.060000
v -3.642599 0.705000 -0.060000
v -3.660738 0.705000 -0.060000
v -3.666686 0.705186 -0.060000
v -3.673053 0.683162 -0.060000
v -3.672262 0.686120 -0.060000
v -3.671526 0.689126 -0.060000
v -3.670849 0.692178 -0.060000
v -3.670233 0.695275 -0.060000
v -3.669684 0.698414 -0.060000
v -3.669206 0.701593 -0.060000
v -3.668803 0.704809 -0.060000
v -3.668481 0.708061 -0.060000
v -3.668245 0.711346 -0.060000
v -3.668099 0.714661 -0.060000
v -3.668041 0.718519 -0.060000
v -3.669204 0.735914 -0.060000
v -3.672702 0.753164 -0.060000
v -3.678344 0.769549 -0.060000
v -3.685968 0.784897 -0.060000
v -3.695419 0.799044 -0.060000
v -3.706545 0.811834 -0.060000
v -3.719198 0.823113 -0.060000
v -3.733233 0.832719 -0.060000
v -3.748504 0.840487 -0.060000
v -3.764850 0.846246 -0.060000
v -3.782100 0.849821 -0.060000
v -3.800050 0.851047 -0.060000
v -3.806461 0.672476 0.060000
v -3.812570 0.673721 0.060000
v -3.818361 0.675725 0.060000
v -3.823790 0.678435 0.060000
v -3.828801 0.681795 0.060000
v -3.833329 0.685743 0.060000
v -3.837307 0.690211 0.060000
v -3.840673 0.695126 0.060000
v -3.843372 0.700416 0.060000
v -3.845356 0.706019 0.060000
v -3.846581 0.711886 0.060000
v -3.847005 0.718017 0.060000
v -3.846575 0.724405 0.060000
v -3.845329 0.730503 0.060000
v -3.843323 0.736278 0.060000
v -3.840607 0.741690 0.060000
v -3.837232 0.746686 0.060000
v -3.833255 0.751204 0.060000
v -3.828737 0.755181 0.060000
v -3.823741 0.758556 0.060000
v -3.818329 0.761272 0.060000
v -3.812554 0.763278 0.060000
v -3.806456 0.764524 0.060000
v -3.800068 0.764954 0.060000
v -3.793937 0.764530 0.060000
v -3.788070 0.763304 0.060000
v -3.782467 0.761321 0.060000
v -3.777177 0.758622 0.060000
v -3.772262 0.755256 0.060000
v -3.767794 0.751278 0.060000
v -3.763846 0.746750 0.060000
v -3.760486 0.741739 0.060000
v -3.757776 0.736310 0.060000
v -3.755773 0.730519 0.060000
v -3.754527 0.724410 0.060000
v -3.754097 0.718017 0.060000
v -3.754520 0.711881 0.060000
v -3.755746 0.706003 0.060000
v -3.757728 0.700384 0.060000
v -3.760420 0.695077 0.060000
v -3.763772 0.690147 0.060000
v -3.767721 0.685670 0.060000
v -3.772198 0.681721 0.060000
v -3.777128 0.678369 0.060000
v -3.782435 0.675677 0.060000
v -3.788054 0.673695 0.060000
v -3.793931 0.672470 0.060000
v -3.800068 0.672046 0.060000
v -3.818014 0.849822 0.060000
v -3.835300 0.846252 0.060000
v -3.851708 0.840506 0.060000
v -3.867061 0.832758 0.060000
v -3.881199 0.823175 0.060000
v -3.893971 0.811920 0.060000
v -3.905226 0.799148 0.060000
v -3.914809 0.785010 0.060000
v -3.922557 0.769657 0.060000
v -3.928303 0.753249 0.060000
v -3.931873 0.735963 0.060000
v -3.933097 0.717999 0.060000
v -3.931872 0.700049 0.060000
v -3.928297 0.682800 0.060000
v -3.922538 0.666453 0.060000
v -3.914770 0.651182 0.060000
v -3.905164 0.637147 0.060000
v -3.893885 0.624494 0.060000
v -3.881095 0.613368 0.060000
v -3.866948 0.603918 0.060000
v -3.851600 0.596293 0.060000
v -3.835215 0.590651 0.060000
v -3.817965 0.587153 0.060000
v -3.800591 0.585991 0.060000
v -3.796288 0.586047 0.060000
v -3.792529 0.586191 0.060000
v -3.788775 0.586433 0.060000
v -3.785029 0.586771 0.060000
v -3.781295 0.587207 0.060000
v -3.777575 0.587740 0.060000
v -3.773873 0.588371 0.060000
v -3.770190 0.589102 0.060000
v -3.766531 0.589931 0.060000
v -3.762898 0.590861 0.060000
v -3.759295 0.591892 0.060000
v -3.777663 0.586064 0.060000
v -3.779674 0.597124 0.060000
v -3.773725 0.569235 0.060000
v -3.766602 0.539466 0.060000
v -3.758284 0.508150 0.060000
v -3.748759 0.475667 0.060000
v -3.738014 0.442402 0.060000
v -3.726035 0.408739 0.060000
v -3.712803 0.375060 0.060000
v -3.698298 0.341749 0.060000
v -3.682494 0.309186 0.060000
v -3.665358 0.277752 0.060000
v -3.646848 0.247825 0.060000
v -3.626977 0.219886 0.060000
v -3.602936 0.190297 0.060000
v -3.577669 0.161902 0.060000
v -3.550907 0.134582 0.060000
v -3.522525 0.108391 0.060000
v -3.492401 0.083385 0.060000
v -3.460416 0.059621 0.060000
v -3.426454 0.037151 0.060000
v -3.390400 0.016027 0.060000
v -3.352141 -0.003704 0.060000
v -3.311561 -0.021998 0.060000
v -3.268545 -0.038812 0.060000
v -3.211018 -0.058122 0.060000
v -3.112331 0.050725 0.060000
v -3.190157 0.071928 0.060000
v -3.232826 0.085862 0.060000
v -3.272433 0.101159 0.060000
v -3.309171 0.117762 0.060000
v -3.343234 0.135620 0.060000
v -3.374819 0.154683 0.060000
v -3.404125 0.174908 0.060000
v -3.431349 0.196257 0.060000
v -3.456687 0.218699 0.060000
v -3.480328 0.242202 0.060000
v -3.502457 0.266738 0.060000
v -3.523200 0.292208 0.060000
v -3.539766 0.314974 0.060000
v -3.555362 0.339394 0.060000
v -3.570005 0.365266 0.060000
v -3.583633 0.392259 0.060000
v -3.596189 0.420041 0.060000
v -3.607622 0.448282 0.060000
v -3.617886 0.476651 0.060000
v -3.626937 0.504815 0.060000
v -3.634735 0.532440 0.060000
v -3.641239 0.559189 0.060000
v -3.646413 0.584716 0.060000
v -3.646617 0.586000 0.060000
v -3.648901 0.586000 0.060000
v -3.616019 0.586000 0.060000
v -3.573754 0.586000 0.060000
v -3.524458 0.586000 0.060000
v -3.470482 0.586000 0.060000
v -3.414176 0.586000 0.060000
v -3.357891 0.586000 0.060000
v -3.303977 0.586000 0.060000
v -3.254785 0.586000 0.060000
v -3.212667 0.586000 0.060000
v -3.179972 0.586000 0.060000
v -3.159091 0.586000 0.060000
v -3.149335 0.585961 0.060000
v -3.139865 0.585849 0.060000
v -3.130645 0.585677 0.060000
v -3.121681 0.585452 0.060000
v -3.112978 0.585186 0.060000
v -3.104543 0.584889 0.060000
v -3.096381 0.584570 0.060000
v -3.088496 0.584240 0.060000
v -3.080893 0.583910 0.060000
v -3.073576 0.583588 0.060000
v -3.066549 0.583287 0.060000
v -3.039051 0.582176 0.060000
v -3.039051 0.714892 0.060000
v -3.068824 0.710859 0.060000
v -3.076191 0.709960 0.060000
v -3.083919 0.709112 0.060000
v -3.091941 0.708322 0.060000
v -3.100193 0.707598 0.060000
v -3.108611 0.706949 0.060000
v -3.117131 0.706381 0.060000
v -3.125690 0.705901 0.060000
v -3.134226 0.705516 0.060000
v -3.142673 0.705234 0.060000
v -3.150969 0.705060 0.060000
v -3.159124 0.705000 0.060000
v -3.180024 0.705000 0.060000
v -3.212833 0.705000 0.060000
v -3.255066 0.705000 0.060000
v -3.304310 0.705000 0.060000
v -3.358151 0.705000 0.060000
v -3.414176 0.705000 0.060000
v -3.469972 0.705000 0.060000
v -3.523125 0.705000 0.060000
v -3.571223 0.705000 0.060000
v -3.611852 0.705000 0.060000
v -3.642599 0.705000 0.060000
v -3.660738 0.705000 0.060000
v -3.666686 0.705186 0.060000
v -3.673053 0.683162 0.060000
v -3.672262 0.686120 0.060000
v -3.671526 0.689126 0.060000
v -3.670849 0.692178 0.060000
v -3.670233 0.695275 0.060000
v -3.669684 0.698414 0.060000
v -3.669206 0.701593 0.060000
v -3.668803 0.704809 0.060000
v -3.668481 0.708061 0.060000
v -3.668245 0.711346 0.060000
v -3.668099 0.714661 0.060000
v -3.668041 0.718519 0.060000
v -3.669204 0.735914 0.060000
v -3.672702 0.753164 0.060000
v -3.678344 0.769549 0.060000
v -3.685968 0.784897 0.060000
v -3.695419 0.799044 0.060000
v -3.706545 0.811834 0.060000
v -3.719198 0.823113 0.060000
v -3.733233 0.832719 0.060000
v -3.748504 0.840487 0.060000
v -3.764850 0.846246 0.060000
v -3.782100 0.849821 0.060000
v -3.800050 0.851047 0.060000
v -3.806461 0.672476 0.060000
v -3.806461 0.672476 -0.060000
v -3.812570 0.673721 0.060000
v -3.812570 0.673721 -0.060000
v -3.818361 0.675725 0.060000
v -3.818361 0.675725 -0.060000
v -3.823790 0.678435 0.060000
v -3.823790 0.678435 -0.060000
v -3.828801 0.681795 0.060000
v -3.828801 0.681795 -0.060000
v -3.833329 0.685743 0.060000
v -3.833329 0.685743 -0.060000
v -3.837307 0.690211 0.060000
v -3.837307 0.690211 -0.060000
v -3.840673 0.695126 0.060000
v -3.840673 0.695126 -0.060000
v -3.843372 0.700416 0.060000
v -3.843372 0.700416 -0.060000
v -3.845356 0.706019 0.060000
v -3.845356 0.706019 -0.060000
v -3.846581 0.711886 0.060000
v -3.846581 0.711886 -0.060000
v -3.847005 0.718017 0.060000
v -3.847005 0.718017 -0.060000
v -3.846575 0.724405 0.060000
v -3.846575 0.724405 -0.060000
v -3.845329 0.730503 0.060000
v -3.845329 0.730503 -0.060000
v -3.843323 0.736278 0.060000
v -3.843323 0.736278 -0.060000
v -3.840607 0.741690 0.060000
v -3.840607 0.741690 -0.060000
v -3.837232 0.746686 0.060000
v -3.837232 0.746686 -0.060000
v -3.833255 0.751204 0.060000
v -3.833255 0.751204 -0.060000
v -3.828737 0.755181 0.060000
v -3.828737 0.755181 -0.060000
v -3.823741 0.758556 0.060000
v -3.823741 0.758556 -0.060000
v -3.818329 0.761272 0.060000
v -3.818329 0.761272 -0.060000
v -3.812554 0.763278 0.060000
v -3.812554 0.763278 -0.060000
v -3.806456 0.764524 0.060000
v -3.806456 0.764524 -0.060000
v -3.800068 0.764954 0.060000
v -3.800068 0.764954 -0.060000
v -3.793937 0.764530 0.060000
v -3.793937 0.764530 -0.060000
v -3.788070 0.763304 0.060000
v -3.788070 0.763304 -0.060000
v -3.782467 0.761321 0.060000
v -3.782467 0.761321 -0.060000
v -3.777177 0.758622 0.060000
v -3.777177 0.758622 -0.060000
v -3.772262 0.755256 0.060000
v -3.772262 0.755256 -0.060000
v -3.767794 0.751278 0.060000
v -3.767794 0.751278 -0.060000
v -3.763846 0.746750 0.060000
v -3.763846 0.746750 -0.060000
v -3.760486 0.741739 0.060000
v -3.760486 0.741739 -0.060000
v -3.757776 0.736310 0.060000
v -3.757776 0.736310 -0.060000
v -3.755773 0.730519 0.060000
v -3.755773 0.730519 -0.060000
v -3.754527 0.724410 0.060000
v -3.754527 0.724410 -0.060000
v -3.754097 0.718017 0.060000
v -3.754097 0.718017 -0.060000
v -3.754520 0.711881 0.060000
v -3.754520 0.711881 -0.060000
v -3.755746 0.706003 0.060000
v -3.755746 0.706003 -0.060000
v -3.757728 0.700384 0.060000
v -3.757728 0.700384 -0.060000
v -3.760420 0.695077 0.060000
v -3.760420 0.695077 -0.060000
v -3.763772 0.690147 0.060000
v -3.763772 0.690147 -0.060000
v -3.767721 0.685670 0.060000
v -3.767721 0.685670 -0.060000
v -3.772198 0.681721 0.060000
v -3.772198 0.681721 -0.060000
v -3.777128 0.678369 0.060000
v -3.777128 0.678369 -0.060000
v -3.782435 0.675677 0.060000
v -3.782435 0.675677 -0.060000
v -3.788054 0.673695 0.060000
v -3.788054 0.673695 -0.060000
v -3.793931 0.672470 0.060000
v -3.793931 0.672470 -0.060000
v -3.800068 0.672046 0.060000
v -3.800068 0.672046 -0.060000
v -3.818014 0.849822 0.060000
v -3.818014 0.849822 -0.060000
v -3.835300 0.846252 0.060000
v -3.835300 0.846252 -0.060000
v -3.851708 0.840506 0.060000
v -3.851708 0.840506 -0.060000
v -3.867061 0.832758 0.060000
v -3.867061 0.832758 -0.060000
v -3.881199 0.823175 0.060000
v -3.881199 0.823175 -0.060000
v -3.893971 0.811920 0.060000
v -3.893971 0.811920 -0.060000
v -3.905226 0.799148 0.060000
v -3.905226 0.799148 -0.060000
v -3.914809 0.785010 0.060000
v -3.914809 0.785010 -0.060000
v -3.922557 0.769657 0.060000
v -3.922557 0.769657 -0.060000
v -3.928303 0.753249 0.060000
v -3.928303 0.753249 -0.060000
v -3.931873 0.735963 0.060000
v -3.931873 0.735963 -0.060000
v -3.933097 0.717999 0.060000
v -3.933097 0.717999 -0.060000
v -3.931872 0.700049 0.060000
v -3.931872 0.700049 -0.060000
v -3.928297 0.682800 0.060000
v -3.928297 0.682800 -0.060000
v -3.922538 0.666453 0.060000
v -3.922538 0.666453 -0.060000
v -3.914770 0.651182 0.060000
v -3.914770 0.651182 -0.060000
v -3.905164 0.637147 0.060000
v -3.905164 0.637147 -0.060000
v -3.893885 0.624494 0.060000
v -3.893885 0.624494 -0.060000
v -3.881095 0.613368 0.060000
v -3.881095 0.613368 -0.060000
v -3.866948 0.603918 0.060000
v -3.866948 0.603918 -0.060000
v -3.851600 0.596293 0.060000
v -3.851600 0.596293 -0.060000
v -3.835215 0.590651 0.060000
v -3.835215 0.590651 -0.060000
v -3.817965 0.587153 0.060000
v -3.817965 0.587153 -0.060000
v -3.800591 0.585991 0.060000
v -3.800591 0.585991 -0.060000
v -3.796288 0.586047 0.060000
v -3.796288 0.586047 -0.060000
v -3.792529 0.586191 0.060000
v -3.792529 0.586191 -0.060000
v -3.788775 0.586433 0.060000
v -3.788775 0.586433 -0.060000
v -3.785029 0.586771 0.060000
v -3.785029 0.586771 -0.060000
v -3.781295 0.587207 0.060000
v -3.781295 0.587207 -0.060000
v -3.777575 0.587740 0.060000
v -3.777575 0.587740 -0.060000
v -3.773873 0.588371 0.060000
v -3.773873 0.588371 -0.060000
v -3.770190 0.589102 0.060000
v -3.770190 0.589102 -0.060000
v -3.766531 0.589931 0.060000
v -3.766531 0.589931 -0.060000
v -3.762898 0.590861 0.060000
v -3.762898 0.590861 -0.060000
v -3.759295 0.591892 0.060000
v -3.759295 0.591892 -0.060000
v -3.777663 0.586064 0.060000
v -3.777663 0.586064 -0.060000
v -3.779674 0.597124 0.060000
v -3.779674 0.597124 -0.060000
v -3.773725 0.569235 0.060000
v -3.773725 0.569235 -0.060000
v -3.766602 0.539466 0.060000
v -3.766602 0.539466 -0.060000
v -3.758284 0.508150 0.060000
v -3.758284 0.508150 -0.060000
v -3.748759 0.475667 0.060000
v -3.748759 0.475667 -0.060000
v -3.738014 0.442402 0.060000
v -3.738014 0.442402 -0.060000
v -3.726035 0.408739 0.060000
v -3.726035 0.408739 -0.060000
v -3.712803 0.375060 0.060000
v -3.712803 0.375060 -0.060000
v -3.698298 0.341749 0.060000
v -3.698298 0.341749 -0.060000
v -3.682494 0.309186 0.060000
v -3.682494 0.309186 -0.060000
v -3.665358 0.277752 0.060000
v -3.665358 0.277752 -0.060000
v -3.646848 0.247825 0.060000
v -3.646848 0.247825 -0.060000
v -3.626977 0.219886 0.060000
v -3.626977 0.219886 -0.060000
v -3.602936 0.190297 0.060000
v -3.602936 0.190297 -0.060000
v -3.577669 0.161902 0.060000
v -3.577669 0.161902 -0.060000
v -3.550907 0.134582 0.060000
v -3.550907 0.134582 -0.060000
v -3.522525 0.108391 0.060000
v -3.522525 0.108391 -0.060000
v -3.492401 0.083385 0.060000
v -3.492401 0.083385 -0.060000
v -3.460416 0.059621 0.060000
v -3.460416 0.059621 -0.060000
v -3.426454 0.037151 0.060000
v -3.426454 0.037151 -0.060000
v -3.390400 0.016027 0.060000
v -3.390400 0.016027 -0.060000
v -3.352141 -0.003704 0.060000
v -3.352141 -0.003704 -0.060000
v -3.311561 -0.021998 0.060000
v -3.311561 -0.021998 -0.060000
v -3.268545 -0.038812 0.060000
v -3.268545 -0.038812 -0.060000
v -3.211018 -0.058122 0.060000
v -3.211018 -0.058122 -0.060000
v -3.112331 0.050725 0.060000
v -3.112331 0.050725 -0.060000
v -3.190157 0.071928 0.060000
v -3.190157 0.071928 -0.060000
v -3.232826 0.085862 0.060000
v -3.232826 0.085862 -0.060000
v -3.272433 0.101159 0.060000
v -3.272433 0.101159 -0.060000
v -3.309171 0.117762 0.060000
v -3.309171 0.117762 -0.060000
v -3.343234 0.135620 0.060000
v -3.343234 0.135620 -0.060000
v -3.374819 0.154683 0.060000
v -3.374819 0.154683 -0.060000
v -3.404125 0.174908 0.060000
v -3.404125 0.174908 -0.060000
v -3.431349 0.196257 0.060000
v -3.431349 0.196257 -0.060000
v -3.456687 0.218699 0.060000
v -3.456687 0.218699 -0.060000
v -3.480328 0.242202 0.060000
v -3.480328 0.242202 -0.060000
v -3.502457 0.266738 0.060000
v -3.502457 0.266738 -0.060000
v -3.523200 0.292208 0.060000
v -3.523200 0.292208 -0.060000
v -3.539766 0.314974 0.060000
v -3.539766 0.314974 -0.060000
v -3.555362 0.339394 0.060000
v -3.555362 0.339394 -0.060000
v -3.570005 0.365266 0.060000
v -3.570005 0.365266 -0.060000
v -3.583633 0.392259 0.060000
v -3.583633 0.392259 -0.060000
v -3.596189 0.420041 0.060000
v -3.596189 0.420041 -0.060000
v -3.607622 0.448282 0.060000
v -3.607622 0.448282 -0.060000
v -3.617886 0.476651 0.060000
v -3.617886 0.476651 -0.060000
v -3.626937 0.504815 0.060000
v -3.626937 0.504815 -0.060000
v -3.634735 0.532440 0.060000
v -3.634735 0.532440 -0.060000
v -3.641239 0.559189 0.060000
v -3.641239 0.559189 -0.060000
v -3.646413 0.584716 0.060000
v -3.646413 0.584716 -0.060000
v -3.646617 0.586000 0.060000
v -3.646617 0.586000 -0.060000
v -3.648901 0.586000 0.060000
v -3.648901 0.586000 -0.060000
v -3.616019 0.586000 0.060000
v -3.616019 0.586000 -0.060000
v -3.573754 0.586000 0.060000
v -3.573754 0.586000 -0.060000
v -3.524458 0.586000 0.060000
v -3.524458 0.586000 -0.060000
v -3.470482 0.586000 0.060000
v -3.470482 0.586000 -0.060000
v -3.414176 0.586000 0.060000
v -3.414176 0.586000 -0.060000
v -3.357891 0.586000 0.060000
v -3.357891 0.586000 -0.060000
v -3.303977 0.586000 0.060000
v -3.303977 0.586000 -0.060000
v -3.254785 0.586000 0.060000
v -3.254785 0.586000 -0.060000
v -3.212667 0.586000 0.060000
v -3.212667 0.586000 -0.060000
v -3.179972 0.586000 0.060000
v -3.179972 0.586000 -0.060000
v -3.159091 0.586000 0.060000
v -3.159091 0.586000 -0.060000
v -3.149335 0.585961 0.060000
v -3.149335 0.585961 -0.060000
v -3.139865 0.585849 0.060000
v -3.139865 0.585849 -0.060000
v -3.130645 0.585677 0.060000
v -3.130645 0.585677 -0.060000
v -3.121681 0.585452 0.060000
v -3.121681 0.585452 -0.060000
v -3.112978 0.585186 0.060000
v -3.112978 0.585186 -0.060000
v -3.104543 0.584889 0.060000
v -3.104543 0.584889 -0.060000
v -3.096381 0.584570 0.060000
v -3.096381 0.584570 -0.060000
v -3.088496 0.584240 0.060000
v -3.088496 0.584240 -0.060000
v -3.080893 0.583910 0.060000
v -3.080893 0.583910 -0.060000
v -3.073576 0.583588 0.060000
v -3.073576 0.583588 -0.060000
v -3.066549 0.583287 0.060000
v -3.066549 0.583287 -0.060000
v -3.039051 0.582176 0.060000
v -3.039051 0.582176 -0.060000
v -3.039051 0.714892 0.060000
v -3.039051 0.714892 -0.060000
v -3.068824 0.710859 0.060000
v -3.068824 0.710859 -0.060000
v -3.076191 0.709960 0.060000
v -3.076191 0.709960 -0.060000
v -3.083919 0.709112 0.060000
v -3.083919 0.709112 -0.060000
v -3.091941 0.708322 0.060000
v -3.091941 0.708322 -0.060000
v -3.100193 0.707598 0.060000
v -3.100193 0.707598 -0.060000
v -3.108611 0.706949 0.060000
v -3.108611 0.706949 -0.060000
v -3.117131 0.706381 0.060000
v -3.117131 0.706381 -0.060000
v -3.125690 0.705901 0.060000
v -3.125690 0.705901 -0.060000
v -3.134226 0.705516 0.060000
v -3.134226 0.705516 -0.060000
v -3.142673 0.705234 0.060000
v -3.142673 0.705234 -0.060000
v -3.150969 0.705060 0.060000
v -3.150969 0.705060 -0.060000
v -3.159124 0.705000 0.060000
v -3.159124 0.705000 -0.060000
v -3.180024 0.705000 0.060000
v -3.180024 0.705000 -0.060000
v -3.212833 0.705000 0.060000
v -3.212833 0.705000 -0.060000
v -3.255066 0.705000 0.060000
v -3.255066 0.705000 -0.060000
v -3.304310 0.705000 0.060000
v -3.304310 0.705000 -0.060000
v -3.358151 0.705000 0.060000
v -3.358151 0.705000 -0.060000
v -3.414176 0.705000 0.060000
v -3.414176 0.705000 -0.060000
v -3.469972 0.705000 0.060000
v -3.469972 0.705000 -0.060000
v -3.523125 0.705000 0.060000
v -3.523125 0.705000 -0.060000
v -3.571223 0.705000 0.060000
v -3.571223 0.705000 -0.060000
v -3.611852 0.705000 0.060000
v -3.611852 0.705000 -0.060000
v -3.642599 0.705000 0.060000
v -3.642599 0.705000 -0.060000
v -3.660738 0.705000 0.060000
v -3.660738 0.705000 -0.060000
v -3.666686 0.705186 0.060000
v -3.666686 0.705186 -0.060000
v -3.673053 0.683162 0.060000
v -3.673053 0.683162 -0.060000
v -3.672262 0.686120 0.060000
v -3.672262 0.686120 -0.060000
v -3.671526 0.689126 0.060000
v -3.671526 0.689126 -0.060000
v -3.670849 0.692178 0.060000
v -3.670849 0.692178 -0.060000
v -3.670233 0.695275 0.060000
v -3.670233 0.695275 -0.060000
v -3.669684 0.698414 0.060000
v -3.669684 0.698414 -0.060000
v -3.669206 0.701593 0.060000
v -3.669206 0.701593 -0.060000
v -3.668803 0.704809 0.060000
v -3.668803 0.704809 -0.060000
v -3.668481 0.708061 0.060000
v -3.668481 0.708061 -0.060000
v -3.668245 0.711346 0.060000
v -3.668245 0.711346 -0.060000
v -3.668099 0.714661 0.060000
v -3.668099 0.714661 -0.060000
v -3.668041 0.718519 0.060000
v -3.668041 0.718519 -0.060000
v -3.669204 0.735914 0.060000
v -3.669204 0.735914 -0.060000
v -3.672702 0.753164 0.060000
v -3.672702 0.753164 -0.060000
v -3.678344 0.769549 0.060000
v -3.678344 0.769549 -0.060000
v -3.685968 0.784897 0.060000
v -3.685968 0.784897 -0.060000
v -3.695419 0.799044 0.060000
v -3.695419 0.799044 -0.060000
v -3.706545 0.811834 0.060000
v -3.706545 0.811834 -0.060000
v -3.719198 0.823113 0.060000
v -3.719198 0.823113 -0.060000
v -3.733233 0.832719 0.060000
v -3.733233 0.832719 -0.060000
v -3.748504 0.840487 0.060000
v -3.748504 0.840487 -0.060000
v -3.764850 0.846246 0.060000
v -3.764850 0.846246 -0.060000
v -3.782100 0.849821 0.060000
v -3.782100 0.849821 -0.060000
v -3.800050 0.851047 0.060000
v -3.800050 0.851047 -0.060000
vn -0.0000 -0.0000 -1.0000
vn -0.0001 -0.0000 -1.0000
vn 0.0003 -0.0000 -1.0000
vn -0.0000 -0.0000 1.0000
vn -0.0001 -0.0000 1.0000
vn 0.0003 -0.0000 1.0000
vn 0.2640 0.9645 -0.0000
vn 0.1337 0.9910 -0.0000
vn 0.3876 0.9218 -0.0000
vn 0.5027 0.8644 -0.0000
vn 0.6083 0.7937 -0.0000
vn 0.5028 0.8644 -0.0000
vn 0.7034 0.7108 -0.0000
vn 0.7875 0.6163 -0.0000
vn 0.7035 0.7107 -0.0000
vn 0.8597 0.5108 -0.0000
vn 0.9187 0.3949 -0.0000
vn 0.9629 0.2698 -0.0000
vn 0.9906 0.1370 -0.0000
vn 1.0000 0.0009 -0.0000
vn 0.9910 -0.1340 -0.0000
vn 0.9643 -0.2648 -0.0000
vn 0.9212 -0.3892 -0.0000
vn 0.8630 -0.5052 -0.0000
vn 0.7913 -0.6115 -0.0000
vn 0.7071 -0.7071 -0.0000
vn 0.6115 -0.7913 -0.0000
vn 0.5052 -0.8630 -0.0000
vn 0.3892 -0.9212 -0.0000
vn 0.2648 -0.9643 -0.0000
vn 0.1340 -0.9910 -0.0000
vn -0.0009 -1.0000 -0.0000
vn -0.1370 -0.9906 -0.0000
vn -0.2698 -0.9629 -0.0000
vn -0.3949 -0.9187 -0.0000
vn -0.5108 -0.8597 -0.0000
vn -0.6163 -0.7875 -0.0000
vn -0.7108 -0.7034 -0.0000
vn -0.7937 -0.6083 -0.0000
vn -0.7107 -0.7035 -0.0000
vn -0.8644 -0.5027 -0.0000
vn -0.9218 -0.3876 -0.0000
vn -0.8644 -0.5028 -0.0000
vn -0.9645 -0.2640 -0.0000
vn -0.9910 -0.1337 -0.0000
vn -1.0000 0.0009 -0.0000
vn -0.9906 0.1368 -0.0000
vn -0.9632 0.2689 -0.0000
vn -0.9194 0.3934 -0.0000
vn -0.9631 0.2690 -0.0000
vn -0.8611 0.5084 -0.0000
vn -0.7900 0.6131 -0.0000
vn -0.8612 0.5083 -0.0000
vn -0.7071 0.7071 -0.0000
vn -0.6131 0.7900 -0.0000
vn -0.5084 0.8611 -0.0000
vn -0.3934 0.9194 -0.0000
vn -0.2690 0.9631 -0.0000
vn -0.1368 0.9906 -0.0000
vn -0.0009 1.0000 -0.0000
vn -0.2670 0.9637 -0.0000
vn -0.1354 0.9908 -0.0000
vn -0.3914 0.9202 -0.0000
vn -0.5068 0.8620 -0.0000
vn -0.6123 0.7906 -0.0000
vn -0.7906 0.6123 -0.0000
vn -0.8620 0.5068 -0.0000
vn -0.9202 0.3914 -0.0000
vn -0.9637 0.2670 -0.0000
vn -0.9908 0.1354 -0.0000
vn -1.0000 -0.0000 -0.0000
vn -0.9907 -0.1358 -0.0000
vn -0.9634 -0.2682 -0.0000
vn -0.9192 -0.3937 -0.0000
vn -0.8601 -0.5102 -0.0000
vn -0.7875 -0.6164 -0.0000
vn -0.7028 -0.7114 -0.0000
vn -0.6071 -0.7946 -0.0000
vn -0.5012 -0.8653 -0.0000
vn -0.3860 -0.9225 -0.0000
vn -0.2627 -0.9649 -0.0000
vn -0.1330 -0.9911 -0.0000
vn -0.0270 -0.9996 -0.0000
vn 0.0257 -0.9997 -0.0000
vn 0.0513 -0.9987 -0.0000
vn 0.0771 -0.9970 -0.0000
vn 0.1029 -0.9947 -0.0000
vn 0.1289 -0.9917 -0.0000
vn 0.1550 -0.9879 -0.0000
vn 0.1813 -0.9834 -0.0000
vn 0.2078 -0.9782 -0.0000
vn 0.2345 -0.9721 -0.0000
vn 0.2615 -0.9652 -0.0000
vn -0.9573 -0.2893 -0.0000
vn 0.5157 0.8568 -0.0000
vn -0.9573 -0.2891 -0.0000
vn 0.1942 -0.9810 -0.0000
vn -0.9753 -0.2207 -0.0000
vn 0.1949 -0.9808 -0.0000
vn -0.9696 -0.2447 -0.0000
vn -0.9631 -0.2691 -0.0000
vn -0.9557 -0.2944 -0.0000
vn -0.9470 -0.3214 -0.0000
vn -0.9366 -0.3505 -0.0000
vn -0.9239 -0.3825 -0.0000
vn -0.9084 -0.4180 -0.0000
vn -0.8891 -0.4578 -0.0000
vn -0.8646 -0.5025 -0.0000
vn -0.8331 -0.5531 -0.0000
vn -0.7959 -0.6054 -0.0000
vn -0.7618 -0.6478 -0.0000
vn -0.7309 -0.6825 -0.0000
vn -0.6965 -0.7176 -0.0000
vn -0.6587 -0.7524 -0.0000
vn -0.6178 -0.7864 -0.0000
vn -0.5743 -0.8186 -0.0000
vn -0.5288 -0.8487 -0.0000
vn -0.4821 -0.8761 -0.0000
vn -0.5289 -0.8487 -0.0000
vn -0.4348 -0.9005 -0.0000
vn -0.3876 -0.9218 -0.0000
vn -0.3412 -0.9400 -0.0000
vn 0.2525 -0.9676 -0.0000
vn 0.9599 0.2803 -0.0000
vn 0.2867 0.9580 -0.0000
vn 0.9599 0.2804 -0.0000
vn 0.3355 0.9421 -0.0000
vn 0.3862 0.9224 -0.0000
vn 0.4383 0.8988 -0.0000
vn 0.4907 0.8713 -0.0000
vn 0.5426 0.8400 -0.0000
vn 0.5928 0.8053 -0.0000
vn 0.6403 0.7681 -0.0000
vn 0.6843 0.7292 -0.0000
vn 0.7241 0.6897 -0.0000
vn 0.7592 0.6508 -0.0000
vn 0.7923 0.6102 -0.0000
vn 0.8261 0.5636 -0.0000
vn 0.8568 0.5156 -0.0000
vn 0.8817 0.4718 -0.0000
vn 0.9022 0.4314 -0.0000
vn 0.9193 0.3936 -0.0000
vn 0.9338 0.3578 -0.0000
vn 0.9463 0.3232 -0.0000
vn 0.9574 0.2889 -0.0000
vn 0.9672 0.2540 -0.0000
vn 0.9761 0.2175 -0.0000
vn 0.9840 0.1779 -0.0000
vn 0.6492 0.7606 -0.0000
vn 0.9841 0.1779 -0.0000
vn -0.0000 1.0000 -0.0000
vn -0.0000 -1.0000 -0.0000
vn -0.0020 -1.0000 -0.0000
vn -0.0079 -1.0000 -0.0000
vn -0.0152 -0.9999 -0.0000
vn -0.0219 -0.9998 -0.0000
vn -0.0278 -0.9996 -0.0000
vn -0.0329 -0.9995 -0.0000
vn -0.0371 -0.9993 -0.0000
vn -0.0404 -0.9992 -0.0000
vn -0.0426 -0.9991 -0.0000
vn -0.0437 -0.9990 -0.0000
vn -0.0434 -0.9991 -0.0000
vn -0.0416 -0.9991 -0.0000
vn 0.6927 -0.7212 -0.0000
vn 0.6580 0.7531 -0.0000
vn -0.1277 0.9918 -0.0000
vn -0.1151 0.9934 -0.0000
vn -0.1036 0.9946 -0.0000
vn -0.0927 0.9957 -0.0000
vn -0.0821 0.9966 -0.0000
vn -0.0717 0.9974 -0.0000
vn -0.0613 0.9981 -0.0000
vn -0.0505 0.9987 -0.0000
vn -0.0392 0.9992 -0.0000
vn -0.0272 0.9996 -0.0000
vn -0.0141 0.9999 -0.0000
vn -0.0037 1.0000 -0.0000
vn 0.0156 0.9999 -0.0000
vn -0.5884 0.8086 -0.0000
vn 0.2689 0.9632 -0.0000
vn 0.9688 -0.2480 -0.0000
vn 0.2686 0.9633 -0.0000
vn 0.9738 -0.2273 -0.0000
vn 0.9688 -0.2479 -0.0000
vn 0.9786 -0.2059 -0.0000
vn 0.9830 -0.1836 -0.0000
vn 0.9870 -0.1605 -0.0000
vn 0.9906 -0.1365 -0.0000
vn 0.9938 -0.1114 -0.0000
vn 0.9964 -0.0852 -0.0000
vn 0.9983 -0.0580 -0.0000
vn 0.9996 -0.0295 -0.0000
vn 0.9983 -0.0579 -0.0000
vn 0.9997 0.0259 -0.0000
vn 0.9911 0.1330 -0.0000
vn 0.9649 0.2627 -0.0000
vn 0.9225 0.3860 -0.0000
vn 0.8653 0.5012 -0.0000
vn 0.7946 0.6071 -0.0000
vn 0.7114 0.7028 -0.0000
vn 0.6164 0.7875 -0.0000
vn 0.5102 0.8601 -0.0000
vn 0.3937 0.9192 -0.0000
vn 0.2682 0.9634 -0.0000
vn 0.1358 0.9907 -0.0000
vt 0.474008 0.902588
vt 0.417732 0.902588
vt 0.474365 0.902588
vt 0.418088 0.902588
vt 0.473652 0.902588
vt 0.418444 0.902588
vt 0.473296 0.902588
vt 0.418801 0.902588
vt 0.472940 0.902588
vt 0.419157 0.902588
vt 0.472584 0.902588
vt 0.419513 0.902588
vt 0.472227 0.902588
vt 0.419869 0.902588
vt 0.471871 0.902588
vt 0.420225 0.902588
vt 0.471515 0.902588
vt 0.420581 0.902588
vt 0.471159 0.902588
vt 0.408828 0.902588
vt 0.408471 0.902588
vt 0.420938 0.902588
vt 0.470803 0.902588
vt 0.409184 0.902588
vt 0.409540 0.902588
vt 0.408115 0.902588
vt 0.409896 0.902588
vt 0.407759 0.902588
vt 0.410252 0.902588
vt 0.407403 0.902588
vt 0.410608 0.902588
vt 0.407047 0.902588
vt 0.410965 0.902588
vt 0.406691 0.902588
vt 0.421294 0.902588
vt 0.470447 0.902588
vt 0.411321 0.902588
vt 0.406334 0.902588
vt 0.411677 0.902588
vt 0.405978 0.902588
vt 0.412033 0.902588
vt 0.405622 0.902588
vt 0.412389 0.902588
vt 0.405266 0.902588
vt 0.421650 0.902588
vt 0.470090 0.902588
vt 0.412746 0.902588
vt 0.404910 0.902588
vt 0.413102 0.902588
vt 0.404553 0.902588
vt 0.469734 0.902588
vt 0.413458 0.902588
vt 0.404197 0.902588
vt 0.422006 0.902588
vt 0.456556 0.902588
vt 0.457268 0.902588
vt 0.456912 0.902588
vt 0.469378 0.902588
vt 0.403841 0.902588
vt 0.413814 0.902588
vt 0.469022 0.902588
vt 0.457624 0.902588
vt 0.457980 0.902588
vt 0.458336 0.902588
vt 0.458693 0.902588
vt 0.468666 0.902588
vt 0.459049 0.902588
vt 0.459405 0.902588
vt 0.459761 0.902588
vt 0.403485 0.902588
vt 0.414170 0.902588
vt 0.460117 0.902588
vt 0.460474 0.902588
vt 0.460830 0.902588
vt 0.465460 0.902588
vt 0.466172 0.902588
vt 0.465816 0.902588
vt 0.461186 0.902588
vt 0.461542 0.902588
vt 0.461898 0.902588
vt 0.462254 0.902588
vt 0.462611 0.902588
vt 0.462967 0.902588
vt 0.463323 0.902588
vt 0.463679 0.902588
vt 0.464035 0.902588
vt 0.464392 0.902588
vt 0.464748 0.902588
vt 0.465104 0.902588
vt 0.468310 0.902588
vt 0.467953 0.902588
vt 0.403129 0.902588
vt 0.414526 0.902588
vt 0.422362 0.902588
vt 0.467597 0.902588
vt 0.467241 0.902588
vt 0.402773 0.902588
vt 0.414883 0.902588
vt 0.466885 0.902588
vt 0.402416 0.902588
vt 0.415239 0.902588
vt 0.466529 0.902588
vt 0.402060 0.902588
vt 0.415595 0.902588
vt 0.422719 0.902588
vt 0.401704 0.902588
vt 0.415951 0.902588
vt 0.401348 0.902588
vt 0.416307 0.902588
vt 0.400992 0.902588
vt 0.416664 0.902588
vt 0.400635 0.902588
vt 0.417020 0.902588
vt 0.417376 0.902588
vt 0.423075 0.902588
vt 0.423431 0.902588
vt 0.423787 0.902588
vt 0.454775 0.902588
vt 0.454419 0.902588
vt 0.424143 0.902588
vt 0.454062 0.902588
vt 0.453706 0.902588
vt 0.453350 0.902588
vt 0.424499 0.902588
vt 0.452994 0.902588
vt 0.430555 0.902588
vt 0.424856 0.902588
vt 0.452638 0.902588
vt 0.429842 0.902588
vt 0.428061 0.902588
vt 0.430911 0.902588
vt 0.430198 0.902588
vt 0.427705 0.902588
vt 0.425212 0.902588
vt 0.452281 0.902588
vt 0.429486 0.902588
vt 0.429130 0.902588
vt 0.425568 0.902588
vt 0.428774 0.902588
vt 0.428417 0.902588
vt 0.427349 0.902588
vt 0.425924 0.902588
vt 0.426993 0.902588
vt 0.426637 0.902588
vt 0.426280 0.902588
vt 0.451925 0.902588
vt 0.451569 0.902588
vt 0.451213 0.902588
vt 0.450857 0.902588
vt 0.450144 0.902588
vt 0.449788 0.902588
vt 0.449432 0.902588
vt 0.449076 0.902588
vt 0.448007 0.902588
vt 0.448363 0.902588
vt 0.450501 0.902588
vt 0.448720 0.902588
vt 0.447651 0.902588
vt 0.447295 0.902588
vt 0.455131 0.902588
vt 0.455487 0.902588
vt 0.455843 0.902588
vt 0.456199 0.902588
vt 0.431267 0.902588
vt 0.446939 0.902588
vt 0.431623 0.902588
vt 0.446583 0.902588
vt 0.431979 0.902588
vt 0.446226 0.902588
vt 0.445870 0.902588
vt 0.432335 0.902588
vt 0.445514 0.902588
vt 0.432692 0.902588
vt 0.445158 0.902588
vt 0.433048 0.902588
vt 0.444802 0.902588
vt 0.433404 0.902588
vt 0.444445 0.902588
vt 0.433760 0.902588
vt 0.444089 0.902588
vt 0.443733 0.902588
vt 0.434116 0.902588
vt 0.443377 0.902588
vt 0.434472 0.902588
vt 0.443021 0.902588
vt 0.434829 0.902588
vt 0.442665 0.902588
vt 0.435185 0.902588
vt 0.442308 0.902588
vt 0.441952 0.902588
vt 0.435541 0.902588
vt 0.441596 0.902588
vt 0.435897 0.902588
vt 0.441240 0.902588
vt 0.440884 0.902588
vt 0.436253 0.902588
vt 0.440527 0.902588
vt 0.436610 0.902588
vt 0.440171 0.902588
vt 0.439815 0.902588
vt 0.436966 0.902588
vt 0.439459 0.902588
vt 0.437322 0.902588
vt 0.439103 0.902588
vt 0.437678 0.902588
vt 0.438034 0.902588
vt 0.438390 0.902588
vt 0.438747 0.902588
vt 0.402171 0.976318
vt 0.400635 0.976318
vt 0.403708 0.976318
vt 0.402171 0.902588
vt 0.405244 0.976318
vt 0.403708 0.902588
vt 0.406780 0.976318
vt 0.405244 0.902588
vt 0.408316 0.976318
vt 0.406780 0.902588
vt 0.409852 0.976318
vt 0.408316 0.902588
vt 0.411388 0.976318
vt 0.409852 0.902588
vt 0.412924 0.976318
vt 0.411388 0.902588
vt 0.414460 0.976318
vt 0.412924 0.902588
vt 0.415996 0.976318
vt 0.414460 0.902588
vt 0.417532 0.976318
vt 0.415996 0.902588
vt 0.419068 0.976318
vt 0.417532 0.902588
vt 0.420604 0.976318
vt 0.419068 0.902588
vt 0.422140 0.976318
vt 0.420604 0.902588
vt 0.423676 0.976318
vt 0.422140 0.902588
vt 0.425212 0.976318
vt 0.423676 0.902588
vt 0.426748 0.976318
vt 0.428284 0.976318
vt 0.426748 0.902588
vt 0.429820 0.976318
vt 0.428284 0.902588
vt 0.431356 0.976318
vt 0.429820 0.902588
vt 0.432892 0.976318
vt 0.431356 0.902588
vt 0.434428 0.976318
vt 0.432892 0.902588
vt 0.435964 0.976318
vt 0.434428 0.902588
vt 0.437500 0.976318
vt 0.435964 0.902588
vt 0.439036 0.976318
vt 0.437500 0.902588
vt 0.440572 0.976318
vt 0.439036 0.902588
vt 0.442108 0.976318
vt 0.440572 0.902588
vt 0.443644 0.976318
vt 0.442108 0.902588
vt 0.445180 0.976318
vt 0.443644 0.902588
vt 0.446716 0.976318
vt 0.445180 0.902588
vt 0.448252 0.976318
vt 0.446716 0.902588
vt 0.449788 0.976318
vt 0.448252 0.902588
vt 0.451324 0.976318
vt 0.452860 0.976318
vt 0.451324 0.902588
vt 0.454396 0.976318
vt 0.452860 0.902588
vt 0.455932 0.976318
vt 0.454396 0.902588
vt 0.457468 0.976318
vt 0.455932 0.902588
vt 0.459004 0.976318
vt 0.457468 0.902588
vt 0.460540 0.976318
vt 0.459004 0.902588
vt 0.462076 0.976318
vt 0.460540 0.902588
vt 0.463612 0.976318
vt 0.462076 0.902588
vt 0.465148 0.976318
vt 0.463612 0.902588
vt 0.466684 0.976318
vt 0.465148 0.902588
vt 0.468220 0.976318
vt 0.466684 0.902588
vt 0.469756 0.976318
vt 0.468220 0.902588
vt 0.471292 0.976318
vt 0.469756 0.902588
vt 0.472829 0.976318
vt 0.471292 0.902588
vt 0.474365 0.976318
vt 0.472829 0.902588
vt 0.401096 0.976318
vt 0.401557 0.976318
vt 0.401096 0.902588
vt 0.402018 0.976318
vt 0.401557 0.902588
vt 0.402479 0.976318
vt 0.402018 0.902588
vt 0.402939 0.976318
vt 0.402479 0.902588
vt 0.403400 0.976318
vt 0.402939 0.902588
vt 0.403861 0.976318
vt 0.403400 0.902588
vt 0.404322 0.976318
vt 0.403861 0.902588
vt 0.404783 0.976318
vt 0.404322 0.902588
vt 0.404783 0.902588
vt 0.405704 0.976318
vt 0.406165 0.976318
vt 0.405704 0.902588
vt 0.406626 0.976318
vt 0.406165 0.902588
vt 0.407087 0.976318
vt 0.406626 0.902588
vt 0.407548 0.976318
vt 0.407087 0.902588
vt 0.408008 0.976318
vt 0.407548 0.902588
vt 0.408469 0.976318
vt 0.408008 0.902588
vt 0.408930 0.976318
vt 0.408469 0.902588
vt 0.409391 0.976318
vt 0.408930 0.902588
vt 0.409391 0.902588
vt 0.410312 0.976318
vt 0.410773 0.976318
vt 0.410312 0.902588
vt 0.411234 0.976318
vt 0.410773 0.902588
vt 0.411695 0.976318
vt 0.411234 0.902588
vt 0.412156 0.976318
vt 0.411695 0.902588
vt 0.412616 0.976318
vt 0.412156 0.902588
vt 0.413077 0.976318
vt 0.412616 0.902588
vt 0.413538 0.976318
vt 0.413077 0.902588
vt 0.413999 0.976318
vt 0.413538 0.902588
vt 0.413999 0.902588
vt 0.414920 0.976318
vt 0.415381 0.976318
vt 0.414920 0.902588
vt 0.415842 0.976318
vt 0.415381 0.902588
vt 0.416303 0.976318
vt 0.415842 0.902588
vt 0.416764 0.976318
vt 0.416303 0.902588
vt 0.417224 0.976318
vt 0.416764 0.902588
vt 0.417685 0.976318
vt 0.417224 0.902588
vt 0.418146 0.976318
vt 0.417685 0.902588
vt 0.418607 0.976318
vt 0.418146 0.902588
vt 0.418607 0.902588
vt 0.419529 0.976318
vt 0.419989 0.976318
vt 0.419529 0.902588
vt 0.420450 0.976318
vt 0.419989 0.902588
vt 0.420911 0.976318
vt 0.420450 0.902588
vt 0.421372 0.976318
vt 0.420911 0.902588
vt 0.421833 0.976318
vt 0.421372 0.902588
vt 0.422293 0.976318
vt 0.421833 0.902588
vt 0.422754 0.976318
vt 0.422293 0.902588
vt 0.423215 0.976318
vt 0.422754 0.902588
vt 0.423215 0.902588
vt 0.424137 0.976318
vt 0.424597 0.976318
vt 0.424137 0.902588
vt 0.425058 0.976318
vt 0.424597 0.902588
vt 0.425519 0.976318
vt 0.425058 0.902588
vt 0.425980 0.976318
vt 0.425519 0.902588
vt 0.426441 0.976318
vt 0.425980 0.902588
vt 0.426901 0.976318
vt 0.426441 0.902588
vt 0.427362 0.976318
vt 0.426901 0.902588
vt 0.427823 0.976318
vt 0.427362 0.902588
vt 0.427823 0.902588
vt 0.428745 0.976318
vt 0.429205 0.976318
vt 0.428745 0.902588
vt 0.429666 0.976318
vt 0.429205 0.902588
vt 0.430127 0.976318
vt 0.429666 0.902588
vt 0.430588 0.976318
vt 0.430127 0.902588
vt 0.431049 0.976318
vt 0.430588 0.902588
vt 0.431510 0.976318
vt 0.431049 0.902588
vt 0.431970 0.976318
vt 0.431510 0.902588
vt 0.432431 0.976318
vt 0.431970 0.902588
vt 0.432431 0.902588
vt 0.433353 0.976318
vt 0.433814 0.976318
vt 0.433353 0.902588
vt 0.434274 0.976318
vt 0.433814 0.902588
vt 0.434735 0.976318
vt 0.434274 0.902588
vt 0.435196 0.976318
vt 0.434735 0.902588
vt 0.435657 0.976318
vt 0.435196 0.902588
vt 0.436118 0.976318
vt 0.435657 0.902588
vt 0.436578 0.976318
vt 0.436118 0.902588
vt 0.437039 0.976318
vt 0.436578 0.902588
vt 0.437039 0.902588
vt 0.437961 0.976318
vt 0.438422 0.976318
vt 0.437961 0.902588
vt 0.438882 0.976318
vt 0.438422 0.902588
vt 0.439343 0.976318
vt 0.438882 0.902588
vt 0.439804 0.976318
vt 0.439343 0.902588
vt 0.440265 0.976318
vt 0.439804 0.902588
vt 0.440726 0.976318
vt 0.440265 0.902588
vt 0.441186 0.976318
vt 0.440726 0.902588
vt 0.441647 0.976318
vt 0.441186 0.902588
vt 0.441647 0.902588
vt 0.442569 0.976318
vt 0.443030 0.976318
vt 0.442569 0.902588
vt 0.443491 0.976318
vt 0.443030 0.902588
vt 0.443951 0.976318
vt 0.443491 0.902588
vt 0.444412 0.976318
vt 0.443951 0.902588
vt 0.444873 0.976318
vt 0.444412 0.902588
vt 0.445334 0.976318
vt 0.444873 0.902588
vt 0.445795 0.976318
vt 0.445334 0.902588
vt 0.446255 0.976318
vt 0.445795 0.902588
vt 0.446255 0.902588
vt 0.447177 0.976318
vt 0.447638 0.976318
vt 0.447177 0.902588
vt 0.448099 0.976318
vt 0.447638 0.902588
vt 0.448559 0.976318
vt 0.448099 0.902588
vt 0.449020 0.976318
vt 0.448559 0.902588
vt 0.449481 0.976318
vt 0.449020 0.902588
vt 0.449942 0.976318
vt 0.449481 0.902588
vt 0.450403 0.976318
vt 0.449942 0.902588
vt 0.450863 0.976318
vt 0.450403 0.902588
vt 0.450863 0.902588
vt 0.451785 0.976318
vt 0.452246 0.976318
vt 0.451785 0.902588
vt 0.452707 0.976318
vt 0.452246 0.902588
vt 0.453167 0.976318
vt 0.452707 0.902588
vt 0.453628 0.976318
vt 0.453167 0.902588
vt 0.454089 0.976318
vt 0.453628 0.902588
vt 0.454550 0.976318
vt 0.454089 0.902588
vt 0.455011 0.976318
vt 0.454550 0.902588
vt 0.455471 0.976318
vt 0.455011 0.902588
vt 0.455471 0.902588
vt 0.456393 0.976318
vt 0.456854 0.976318
vt 0.456393 0.902588
vt 0.457315 0.976318
vt 0.456854 0.902588
vt 0.457775 0.976318
vt 0.457315 0.902588
vt 0.458236 0.976318
vt 0.457775 0.902588
vt 0.458697 0.976318
vt 0.458236 0.902588
vt 0.459158 0.976318
vt 0.458697 0.902588
vt 0.459619 0.976318
vt 0.459158 0.902588
vt 0.460080 0.976318
vt 0.459619 0.902588
vt 0.460080 0.902588
vt 0.461001 0.976318
vt 0.461462 0.976318
vt 0.461001 0.902588
vt 0.461923 0.976318
vt 0.461462 0.902588
vt 0.462384 0.976318
vt 0.461923 0.902588
vt 0.462844 0.976318
vt 0.462384 0.902588
vt 0.463305 0.976318
vt 0.462844 0.902588
vt 0.463766 0.976318
vt 0.463305 0.902588
vt 0.464227 0.976318
vt 0.463766 0.902588
vt 0.464688 0.976318
vt 0.464227 0.902588
vt 0.464688 0.902588
vt 0.465609 0.976318
vt 0.466070 0.976318
vt 0.465609 0.902588
vt 0.466531 0.976318
vt 0.466070 0.902588
vt 0.466992 0.976318
vt 0.466531 0.902588
vt 0.467452 0.976318
vt 0.466992 0.902588
vt 0.467913 0.976318
vt 0.467452 0.902588
vt 0.468374 0.976318
vt 0.467913 0.902588
vt 0.468835 0.976318
vt 0.468374 0.902588
vt 0.469296 0.976318
vt 0.468835 0.902588
vt 0.469296 0.902588
vt 0.470217 0.976318
vt 0.470678 0.976318
vt 0.470217 0.902588
vt 0.471139 0.976318
vt 0.470678 0.902588
vt 0.471600 0.976318
vt 0.471139 0.902588
vt 0.472061 0.976318
vt 0.471600 0.902588
vt 0.472521 0.976318
vt 0.472061 0.902588
vt 0.472982 0.976318
vt 0.472521 0.902588
vt 0.473443 0.976318
vt 0.472982 0.902588
vt 0.473904 0.976318
vt 0.473443 0.902588
vt 0.473904 0.902588
s 0
f 1651/896/381 1493/897/381 1652/898/381
f 1651/896/381 1494/899/381 1493/897/381
f 1650/900/381 1494/899/381 1651/896/381
f 1650/900/381 1495/901/381 1494/899/381
f 1649/902/381 1495/901/381 1650/900/381
f 1649/902/381 1496/903/381 1495/901/381
f 1648/904/381 1496/903/381 1649/902/381
f 1648/904/381 1497/905/381 1496/903/381
f 1647/906/381 1497/905/381 1648/904/381
f 1647/906/381 1498/907/381 1497/905/381
f 1646/908/381 1498/907/381 1647/906/381
f 1646/908/381 1499/909/381 1498/907/381
f 1645/910/381 1499/909/381 1646/908/381
f 1645/910/381 1500/911/381 1499/909/381
f 1644/912/381 1500/911/381 1645/910/381
f 1644/912/381 1501/913/381 1500/911/381
f 1643/914/381 1501/913/381 1644/912/381
f 1643/914/381 1468/915/381 1501/913/381
f 1468/915/381 1467/916/381 1501/913/381
f 1467/916/381 1502/917/381 1501/913/381
f 1642/918/381 1469/919/381 1643/914/381
f 1469/919/381 1468/915/381 1643/914/381
f 1642/918/381 1470/920/381 1469/919/381
f 1466/921/381 1502/917/381 1467/916/381
f 1642/918/381 1471/922/381 1470/920/381
f 1465/923/381 1502/917/381 1466/921/381
f 1642/918/381 1472/924/381 1471/922/381
f 1464/925/381 1502/917/381 1465/923/381
f 1642/918/381 1473/926/381 1472/924/381
f 1463/927/381 1502/917/381 1464/925/381
f 1642/918/381 1474/928/381 1473/926/381
f 1462/929/381 1502/917/381 1463/927/381
f 1462/929/381 1503/930/381 1502/917/381
f 1641/931/381 1474/928/381 1642/918/381
f 1641/931/381 1475/932/381 1474/928/381
f 1461/933/381 1503/930/381 1462/929/381
f 1641/931/381 1476/934/381 1475/932/381
f 1460/935/381 1503/930/381 1461/933/381
f 1641/931/381 1477/936/381 1476/934/381
f 1459/937/381 1503/930/381 1460/935/381
f 1641/931/381 1478/938/381 1477/936/381
f 1458/939/381 1503/930/381 1459/937/381
f 1458/939/381 1504/940/381 1503/930/381
f 1640/941/381 1478/938/381 1641/931/381
f 1640/941/381 1479/942/381 1478/938/381
f 1457/943/381 1504/940/381 1458/939/381
f 1640/941/381 1480/944/381 1479/942/381
f 1456/945/381 1504/940/381 1457/943/381
f 1639/946/381 1480/944/381 1640/941/381
f 1639/946/381 1481/947/381 1480/944/381
f 1455/948/381 1504/940/381 1456/945/381
f 1455/948/381 1505/949/381 1504/940/381
f 1602/950/381 1604/951/381 1603/952/381
f 1638/953/381 1481/947/381 1639/946/381
f 1454/954/381 1505/949/381 1455/948/381
f 1638/953/381 1482/955/381 1481/947/381
f 1637/956/381 1482/955/381 1638/953/381
f 1602/950/381 1605/957/381 1604/951/381
f 1602/950/381 1606/958/381 1605/957/381
f 1602/950/381 1607/959/381 1606/958/381
f 1602/950/381 1608/960/381 1607/959/381
f 1636/961/381 1482/955/381 1637/956/381
f 1602/950/381 1609/962/381 1608/960/381
f 1602/950/381 1610/963/381 1609/962/381
f 1602/950/381 1611/964/381 1610/963/381
f 1453/965/381 1505/949/381 1454/954/381
f 1636/961/381 1483/966/381 1482/955/381
f 1602/950/381 1612/967/381 1611/964/381
f 1602/950/381 1613/968/381 1612/967/381
f 1602/950/381 1614/969/381 1613/968/381
f 1627/970/381 1629/971/381 1628/972/381
f 1602/950/381 1615/973/381 1614/969/381
f 1602/950/381 1616/974/381 1615/973/381
f 1602/950/381 1617/975/381 1616/974/381
f 1602/950/381 1618/976/381 1617/975/381
f 1602/950/381 1619/977/381 1618/976/381
f 1602/950/381 1620/978/381 1619/977/381
f 1602/950/381 1621/979/381 1620/978/381
f 1602/950/381 1622/980/381 1621/979/381
f 1602/950/381 1623/981/381 1622/980/381
f 1602/950/381 1624/982/381 1623/981/381
f 1602/950/381 1625/983/381 1624/982/381
f 1602/950/381 1626/984/381 1625/983/381
f 1602/950/381 1627/970/381 1626/984/381
f 1602/950/381 1629/971/381 1627/970/381
f 1635/985/381 1483/966/381 1636/961/381
f 1634/986/381 1483/966/381 1635/985/381
f 1452/987/381 1505/949/381 1453/965/381
f 1634/986/381 1484/988/381 1483/966/381
f 1452/987/381 1506/989/381 1505/949/381
f 1633/990/381 1484/988/381 1634/986/381
f 1632/991/381 1484/988/381 1633/990/381
f 1451/992/381 1506/989/381 1452/987/381
f 1632/991/381 1485/993/381 1484/988/381
f 1631/994/381 1485/993/381 1632/991/381
f 1450/995/381 1506/989/381 1451/992/381
f 1631/994/381 1486/996/381 1485/993/381
f 1630/997/381 1486/996/381 1631/994/381
f 1629/971/381 1486/996/381 1630/997/381
f 1449/998/381 1506/989/381 1450/995/381
f 1629/971/381 1487/999/381 1486/996/381
f 1602/950/381 1487/999/381 1629/971/381
f 1449/998/381 1507/1000/381 1506/989/381
f 1448/1001/381 1507/1000/381 1449/998/381
f 1602/950/381 1488/1002/381 1487/999/381
f 1447/1003/381 1507/1000/381 1448/1001/381
f 1602/950/381 1489/1004/381 1488/1002/381
f 1446/1005/381 1507/1000/381 1447/1003/381
f 1602/950/381 1490/1006/381 1489/1004/381
f 1445/1007/381 1507/1000/381 1446/1005/381
f 1602/950/381 1491/1008/381 1490/1006/381
f 1492/1009/381 1507/1000/381 1445/1007/381
f 1602/950/381 1492/1009/381 1491/1008/381
f 1602/950/381 1507/1000/381 1492/1009/381
f 1602/950/381 1508/1010/381 1507/1000/381
f 1602/950/381 1509/1011/381 1508/1010/381
f 1602/950/381 1510/1012/381 1509/1011/381
f 1602/950/381 1597/1013/381 1510/1012/381
f 1597/1013/381 1596/1014/381 1510/1012/381
f 1596/1014/381 1511/1015/381 1510/1012/381
f 1596/1014/381 1595/1016/381 1511/1015/381
f 1595/1016/381 1594/1017/381 1511/1015/381
f 1594/1017/381 1593/1018/381 1511/1015/381
f 1593/1018/381 1512/1019/381 1511/1015/381
f 1593/1018/381 1592/1020/381 1512/1019/381
f 1592/1020/381 1529/1021/381 1512/1019/381
f 1529/1021/381 1513/1022/381 1512/1019/381
f 1592/1020/381 1591/1023/381 1529/1021/381
f 1591/1023/381 1527/1024/381 1529/1021/381
f 1527/1024/381 1522/1025/381 1529/1021/381
f 1522/1025/382 1530/1026/382 1529/1021/382
f 1528/1027/381 1521/1028/381 1529/1021/381
f 1521/1028/381 1513/1022/381 1529/1021/381
f 1521/1028/381 1514/1029/381 1513/1022/381
f 1591/1023/381 1590/1030/381 1527/1024/381
f 1590/1030/381 1528/1027/381 1527/1024/381
f 1526/1031/381 1522/1025/381 1527/1024/381
f 1525/1032/381 1522/1025/381 1526/1031/381
f 1521/1028/381 1515/1033/381 1514/1029/381
f 1524/1034/381 1522/1025/381 1525/1032/381
f 1523/1035/381 1522/1025/381 1524/1034/381
f 1530/1026/381 1528/1027/381 1522/1025/381
f 1528/1027/381 1521/1028/381 1522/1025/381
f 1520/1036/381 1515/1033/381 1521/1028/381
f 1520/1036/381 1516/1037/381 1515/1033/381
f 1519/1038/381 1516/1037/381 1520/1036/381
f 1518/1039/381 1516/1037/381 1519/1038/381
f 1517/1040/381 1516/1037/381 1518/1039/381
f 1590/1030/381 1589/1041/381 1528/1027/381
f 1589/1041/381 1588/1042/381 1528/1027/381
f 1588/1042/381 1587/1043/381 1528/1027/381
f 1587/1043/381 1586/1044/381 1528/1027/381
f 1586/1044/381 1584/1045/381 1528/1027/381
f 1584/1045/381 1583/1046/381 1528/1027/381
f 1583/1046/381 1582/1047/381 1528/1027/381
f 1582/1047/381 1581/1048/381 1528/1027/381
f 1581/1048/381 1578/1049/381 1528/1027/381
f 1578/1049/381 1579/1050/381 1528/1027/381
f 1579/1050/381 1530/1026/381 1528/1027/381
f 1585/1051/381 1584/1045/381 1586/1044/381
f 1580/1052/381 1578/1049/381 1581/1048/381
f 1578/1049/381 1579/1050/381 1580/1052/381
f 1577/1053/381 1579/1050/381 1578/1049/381
f 1577/1053/381 1530/1026/381 1579/1050/381
f 1576/1054/381 1530/1026/381 1577/1053/381
f 1602/950/383 1598/1055/383 1597/1013/383
f 1602/950/381 1599/1056/381 1598/1055/381
f 1602/950/381 1600/1057/381 1599/1056/381
f 1602/950/381 1601/1058/381 1600/1057/381
f 1576/1054/381 1531/1059/381 1530/1026/381
f 1575/1060/381 1531/1059/381 1576/1054/381
f 1575/1060/381 1532/1061/381 1531/1059/381
f 1574/1062/381 1532/1061/381 1575/1060/381
f 1574/1062/381 1533/1063/381 1532/1061/381
f 1573/1064/381 1533/1063/381 1574/1062/381
f 1572/1065/381 1533/1063/381 1573/1064/381
f 1572/1065/381 1534/1066/381 1533/1063/381
f 1571/1067/381 1534/1066/381 1572/1065/381
f 1571/1067/381 1535/1068/381 1534/1066/381
f 1570/1069/381 1535/1068/381 1571/1067/381
f 1570/1069/381 1536/1070/381 1535/1068/381
f 1569/1071/381 1536/1070/381 1570/1069/381
f 1569/1071/381 1537/1072/381 1536/1070/381
f 1568/1073/381 1537/1072/381 1569/1071/381
f 1568/1073/381 1538/1074/381 1537/1072/381
f 1567/1075/381 1538/1074/381 1568/1073/381
f 1566/1076/381 1538/1074/381 1567/1075/381
f 1566/1076/381 1539/1077/381 1538/1074/381
f 1565/1078/381 1539/1077/381 1566/1076/381
f 1565/1078/381 1540/1079/381 1539/1077/381
f 1564/1080/381 1540/1079/381 1565/1078/381
f 1564/1080/381 1541/1081/381 1540/1079/381
f 1563/1082/381 1541/1081/381 1564/1080/381
f 1563/1082/381 1542/1083/381 1541/1081/381
f 1562/1084/381 1542/1083/381 1563/1082/381
f 1561/1085/381 1542/1083/381 1562/1084/381
f 1561/1085/381 1543/1086/381 1542/1083/381
f 1560/1087/381 1543/1086/381 1561/1085/381
f 1560/1087/381 1544/1088/381 1543/1086/381
f 1559/1089/381 1544/1088/381 1560/1087/381
f 1558/1090/381 1544/1088/381 1559/1089/381
f 1558/1090/381 1545/1091/381 1544/1088/381
f 1557/1092/381 1545/1091/381 1558/1090/381
f 1557/1092/381 1546/1093/381 1545/1091/381
f 1556/1094/381 1546/1093/381 1557/1092/381
f 1555/1095/381 1546/1093/381 1556/1094/381
f 1555/1095/381 1547/1096/381 1546/1093/381
f 1554/1097/381 1547/1096/381 1555/1095/381
f 1554/1097/381 1548/1098/381 1547/1096/381
f 1553/1099/381 1548/1098/381 1554/1097/381
f 1553/1099/381 1549/1100/381 1548/1098/381
f 1553/1099/381 1550/1101/381 1549/1100/381
f 1553/1099/381 1551/1102/381 1550/1101/381
f 1553/1099/381 1552/1103/381 1551/1102/381
f 1859/896/384 1860/898/384 1701/897/384
f 1859/896/384 1701/897/384 1702/899/384
f 1858/900/384 1859/896/384 1702/899/384
f 1858/900/384 1702/899/384 1703/901/384
f 1857/902/384 1858/900/384 1703/901/384
f 1857/902/384 1703/901/384 1704/903/384
f 1856/904/384 1857/902/384 1704/903/384
f 1856/904/384 1704/903/384 1705/905/384
f 1855/906/384 1856/904/384 1705/905/384
f 1855/906/384 1705/905/384 1706/907/384
f 1854/908/384 1855/906/384 1706/907/384
f 1854/908/384 1706/907/384 1707/909/384
f 1853/910/384 1854/908/384 1707/909/384
f 1853/910/384 1707/909/384 1708/911/384
f 1852/912/384 1853/910/384 1708/911/384
f 1852/912/384 1708/911/384 1709/913/384
f 1851/914/384 1852/912/384 1709/913/384
f 1851/914/384 1709/913/384 1676/915/384
f 1676/915/384 1709/913/384 1675/916/384
f 1675/916/384 1709/913/384 1710/917/384
f 1850/918/384 1851/914/384 1677/919/384
f 1677/919/384 1851/914/384 1676/915/384
f 1850/918/384 1677/919/384 1678/920/384
f 1674/921/384 1675/916/384 1710/917/384
f 1850/918/384 1678/920/384 1679/922/384
f 1673/923/384 1674/921/384 1710/917/384
f 1850/918/384 1679/922/384 1680/924/384
f 1672/925/384 1673/923/384 1710/917/384
f 1850/918/384 1680/924/384 1681/926/384
f 1671/927/384 1672/925/384 1710/917/384
f 1850/918/384 1681/926/384 1682/928/384
f 1670/929/384 1671/927/384 1710/917/384
f 1670/929/384 1710/917/384 1711/930/384
f 1849/931/384 1850/918/384 1682/928/384
f 1849/931/384 1682/928/384 1683/932/384
f 1669/933/384 1670/929/384 1711/930/384
f 1849/931/384 1683/932/384 1684/934/384
f 1668/935/384 1669/933/384 1711/930/384
f 1849/931/384 1684/934/384 1685/936/384
f 1667/937/384 1668/935/384 1711/930/384
f 1849/931/384 1685/936/384 1686/938/384
f 1666/939/384 1667/937/384 1711/930/384
f 1666/939/384 1711/930/384 1712/940/384
f 1848/941/384 1849/931/384 1686/938/384
f 1848/941/384 1686/938/384 1687/942/384
f 1665/943/384 1666/939/384 1712/940/384
f 1848/941/384 1687/942/384 1688/944/384
f 1664/945/384 1665/943/384 1712/940/384
f 1847/946/384 1848/941/384 1688/944/384
f 1847/946/384 1688/944/384 1689/947/384
f 1663/948/384 1664/945/384 1712/940/384
f 1663/948/384 1712/940/384 1713/949/384
f 1810/950/384 1811/952/384 1812/951/384
f 1846/953/384 1847/946/384 1689/947/384
f 1662/954/384 1663/948/384 1713/949/384
f 1846/953/384 1689/947/384 1690/955/384
f 1845/956/384 1846/953/384 1690/955/384
f 1810/950/384 1812/951/384 1813/957/384
f 1810/950/384 1813/957/384 1814/958/384
f 1810/950/384 1814/958/384 1815/959/384
f 1810/950/384 1815/959/384 1816/960/384
f 1844/961/384 1845/956/384 1690/955/384
f 1810/950/384 1816/960/384 1817/962/384
f 1810/950/384 1817/962/384 1818/963/384
f 1810/950/384 1818/963/384 1819/964/384
f 1661/965/384 1662/954/384 1713/949/384
f 1844/961/384 1690/955/384 1691/966/384
f 1810/950/384 1819/964/384 1820/967/384
f 1810/950/384 1820/967/384 1821/968/384
f 1810/950/384 1821/968/384 1822/969/384
f 1835/970/384 1836/972/384 1837/971/384
f 1810/950/384 1822/969/384 1823/973/384
f 1810/950/384 1823/973/384 1824/974/384
f 1810/950/384 1824/974/384 1825/975/384
f 1810/950/384 1825/975/384 1826/976/384
f 1810/950/384 1826/976/384 1827/977/384
f 1810/950/384 1827/977/384 1828/978/384
f 1810/950/384 1828/978/384 1829/979/384
f 1810/950/384 1829/979/384 1830/980/384
f 1810/950/384 1830/980/384 1831/981/384
f 1810/950/384 1831/981/384 1832/982/384
f 1810/950/384 1832/982/384 1833/983/384
f 1810/950/384 1833/983/384 1834/984/384
f 1810/950/384 1834/984/384 1835/970/384
f 1810/950/384 1835/970/384 1837/971/384
f 1843/985/384 1844/961/384 1691/966/384
f 1842/986/384 1843/985/384 1691/966/384
f 1660/987/384 1661/965/384 1713/949/384
f 1842/986/384 1691/966/384 1692/988/384
f 1660/987/384 1713/949/384 1714/989/384
f 1841/990/384 1842/986/384 1692/988/384
f 1840/991/384 1841/990/384 1692/988/384
f 1659/992/384 1660/987/384 1714/989/384
f 1840/991/384 1692/988/384 1693/993/384
f 1839/994/384 1840/991/384 1693/993/384
f 1658/995/384 1659/992/384 1714/989/384
f 1839/994/384 1693/993/384 1694/996/384
f 1838/997/384 1839/994/384 1694/996/384
f 1837/971/384 1838/997/384 1694/996/384
f 1657/998/384 1658/995/384 1714/989/384
f 1837/971/384 1694/996/384 1695/999/384
f 1810/950/384 1837/971/384 1695/999/384
f 1657/998/384 1714/989/384 1715/1000/384
f 1656/1001/384 1657/998/384 1715/1000/384
f 1810/950/384 1695/999/384 1696/1002/384
f 1655/1003/384 1656/1001/384 1715/1000/384
f 1810/950/384 1696/1002/384 1697/1004/384
f 1654/1005/384 1655/1003/384 1715/1000/384
f 1810/950/384 1697/1004/384 1698/1006/384
f 1653/1007/384 1654/1005/384 1715/1000/384
f 1810/950/384 1698/1006/384 1699/1008/384
f 1700/1009/384 1653/1007/384 1715/1000/384
f 1810/950/384 1699/1008/384 1700/1009/384
f 1810/950/384 1700/1009/384 1715/1000/384
f 1810/950/384 1715/1000/384 1716/1010/384
f 1810/950/384 1716/1010/384 1717/1011/384
f 1810/950/384 1717/1011/384 1718/1012/384
f 1810/950/384 1718/1012/384 1805/1013/384
f 1805/1013/384 1718/1012/384 1804/1014/384
f 1804/1014/384 1718/1012/384 1719/1015/384
f 1804/1014/384 1719/1015/384 1803/1016/384
f 1803/1016/384 1719/1015/384 1802/1017/384
f 1802/1017/384 1719/1015/384 1801/1018/384
f 1801/1018/384 1719/1015/384 1720/1019/384
f 1801/1018/384 1720/1019/384 1800/1020/384
f 1800/1020/384 1720/1019/384 1737/1021/384
f 1737/1021/384 1720/1019/384 1721/1022/384
f 1800/1020/384 1737/1021/384 1799/1023/384
f 1799/1023/384 1737/1021/384 1735/1024/384
f 1735/1024/384 1737/1021/384 1730/1025/384
f 1730/1025/385 1737/1021/385 1738/1026/385
f 1736/1027/384 1737/1021/384 1729/1028/384
f 1729/1028/384 1737/1021/384 1721/1022/384
f 1729/1028/384 1721/1022/384 1722/1029/384
f 1799/1023/384 1735/1024/384 1798/1030/384
f 1798/1030/384 1735/1024/384 1736/1027/384
f 1734/1031/384 1735/1024/384 1730/1025/384
f 1733/1032/384 1734/1031/384 1730/1025/384
f 1729/1028/384 1722/1029/384 1723/1033/384
f 1732/1034/384 1733/1032/384 1730/1025/384
f 1731/1035/384 1732/1034/384 1730/1025/384
f 1738/1026/384 1730/1025/384 1736/1027/384
f 1736/1027/384 1730/1025/384 1729/1028/384
f 1728/1036/384 1729/1028/384 1723/1033/384
f 1728/1036/384 1723/1033/384 1724/1037/384
f 1727/1038/384 1728/1036/384 1724/1037/384
f 1726/1039/384 1727/1038/384 1724/1037/384
f 1725/1040/384 1726/1039/384 1724/1037/384
f 1798/1030/384 1736/1027/384 1797/1041/384
f 1797/1041/384 1736/1027/384 1796/1042/384
f 1796/1042/384 1736/1027/384 1795/1043/384
f 1795/1043/384 1736/1027/384 1794/1044/384
f 1794/1044/384 1736/1027/384 1792/1045/384
f 1792/1045/384 1736/1027/384 1791/1046/384
f 1791/1046/384 1736/1027/384 1790/1047/384
f 1790/1047/384 1736/1027/384 1789/1048/384
f 1789/1048/384 1736/1027/384 1786/1049/384
f 1786/1049/384 1736/1027/384 1787/1050/384
f 1787/1050/384 1736/1027/384 1738/1026/384
f 1793/1051/381 1794/1044/381 1792/1045/381
f 1788/1052/381 1789/1048/381 1786/1049/381
f 1786/1049/384 1788/1052/384 1787/1050/384
f 1785/1053/384 1786/1049/384 1787/1050/384
f 1785/1053/384 1787/1050/384 1738/1026/384
f 1784/1054/384 1785/1053/384 1738/1026/384
f 1810/950/386 1805/1013/386 1806/1055/386
f 1810/950/384 1806/1055/384 1807/1056/384
f 1810/950/384 1807/1056/384 1808/1057/384
f 1810/950/384 1808/1057/384 1809/1058/384
f 1784/1054/384 1738/1026/384 1739/1059/384
f 1783/1060/384 1784/1054/384 1739/1059/384
f 1783/1060/384 1739/1059/384 1740/1061/384
f 1782/1062/384 1783/1060/384 1740/1061/384
f 1782/1062/384 1740/1061/384 1741/1063/384
f 1781/1064/384 1782/1062/384 1741/1063/384
f 1780/1065/384 1781/1064/384 1741/1063/384
f 1780/1065/384 1741/1063/384 1742/1066/384
f 1779/1067/384 1780/1065/384 1742/1066/384
f 1779/1067/384 1742/1066/384 1743/1068/384
f 1778/1069/384 1779/1067/384 1743/1068/384
f 1778/1069/384 1743/1068/384 1744/1070/384
f 1777/1071/384 1778/1069/384 1744/1070/384
f 1777/1071/384 1744/1070/384 1745/1072/384
f 1776/1073/384 1777/1071/384 1745/1072/384
f 1776/1073/384 1745/1072/384 1746/1074/384
f 1775/1075/384 1776/1073/384 1746/1074/384
f 1774/1076/384 1775/1075/384 1746/1074/384
f 1774/1076/384 1746/1074/384 1747/1077/384
f 1773/1078/384 1774/1076/384 1747/1077/384
f 1773/1078/384 1747/1077/384 1748/1079/384
f 1772/1080/384 1773/1078/384 1748/1079/384
f 1772/1080/384 1748/1079/384 1749/1081/384
f 1771/1082/384 1772/1080/384 1749/1081/384
f 1771/1082/384 1749/1081/384 1750/1083/384
f 1770/1084/384 1771/1082/384 1750/1083/384
f 1769/1085/384 1770/1084/384 1750/1083/384
f 1769/1085/384 1750/1083/384 1751/1086/384
f 1768/1087/384 1769/1085/384 1751/1086/384
f 1768/1087/384 1751/1086/384 1752/1088/384
f 1767/1089/384 1768/1087/384 1752/1088/384
f 1766/1090/384 1767/1089/384 1752/1088/384
f 1766/1090/384 1752/1088/384 1753/1091/384
f 1765/1092/384 1766/1090/384 1753/1091/384
f 1765/1092/384 1753/1091/384 1754/1093/384
f 1764/1094/384 1765/1092/384 1754/1093/384
f 1763/1095/384 1764/1094/384 1754/1093/384
f 1763/1095/384 1754/1093/384 1755/1096/384
f 1762/1097/384 1763/1095/384 1755/1096/384
f 1762/1097/384 1755/1096/384 1756/1098/384
f 1761/1099/384 1762/1097/384 1756/1098/384
f 1761/1099/384 1756/1098/384 1757/1100/384
f 1761/1099/384 1757/1100/384 1758/1101/384
f 1761/1099/384 1758/1101/384 1759/1102/384
f 1761/1099/384 1759/1102/384 1760/1103/384
s 1
f 1864/1104/387 1861/1007/388 1862/1105/388
f 1866/1106/389 1863/1107/387 1864/1104/387
f 1868/1108/390 1865/1109/389 1866/1106/389
f 1870/1110/391 1867/1111/392 1868/1108/390
f 1872/1112/393 1869/1113/391 1870/1110/391
f 1874/1114/394 1871/1115/395 1872/1112/393
f 1876/1116/396 1873/1117/394 1874/1114/394
f 1878/1118/397 1875/1119/396 1876/1116/396
f 1880/1120/398 1877/1121/397 1878/1118/397
f 1882/1122/399 1879/1123/398 1880/1120/398
f 1884/1124/400 1881/1125/399 1882/1122/399
f 1886/1126/401 1883/1127/400 1884/1124/400
f 1888/1128/402 1885/1129/401 1886/1126/401
f 1890/1130/403 1887/1131/402 1888/1128/402
f 1892/1132/404 1889/1133/403 1890/1130/403
f 1894/1134/405 1891/1135/404 1892/1132/404
f 1896/1136/406 1893/1029/405 1894/1134/405
f 1898/1137/407 1895/1138/406 1896/1136/406
f 1900/1139/408 1897/1140/407 1898/1137/407
f 1902/1141/409 1899/1142/408 1900/1139/408
f 1904/1143/410 1901/1144/409 1902/1141/409
f 1906/1145/411 1903/1146/410 1904/1143/410
f 1908/1147/412 1905/1148/411 1906/1145/411
f 1910/1149/413 1907/1150/412 1908/1147/412
f 1912/1151/414 1909/1152/413 1910/1149/413
f 1914/1153/415 1911/1154/414 1912/1151/414
f 1916/1155/416 1913/1156/415 1914/1153/415
f 1918/1157/417 1915/1158/416 1916/1155/416
f 1920/1159/418 1917/1160/417 1918/1157/417
f 1922/1161/419 1919/1162/420 1920/1159/418
f 1924/1163/421 1921/1164/419 1922/1161/419
f 1926/1165/422 1923/1166/423 1924/1163/421
f 1928/1167/424 1925/1046/422 1926/1165/422
f 1930/1168/425 1927/1169/424 1928/1167/424
f 1932/1170/426 1929/1171/425 1930/1168/425
f 1934/1172/427 1931/1173/426 1932/1170/426
f 1936/1174/428 1933/1175/427 1934/1172/427
f 1938/1176/429 1935/1177/430 1936/1174/428
f 1940/1178/431 1937/1179/429 1938/1176/429
f 1942/1180/432 1939/1181/433 1940/1178/431
f 1944/1182/434 1941/1183/432 1942/1180/432
f 1946/1184/435 1943/1185/434 1944/1182/434
f 1948/1186/436 1945/1187/435 1946/1184/435
f 1950/1188/437 1947/1189/436 1948/1186/436
f 1952/1190/438 1949/1191/437 1950/1188/437
f 1954/1192/439 1951/1193/438 1952/1190/438
f 1956/1194/440 1953/1195/439 1954/1192/439
f 1862/1196/388 1955/1197/440 1956/1194/440
f 1960/1198/441 1957/1007/442 1958/1105/442
f 1962/1199/443 1959/1200/441 1960/1198/441
f 1964/1201/444 1961/1202/443 1962/1199/443
f 1966/1203/445 1963/1204/444 1964/1201/444
f 1968/1205/434 1965/1206/445 1966/1203/445
f 1970/1207/446 1967/1208/434 1968/1205/434
f 1972/1209/447 1969/1210/446 1970/1207/446
f 1974/1211/448 1971/1212/447 1972/1209/447
f 1976/1213/449 1973/1214/448 1974/1211/448
f 1978/1108/450 1975/1215/449 1976/1213/449
f 1980/1216/451 1977/1111/450 1978/1108/450
f 1982/1217/452 1979/1218/451 1980/1216/451
f 1984/1219/453 1981/1220/452 1982/1217/452
f 1986/1221/454 1983/1222/453 1984/1219/453
f 1988/1223/455 1985/1224/454 1986/1221/454
f 1990/1225/456 1987/1226/455 1988/1223/455
f 1992/1227/457 1989/1228/456 1990/1225/456
f 1994/1229/458 1991/1230/457 1992/1227/457
f 1996/1231/459 1993/1232/458 1994/1229/458
f 1998/1114/460 1995/1233/459 1996/1231/459
f 2000/1234/461 1997/1117/460 1998/1114/460
f 2002/1235/462 1999/1236/461 2000/1234/461
f 2004/1237/463 2001/1238/462 2002/1235/462
f 2006/1239/464 2003/1240/463 2004/1237/463
f 2008/1241/465 2005/1242/464 2006/1239/464
f 2010/1243/466 2007/1244/465 2008/1241/465
f 2012/1245/467 2009/1246/466 2010/1243/466
f 2014/1247/468 2011/1248/467 2012/1245/467
f 2016/1249/469 2013/1250/468 2014/1247/468
f 2018/1120/470 2015/1251/469 2016/1249/469
f 2020/1252/471 2017/1123/470 2018/1120/470
f 2022/1253/472 2019/1254/471 2020/1252/471
f 2024/1255/473 2021/1256/472 2022/1253/472
f 2026/1257/474 2023/1258/473 2024/1255/473
f 2028/1259/475 2025/1260/476 2026/1257/474
f 2030/1261/477 2027/1262/475 2028/1259/475
f 2032/1263/478 2029/1264/479 2030/1261/477
f 2034/1265/480 2031/1266/478 2032/1263/478
f 2036/1267/481 2033/1268/480 2034/1265/480
f 2038/1126/482 2035/1269/481 2036/1267/481
f 2040/1270/483 2037/1129/482 2038/1126/482
f 2042/1271/484 2039/1272/483 2040/1270/483
f 2044/1273/485 2041/1274/484 2042/1271/484
f 2046/1275/486 2043/1276/485 2044/1273/485
f 2048/1277/487 2045/1278/486 2046/1275/486
f 2050/1279/488 2047/1280/487 2048/1277/487
f 2052/1281/489 2049/1282/488 2050/1279/488
f 2054/1283/490 2051/1284/489 2052/1281/489
f 2056/1285/491 2053/1286/490 2054/1283/490
f 2058/1132/492 2055/1287/491 2056/1285/491
f 2060/1288/493 2057/1135/492 2058/1132/492
f 2062/1289/494 2059/1290/493 2060/1288/493
f 2064/1291/495 2061/1292/494 2062/1289/494
f 2066/1293/496 2063/1294/495 2064/1291/495
f 2068/1295/497 2065/1296/496 2066/1293/496
f 2070/1297/498 2067/1298/499 2068/1295/497
f 2072/1299/500 2069/1300/498 2070/1297/498
f 2074/1301/501 2071/1302/500 2072/1299/500
f 2076/1303/502 2073/1304/501 2074/1301/501
f 2078/1137/503 2075/1305/502 2076/1303/502
f 2080/1306/504 2077/1140/503 2078/1137/503
f 2082/1307/505 2079/1308/506 2080/1306/504
f 2084/1309/507 2081/1310/505 2082/1307/505
f 2086/1311/508 2083/1312/507 2084/1309/507
f 2088/1313/509 2085/1314/508 2086/1311/508
f 2090/1315/510 2087/1316/509 2088/1313/509
f 2092/1317/511 2089/1318/510 2090/1315/510
f 2094/1319/512 2091/1320/511 2092/1317/511
f 2096/1321/513 2093/1322/512 2094/1319/512
f 2098/1143/514 2095/1323/513 2096/1321/513
f 2100/1324/515 2097/1146/514 2098/1143/514
f 2102/1325/516 2099/1326/515 2100/1324/515
f 2104/1327/517 2101/1328/516 2102/1325/516
f 2106/1329/518 2103/1330/517 2104/1327/517
f 2108/1331/519 2105/1332/518 2106/1329/518
f 2110/1333/520 2107/1334/519 2108/1331/519
f 2112/1335/521 2109/1336/520 2110/1333/520
f 2114/1337/522 2111/1338/521 2112/1335/521
f 2116/1339/523 2113/1340/522 2114/1337/522
f 2118/1149/524 2115/1341/523 2116/1339/523
f 2120/1342/525 2117/1152/524 2118/1149/524
f 2122/1343/526 2119/1344/525 2120/1342/525
f 2124/1345/527 2121/1346/526 2122/1343/526
f 2126/1347/528 2123/1348/527 2124/1345/527
f 2128/1349/529 2125/1350/530 2126/1347/528
f 2130/1351/531 2127/1352/529 2128/1349/529
f 2132/1353/532 2129/1354/531 2130/1351/531
f 2134/1355/532 2131/1356/532 2132/1353/532
f 2136/1357/532 2133/1358/532 2134/1355/532
f 2138/1155/532 2135/1359/532 2136/1357/532
f 2140/1360/532 2137/1158/532 2138/1155/532
f 2142/1361/532 2139/1362/532 2140/1360/532
f 2144/1363/532 2141/1364/532 2142/1361/532
f 2146/1365/532 2143/1366/532 2144/1363/532
f 2148/1367/532 2145/1368/532 2146/1365/532
f 2150/1369/532 2147/1370/532 2148/1367/532
f 2152/1371/533 2149/1372/532 2150/1369/532
f 2154/1373/534 2151/1374/533 2152/1371/533
f 2156/1375/535 2153/1376/534 2154/1373/534
f 2158/1161/536 2155/1377/535 2156/1375/535
f 2160/1378/537 2157/1164/536 2158/1161/536
f 2162/1379/538 2159/1380/537 2160/1378/537
f 2164/1381/539 2161/1382/538 2162/1379/538
f 2166/1383/540 2163/1384/539 2164/1381/539
f 2168/1385/541 2165/1386/540 2166/1383/540
f 2170/1387/542 2167/1388/541 2168/1385/541
f 2172/1389/543 2169/1390/542 2170/1387/542
f 2174/1391/544 2171/1392/543 2172/1389/543
f 2176/1393/545 2173/1394/544 2174/1391/544
f 2178/1167/546 2175/1395/545 2176/1393/545
f 2180/1396/547 2177/1169/546 2178/1167/546
f 2182/1397/548 2179/1398/547 2180/1396/547
f 2184/1399/549 2181/1400/548 2182/1397/548
f 2186/1401/550 2183/1402/549 2184/1399/549
f 2188/1403/551 2185/1404/550 2186/1401/550
f 2190/1405/552 2187/1406/551 2188/1403/551
f 2192/1407/553 2189/1408/552 2190/1405/552
f 2194/1409/554 2191/1410/553 2192/1407/553
f 2196/1411/555 2193/1412/554 2194/1409/554
f 2198/1172/556 2195/1413/555 2196/1411/555
f 2200/1414/557 2197/1175/556 2198/1172/556
f 2202/1415/558 2199/1416/557 2200/1414/557
f 2204/1417/531 2201/1418/558 2202/1415/558
f 2206/1419/531 2203/1420/531 2204/1417/531
f 2208/1421/531 2205/1422/531 2206/1419/531
f 2210/1423/531 2207/1424/531 2208/1421/531
f 2212/1425/531 2209/1426/531 2210/1423/531
f 2214/1427/531 2211/1428/531 2212/1425/531
f 2216/1429/531 2213/1430/531 2214/1427/531
f 2218/1178/531 2215/1431/531 2216/1429/531
f 2220/1432/531 2217/1181/531 2218/1178/531
f 2222/1433/531 2219/1434/531 2220/1432/531
f 2224/1435/531 2221/1436/531 2222/1433/531
f 2226/1437/559 2223/1438/531 2224/1435/531
f 2228/1439/560 2225/1440/559 2226/1437/559
f 2230/1441/561 2227/1442/560 2228/1439/560
f 2232/1443/562 2229/1444/563 2230/1441/561
f 2234/1445/564 2231/1446/565 2232/1443/562
f 2236/1447/566 2233/1448/564 2234/1445/564
f 2238/1184/567 2235/1449/566 2236/1447/566
f 2240/1450/568 2237/1187/567 2238/1184/567
f 2242/1451/569 2239/1452/568 2240/1450/568
f 2244/1453/570 2241/1454/569 2242/1451/569
f 2246/1455/571 2243/1456/570 2244/1453/570
f 2248/1457/572 2245/1458/571 2246/1455/571
f 2250/1459/573 2247/1460/574 2248/1457/572
f 2252/1461/575 2249/1462/573 2250/1459/573
f 2254/1463/576 2251/1464/575 2252/1461/575
f 2256/1465/577 2253/1466/576 2254/1463/576
f 2258/1190/578 2255/1467/577 2256/1465/577
f 2260/1468/579 2257/1193/578 2258/1190/578
f 2262/1469/580 2259/1470/579 2260/1468/579
f 2264/1471/581 2261/1472/580 2262/1469/580
f 2266/1473/582 2263/1474/581 2264/1471/581
f 2268/1475/583 2265/1476/582 2266/1473/582
f 2270/1477/584 2267/1478/583 2268/1475/583
f 2272/1479/585 2269/1480/584 2270/1477/584
f 2274/1481/586 2271/1482/585 2272/1479/585
f 2276/1483/531 2273/1484/586 2274/1481/586
f 1958/1196/442 2275/1485/531 2276/1483/531
f 1864/1104/387 1863/1107/387 1861/1007/388
f 1866/1106/389 1865/1109/389 1863/1107/387
f 1868/1108/390 1867/1111/392 1865/1109/389
f 1870/1110/391 1869/1113/391 1867/1111/392
f 1872/1112/393 1871/1115/395 1869/1113/391
f 1874/1114/394 1873/1117/394 1871/1115/395
f 1876/1116/396 1875/1119/396 1873/1117/394
f 1878/1118/397 1877/1121/397 1875/1119/396
f 1880/1120/398 1879/1123/398 1877/1121/397
f 1882/1122/399 1881/1125/399 1879/1123/398
f 1884/1124/400 1883/1127/400 1881/1125/399
f 1886/1126/401 1885/1129/401 1883/1127/400
f 1888/1128/402 1887/1131/402 1885/1129/401
f 1890/1130/403 1889/1133/403 1887/1131/402
f 1892/1132/404 1891/1135/404 1889/1133/403
f 1894/1134/405 1893/1029/405 1891/1135/404
f 1896/1136/406 1895/1138/406 1893/1029/405
f 1898/1137/407 1897/1140/407 1895/1138/406
f 1900/1139/408 1899/1142/408 1897/1140/407
f 1902/1141/409 1901/1144/409 1899/1142/408
f 1904/1143/410 1903/1146/410 1901/1144/409
f 1906/1145/411 1905/1148/411 1903/1146/410
f 1908/1147/412 1907/1150/412 1905/1148/411
f 1910/1149/413 1909/1152/413 1907/1150/412
f 1912/1151/414 1911/1154/414 1909/1152/413
f 1914/1153/415 1913/1156/415 1911/1154/414
f 1916/1155/416 1915/1158/416 1913/1156/415
f 1918/1157/417 1917/1160/417 1915/1158/416
f 1920/1159/418 1919/1162/420 1917/1160/417
f 1922/1161/419 1921/1164/419 1919/1162/420
f 1924/1163/421 1923/1166/423 1921/1164/419
f 1926/1165/422 1925/1046/422 1923/1166/423
f 1928/1167/424 1927/1169/424 1925/1046/422
f 1930/1168/425 1929/1171/425 1927/1169/424
f 1932/1170/426 1931/1173/426 1929/1171/425
f 1934/1172/427 1933/1175/427 1931/1173/426
f 1936/1174/428 1935/1177/430 1933/1175/427
f 1938/1176/429 1937/1179/429 1935/1177/430
f 1940/1178/431 1939/1181/433 1937/1179/429
f 1942/1180/432 1941/1183/432 1939/1181/433
f 1944/1182/434 1943/1185/434 1941/1183/432
f 1946/1184/435 1945/1187/435 1943/1185/434
f 1948/1186/436 1947/1189/436 1945/1187/435
f 1950/1188/437 1949/1191/437 1947/1189/436
f 1952/1190/438 1951/1193/438 1949/1191/437
f 1954/1192/439 1953/1195/439 1951/1193/438
f 1956/1194/440 1955/1197/440 1953/1195/439
f 1862/1196/388 1861/898/388 1955/1197/440
f 1960/1198/441 1959/1200/441 1957/1007/442
f 1962/1199/443 1961/1202/443 1959/1200/441
f 1964/1201/444 1963/1204/444 1961/1202/443
f 1966/1203/445 1965/1206/445 1963/1204/444
f 1968/1205/434 1967/1208/434 1965/1206/445
f 1970/1207/446 1969/1210/446 1967/1208/434
f 1972/1209/447 1971/1212/447 1969/1210/446
f 1974/1211/448 1973/1214/448 1971/1212/447
f 1976/1213/449 1975/1215/449 1973/1214/448
f 1978/1108/450 1977/1111/450 1975/1215/449
f 1980/1216/451 1979/1218/451 1977/1111/450
f 1982/1217/452 1981/1220/452 1979/1218/451
f 1984/1219/453 1983/1222/453 1981/1220/452
f 1986/1221/454 1985/1224/454 1983/1222/453
f 1988/1223/455 1987/1226/455 1985/1224/454
f 1990/1225/456 1989/1228/456 1987/1226/455
f 1992/1227/457 1991/1230/457 1989/1228/456
f 1994/1229/458 1993/1232/458 1991/1230/457
f 1996/1231/459 1995/1233/459 1993/1232/458
f 1998/1114/460 1997/1117/460 1995/1233/459
f 2000/1234/461 1999/1236/461 1997/1117/460
f 2002/1235/462 2001/1238/462 1999/1236/461
f 2004/1237/463 2003/1240/463 2001/1238/462
f 2006/1239/464 2005/1242/464 2003/1240/463
f 2008/1241/465 2007/1244/465 2005/1242/464
f 2010/1243/466 2009/1246/466 2007/1244/465
f 2012/1245/467 2011/1248/467 2009/1246/466
f 2014/1247/468 2013/1250/468 2011/1248/467
f 2016/1249/469 2015/1251/469 2013/1250/468
f 2018/1120/470 2017/1123/470 2015/1251/469
f 2020/1252/471 2019/1254/471 2017/1123/470
f 2022/1253/472 2021/1256/472 2019/1254/471
f 2024/1255/473 2023/1258/473 2021/1256/472
f 2026/1257/474 2025/1260/476 2023/1258/473
f 2028/1259/475 2027/1262/475 2025/1260/476
f 2030/1261/477 2029/1264/479 2027/1262/475
f 2032/1263/478 2031/1266/478 2029/1264/479
f 2034/1265/480 2033/1268/480 2031/1266/478
f 2036/1267/481 2035/1269/481 2033/1268/480
f 2038/1126/482 2037/1129/482 2035/1269/481
f 2040/1270/483 2039/1272/483 2037/1129/482
f 2042/1271/484 2041/1274/484 2039/1272/483
f 2044/1273/485 2043/1276/485 2041/1274/484
f 2046/1275/486 2045/1278/486 2043/1276/485
f 2048/1277/487 2047/1280/487 2045/1278/486
f 2050/1279/488 2049/1282/488 2047/1280/487
f 2052/1281/489 2051/1284/489 2049/1282/488
f 2054/1283/490 2053/1286/490 2051/1284/489
f 2056/1285/491 2055/1287/491 2053/1286/490
f 2058/1132/492 2057/1135/492 2055/1287/491
f 2060/1288/493 2059/1290/493 2057/1135/492
f 2062/1289/494 2061/1292/494 2059/1290/493
f 2064/1291/495 2063/1294/495 2061/1292/494
f 2066/1293/496 2065/1296/496 2063/1294/495
f 2068/1295/497 2067/1298/499 2065/1296/496
f 2070/1297/498 2069/1300/498 2067/1298/499
f 2072/1299/500 2071/1302/500 2069/1300/498
f 2074/1301/501 2073/1304/501 2071/1302/500
f 2076/1303/502 2075/1305/502 2073/1304/501
f 2078/1137/503 2077/1140/503 2075/1305/502
f 2080/1306/504 2079/1308/506 2077/1140/503
f 2082/1307/505 2081/1310/505 2079/1308/506
f 2084/1309/507 2083/1312/507 2081/1310/505
f 2086/1311/508 2085/1314/508 2083/1312/507
f 2088/1313/509 2087/1316/509 2085/1314/508
f 2090/1315/510 2089/1318/510 2087/1316/509
f 2092/1317/511 2091/1320/511 2089/1318/510
f 2094/1319/512 2093/1322/512 2091/1320/511
f 2096/1321/513 2095/1323/513 2093/1322/512
f 2098/1143/514 2097/1146/514 2095/1323/513
f 2100/1324/515 2099/1326/515 2097/1146/514
f 2102/1325/516 2101/1328/516 2099/1326/515
f 2104/1327/517 2103/1330/517 2101/1328/516
f 2106/1329/518 2105/1332/518 2103/1330/517
f 2108/1331/519 2107/1334/519 2105/1332/518
f 2110/1333/520 2109/1336/520 2107/1334/519
f 2112/1335/521 2111/1338/521 2109/1336/520
f 2114/1337/522 2113/1340/522 2111/1338/521
f 2116/1339/523 2115/1341/523 2113/1340/522
f 2118/1149/524 2117/1152/524 2115/1341/523
f 2120/1342/525 2119/1344/525 2117/1152/524
f 2122/1343/526 2121/1346/526 2119/1344/525
f 2124/1345/527 2123/1348/527 2121/1346/526
f 2126/1347/528 2125/1350/530 2123/1348/527
f 2128/1349/529 2127/1352/529 2125/1350/530
f 2130/1351/531 2129/1354/531 2127/1352/529
f 2132/1353/532 2131/1356/532 2129/1354/531
f 2134/1355/532 2133/1358/532 2131/1356/532
f 2136/1357/532 2135/1359/532 2133/1358/532
f 2138/1155/532 2137/1158/532 2135/1359/532
f 2140/1360/532 2139/1362/532 2137/1158/532
f 2142/1361/532 2141/1364/532 2139/1362/532
f 2144/1363/532 2143/1366/532 2141/1364/532
f 2146/1365/532 2145/1368/532 2143/1366/532
f 2148/1367/532 2147/1370/532 2145/1368/532
f 2150/1369/532 2149/1372/532 2147/1370/532
f 2152/1371/533 2151/1374/533 2149/1372/532
f 2154/1373/534 2153/1376/534 2151/1374/533
f 2156/1375/535 2155/1377/535 2153/1376/534
f 2158/1161/536 2157/1164/536 2155/1377/535
f 2160/1378/537 2159/1380/537 2157/1164/536
f 2162/1379/538 2161/1382/538 2159/1380/537
f 2164/1381/539 2163/1384/539 2161/1382/538
f 2166/1383/540 2165/1386/540 2163/1384/539
f 2168/1385/541 2167/1388/541 2165/1386/540
f 2170/1387/542 2169/1390/542 2167/1388/541
f 2172/1389/543 2171/1392/543 2169/1390/542
f 2174/1391/544 2173/1394/544 2171/1392/543
f 2176/1393/545 2175/1395/545 2173/1394/544
f 2178/1167/546 2177/1169/546 2175/1395/545
f 2180/1396/547 2179/1398/547 2177/1169/546
f 2182/1397/548 2181/1400/548 2179/1398/547
f 2184/1399/549 2183/1402/549 2181/1400/548
f 2186/1401/550 2185/1404/550 2183/1402/549
f 2188/1403/551 2187/1406/551 2185/1404/550
f 2190/1405/552 2189/1408/552 2187/1406/551
f 2192/1407/553 2191/1410/553 2189/1408/552
f 2194/1409/554 2193/1412/554 2191/1410/553
f 2196/1411/555 2195/1413/555 2193/1412/554
f 2198/1172/556 2197/1175/556 2195/1413/555
f 2200/1414/557 2199/1416/557 2197/1175/556
f 2202/1415/558 2201/1418/558 2199/1416/557
f 2204/1417/531 2203/1420/531 2201/1418/558
f 2206/1419/531 2205/1422/531 2203/1420/531
f 2208/1421/531 2207/1424/531 2205/1422/531
f 2210/1423/531 2209/1426/531 2207/1424/531
f 2212/1425/531 2211/1428/531 2209/1426/531
f 2214/1427/531 2213/1430/531 2211/1428/531
f 2216/1429/531 2215/1431/531 2213/1430/531
f 2218/1178/531 2217/1181/531 2215/1431/531
f 2220/1432/531 2219/1434/531 2217/1181/531
f 2222/1433/531 2221/1436/531 2219/1434/531
f 2224/1435/531 2223/1438/531 2221/1436/531
f 2226/1437/559 2225/1440/559 2223/1438/531
f 2228/1439/560 2227/1442/560 2225/1440/559
f 2230/1441/561 2229/1444/563 2227/1442/560
f 2232/1443/562 2231/1446/565 2229/1444/563
f 2234/1445/564 2233/1448/564 2231/1446/565
f 2236/1447/566 2235/1449/566 2233/1448/564
f 2238/1184/567 2237/1187/567 2235/1449/566
f 2240/1450/568 2239/1452/568 2237/1187/567
f 2242/1451/569 2241/1454/569 2239/1452/568
f 2244/1453/570 2243/1456/570 2241/1454/569
f 2246/1455/571 2245/1458/571 2243/1456/570
f 2248/1457/572 2247/1460/574 2245/1458/571
f 2250/1459/573 2249/1462/573 2247/1460/574
f 2252/1461/575 2251/1464/575 2249/1462/573
f 2254/1463/576 2253/1466/576 2251/1464/575
f 2256/1465/577 2255/1467/577 2253/1466/576
f 2258/1190/578 2257/1193/578 2255/1467/577
f 2260/1468/579 2259/1470/579 2257/1193/578
f 2262/1469/580 2261/1472/580 2259/1470/579
f 2264/1471/581 2263/1474/581 2261/1472/580
f 2266/1473/582 2265/1476/582 2263/1474/581
f 2268/1475/583 2267/1478/583 2265/1476/582
f 2270/1477/584 2269/1480/584 2267/1478/583
f 2272/1479/585 2271/1482/585 2269/1480/584
f 2274/1481/586 2273/1484/586 2271/1482/585
f 2276/1483/531 2275/1485/531 2273/1484/586
f 1958/1196/442 1957/898/442 2275/1485/531
o Text.004
v -4.693855 0.183000 -0.060000
v -4.181855 0.183000 -0.060000
v -4.181855 0.305000 -0.060000
v -4.693855 0.305000 -0.060000
v -4.693855 0.401000 -0.060000
v -4.181855 0.401000 -0.060000
v -4.181855 0.523000 -0.060000
v -4.693855 0.523000 -0.060000
v -4.693855 0.183000 0.060000
v -4.181855 0.183000 0.060000
v -4.181855 0.305000 0.060000
v -4.693855 0.305000 0.060000
v -4.693855 0.401000 0.060000
v -4.181855 0.401000 0.060000
v -4.181855 0.523000 0.060000
v -4.693855 0.523000 0.060000
v -4.693855 0.401000 0.060000
v -4.693855 0.401000 -0.060000
v -4.181855 0.401000 0.060000
v -4.181855 0.401000 -0.060000
v -4.181855 0.523000 0.060000
v -4.181855 0.523000 -0.060000
v -4.693855 0.523000 0.060000
v -4.693855 0.523000 -0.060000
v -4.693855 0.183000 0.060000
v -4.693855 0.183000 -0.060000
v -4.181855 0.183000 0.060000
v -4.181855 0.183000 -0.060000
v -4.181855 0.305000 0.060000
v -4.181855 0.305000 -0.060000
v -4.693855 0.305000 0.060000
v -4.693855 0.305000 -0.060000
vn -0.0000 -0.0000 -1.0000
vn -0.0000 -0.0000 1.0000
vn 0.7071 -0.7071 -0.0000
vn -0.7071 -0.7071 -0.0000
vn 0.7071 0.7071 -0.0000
vn -0.7071 0.7071 -0.0000
vt 0.580496 0.900717
vt 0.599283 0.900717
vt 0.589889 0.900717
vt 0.571103 0.900717
vt 0.542923 0.900717
vt 0.561710 0.900717
vt 0.552316 0.900717
vt 0.533530 0.900717
vt 0.549968 0.966470
vt 0.533530 0.966470
vt 0.566406 0.966470
vt 0.549968 0.900717
vt 0.582844 0.966470
vt 0.566406 0.900717
vt 0.599283 0.966470
vt 0.582844 0.900717
s 0
f 2282/1486/587 2284/1487/587 2283/1488/587
f 2282/1486/587 2281/1489/587 2284/1487/587
f 2278/1490/587 2280/1491/587 2279/1492/587
f 2278/1490/587 2277/1493/587 2280/1491/587
f 2290/1486/588 2291/1488/588 2292/1487/588
f 2290/1486/588 2292/1487/588 2289/1489/588
f 2286/1490/588 2287/1492/588 2288/1491/588
f 2286/1490/588 2288/1491/588 2285/1493/588
s 1
f 2296/1494/589 2293/1493/590 2294/1495/590
f 2298/1496/591 2295/1497/589 2296/1494/589
f 2300/1498/592 2297/1499/591 2298/1496/591
f 2294/1500/590 2299/1501/592 2300/1498/592
f 2304/1494/589 2301/1493/590 2302/1495/590
f 2306/1496/591 2303/1497/589 2304/1494/589
f 2308/1498/592 2305/1499/591 2306/1496/591
f 2302/1500/590 2307/1501/592 2308/1498/592
f 2296/1494/589 2295/1497/589 2293/1493/590
f 2298/1496/591 2297/1499/591 2295/1497/589
f 2300/1498/592 2299/1501/592 2297/1499/591
f 2294/1500/590 2293/1487/590 2299/1501/592
f 2304/1494/589 2303/1497/589 2301/1493/590
f 2306/1496/591 2305/1499/591 2303/1497/589
f 2308/1498/592 2307/1501/592 2305/1499/591
f 2302/1500/590 2301/1487/590 2307/1501/592
o Text.005
v -5.204809 0.356064 -0.060000
v -5.204809 -0.222867 -0.060000
v -5.088809 -0.222867 -0.060000
v -5.088809 0.356064 -0.060000
v -5.204809 0.356064 0.060000
v -5.204809 -0.222867 0.060000
v -5.088809 -0.222867 0.060000
v -5.088809 0.356064 0.060000
v -5.204809 0.356064 0.060000
v -5.204809 0.356064 -0.060000
v -5.204809 -0.222867 0.060000
v -5.204809 -0.222867 -0.060000
v -5.088809 -0.222867 0.060000
v -5.088809 -0.222867 -0.060000
v -5.088809 0.356064 0.060000
v -5.088809 0.356064 -0.060000
vn -0.0000 -0.0000 -1.0000
vn -0.0000 -0.0000 1.0000
vn -0.5196 -0.8544 -0.0000
vn -0.5196 0.8544 -0.0000
vn 0.5196 -0.8544 -0.0000
vn 0.5196 0.8544 -0.0000
vt 0.825600 0.898200
vt 0.773200 0.898200
vt 0.851800 0.898200
vt 0.799400 0.898200
vt 0.792850 0.976800
vt 0.773200 0.976800
vt 0.812500 0.976800
vt 0.792850 0.898200
vt 0.832150 0.976800
vt 0.812500 0.898200
vt 0.851800 0.976800
vt 0.832150 0.898200
s 0
usemtl Material.001
f 2311/1502/593 2309/1503/593 2312/1504/593
f 2311/1502/593 2310/1505/593 2309/1503/593
f 2315/1502/594 2316/1504/594 2313/1503/594
f 2315/1502/594 2313/1503/594 2314/1505/594
s 1
f 2320/1506/595 2317/1503/596 2318/1507/596
f 2322/1508/597 2319/1509/595 2320/1506/595
f 2324/1510/598 2321/1511/597 2322/1508/597
f 2318/1512/596 2323/1513/598 2324/1510/598
f 2320/1506/595 2319/1509/595 2317/1503/596
f 2322/1508/597 2321/1511/597 2319/1509/595
f 2324/1510/598 2323/1513/598 2321/1511/597
f 2318/1512/596 2317/1504/596 2323/1513/598
o Text.006
v -5.231750 0.458593 -0.060000
v -5.145005 0.802403 -0.060000
v -5.058259 0.458593 -0.060000
v -4.978827 0.458593 -0.060000
v -5.112034 0.972593 -0.060000
v -5.177976 0.972593 -0.060000
v -5.311182 0.458593 -0.060000
v -5.231750 0.458593 0.060000
v -5.145005 0.802403 0.060000
v -5.058259 0.458593 0.060000
v -4.978827 0.458593 0.060000
v -5.112034 0.972593 0.060000
v -5.177976 0.972593 0.060000
v -5.311182 0.458593 0.060000
v -5.231750 0.458593 0.060000
v -5.231750 0.458593 -0.060000
v -5.145005 0.802403 0.060000
v -5.145005 0.802403 -0.060000
v -5.058259 0.458593 0.060000
v -5.058259 0.458593 -0.060000
v -4.978827 0.458593 0.060000
v -4.978827 0.458593 -0.060000
v -5.112034 0.972593 0.060000
v -5.112034 0.972593 -0.060000
v -5.177976 0.972593 0.060000
v -5.177976 0.972593 -0.060000
v -5.311182 0.458593 0.060000
v -5.311182 0.458593 -0.060000
vn -0.0000 -0.0000 -1.0000
vn -0.0000 -0.0000 1.0000
vn -0.0001 -1.0000 -0.0000
vn 0.7393 -0.6733 -0.0000
vn -0.7393 -0.6733 -0.0000
vn 0.0001 -1.0000 -0.0000
vn 0.9279 -0.3729 -0.0000
vn 0.7359 0.6771 -0.0000
vn -0.7358 0.6771 -0.0000
vn 0.7358 0.6771 -0.0000
vn -0.9279 -0.3729 -0.0000
vn -0.7359 0.6771 -0.0000
vt 0.933571 0.910090
vt 0.953147 0.910090
vt 0.943359 0.910090
vt 0.923784 0.910090
vt 0.962935 0.910090
vt 0.913996 0.910090
vt 0.972723 0.910090
vt 0.922385 0.968817
vt 0.913996 0.968817
vt 0.930775 0.968817
vt 0.922385 0.910090
vt 0.939165 0.968817
vt 0.930775 0.910090
vt 0.947554 0.968817
vt 0.939165 0.910090
vt 0.955944 0.968817
vt 0.947554 0.910090
vt 0.964333 0.968817
vt 0.955944 0.910090
vt 0.972723 0.968817
vt 0.964333 0.910090
s 0
usemtl Material.001
f 2327/1514/599 2329/1515/599 2328/1516/599
f 2326/1517/599 2329/1515/599 2327/1514/599
f 2326/1517/599 2330/1518/599 2329/1515/599
f 2325/1519/599 2330/1518/599 2326/1517/599
f 2325/1519/599 2331/1520/599 2330/1518/599
f 2334/1514/600 2335/1516/600 2336/1515/600
f 2333/1517/600 2334/1514/600 2336/1515/600
f 2333/1517/600 2336/1515/600 2337/1518/600
f 2332/1519/600 2333/1517/600 2337/1518/600
f 2332/1519/600 2337/1518/600 2338/1520/600
s 1
f 2342/1521/601 2339/1519/602 2340/1522/602
f 2344/1523/603 2341/1524/604 2342/1521/601
f 2346/1525/605 2343/1526/603 2344/1523/603
f 2348/1527/606 2345/1528/605 2346/1525/605
f 2350/1529/607 2347/1530/608 2348/1527/606
f 2352/1531/609 2349/1532/610 2350/1529/607
f 2340/1533/602 2351/1534/609 2352/1531/609
f 2342/1521/601 2341/1524/604 2339/1519/602
f 2344/1523/603 2343/1526/603 2341/1524/604
f 2346/1525/605 2345/1528/605 2343/1526/603
f 2348/1527/606 2347/1530/608 2345/1528/605
f 2350/1529/607 2349/1532/610 2347/1530/608
f 2352/1531/609 2351/1534/609 2349/1532/610
f 2340/1533/602 2339/1520/602 2351/1534/609
